ID,theta_E,theta_E_sigma
00000000,0.61911,0.39257
00000001,0.67386,0.04487
00000002,0.83595,0.08829
00000003,0.49919,0.03870
00000004,3.00959,0.47354
00000005,1.60601,0.30043
00000006,0.49725,0.02485
00000007,0.86741,0.05053
00000008,0.36481,0.03972
00000009,0.72291,0.06006
00000010,0.42915,0.03272
00000011,0.47751,0.03631
00000012,0.51395,0.05813
00000013,0.66379,0.03930
00000014,0.73204,0.04168
00000015,1.71522,0.23279
00000016,0.93288,0.05984
00000017,0.50246,0.04263
00000018,0.77878,0.06365
00000019,1.14487,0.11282
00000020,0.75242,0.04998
00000021,1.07285,0.14361
00000022,0.90887,0.08161
00000023,0.32881,0.03062
00000024,0.45048,0.04485
00000025,0.45851,0.04811
00000026,1.38571,0.75628
00000027,0.84030,0.06019
00000028,0.42267,0.06105
00000029,0.41967,0.03029
00000030,0.35344,0.02588
00000031,0.50346,0.03388
00000032,1.21584,0.24043
00000033,0.60996,0.05356
00000034,0.43357,0.06552
00000035,0.97800,0.06117
00000036,1.22998,0.11132
00000037,0.61801,0.05785
00000038,0.71286,0.06556
00000039,0.40087,0.03751
00000040,0.41820,0.04811
00000041,0.93342,0.07653
00000042,0.21723,0.02893
00000043,0.56443,0.04469
00000044,0.52468,0.03715
00000045,0.38973,0.02824
00000046,0.80719,0.10473
00000047,0.71782,0.10142
00000048,0.72255,0.04701
00000049,2.10917,0.52671
00000050,0.66228,0.05974
00000051,0.43793,0.03213
00000052,0.84473,0.09854
00000053,0.40314,0.03998
00000054,0.71285,0.03703
00000055,0.53632,0.04388
00000056,1.24251,0.12021
00000057,0.49973,0.04555
00000058,0.63085,0.09789
00000059,0.62008,0.04894
00000060,0.44371,0.02988
00000061,1.16102,0.17055
00000062,0.32021,0.05054
00000063,0.34449,0.03154
00000064,0.73266,0.05635
00000065,0.93500,0.10437
00000066,0.62707,0.05676
00000067,0.59603,0.03945
00000068,0.93372,0.12992
00000069,0.56534,0.05659
00000070,1.39339,0.11862
00000071,0.61242,0.05291
00000072,0.25128,0.03513
00000073,0.89660,0.08572
00000074,0.39922,0.02669
00000075,0.59771,0.04649
00000076,0.92796,0.06342
00000077,0.66228,0.07398
00000078,0.39229,0.03965
00000079,0.37546,0.03972
00000080,1.19644,0.11666
00000081,0.58527,0.04254
00000082,1.00662,0.10063
00000083,0.95262,0.15854
00000084,1.46279,0.13698
00000085,0.94262,0.06995
00000086,0.56444,0.03091
00000087,1.16829,0.13403
00000088,2.52264,0.45579
00000089,0.87259,0.08735
00000090,0.28110,0.03673
00000091,0.93763,0.12818
00000092,0.59856,0.06996
00000093,1.06032,0.07521
00000094,0.77298,0.09883
00000095,0.22232,0.02512
00000096,0.99223,0.08777
00000097,1.11651,0.15544
00000098,0.69302,0.04409
00000099,0.52088,0.04200
00000100,0.83240,0.74430
00000101,0.62516,0.12445
00000102,0.43401,0.04977
00000103,0.71942,0.32438
00000104,0.56908,0.04375
00000105,1.71468,0.27415
00000106,0.27655,0.05746
00000107,0.78489,0.04468
00000108,0.75482,0.06309
00000109,0.24103,0.03964
00000110,0.56252,0.03409
00000111,0.23146,0.05195
00000112,1.01236,0.09563
00000113,0.72642,0.29066
00000114,0.48314,0.07455
00000115,0.59253,0.07403
00000116,0.22277,0.02411
00000117,0.49238,0.08359
00000118,1.15455,0.11388
00000119,0.73530,0.08466
00000120,0.56558,0.05062
00000121,0.46410,0.04317
00000122,0.61407,0.05467
00000123,0.38016,0.04334
00000124,0.57493,0.04998
00000125,1.17713,0.15360
00000126,0.60683,0.07662
00000127,0.70947,0.04807
00000128,0.78926,0.05608
00000129,0.63139,0.13943
00000130,0.24514,0.02807
00000131,0.85854,0.09216
00000132,0.63166,0.06856
00000133,1.68810,0.28643
00000134,0.96559,0.10182
00000135,0.48889,0.04003
00000136,0.48158,0.04076
00000137,0.23938,0.03316
00000138,0.63418,0.04083
00000139,0.79909,0.06896
00000140,0.68072,0.05530
00000141,0.52256,0.05506
00000142,1.01329,0.15312
00000143,0.46462,0.03729
00000144,0.41399,0.02864
00000145,2.51769,0.46220
00000146,0.63356,0.05016
00000147,0.40833,0.02749
00000148,0.40612,0.02680
00000149,0.80979,0.09537
00000150,0.45749,0.03932
00000151,0.47822,0.03183
00000152,0.73996,0.05294
00000153,0.63775,0.10025
00000154,0.48375,0.04756
00000155,0.95205,0.08666
00000156,1.12730,0.09724
00000157,1.67716,0.33408
00000158,0.58461,0.03408
00000159,1.65389,0.18542
00000160,0.61960,0.05453
00000161,0.22861,0.03085
00000162,0.32412,0.04377
00000163,0.39313,0.02709
00000165,0.75179,0.08636
00000166,0.91172,0.08272
00000167,0.53873,0.03327
00000168,0.99280,0.09510
00000169,0.53525,0.08230
00000170,1.69527,0.17146
00000171,0.39700,0.03903
00000172,0.35563,0.03583
00000173,1.14052,0.11454
00000174,0.44584,0.08780
00000175,1.21370,0.32884
00000176,0.25822,0.03324
00000177,1.58842,0.21825
00000178,0.51148,0.05245
00000179,0.46246,0.50140
00000180,1.03997,0.09033
00000181,1.81206,0.18906
00000182,1.71671,0.24014
00000183,0.51059,0.04605
00000184,2.09547,0.31660
00000185,0.79544,0.08125
00000186,1.05654,0.09809
00000187,0.31061,0.03069
00000188,0.56151,0.03636
00000189,0.52954,0.03755
00000190,0.42065,0.03102
00000191,0.61286,0.04265
00000192,0.97198,0.32440
00000193,0.58115,0.03783
00000194,0.58872,0.05590
00000195,1.41762,0.15747
00000196,0.51398,0.02920
00000197,1.05369,0.13046
00000198,0.64295,0.04984
00000199,0.78394,0.16704
00000200,0.49415,0.04258
00000201,2.44516,0.35587
00000202,0.47200,0.04686
00000203,2.20055,0.48473
00000204,0.99947,0.06716
00000205,1.36521,0.15211
00000206,0.48855,0.04672
00000207,0.88042,0.12196
00000208,0.63689,0.05356
00000209,0.91200,0.06782
00000210,0.61913,0.03846
00000211,0.73609,0.11635
00000212,0.84999,0.07961
00000213,2.38998,0.39348
00000214,0.67176,0.04360
00000215,2.46820,0.41045
00000216,0.98375,0.07708
00000217,0.94264,0.08796
00000218,0.45006,0.03556
00000219,0.78377,0.05086
00000220,0.93609,0.09288
00000221,0.46727,0.06013
00000222,1.21403,0.11274
00000223,0.52937,0.04114
00000224,1.47084,0.13921
00000225,0.33772,0.02609
00000226,0.25134,0.02818
00000227,0.61031,0.04570
00000228,0.59210,0.04933
00000229,0.35277,0.02637
00000230,0.56552,0.05953
00000231,0.54625,0.04651
00000232,0.94552,0.08412
00000233,0.52957,0.04214
00000234,1.22676,0.11116
00000235,0.63469,0.05083
00000236,0.91249,0.07493
00000237,0.68520,0.05160
00000238,1.06724,0.11944
00000239,1.59733,0.15580
00000240,0.28395,0.03349
00000241,0.53499,0.04196
00000242,0.68531,0.04928
00000243,0.67168,0.05823
00000244,0.67806,0.07297
00000245,1.35178,0.11425
00000246,0.50847,0.05915
00000247,0.51356,0.04643
00000248,0.41427,0.02721
00000249,0.99515,0.09601
00000250,0.95841,0.16202
00000251,0.89236,0.05650
00000252,1.00921,0.21645
00000253,0.44678,0.02695
00000254,0.61024,0.04943
00000255,1.67227,0.24979
00000256,1.47873,0.30129
00000257,0.43033,0.04451
00000258,1.02434,0.10947
00000259,0.44067,0.05360
00000260,0.41144,0.06294
00000261,0.49764,0.04012
00000262,2.09253,0.37090
00000263,0.32969,0.04244
00000264,1.17596,0.12309
00000265,0.63857,0.04863
00000266,0.95922,0.14302
00000267,0.56356,0.04643
00000268,0.76699,0.06188
00000269,1.12590,0.34193
00000270,0.55232,0.03841
00000271,0.57231,0.06193
00000272,0.73880,0.06398
00000273,0.66866,0.04246
00000274,0.58866,0.04607
00000275,0.53396,0.03925
00000276,0.77377,0.05735
00000277,0.27221,0.02167
00000278,0.50790,0.04733
00000279,0.49680,0.03792
00000280,0.52872,0.03250
00000281,0.56725,0.04656
00000282,0.33993,0.02777
00000283,0.61597,0.10579
00000284,0.40695,0.02873
00000285,0.82264,0.06134
00000286,0.48753,0.03667
00000287,0.74522,0.08411
00000288,0.37739,0.02961
00000289,0.29996,0.02349
00000290,2.29387,0.45918
00000291,0.48937,0.03655
00000292,0.65503,0.05493
00000293,0.53573,0.05368
00000294,0.60542,0.06112
00000295,0.78635,0.06388
00000296,0.77112,0.07664
00000297,0.52821,0.04360
00000298,0.81528,0.09657
00000299,0.33483,0.03168
00000300,0.87439,0.06162
00000301,0.55361,0.04266
00000302,1.78272,0.25320
00000303,1.01576,0.09136
00000304,0.47907,0.06052
00000305,1.00609,0.09976
00000306,0.23417,0.02235
00000307,0.59263,0.04463
00000308,0.98995,0.08918
00000309,1.12275,0.10379
00000310,0.82194,0.06791
00000311,0.46632,0.06177
00000312,0.41518,0.03514
00000313,0.51627,0.04660
00000314,1.48224,0.21682
00000315,0.29344,0.03029
00000316,0.36080,0.02753
00000317,1.06410,0.10174
00000318,0.48328,0.04403
00000319,0.57699,0.03605
00000320,0.60636,0.07109
00000321,0.54235,0.03460
00000322,0.48414,0.11015
00000323,2.34142,0.48790
00000324,0.29441,0.03172
00000325,0.54734,0.05632
00000326,0.72582,0.05451
00000327,0.42641,0.03676
00000328,0.74036,0.05440
00000329,1.20944,0.09227
00000330,1.02496,0.12170
00000331,0.97695,0.06718
00000332,0.71750,0.05114
00000333,0.43725,0.02965
00000334,0.18129,0.03036
00000335,0.33959,0.03671
00000336,0.87613,0.10387
00000337,0.73861,0.05433
00000338,0.69186,0.06495
00000339,0.72652,0.05787
00000340,0.29706,0.02367
00000341,0.64738,0.08615
00000342,0.66531,0.04950
00000343,1.17154,0.13667
00000344,0.53221,0.05210
00000345,1.01232,0.09223
00000346,1.27404,0.21821
00000347,1.23529,0.12832
00000348,0.90923,0.14090
00000349,0.41066,0.03365
00000350,1.08200,0.07578
00000351,0.53694,0.03587
00000352,0.97356,0.08860
00000353,0.39216,0.02586
00000354,0.76517,0.05581
00000355,0.83628,0.07953
00000356,0.97368,0.06648
00000357,0.92231,0.13139
00000358,0.50990,0.05483
00000359,0.50493,0.03158
00000360,0.58739,0.05714
00000361,0.79124,0.06187
00000362,0.51639,0.05886
00000363,0.70192,0.07110
00000364,1.03448,0.10938
00000365,0.84359,0.05072
00000366,0.40438,0.02256
00000367,0.70678,0.04085
00000368,0.58613,0.09292
00000369,0.46069,0.02765
00000370,1.25412,0.11057
00000371,0.86632,0.06197
00000372,2.54818,0.36874
00000373,1.92824,0.28900
00000374,0.84171,0.11777
00000375,1.21173,0.14027
00000376,0.50874,0.04586
00000377,0.89683,0.07952
00000378,1.01191,0.14049
00000379,0.48608,0.04099
00000380,2.03950,0.27066
00000381,0.58242,0.05513
00000382,0.42243,0.04990
00000383,0.82538,0.07538
00000384,0.66503,0.11736
00000385,0.35955,0.03394
00000386,0.69143,0.04914
00000388,0.66504,0.05115
00000389,0.85327,0.10122
00000390,0.59443,0.06347
00000391,1.62599,0.23584
00000392,1.71577,0.23005
00000393,1.09895,0.09457
00000394,0.23129,0.09678
00000395,1.06570,0.11402
00000396,0.68769,0.05897
00000397,0.39743,0.14939
00000398,0.38869,0.02420
00000399,0.66471,0.05939
00000400,0.41671,0.03287
00000401,0.79570,0.10599
00000402,0.25746,0.02531
00000403,0.66162,0.04894
00000404,0.51432,0.03515
00000405,0.94086,0.12609
00000406,0.37207,0.03612
00000407,2.05027,0.28922
00000408,1.19256,0.13983
00000409,0.64750,0.05395
00000410,0.55471,0.04374
00000411,0.53639,0.04340
00000412,0.60935,0.06011
00000413,0.65575,0.04821
00000414,0.47179,0.03627
00000415,0.38354,0.03149
00000416,1.10608,0.16894
00000417,0.84542,0.06309
00000418,0.57979,0.04461
00000419,0.96901,0.06903
00000420,0.49921,0.04054
00000421,0.26349,0.02418
00000422,0.62326,0.04922
00000423,1.46739,0.14514
00000424,1.04957,0.08886
00000425,0.46397,0.03546
00000426,0.73310,0.06931
00000427,0.64262,0.06417
00000428,0.72096,0.07062
00000429,0.71709,0.05731
00000430,0.25497,0.03536
00000431,2.28565,0.33415
00000432,0.72594,0.06197
00000433,0.41646,0.03342
00000434,0.18590,0.02911
00000435,1.62417,0.14866
00000436,1.66790,0.25554
00000437,1.08035,0.17911
00000438,0.52799,0.05477
00000439,0.74724,0.08796
00000440,0.88853,0.15361
00000441,0.69009,0.05493
00000442,0.29432,0.03927
00000443,0.48428,0.04494
00000444,1.46344,0.13069
00000445,0.47004,0.03606
00000446,2.77929,0.45182
00000447,0.76431,0.06547
00000448,1.00389,0.08101
00000449,0.90421,0.17323
00000450,0.85387,0.06311
00000451,0.41047,0.02282
00000452,1.83753,0.28578
00000453,1.28729,0.14490
00000454,0.38635,0.02649
00000455,0.27548,0.03902
00000456,1.01064,0.10114
00000457,0.48875,0.06291
00000458,0.57405,0.06002
00000459,0.69936,0.04460
00000460,1.04728,0.07045
00000461,0.28252,0.02119
00000462,0.20092,0.02762
00000463,0.94242,0.10693
00000464,0.27337,0.03943
00000465,1.93638,0.62699
00000466,1.12961,0.11539
00000467,0.26824,0.02901
00000468,0.70491,0.04209
00000469,0.63699,0.04847
00000470,0.19024,0.03780
00000471,0.60143,0.06117
00000472,0.59690,0.05567
00000473,0.35996,0.03395
00000474,0.69774,0.32797
00000475,0.73879,0.04905
00000476,1.06999,0.11297
00000477,1.19701,0.10511
00000478,0.95869,0.08246
00000479,0.66341,0.05528
00000480,0.29465,0.02734
00000481,0.27032,0.02798
00000482,0.91361,0.09142
00000483,0.54645,0.03336
00000484,0.50441,0.05008
00000485,0.50546,0.03403
00000486,0.33186,0.02795
00000487,0.74556,0.08448
00000488,0.65285,0.08332
00000489,1.64700,0.19912
00000490,1.16326,0.19727
00000491,0.38188,0.02737
00000492,0.59097,0.03443
00000493,0.28531,0.03703
00000494,0.78752,0.06122
00000495,0.68293,0.08985
00000496,0.44731,0.04767
00000497,0.41220,0.03842
00000498,1.39275,0.22580
00000499,0.95819,0.21372
00000500,0.45600,0.04306
00000501,0.43506,0.13046
00000502,1.14071,0.09709
00000503,0.57335,0.05476
00000504,0.59677,0.04209
00000505,0.30282,0.03210
00000506,1.15892,0.61630
00000507,0.87997,0.07049
00000508,0.91640,0.06249
00000509,0.95143,0.08364
00000510,0.64112,0.04514
00000511,0.71737,0.05358
00000512,0.40058,0.03595
00000513,1.29530,0.16649
00000514,0.44248,0.03142
00000515,0.94656,0.06935
00000516,0.79787,0.04290
00000517,1.63690,0.17748
00000518,0.59385,0.03998
00000519,1.81780,0.55062
00000520,0.46750,0.04663
00000521,0.40153,0.03073
00000522,2.14749,0.27687
00000523,0.49846,0.03520
00000524,0.46850,0.03825
00000525,1.24874,0.09155
00000526,1.78908,0.21476
00000527,0.47662,0.03991
00000528,0.44320,0.03075
00000529,1.31253,0.17956
00000530,0.42656,0.04555
00000531,1.24193,0.10707
00000532,1.01183,0.13785
00000533,1.35638,0.17809
00000534,0.58228,0.07877
00000535,0.43239,0.02594
00000536,1.24467,0.12777
00000537,0.86917,0.17146
00000538,0.86249,0.06753
00000539,0.62166,0.06151
00000540,0.43124,0.03937
00000541,0.64962,0.25368
00000542,0.44947,0.02909
00000543,0.61475,0.05532
00000544,0.46953,0.04385
00000545,0.85910,0.13909
00000546,0.44593,0.03371
00000547,0.22268,0.02492
00000548,0.52378,0.03657
00000549,0.41200,0.03647
00000550,0.47020,0.07272
00000551,0.52687,0.03440
00000552,0.98614,0.09240
00000553,0.23947,0.02650
00000554,0.32530,0.02204
00000555,0.40519,0.04168
00000556,0.68877,0.08905
00000557,0.42134,0.02920
00000558,1.11096,0.31690
00000559,0.77492,0.04652
00000560,0.83460,0.08612
00000561,0.56769,0.04071
00000562,2.23928,0.47187
00000563,0.41327,0.05135
00000564,0.28544,0.02615
00000565,1.38210,0.12034
00000566,0.47058,0.07520
00000567,0.49131,0.04511
00000568,0.82991,0.05783
00000569,0.76538,0.07331
00000570,0.48151,0.08076
00000571,0.84826,0.06439
00000572,0.69155,0.08086
00000573,0.54616,0.04927
00000574,0.50015,0.04059
00000575,1.39731,0.25183
00000576,0.68068,0.04666
00000577,0.79386,0.08535
00000578,1.62457,0.22274
00000579,0.41813,0.04596
00000580,0.51632,0.03821
00000581,0.63842,0.04613
00000582,0.50999,0.02988
00000583,0.42134,0.03729
00000584,0.66004,0.04329
00000585,0.69233,0.08529
00000586,0.39601,0.02583
00000587,1.18321,0.09956
00000588,0.40442,0.04484
00000589,0.62038,0.04881
00000590,0.78799,0.07567
00000591,0.41603,0.04145
00000592,0.68218,0.05843
00000593,0.50620,0.02930
00000594,0.48226,0.03660
00000595,0.72015,0.07130
00000596,2.02485,0.26321
00000597,0.71487,0.08381
00000598,0.96262,0.14856
00000599,0.81843,0.08827
00000600,0.44623,0.02828
00000601,0.55734,0.04252
00000602,0.43569,0.02855
00000603,0.71492,0.04249
00000604,0.46268,0.04250
00000605,1.05528,0.18100
00000606,1.10844,0.13524
00000607,0.94378,0.07871
00000608,0.31768,0.03547
00000609,0.50738,0.03499
00000610,0.66326,0.06292
00000611,0.95389,0.07617
00000612,0.90295,0.10980
00000613,0.87968,0.13319
00000614,0.35690,0.02415
00000615,0.78455,0.05677
00000616,0.43235,0.04569
00000617,1.10181,0.13681
00000618,1.08225,0.30966
00000619,0.41748,0.02629
00000620,0.52144,0.07287
00000621,0.58311,0.07840
00000622,0.58266,0.06010
00000623,0.60246,0.06970
00000624,0.34972,0.03536
00000625,1.06672,0.09721
00000626,1.13408,0.10000
00000627,1.07881,0.13558
00000628,0.82259,0.06459
00000629,0.26320,0.02239
00000630,0.41104,0.04176
00000631,0.66737,0.07004
00000632,1.08736,0.15068
00000633,0.46114,0.03991
00000634,0.24200,0.03184
00000635,1.08010,0.19179
00000636,0.62141,0.04533
00000637,0.93933,0.10998
00000638,0.49200,0.06243
00000639,0.50295,0.04740
00000640,0.44976,0.05181
00000641,0.37827,0.03083
00000642,0.24045,0.02549
00000643,0.46879,0.03282
00000644,0.42188,0.02906
00000645,1.00294,0.12357
00000646,1.54210,0.42195
00000647,0.64313,0.04397
00000648,0.44209,0.04215
00000649,0.69692,0.04898
00000650,0.47686,0.03502
00000651,0.27127,0.02636
00000652,0.33838,0.02465
00000653,1.02607,0.11119
00000654,0.55590,0.04676
00000655,0.68104,0.06424
00000656,1.11209,0.11944
00000657,0.30762,0.02977
00000658,0.54903,0.04886
00000659,0.51204,0.06053
00000660,0.26794,0.03326
00000661,0.45007,0.02659
00000662,0.65556,0.06449
00000663,1.20799,0.14111
00000664,0.25950,0.02642
00000665,0.59085,0.04259
00000666,0.87903,0.11170
00000667,0.71874,0.07461
00000668,0.93202,0.08465
00000669,1.21085,0.19394
00000670,0.50179,0.05415
00000671,0.48889,0.02726
00000672,0.45163,0.03779
00000673,0.66872,0.05448
00000674,0.96654,0.13282
00000675,0.73397,0.18054
00000676,0.90936,0.07495
00000677,0.28061,0.02598
00000678,0.82343,0.05891
00000679,0.17499,0.02938
00000680,0.21959,0.02873
00000681,0.52561,0.03387
00000682,0.23540,0.03402
00000683,0.54376,0.06415
00000684,0.47588,0.02739
00000685,1.33134,0.17917
00000686,2.71955,0.48131
00000687,1.07752,0.17361
00000688,0.42657,0.03025
00000689,0.98272,0.10028
00000690,0.58849,0.04339
00000691,1.57673,0.15928
00000692,0.42664,0.05097
00000693,0.25002,0.04110
00000694,0.80462,0.07626
00000695,0.36564,0.02760
00000696,0.85054,0.09357
00000697,0.50790,0.03744
00000698,1.18057,0.18059
00000699,1.05328,0.10050
00000700,0.48207,0.04316
00000701,0.68449,0.04988
00000702,1.51475,0.21765
00000703,0.76257,0.06746
00000704,0.56254,0.04499
00000705,1.59729,0.16143
00000706,0.38881,0.03456
00000707,0.43985,0.02735
00000708,0.69365,0.07997
00000709,0.66516,0.04680
00000710,1.83882,0.24948
00000711,0.86759,0.06887
00000712,0.42941,0.03882
00000713,0.36909,0.03524
00000714,1.57605,0.17174
00000715,0.36708,0.04501
00000716,0.24579,0.03221
00000717,0.23221,0.02816
00000718,0.26357,0.02501
00000719,0.54450,0.04405
00000720,0.69056,0.10207
00000721,3.04752,0.45250
00000722,1.55750,0.42701
00000723,0.93503,0.07018
00000724,0.53676,0.05592
00000725,2.24218,0.30341
00000726,0.29016,0.02610
00000727,0.59768,0.04520
00000728,0.97599,0.15813
00000729,0.34448,0.03000
00000730,1.47223,0.14315
00000731,1.06257,0.15710
00000732,0.22576,0.02336
00000733,0.49434,0.04144
00000734,1.01218,0.09821
00000735,1.14888,0.15221
00000736,0.39070,0.02820
00000737,0.58166,0.05074
00000738,0.58765,0.05363
00000739,0.83890,0.06124
00000740,0.64133,0.05251
00000741,0.38100,0.05474
00000742,0.85180,0.11580
00000743,0.29732,0.07039
00000744,1.76610,0.27981
00000745,0.49672,0.05438
00000746,0.98475,0.09245
00000747,0.53608,0.05677
00000748,0.68190,0.05918
00000749,0.85882,0.06273
00000750,1.98073,0.35715
00000751,1.04234,0.08614
00000752,0.83593,0.06548
00000753,0.44720,0.03440
00000754,1.03524,0.10023
00000755,0.54555,0.05857
00000756,0.67652,0.12773
00000757,0.57017,0.03410
00000758,0.52166,0.04990
00000759,0.56341,0.05550
00000760,0.70698,0.05686
00000761,2.50869,0.40370
00000762,0.18771,0.02799
00000763,0.95041,0.08263
00000764,0.20746,0.03142
00000765,0.64496,0.12606
00000766,1.39308,0.15874
00000767,0.99967,0.12267
00000768,0.63323,0.04384
00000769,0.68035,0.05112
00000770,0.47904,0.03232
00000772,0.70599,0.04880
00000773,0.85314,0.10332
00000774,1.28520,0.10866
00000775,0.74401,0.08443
00000776,0.60741,0.05923
00000777,0.70555,0.06088
00000778,2.13502,0.34264
00000779,1.39523,0.13747
00000780,1.16174,0.15108
00000781,0.47650,0.03390
00000782,0.50858,0.04777
00000783,0.51187,0.03652
00000784,1.03475,0.08628
00000785,0.34095,0.03036
00000786,0.68445,0.06553
00000787,0.92812,0.07169
00000788,1.17378,0.10224
00000789,0.54376,0.07477
00000790,0.55808,0.03330
00000791,1.36669,0.19810
00000792,1.31117,0.16358
00000793,2.02302,0.31697
00000794,0.33763,0.03136
00000795,1.07228,0.10705
00000796,0.70139,0.06063
00000797,0.24864,0.02371
00000798,0.57541,0.05423
00000799,0.23109,0.04373
00000800,1.36621,0.16941
00000801,0.77329,0.08048
00000802,1.30495,0.14503
00000803,0.43362,0.03019
00000804,0.40342,0.03196
00000805,1.66460,0.19782
00000806,0.46834,0.03601
00000807,0.41106,0.02895
00000808,0.81637,0.06861
00000809,0.59482,0.03807
00000810,0.72084,0.03432
00000811,0.23052,0.02650
00000812,0.85079,0.09065
00000813,0.40821,0.03241
00000814,1.59335,0.21441
00000815,1.10475,0.11779
00000816,0.59843,0.04867
00000817,0.85702,0.08047
00000818,1.01536,0.08498
00000819,0.77684,0.06861
00000820,0.36599,0.03500
00000821,1.56067,0.15000
00000822,0.60279,0.05067
00000823,0.73559,0.09138
00000824,0.54767,0.04502
00000825,0.72854,0.05739
00000826,1.29850,0.15819
00000827,0.96544,0.14446
00000828,1.04481,0.09485
00000829,0.76383,0.05957
00000830,1.30670,0.10308
00000831,0.43303,0.03154
00000832,2.36258,0.34212
00000833,0.26799,0.04729
00000834,0.39372,0.04416
00000835,0.64641,0.04447
00000836,0.79359,0.08082
00000837,0.43817,0.02974
00000838,0.77615,0.07232
00000839,0.37653,0.03143
00000840,2.10660,0.28209
00000841,1.12658,0.19010
00000842,1.08669,0.14430
00000843,0.28505,0.02290
00000844,0.65834,0.10757
00000845,1.34803,0.15207
00000846,1.69413,0.21378
00000847,0.57246,0.04979
00000848,0.49424,0.04116
00000849,0.53834,0.08271
00000850,0.57313,0.04418
00000851,0.68898,0.07937
00000852,0.68289,0.04491
00000853,0.61400,0.05314
00000854,1.16302,0.08699
00000855,0.34381,0.03770
00000856,0.37164,0.02593
00000857,0.45507,0.02940
00000858,0.24441,0.03539
00000859,0.70612,0.05781
00000860,0.39468,0.03172
00000861,1.12656,0.10074
00000862,0.28742,0.04873
00000863,0.44952,0.03638
00000864,0.22339,0.02488
00000865,0.75252,0.10666
00000866,0.43128,0.03392
00000867,0.57850,0.05261
00000868,1.22307,0.12693
00000869,0.78607,0.07219
00000870,0.40010,0.03606
00000871,0.83460,0.07106
00000872,0.48509,0.06008
00000873,0.92193,0.08566
00000874,0.49739,0.04336
00000875,2.31555,0.38872
00000876,0.70835,0.07502
00000877,0.66555,0.04876
00000878,1.71764,0.28873
00000879,0.75306,0.06656
00000880,0.58094,0.05048
00000881,0.40637,0.03229
00000882,0.57048,0.06072
00000883,0.89589,0.13385
00000884,0.45692,0.03938
00000885,1.19962,0.10670
00000886,0.25844,0.02743
00000887,0.39038,0.02733
00000888,0.77541,0.04895
00000889,0.20024,0.02352
00000890,0.59365,0.04126
00000891,0.43665,0.03699
00000892,1.08635,0.17130
00000893,0.53866,0.05799
00000894,0.22736,0.03022
00000895,0.88822,0.11969
00000896,0.29506,0.03731
00000897,0.48746,0.03800
00000898,0.61223,0.04223
00000899,1.50371,0.14783
00000900,2.77925,0.57947
00000901,0.40145,0.15265
00000902,0.39623,0.02482
00000903,0.73246,0.06696
00000904,1.08100,0.11334
00000905,0.25748,0.02836
00000906,1.25049,0.14408
00000907,1.22565,0.11611
00000908,0.90913,0.09681
00000909,0.29870,0.02992
00000910,0.56170,0.04771
00000911,0.28362,0.03011
00000912,0.69086,0.09808
00000913,1.49046,0.13382
00000914,0.54731,0.03212
00000915,0.93664,0.09382
00000916,1.35820,0.16898
00000917,1.32824,0.12763
00000918,0.33223,0.03192
00000919,0.58687,0.04808
00000920,1.01507,0.31296
00000921,0.61736,0.04528
00000922,0.72688,0.10247
00000923,0.61589,0.04674
00000924,0.44491,0.05832
00000925,0.61216,0.03839
00000926,1.00702,0.14546
00000927,0.48150,0.04217
00000928,1.68132,0.18574
00000929,1.83173,0.20824
00000930,0.70255,0.04401
00000931,0.40961,0.03158
00000932,0.39623,0.03375
00000933,1.26293,0.32163
00000934,0.29422,0.03005
00000935,0.42615,0.03103
00000936,0.59099,0.03667
00000937,1.10406,0.08097
00000938,0.48578,0.05002
00000939,0.46318,0.06269
00000940,0.20607,0.05622
00000941,0.84554,0.09464
00000942,0.47103,0.04191
00000943,0.46730,0.03628
00000944,0.56767,0.04380
00000945,1.03634,0.20320
00000946,0.47553,0.03421
00000947,0.85700,0.06522
00000948,0.45117,0.02942
00000949,0.28026,0.03266
00000950,1.76271,0.20290
00000951,0.58337,0.05963
00000952,0.76155,0.15566
00000953,0.86560,0.09336
00000954,0.26998,0.02270
00000955,1.02522,0.11276
00000956,0.32859,0.02141
00000957,1.14913,0.08303
00000958,0.77791,0.07565
00000959,0.42232,0.05423
00000960,1.94521,0.68026
00000961,1.29000,0.15213
00000962,0.47982,0.03721
00000963,1.07427,0.07932
00000964,0.79150,0.08512
00000965,0.81216,0.07746
00000966,0.89702,0.08833
00000967,0.38533,0.02828
00000968,0.87658,0.07101
00000969,0.41649,0.03531
00000970,1.02119,0.10494
00000971,0.52291,0.04624
00000972,0.67349,0.05547
00000973,0.60651,0.07574
00000974,0.41425,0.02411
00000975,0.57080,0.04936
00000976,0.49489,0.03503
00000977,0.64172,0.05968
00000978,0.65971,0.05353
00000979,0.57850,0.04876
00000980,0.63292,0.03979
00000981,0.21962,0.03306
00000982,0.68692,0.04950
00000983,0.26526,0.02478
00000984,1.82104,0.34897
00000985,0.46647,0.05079
00000986,0.37431,0.03522
00000987,0.54943,0.06767
00000988,0.66610,0.06164
00000989,0.93026,0.07902
00000990,0.79056,0.08009
00000991,0.64414,0.05143
00000992,0.66326,0.05179
00000993,0.57211,0.04195
00000994,0.52396,0.05903
00000995,0.48269,0.04103
00000996,0.30164,0.03236
00000997,1.31900,0.12698
00000998,0.78235,0.07021
00000999,0.89867,0.13559
00001000,0.55271,0.03147
00001001,0.29085,0.03156
00001002,0.46228,0.04026
00001003,1.32837,0.24153
00001004,0.66567,0.06904
00001005,1.07516,0.20798
00001006,0.35926,0.03951
00001007,1.23625,0.15597
00001008,0.53352,0.04717
00001009,0.37287,0.02847
00001010,0.53400,0.06014
00001011,0.48051,0.02759
00001012,0.57657,0.03675
00001013,0.37612,0.03281
00001014,0.53520,0.03263
00001015,0.36082,0.02459
00001016,1.86181,0.31350
00001017,0.48595,0.03231
00001018,0.33191,0.03092
00001019,0.56708,0.08330
00001020,0.82838,0.06433
00001021,0.61043,0.04684
00001022,0.51224,0.03893
00001023,0.98698,0.14337
00001024,0.61717,0.03266
00001025,2.73215,0.42694
00001026,0.44087,0.02924
00001027,0.31945,0.02609
00001028,0.94921,0.23296
00001029,0.58597,0.04918
00001030,1.06290,0.10288
00001031,2.08835,0.34207
00001032,0.33116,0.04228
00001033,0.46719,0.05699
00001034,0.51934,0.03201
00001035,0.48211,0.03305
00001036,0.91813,0.42093
00001037,0.41936,0.05734
00001038,1.28503,0.18755
00001039,0.60086,0.08149
00001040,0.82985,0.06262
00001041,0.27129,0.03034
00001042,0.40727,0.05861
00001043,0.32496,0.03246
00001044,0.93705,0.09204
00001045,0.27596,0.03762
00001046,1.49506,0.18603
00001047,0.50419,0.02528
00001048,0.28220,0.02790
00001049,1.44371,0.16052
00001050,0.88673,0.06954
00001051,0.42190,0.07366
00001052,0.30998,0.02457
00001053,0.34296,0.04202
00001054,0.51639,0.03660
00001055,0.70359,0.09225
00001056,0.64935,0.06205
00001057,1.17509,0.11085
00001058,0.40678,0.02704
00001059,0.73761,0.05881
00001060,0.64450,0.09761
00001061,0.71554,0.07476
00001062,0.57677,0.05122
00001063,0.55012,0.03418
00001064,0.35777,0.03089
00001065,0.97738,0.06626
00001066,0.53922,0.05344
00001067,1.76939,0.22289
00001068,0.33261,0.05515
00001069,1.25456,0.11281
00001070,0.27996,0.03970
00001071,0.45975,0.05386
00001072,1.13453,0.15103
00001073,0.60578,0.04921
00001074,1.95269,0.24361
00001075,0.76602,0.04082
00001076,0.28948,0.03712
00001077,0.93510,0.30613
00001078,0.54178,0.04178
00001079,0.23665,0.03219
00001080,0.41622,0.03760
00001081,0.88375,0.08834
00001082,0.58610,0.04768
00001083,0.55031,0.07469
00001084,0.46998,0.04021
00001085,0.27002,0.04244
00001086,1.82892,0.30437
00001087,0.47532,0.05101
00001088,0.34323,0.12341
00001089,0.59467,0.05681
00001090,0.61571,0.05407
00001091,0.80679,0.06180
00001092,0.70361,0.03764
00001093,1.99245,0.79933
00001094,0.90138,0.06763
00001095,2.26443,0.38468
00001096,0.49439,0.03216
00001097,0.32921,0.03174
00001098,0.57390,0.04036
00001099,0.78676,0.06164
00001100,1.60920,0.16460
00001101,0.53460,0.04699
00001102,0.62499,0.04847
00001103,1.02729,0.15078
00001104,1.03083,0.10877
00001105,0.52155,0.04421
00001106,0.54255,0.04395
00001107,0.55075,0.04596
00001108,2.83825,0.42748
00001109,0.58312,0.07604
00001110,0.36849,0.04137
00001111,0.34305,0.08033
00001112,0.30000,0.07244
00001113,2.23883,0.36976
00001114,0.90422,0.10107
00001115,0.46521,0.04772
00001116,0.51746,0.03651
00001117,0.80821,0.07453
00001118,0.64371,0.06750
00001119,0.40785,0.08486
00001120,0.53582,0.04878
00001121,0.53531,0.03850
00001122,0.89332,0.11251
00001123,0.54746,0.04176
00001124,0.37577,0.04144
00001125,0.22764,0.04336
00001126,0.33781,0.03785
00001127,1.60264,0.21431
00001128,0.53542,0.04348
00001129,0.61651,0.05559
00001131,0.56945,0.03290
00001132,0.48049,0.03982
00001133,0.61757,0.05176
00001134,0.18873,0.04082
00001135,0.80002,0.06205
00001136,1.93315,0.23302
00001137,0.34830,0.02793
00001138,1.49631,0.17696
00001139,2.30023,0.34367
00001140,2.38297,0.33950
00001141,0.28133,0.03879
00001142,1.86048,0.22207
00001143,0.72116,0.08525
00001144,0.36171,0.03859
00001145,0.69217,0.05044
00001146,1.48228,0.15220
00001147,0.66949,0.04528
00001148,1.74233,0.16906
00001149,1.03148,0.13587
00001150,0.76881,0.06141
00001151,0.72071,0.05138
00001152,1.35086,0.13759
00001153,0.53000,0.03200
00001154,1.33736,0.39496
00001155,0.37871,0.03054
00001156,0.51557,0.04163
00001157,0.52614,0.07595
00001158,2.13453,0.28991
00001159,0.26495,0.02721
00001160,0.67448,0.04841
00001161,1.09632,0.10434
00001162,0.58441,0.03853
00001163,1.09029,0.09581
00001164,0.40596,0.03579
00001165,0.47388,0.04167
00001166,0.67904,0.07891
00001167,0.43549,0.05491
00001168,0.76719,0.04742
00001169,0.80546,0.08080
00001170,1.50344,0.16445
00001171,0.67339,0.04496
00001172,0.48359,0.03693
00001173,0.90873,0.09270
00001174,0.61767,0.05057
00001175,0.54357,0.04926
00001176,0.29441,0.03131
00001177,0.33788,0.03155
00001178,0.68861,0.05410
00001179,0.83157,0.05272
00001180,0.48997,0.03375
00001181,1.28329,0.12190
00001182,1.35713,0.15480
00001183,0.32477,0.02320
00001184,0.43544,0.03144
00001185,1.89560,0.24535
00001186,0.44267,0.03914
00001187,1.09539,0.11262
00001188,0.20976,0.02970
00001189,0.43358,0.03647
00001190,0.79052,0.08094
00001191,0.74452,0.25000
00001192,0.77552,0.07068
00001193,1.47224,0.21279
00001194,0.75835,0.06832
00001195,0.61146,0.04960
00001196,1.42855,0.20546
00001197,1.29844,0.13188
00001198,0.34526,0.02947
00001199,0.81597,0.06502
00001200,0.50300,0.03358
00001201,0.53820,0.13716
00001202,0.42922,0.03485
00001203,0.37807,0.06188
00001204,0.72314,0.05305
00001205,0.83170,0.10146
00001206,0.74342,0.06076
00001207,1.90494,0.22766
00001208,0.20764,0.05179
00001209,0.66077,0.04303
00001210,0.79023,0.04558
00001211,1.06805,0.11855
00001212,0.63569,0.05746
00001213,0.35508,0.03236
00001214,0.32800,0.03209
00001215,1.06111,0.09167
00001216,0.32199,0.03293
00001217,0.76413,0.05741
00001218,0.38689,0.02874
00001219,0.49206,0.03682
00001220,0.47549,0.03600
00001221,0.41781,0.04154
00001222,0.66794,0.03737
00001223,0.28017,0.02381
00001224,0.76295,0.05540
00001225,1.07735,0.09295
00001226,2.27886,0.38573
00001227,1.66211,0.34169
00001228,0.73952,0.04964
00001229,0.47668,0.02897
00001230,0.59575,0.09737
00001231,0.59561,0.03644
00001232,0.62310,0.05376
00001233,0.38074,0.03019
00001234,0.20758,0.02631
00001235,0.96549,0.14958
00001236,0.60297,0.04534
00001237,0.51203,0.03461
00001238,0.76838,0.19395
00001239,0.44935,0.04324
00001240,2.22280,0.29164
00001241,1.19634,0.14672
00001242,0.41070,0.04298
00001243,0.41531,0.05777
00001244,0.29503,0.02326
00001245,0.92447,0.09346
00001246,0.47517,0.02854
00001247,0.95231,0.09997
00001248,0.79862,0.06636
00001249,2.66732,0.45637
00001250,0.45601,0.03283
00001251,0.56252,0.04893
00001252,0.71242,0.09163
00001253,1.13830,0.12903
00001254,0.41559,0.03021
00001255,0.26710,0.02739
00001256,1.08621,0.11498
00001257,0.98835,0.08454
00001258,0.41539,0.06208
00001259,2.51695,0.37833
00001260,0.48046,0.05405
00001261,0.69580,0.06410
00001262,1.89865,0.54394
00001263,0.37611,0.03098
00001264,0.19237,0.03428
00001265,2.52893,0.31556
00001266,0.48947,0.02834
00001267,0.47948,0.03168
00001268,1.02863,0.08444
00001269,0.55820,0.04262
00001270,0.60400,0.23378
00001271,0.97871,0.14806
00001272,0.38752,0.04070
00001273,1.45964,0.28262
00001274,0.34158,0.03333
00001275,1.02613,0.22042
00001276,0.67594,0.04175
00001277,0.71310,0.08358
00001278,0.18321,0.02625
00001279,0.53955,0.04262
00001280,0.51115,0.04822
00001281,0.41521,0.02838
00001282,0.98853,0.07569
00001283,0.39093,0.04453
00001284,0.30790,0.02582
00001285,0.60746,0.05844
00001286,0.48900,0.04000
00001287,0.27282,0.07312
00001288,1.66181,0.16036
00001289,0.75865,0.06847
00001290,0.40940,0.04804
00001291,0.82419,0.14142
00001292,0.65183,0.06079
00001293,0.92131,0.06751
00001294,0.49968,0.04972
00001295,0.19282,0.02627
00001296,0.26593,0.02820
00001297,0.32135,0.02967
00001298,0.51042,0.02935
00001299,0.61299,0.04943
00001300,2.69104,0.41543
00001301,0.86858,0.08526
00001302,0.48099,0.04616
00001303,0.47159,0.03677
00001304,0.68332,0.04859
00001305,2.81364,0.56260
00001306,0.84134,0.15680
00001307,0.38207,0.03623
00001308,0.43540,0.03617
00001309,0.91172,0.07832
00001310,0.68977,0.05291
00001311,0.78532,0.11825
00001312,0.70495,0.06083
00001313,0.64187,0.04492
00001314,0.64637,0.04360
00001315,0.41431,0.02553
00001316,0.62267,0.06595
00001317,0.22917,0.03959
00001318,0.84767,0.09578
00001319,1.01759,0.15013
00001320,0.45008,0.03862
00001321,0.60314,0.06867
00001322,0.57940,0.06354
00001323,0.55734,0.03736
00001324,1.22279,0.11990
00001325,0.97914,0.09647
00001326,0.38594,0.02717
00001327,1.90632,0.29360
00001328,1.08843,0.10419
00001329,0.67341,0.13485
00001330,0.40584,0.03478
00001331,0.27362,0.03001
00001332,0.53778,0.04166
00001333,1.33927,0.22028
00001334,0.55582,0.03136
00001335,0.47032,0.04355
00001336,0.46811,0.04028
00001337,0.60541,0.05161
00001338,0.51485,0.03955
00001339,0.46099,0.03636
00001340,0.76900,0.09099
00001341,0.25542,0.02362
00001342,0.19027,0.02663
00001343,0.97676,0.09388
00001344,0.44856,0.04772
00001345,1.45711,0.27527
00001346,1.00004,0.07276
00001347,0.60145,0.05423
00001348,0.78407,0.05799
00001349,0.64291,0.03831
00001350,1.38156,0.16987
00001351,0.82855,0.11067
00001352,0.52207,0.04586
00001353,0.88013,0.08818
00001354,0.58348,0.05221
00001355,0.39868,0.03011
00001356,0.66403,0.05458
00001357,0.66490,0.04549
00001358,1.33104,0.13308
00001359,1.22209,0.11934
00001360,0.38987,0.05091
00001361,0.49518,0.03887
00001362,0.63669,0.10045
00001363,0.40065,0.03639
00001364,1.10783,0.13920
00001365,0.72628,0.09613
00001366,0.52098,0.03153
00001367,0.53862,0.04740
00001368,0.55483,0.05008
00001369,0.44449,0.02683
00001370,1.04366,0.15317
00001371,0.65412,0.05182
00001372,0.27320,0.03041
00001373,1.29099,0.14065
00001374,0.58754,0.04237
00001375,0.49049,0.03230
00001376,2.13551,0.33734
00001377,1.09332,0.07698
00001378,0.35609,0.03869
00001379,0.21336,0.03225
00001380,0.43464,0.02971
00001381,0.32528,0.03139
00001382,0.58751,0.05328
00001383,1.61585,0.20480
00001384,0.42106,0.06597
00001385,0.28938,0.21572
00001386,0.60855,0.06153
00001387,0.66913,0.03791
00001388,0.83122,0.06249
00001389,0.62471,0.04326
00001390,1.67917,0.16292
00001391,1.03578,0.09495
00001392,0.84432,0.08303
00001393,1.35650,0.13652
00001394,1.67308,0.25583
00001395,1.45519,0.23511
00001396,0.52461,0.03311
00001397,0.50303,0.03383
00001398,0.47034,0.04847
00001399,0.85272,0.12235
00001400,0.37761,0.04279
00001401,0.99606,0.14772
00001402,1.37781,0.42345
00001403,0.53837,0.04355
00001404,0.50740,0.04406
00001405,0.57135,0.05212
00001406,0.37415,0.02758
00001407,2.31566,0.39357
00001408,0.54292,0.06366
00001409,1.49155,0.38458
00001410,0.63216,0.04260
00001411,0.56445,0.04034
00001412,0.48149,0.03999
00001413,0.71498,0.05177
00001414,0.26444,0.03088
00001415,1.70239,0.29125
00001416,0.64250,0.05215
00001417,0.51630,0.04632
00001418,0.90637,0.07721
00001419,0.19516,0.02935
00001420,0.68359,0.06318
00001421,0.84195,0.07382
00001422,0.62976,0.07893
00001423,0.80015,0.08212
00001424,0.60032,0.04894
00001425,0.87850,0.14713
00001426,1.22604,0.13280
00001427,0.74528,0.05682
00001428,0.86270,0.06292
00001429,0.24615,0.02894
00001430,0.37845,0.03699
00001431,1.30887,0.33897
00001432,1.08341,0.10181
00001433,0.55522,0.05860
00001434,0.43630,0.03066
00001435,0.37578,0.02470
00001436,0.97494,0.12040
00001437,0.70492,0.05464
00001438,0.38407,0.03414
00001439,0.42486,0.03084
00001440,1.67486,0.27302
00001441,1.85856,0.20636
00001442,0.31617,0.07375
00001443,0.55134,0.04205
00001444,0.78583,0.05892
00001445,0.64582,0.05521
00001446,0.67117,0.06107
00001447,1.20130,0.09938
00001448,0.52989,0.03053
00001449,0.60462,0.05014
00001450,0.38157,0.03533
00001451,0.69784,0.05778
00001452,0.91761,0.06786
00001453,0.95727,0.07921
00001454,0.27945,0.02446
00001455,1.71169,0.20537
00001456,0.48482,0.03131
00001457,1.14297,0.10928
00001458,0.73418,0.05522
00001459,0.47331,0.05441
00001460,0.47343,0.04769
00001461,0.90139,0.08810
00001462,0.43506,0.02294
00001463,0.59272,0.04558
00001464,0.42466,0.02897
00001465,0.32668,0.05222
00001466,0.59031,0.04053
00001467,0.93940,0.10945
00001468,0.39182,0.04601
00001469,0.69222,0.04564
00001470,0.73433,0.09628
00001471,0.50381,0.03493
00001472,0.55296,0.08576
00001473,0.34974,0.04263
00001474,1.07507,0.08355
00001475,0.66909,0.04612
00001476,0.90349,0.12007
00001477,1.61249,0.24091
00001478,0.75289,0.09379
00001479,0.72408,0.05854
00001480,0.31805,0.02817
00001481,1.10473,0.22927
00001482,0.41534,0.03916
00001483,0.63868,0.04683
00001484,0.34866,0.03568
00001485,0.39316,0.04590
00001486,1.18924,0.11325
00001487,0.68402,0.05335
00001488,0.61183,0.04736
00001489,0.34024,0.03914
00001490,1.18079,0.11379
00001491,0.45511,0.04174
00001492,0.88392,0.08672
00001493,1.53490,0.16816
00001494,2.10378,0.27763
00001495,1.34284,0.21223
00001496,0.85201,0.07913
00001497,1.45008,0.15954
00001499,0.41846,0.06376
00001500,0.70299,0.07900
00001501,1.06863,0.11779
00001502,1.03688,0.09458
00001503,0.63969,0.04596
00001504,0.41335,0.04719
00001505,0.54475,0.03360
00001506,0.81622,0.04964
00001507,0.90860,0.09696
00001508,0.40539,0.02945
00001509,0.88733,0.06971
00001510,0.79150,0.05338
00001511,0.55476,0.03734
00001512,1.27508,0.13384
00001513,1.42282,0.34041
00001514,0.65778,0.04871
00001515,0.29410,0.04319
00001516,0.89146,0.15350
00001517,1.32340,0.26936
00001518,0.31973,0.02910
00001519,0.82298,0.15426
00001520,0.27784,0.03784
00001521,2.54155,0.96233
00001522,0.37059,0.03385
00001523,2.03534,0.30862
00001524,0.42585,0.03749
00001525,0.72108,0.10416
00001526,0.51011,0.11316
00001527,0.19959,0.03139
00001528,0.46269,0.03329
00001529,0.19995,0.04869
00001530,0.62002,0.04573
00001531,0.36038,0.04178
00001532,2.42832,0.41398
00001533,1.11850,0.10449
00001534,0.92373,0.08027
00001535,1.26848,0.10121
00001536,1.79020,0.29492
00001537,1.55784,0.21348
00001538,0.57179,0.04579
00001539,0.75927,0.05775
00001540,0.43380,0.04049
00001541,1.06598,0.11809
00001542,0.25410,0.02609
00001543,0.26852,0.02855
00001544,0.44150,0.04837
00001545,0.67778,0.06799
00001546,0.71044,0.05377
00001547,0.43289,0.02560
00001548,0.63653,0.08839
00001549,1.13299,0.14748
00001550,0.19313,0.02580
00001551,1.29072,0.13229
00001552,0.36261,0.03808
00001553,0.87735,0.08100
00001554,0.33170,0.03676
00001555,0.71912,0.05375
00001556,1.56597,0.36957
00001557,0.52598,0.05672
00001558,0.47405,0.03206
00001559,0.82781,0.05935
00001560,0.37108,0.02612
00001561,0.28265,0.03420
00001562,0.95819,0.07021
00001563,1.15194,0.10010
00001564,1.49131,0.13242
00001565,0.42029,0.02692
00001566,1.13423,0.10919
00001567,0.23016,0.03812
00001568,1.25800,0.11045
00001569,0.75075,0.09878
00001570,1.26386,0.10003
00001571,0.61612,0.07057
00001572,0.97342,0.08562
00001573,0.79829,0.14913
00001574,0.33758,0.02494
00001575,0.60708,0.04759
00001576,0.89797,0.07711
00001577,0.69823,0.03983
00001578,0.37142,0.02257
00001579,0.80619,0.05789
00001580,0.66844,0.06945
00001581,0.95907,0.13333
00001582,0.20291,0.02664
00001583,1.20825,0.12584
00001584,1.35868,0.15417
00001585,0.31330,0.02915
00001586,0.35316,0.03247
00001587,0.33071,0.02370
00001588,1.08625,0.08183
00001589,1.72748,0.22474
00001590,0.39876,0.02885
00001591,0.67641,0.06387
00001592,0.44932,0.04203
00001593,0.89504,0.11865
00001594,0.42727,0.06065
00001595,0.27841,0.03200
00001596,1.13960,0.08730
00001597,0.70431,0.07168
00001598,0.67786,0.04863
00001599,0.56666,0.03885
00001600,0.66244,0.05362
00001601,1.20976,0.09636
00001602,0.42875,0.04416
00001603,0.85573,0.06448
00001604,0.43258,0.03338
00001605,1.02773,0.09596
00001606,1.31070,0.12378
00001607,0.45406,0.04807
00001608,0.55960,0.03496
00001609,1.42530,0.38562
00001610,0.46895,0.02843
00001611,0.56541,0.04040
00001612,0.29141,0.03065
00001613,1.12092,0.10358
00001614,0.74780,0.09781
00001615,1.48511,0.18171
00001616,0.90331,0.08347
00001617,0.53423,0.04840
00001618,1.25412,0.11771
00001619,0.26117,0.02705
00001620,0.27588,0.03385
00001621,2.76864,0.46181
00001622,0.90644,0.06373
00001623,0.63308,0.06556
00001624,0.59348,0.04852
00001625,0.55142,0.09406
00001626,1.72110,0.37391
00001627,1.02618,0.11164
00001628,1.08149,0.08663
00001629,0.99439,0.12488
00001630,0.81453,0.08164
00001631,0.33735,0.04416
00001632,1.54229,0.24066
00001633,0.48990,0.04443
00001634,0.64850,0.05178
00001635,0.51899,0.06878
00001636,0.45476,0.07175
00001637,1.25085,0.11226
00001638,0.52958,0.05336
00001639,1.72300,0.21221
00001640,0.23769,0.02489
00001641,1.29565,0.14196
00001642,0.19767,0.02781
00001643,0.48023,0.03169
00001644,0.46289,0.04482
00001645,1.71963,0.18304
00001646,0.39126,0.03934
00001647,0.56878,0.04190
00001648,0.41265,0.02764
00001649,0.35964,0.07533
00001650,0.68939,0.08715
00001651,0.24766,0.04957
00001652,0.27734,0.02944
00001653,0.48850,0.03680
00001654,0.33300,0.02760
00001655,2.82593,0.44048
00001656,0.50959,0.02834
00001657,0.65575,0.08149
00001658,0.48766,0.02452
00001659,0.53185,0.05160
00001660,1.12790,0.14317
00001661,0.44339,0.04934
00001662,0.37842,0.03454
00001663,0.20227,0.07576
00001664,0.73196,0.06469
00001665,0.31417,0.02521
00001666,1.77315,0.20373
00001667,0.62370,0.09806
00001668,0.70379,0.05233
00001669,0.49897,0.04159
00001670,1.14295,0.18111
00001671,0.35428,0.02429
00001672,0.36037,0.03702
00001673,0.44369,0.03329
00001674,0.40734,0.03833
00001675,1.17829,0.11768
00001676,0.56697,0.06399
00001677,0.93262,0.10691
00001678,1.24163,0.10382
00001679,0.71671,0.05500
00001680,0.29913,0.03539
00001681,1.28371,0.21899
00001682,0.45125,0.03721
00001683,0.37072,0.02652
00001684,0.33231,0.03404
00001685,2.51990,0.35242
00001686,0.46138,0.36956
00001687,1.08453,0.11342
00001688,1.24629,0.17445
00001689,0.38214,0.03048
00001690,0.27599,0.02972
00001691,0.51779,0.04620
00001692,0.58222,0.08123
00001693,0.85709,0.06584
00001694,0.39610,0.04685
00001695,1.65602,0.23660
00001696,1.28563,0.14590
00001697,1.63801,0.17953
00001698,0.69683,0.05669
00001699,1.20975,0.14704
00001700,0.80900,0.07230
00001701,0.40705,0.03468
00001702,0.32528,0.02888
00001703,1.29283,0.10978
00001704,0.72625,0.07992
00001705,1.24048,0.11635
00001706,0.99420,0.11789
00001707,0.39324,0.02805
00001708,1.08653,0.08688
00001709,0.20320,0.02251
00001710,0.39326,0.05476
00001711,0.29763,0.03256
00001712,0.98783,0.07781
00001713,0.26111,0.02960
00001714,0.65751,0.04354
00001715,0.29204,0.02835
00001716,0.79232,0.05863
00001717,0.61851,0.04350
00001718,0.39603,0.15998
00001719,0.22748,0.02572
00001720,0.58286,0.03204
00001721,0.60716,0.04785
00001722,0.43989,0.04022
00001723,0.34005,0.13449
00001724,0.40588,0.04285
00001725,0.48174,0.02779
00001726,0.92837,0.15847
00001727,0.53463,0.03931
00001728,0.77641,0.07230
00001729,0.87219,0.06145
00001730,0.49475,0.03539
00001731,0.31530,0.04972
00001732,0.75184,0.09741
00001733,0.93006,0.08977
00001734,0.24691,0.02950
00001735,0.80275,0.04761
00001736,0.63901,0.05522
00001737,0.33432,0.02936
00001738,0.50998,0.21179
00001739,0.53318,0.03708
00001740,0.43405,0.31721
00001741,1.24457,0.09916
00001742,0.66413,0.10438
00001743,0.42872,0.05240
00001744,0.38749,0.06121
00001745,0.98723,0.20112
00001746,0.86469,0.13125
00001747,0.64283,0.06863
00001748,0.41567,0.03415
00001749,0.59674,0.04375
00001750,0.57343,0.04883
00001751,0.80939,0.09841
00001752,0.56302,0.04912
00001753,0.41111,0.05114
00001754,0.45167,0.03384
00001755,0.80577,0.05605
00001756,1.29406,0.10720
00001757,0.81540,0.04937
00001758,1.20111,0.11743
00001759,1.34159,0.13236
00001760,0.37706,0.03520
00001761,0.36312,0.03653
00001762,0.65105,0.05635
00001763,0.98707,0.52239
00001764,0.44767,0.03063
00001765,0.36870,0.02461
00001766,1.09492,0.75074
00001767,0.73398,0.07708
00001768,0.35480,0.02863
00001769,2.19510,0.33321
00001770,0.18564,0.02504
00001771,1.27504,0.21283
00001772,0.83608,0.10204
00001773,2.11687,0.36545
00001774,0.63376,0.03984
00001775,2.98220,0.63043
00001776,0.76031,0.05590
00001777,0.29295,0.03179
00001778,0.65010,0.05798
00001779,0.82115,0.04812
00001780,0.58436,0.07132
00001781,0.35163,0.03474
00001782,0.40940,0.02994
00001783,1.81351,0.42536
00001784,0.78470,0.05326
00001785,0.62626,0.04499
00001786,0.49015,0.03902
00001787,0.92883,0.07807
00001788,0.52368,0.04529
00001789,0.67174,0.04648
00001790,1.40610,0.12837
00001791,1.32203,0.12387
00001792,0.61152,0.04141
00001793,0.58947,0.05093
00001794,1.69460,0.23920
00001795,0.92829,0.12479
00001796,1.02744,0.10874
00001797,1.30997,0.15094
00001798,0.75901,0.09427
00001799,0.35925,0.03348
00001800,1.15994,0.64724
00001801,0.57026,0.05040
00001802,1.15318,0.11736
00001803,0.21066,0.02689
00001804,1.08738,0.08410
00001805,0.59312,0.05670
00001806,0.90627,0.10579
00001807,0.62613,0.04356
00001808,0.71937,0.05799
00001809,0.82142,0.06634
00001810,0.53441,0.05450
00001811,1.20069,0.13119
00001812,1.30606,0.14781
00001813,0.82037,0.07585
00001814,0.43349,0.03868
00001815,0.49248,0.04072
00001816,0.46432,0.02631
00001817,0.83351,0.06145
00001818,0.80916,0.11607
00001819,0.18719,0.03143
00001820,0.21080,0.03323
00001821,0.38956,0.03880
00001822,0.41149,0.03044
00001823,2.68822,0.36471
00001824,0.54096,0.06260
00001825,2.14242,0.33740
00001826,0.41346,0.03498
00001827,1.02523,0.11654
00001828,1.53748,0.23863
00001829,0.80043,0.07935
00001830,0.83141,0.12572
00001831,0.75247,0.04784
00001832,0.18443,0.03000
00001833,0.47607,0.06532
00001834,1.02215,0.08377
00001835,0.83106,0.30328
00001836,0.55870,0.04950
00001837,1.58396,0.23851
00001838,0.19318,0.10508
00001839,0.49062,0.03959
00001840,0.45224,0.02447
00001841,0.88410,0.10065
00001842,0.91609,0.06629
00001843,0.34473,0.03092
00001844,0.51538,0.04250
00001845,0.55442,0.04695
00001846,1.51540,0.23180
00001847,0.64472,0.05387
00001848,0.68105,0.06918
00001849,0.95649,0.11342
00001850,0.47523,0.04132
00001851,0.48019,0.05263
00001852,0.43477,0.02807
00001853,0.42144,0.04794
00001854,1.49075,0.25913
00001855,0.63835,0.04760
00001856,2.35277,0.28393
00001857,0.29544,0.02963
00001858,0.78169,0.07385
00001859,0.96318,0.11723
00001860,1.76331,0.23270
00001861,0.22509,0.02872
00001862,0.39655,0.03602
00001863,0.41332,0.03130
00001864,0.42877,0.03137
00001865,0.90412,0.05607
00001866,0.33534,0.03877
00001867,1.21155,0.19091
00001868,0.42550,0.03237
00001869,0.20179,0.02722
00001870,1.55011,0.33141
00001871,1.20001,0.08754
00001872,0.45206,0.03494
00001873,1.76099,0.21950
00001874,0.41827,0.03265
00001875,0.44306,0.03779
00001876,0.55378,0.04965
00001877,0.78935,0.08980
00001878,0.75429,0.06803
00001879,0.44420,0.03136
00001880,0.95556,0.07898
00001881,0.22748,0.02829
00001882,0.84117,0.08978
00001883,0.90157,0.08507
00001884,1.31375,0.28802
00001885,0.51351,0.03937
00001886,0.79279,0.07252
00001887,1.30158,0.10010
00001888,0.79660,0.08831
00001889,0.55941,0.03700
00001890,0.38300,0.04616
00001891,0.28922,0.04358
00001892,0.72091,0.04498
00001893,0.31837,0.03046
00001894,1.49282,0.21340
00001895,1.34999,0.26795
00001896,1.59012,0.21526
00001897,0.39743,0.02655
00001898,1.72045,0.27526
00001899,0.54270,0.04296
00001900,2.68785,0.45646
00001901,0.72318,0.09563
00001902,1.99830,0.25353
00001903,0.52356,0.05039
00001904,0.20705,0.02697
00001905,0.57569,0.05608
00001906,0.30300,0.04014
00001907,0.92244,0.08113
00001908,0.58314,0.04389
00001909,0.67524,0.05196
00001910,0.96852,0.08029
00001911,1.65324,0.28248
00001912,1.24190,0.14383
00001913,0.77516,0.05851
00001914,0.47054,0.03316
00001915,0.29232,0.03069
00001916,0.36858,0.04928
00001917,0.60450,0.11695
00001918,0.40512,0.03500
00001919,1.76541,0.26870
00001920,1.44468,0.14792
00001921,0.33604,0.02215
00001922,0.49839,0.05379
00001923,1.01454,0.10055
00001924,0.33778,0.03200
00001925,0.20153,0.02821
00001926,0.62013,0.04336
00001927,0.47349,0.04638
00001928,0.93481,0.05810
00001929,1.40337,0.58719
00001930,0.99103,0.08889
00001931,0.57209,0.06549
00001932,0.75040,0.05268
00001933,0.52926,0.17407
00001934,1.22686,0.13400
00001935,0.60843,0.04772
00001936,0.45103,0.06809
00001937,0.29549,0.02604
00001938,0.23158,0.03248
00001939,0.81162,0.06676
00001940,0.74399,0.06037
00001941,0.35360,0.02668
00001942,0.67919,0.08777
00001943,0.39508,0.02963
00001944,0.62055,0.04178
00001945,1.55294,0.17032
00001946,0.43219,0.03922
00001947,0.82465,0.07002
00001948,0.74461,0.10004
00001949,0.33298,0.02237
00001950,0.39460,0.02790
00001951,1.63063,0.16780
00001952,0.57734,0.04545
00001953,0.37282,0.02362
00001954,0.66403,0.06794
00001955,0.61674,0.05850
00001956,0.49184,0.03315
00001957,0.49659,0.04637
00001958,0.60289,0.05083
00001959,0.49841,0.03367
00001960,0.40357,0.10366
00001961,0.96034,0.07643
00001962,0.68886,0.06066
00001963,0.87407,0.14981
00001964,1.19091,0.12447
00001965,0.60269,0.07013
00001966,0.44116,0.04555
00001967,0.44217,0.04655
00001968,0.84191,0.07061
00001969,0.53679,0.03863
00001970,0.27686,0.02791
00001971,0.57334,0.04409
00001972,0.50697,0.07113
00001973,2.46974,0.48853
00001974,0.78488,0.06191
00001975,0.35686,0.03232
00001976,0.56763,0.04872
00001977,1.04561,0.10919
00001978,1.18433,0.10070
00001979,0.60676,0.06044
00001980,1.51566,0.22373
00001981,0.96512,0.08795
00001982,0.76620,0.04445
00001983,0.66099,0.06210
00001984,0.51934,0.04109
00001985,1.04253,0.12222
00001986,0.33899,0.05018
00001987,0.49726,0.04795
00001988,0.84168,0.08056
00001989,0.37641,0.02876
00001990,0.38810,0.03904
00001991,0.31306,0.02339
00001992,0.32944,0.03325
00001993,1.09146,0.13706
00001994,0.90862,0.11975
00001995,0.61020,0.05494
00001996,0.35081,0.03661
00001997,0.63332,0.18762
00001998,1.19114,0.10767
00001999,0.41288,0.03250
00002000,1.37567,0.26136
00002001,0.78751,0.07953
00002002,0.97318,0.29180
00002003,0.58940,0.05996
00002004,0.70036,0.05155
00002005,0.71562,0.06084
00002006,0.63463,0.03874
00002007,0.62050,0.47333
00002008,0.57500,0.05736
00002009,0.47635,0.03886
00002010,0.50553,0.06044
00002011,1.27049,0.39115
00002012,0.32725,0.03550
00002013,0.27734,0.07044
00002014,0.67517,0.07861
00002015,0.28033,0.02964
00002016,1.31793,0.15073
00002017,0.67355,0.04510
00002018,0.71487,0.07835
00002019,1.09143,0.48339
00002020,1.64758,0.27322
00002021,0.51983,0.03086
00002022,1.70281,0.21849
00002023,0.22326,0.03085
00002024,0.43374,0.04613
00002025,0.71426,0.06460
00002026,0.92230,0.16053
00002027,0.47694,0.10331
00002028,0.30156,0.03372
00002029,0.42067,0.06181
00002030,0.53636,0.03939
00002031,0.47665,0.04228
00002032,0.88738,0.07129
00002033,0.60753,0.09820
00002034,0.52537,0.06001
00002035,0.41027,0.03414
00002036,0.64088,0.06154
00002037,0.92957,0.26448
00002038,1.44514,0.22564
00002039,0.68074,0.06263
00002040,0.69312,0.04057
00002041,0.75420,0.12017
00002042,0.41998,0.04004
00002043,0.35544,0.04206
00002044,0.62737,0.04849
00002045,0.56463,0.04558
00002046,2.25199,0.26744
00002047,0.32250,0.02406
00002048,0.75463,0.04015
00002049,0.61539,0.05462
00002050,0.34815,0.03156
00002051,1.27462,0.12951
00002052,1.00748,0.10030
00002053,0.27172,0.03596
00002054,0.44554,0.03125
00002055,0.22270,0.02729
00002056,0.47216,0.03881
00002057,0.62808,0.11323
00002058,1.35424,0.17800
00002059,0.71999,0.08831
00002060,0.72737,0.08697
00002061,0.34525,0.04956
00002062,0.56849,0.03376
00002063,0.27855,0.03329
00002064,0.81896,0.05726
00002065,0.52232,0.05083
00002066,0.79874,0.08267
00002067,0.36199,0.02701
00002068,0.72703,0.09020
00002069,1.18535,0.17086
00002070,0.69054,0.06163
00002071,2.34197,0.37265
00002072,0.47923,0.06575
00002073,0.84698,0.06130
00002074,0.82209,0.09113
00002075,0.83664,0.06744
00002076,0.46771,0.02266
00002077,2.00500,0.24160
00002078,1.24427,0.13906
00002079,0.88969,0.05488
00002080,0.51765,0.03403
00002081,1.01382,0.11049
00002082,0.24179,0.02837
00002083,0.43260,0.04974
00002084,0.65897,0.05971
00002085,0.32076,0.05516
00002086,0.60094,0.03997
00002087,0.73495,0.03579
00002088,1.22001,0.10377
00002089,0.61429,0.07050
00002090,0.90173,0.07479
00002091,0.54749,0.03980
00002092,0.60199,0.04300
00002093,0.69799,0.06116
00002094,0.53191,0.05961
00002095,0.41636,0.04412
00002096,2.48959,0.40152
00002097,2.17422,0.30038
00002098,0.32701,0.03508
00002099,0.59859,0.04588
00002100,0.58414,0.05461
00002101,0.68420,0.05641
00002102,0.26134,0.02861
00002103,0.59705,0.03904
00002104,0.50673,0.04144
00002105,0.75237,0.06027
00002106,0.50507,0.16568
00002107,0.67668,0.05002
00002108,0.57322,0.09698
00002109,0.53497,0.19866
00002110,0.18696,0.02824
00002111,0.47053,0.03187
00002112,2.15607,0.36609
00002113,0.66697,0.12478
00002114,1.67656,0.19343
00002115,0.62221,0.06805
00002116,1.39882,0.23894
00002117,0.40825,0.04525
00002118,0.37367,0.02588
00002119,0.70634,0.04715
00002120,0.51027,0.03938
00002121,0.46558,0.03537
00002122,1.40932,0.29722
00002123,1.48883,0.18438
00002124,1.81729,0.20342
00002125,1.02534,0.07839
00002126,2.35765,0.32646
00002127,1.06292,0.12684
00002128,0.17560,0.02437
00002129,0.52472,0.04712
00002130,0.45056,0.04272
00002131,0.40061,0.03700
00002132,0.95154,0.08324
00002133,1.04313,0.10075
00002134,0.50715,0.03484
00002135,0.55644,0.06028
00002136,1.01149,0.08726
00002137,1.08210,0.11390
00002138,0.23152,0.07340
00002139,0.27363,0.03318
00002140,1.84492,0.19487
00002141,0.43065,0.04250
00002142,0.44584,0.02572
00002143,0.54384,0.04463
00002144,0.64021,0.09054
00002145,0.36712,0.04026
00002146,0.50680,0.05602
00002147,0.85435,0.05895
00002148,0.73534,0.06989
00002149,0.30237,0.02749
00002150,1.64568,0.30453
00002151,2.36490,0.34826
00002152,1.35550,0.12169
00002153,1.18028,0.15448
00002154,0.55252,0.05240
00002155,0.44239,0.04115
00002156,0.26066,0.02264
00002157,0.54582,0.04055
00002158,2.03067,0.29944
00002159,1.81116,0.19371
00002160,0.58458,0.04081
00002161,0.38903,0.03965
00002162,0.60761,0.03973
00002163,0.93579,0.08474
00002164,0.47343,0.02707
00002165,1.13533,0.09399
00002166,0.78957,0.09352
00002167,0.52993,0.05810
00002168,1.21026,0.12010
00002169,1.13544,0.14494
00002170,0.53883,0.05972
00002171,1.07864,0.08357
00002172,0.80499,0.05838
00002173,1.04131,0.09312
00002174,0.76461,0.07450
00002175,1.01605,0.08445
00002176,0.60240,0.03746
00002177,0.51311,0.03958
00002178,0.70732,0.04471
00002179,0.86191,0.08067
00002180,0.29262,0.02981
00002181,0.69928,0.05457
00002182,1.81122,0.55228
00002183,2.05409,0.33144
00002184,1.31279,0.14234
00002185,1.07861,0.13229
00002186,0.52425,0.03223
00002187,0.99268,0.26953
00002188,0.98401,0.08692
00002189,0.63489,0.05172
00002190,1.45909,0.47342
00002191,0.63546,0.04698
00002192,0.74003,0.07023
00002193,0.37414,0.03255
00002194,0.64179,0.03154
00002195,0.83020,0.11074
00002196,0.35036,0.04169
00002197,1.80549,0.19903
00002198,0.81015,0.08007
00002199,1.70662,0.22456
00002200,0.55463,0.05187
00002201,0.73714,0.05863
00002202,0.99460,0.08818
00002203,0.71534,0.03857
00002204,0.64305,0.06033
00002205,0.89161,0.06481
00002206,0.19438,0.02569
00002207,0.41963,0.04507
00002208,0.79201,0.05988
00002209,1.00323,0.06688
00002210,1.95076,0.32559
00002211,0.38101,0.03063
00002212,0.60584,0.04251
00002213,1.36402,0.12347
00002214,0.66473,0.04475
00002215,0.28515,0.03636
00002216,0.23583,0.03440
00002217,0.87801,0.08727
00002218,1.00500,0.14092
00002219,0.26833,0.22176
00002220,0.57890,0.04632
00002221,0.73437,0.07273
00002222,0.25224,0.03209
00002223,0.25817,0.02769
00002224,0.34762,0.03478
00002225,0.41959,0.03614
00002226,0.46989,0.03305
00002227,0.56697,0.06340
00002228,1.33624,0.13979
00002229,1.35067,0.13947
00002230,0.57738,0.03675
00002231,0.38084,0.04064
00002232,0.47971,0.03822
00002233,0.31279,0.02689
00002234,0.67409,0.03946
00002235,0.17843,0.02734
00002236,1.27740,0.14631
00002237,0.27321,0.03546
00002238,1.51003,0.13869
00002239,0.78623,0.06648
00002240,0.73120,0.07379
00002241,2.16614,0.48989
00002242,0.48482,0.03397
00002243,1.05304,0.14228
00002244,0.78646,0.05577
00002245,0.66951,0.06457
00002246,0.70878,0.06442
00002247,1.58660,0.30169
00002248,0.60643,0.04304
00002249,0.64299,0.05355
00002250,0.42016,0.04298
00002251,0.39323,0.03512
00002252,0.94490,0.08968
00002253,0.53263,0.05107
00002254,0.57650,0.05475
00002255,0.33281,0.02751
00002256,2.73139,0.49869
00002257,0.86470,0.06519
00002258,0.32579,0.02307
00002259,0.45755,0.10541
00002260,1.32564,0.16983
00002261,0.34219,0.03756
00002262,0.60665,0.07250
00002263,1.37379,0.12731
00002264,1.02487,0.08292
00002265,1.03586,0.08208
00002266,1.56064,0.15734
00002267,0.26828,0.03244
00002268,0.53953,0.04060
00002269,1.38902,0.14756
00002270,0.80726,0.05377
00002271,0.71240,0.05809
00002272,1.24813,0.09491
00002273,1.68963,0.20404
00002274,0.25775,0.02446
00002275,1.98442,0.30031
00002276,0.58633,0.05346
00002277,0.96428,0.09585
00002278,0.58079,0.04108
00002279,0.59419,0.05563
00002280,0.68880,0.05073
00002281,0.76907,0.06680
00002282,0.59948,0.04081
00002283,1.10926,0.08436
00002284,0.66005,0.03660
00002285,0.39949,0.02867
00002286,0.37710,0.02774
00002287,0.76197,0.10484
00002288,0.42212,0.02982
00002289,0.97950,0.08081
00002290,1.12892,0.08822
00002291,0.64011,0.05802
00002292,0.42906,0.03400
00002293,0.97205,0.06182
00002294,1.69784,0.29646
00002295,0.48767,0.02954
00002296,0.36473,0.03337
00002297,0.67983,0.04900
00002298,0.60294,0.05853
00002299,0.48377,0.03777
00002300,0.66745,0.06452
00002301,0.64915,0.04719
00002302,0.60503,0.05031
00002303,0.79098,0.09068
00002304,1.66498,0.18239
00002305,0.51618,0.02720
00002306,0.65630,0.05590
00002307,2.24607,0.34708
00002308,0.95629,0.06690
00002309,1.33113,0.17090
00002310,1.36808,0.10822
00002311,1.50347,0.36445
00002312,0.35016,0.03347
00002313,2.24437,0.33397
00002314,1.18902,0.08035
00002315,0.50166,0.04521
00002316,0.17986,0.02517
00002317,2.21719,0.34806
00002318,1.17902,0.21004
00002319,0.45447,0.03113
00002320,0.62736,0.03834
00002321,1.27967,0.15341
00002322,1.50340,0.16537
00002323,0.66246,0.22347
00002324,1.74513,0.23741
00002325,0.52668,0.03800
00002326,0.24328,0.03356
00002327,0.55831,0.05712
00002328,0.35456,0.04071
00002329,0.46692,0.06929
00002330,0.27280,0.04439
00002331,0.96634,0.20030
00002332,1.30519,0.12011
00002333,0.55105,0.15795
00002334,0.68951,0.05388
00002335,0.74856,0.08938
00002336,0.71624,0.04801
00002337,0.55920,0.04769
00002338,0.69945,0.13778
00002339,0.27384,0.02035
00002340,0.49686,0.13362
00002341,1.14824,0.13965
00002342,0.72612,0.06393
00002343,0.68062,0.03433
00002344,0.40059,0.03321
00002345,0.70514,0.06086
00002346,0.70789,0.05195
00002347,0.76460,0.05342
00002348,0.43244,0.05149
00002349,0.53511,0.03560
00002350,0.80310,0.07528
00002351,0.74523,0.14762
00002352,0.62670,0.05031
00002353,0.77747,0.04533
00002354,0.56030,0.04013
00002355,0.44296,0.03514
00002356,0.66900,0.06908
00002357,1.52051,0.19209
00002358,1.15467,0.10861
00002359,0.93256,0.08092
00002360,0.53991,0.03484
00002361,0.81096,0.07038
00002362,0.32279,0.03164
00002363,1.37952,0.12206
00002364,0.92731,0.06980
00002365,0.59461,0.04402
00002366,0.40282,0.07813
00002367,2.73199,0.40758
00002368,0.98445,0.07420
00002369,0.58560,0.03390
00002370,1.11961,0.13590
00002371,0.71585,0.05599
00002372,1.07771,0.07617
00002373,0.60457,0.04546
00002374,0.24045,0.02443
00002375,1.11320,0.12744
00002376,0.60327,0.05025
00002377,0.81499,0.07627
00002378,0.75807,0.06106
00002379,0.38268,0.04486
00002380,1.23774,0.14901
00002381,0.60165,0.03808
00002382,2.25191,0.45059
00002383,0.62252,0.06446
00002384,0.85165,0.08896
00002385,0.35673,0.02975
00002386,0.96949,0.21360
00002387,1.12964,0.09039
00002388,0.67353,0.08712
00002389,0.81717,0.08218
00002390,0.80401,0.09565
00002391,1.38110,0.39041
00002392,0.55375,0.08822
00002393,0.62915,0.05087
00002394,0.22100,0.04372
00002395,0.47054,0.05254
00002396,0.69547,0.07534
00002397,1.40576,0.24812
00002398,0.27727,0.04832
00002399,0.70290,0.05414
00002400,1.06663,0.33835
00002401,1.34566,0.91615
00002402,0.35386,0.04053
00002403,0.51302,0.03060
00002404,0.48676,0.04699
00002405,1.88289,0.23384
00002406,0.43238,0.05051
00002407,0.38126,0.03280
00002408,0.33623,0.02702
00002409,0.30764,0.02918
00002410,0.46079,0.04206
00002411,1.34325,0.14127
00002412,0.53652,0.06188
00002413,0.38412,0.03509
00002414,1.03315,0.16855
00002415,0.81600,0.05672
00002416,0.93745,0.18019
00002417,0.98593,0.27865
00002418,0.99333,0.20119
00002419,1.40723,0.58057
00002420,0.95272,0.07864
00002421,0.19604,0.03434
00002422,1.18105,0.17161
00002423,0.70769,0.04988
00002424,0.41905,0.02599
00002425,2.13917,0.36833
00002426,0.49650,0.03696
00002427,1.52724,0.23804
00002428,1.09793,0.13170
00002429,0.64956,0.06675
00002430,0.46340,0.04491
00002431,2.54116,0.60993
00002432,0.37341,0.04002
00002433,0.23104,0.03115
00002434,1.49080,0.22079
00002435,0.20657,0.02747
00002436,1.06730,0.09758
00002437,0.55212,0.04738
00002438,0.39800,0.03056
00002439,0.47983,0.05564
00002440,0.68982,0.04524
00002441,0.49875,0.04395
00002442,0.29057,0.03734
00002443,0.62666,0.10338
00002444,0.39769,0.03226
00002445,0.90447,0.06993
00002446,0.51580,0.03463
00002447,0.91394,0.07778
00002448,0.50808,0.02866
00002449,1.03538,0.15557
00002450,0.50503,0.06981
00002451,0.61025,0.03471
00002452,0.54925,0.06142
00002453,0.71361,0.05644
00002454,0.19435,0.02945
00002455,0.41101,0.03219
00002456,1.57903,0.17271
00002457,1.28918,0.12138
00002458,0.41284,0.04925
00002459,0.40257,0.13132
00002460,1.03613,0.10959
00002461,1.16380,0.13588
00002462,0.42198,0.03415
00002463,0.45447,0.03662
00002464,1.20110,0.10677
00002465,0.72180,0.05788
00002466,0.70484,0.07659
00002467,0.47140,0.04866
00002468,0.39852,0.02799
00002469,0.33459,0.02780
00002470,1.74019,0.25828
00002471,0.51305,0.03626
00002472,0.52662,0.03796
00002473,0.58468,0.04460
00002474,0.51839,0.04359
00002475,1.15590,0.09059
00002476,0.97852,0.09028
00002477,0.95507,0.09483
00002478,0.47219,0.06364
00002479,1.50117,0.57835
00002480,0.38967,0.02438
00002481,0.51719,0.11276
00002482,0.51801,0.05527
00002483,0.18074,0.02565
00002484,0.38012,0.02542
00002485,0.86595,0.07682
00002486,0.63547,0.06445
00002487,1.41596,0.16248
00002488,0.99293,0.11315
00002489,0.33806,0.02626
00002490,0.68763,0.14614
00002491,0.34334,0.02465
00002492,0.50446,0.05674
00002493,0.74586,0.05764
00002494,0.88237,0.14226
00002495,0.57145,0.05204
00002496,0.94206,0.09094
00002497,0.29999,0.06009
00002498,1.83398,0.21995
00002499,0.28872,0.06786
00002500,2.04306,0.32840
00002501,0.73354,0.06575
00002502,0.30723,0.04058
00002503,0.76273,0.06162
00002504,0.75061,0.05764
00002505,1.10040,0.09437
00002506,0.83676,0.10330
00002507,0.73601,0.06277
00002508,1.29036,0.12536
00002509,0.52973,0.04442
00002510,0.66719,0.05939
00002511,0.46841,0.03785
00002512,0.76339,0.09433
00002513,0.68985,0.08088
00002514,1.17179,0.10011
00002515,0.39191,0.03886
00002516,1.57104,0.18898
00002517,0.56482,0.03575
00002518,0.68261,0.03936
00002519,0.24493,0.02108
00002520,0.79558,0.07171
00002521,0.66041,0.05977
00002522,0.43129,0.03566
00002523,0.69358,0.05972
00002524,0.87862,0.08318
00002525,0.46344,0.02837
00002526,1.26452,0.11972
00002527,0.63962,0.05521
00002528,0.38121,0.03786
00002529,1.46596,0.18380
00002530,0.56111,0.05847
00002531,1.21868,0.19605
00002532,0.46237,0.03174
00002533,0.47698,0.03942
00002534,0.38509,0.07530
00002535,1.53707,0.19287
00002536,0.44723,0.03684
00002537,0.46857,0.04192
00002538,0.92350,0.09625
00002539,0.75721,0.06303
00002540,0.60545,0.05880
00002541,0.72374,0.07272
00002542,0.86866,0.10272
00002543,0.86835,0.05882
00002544,0.47004,0.03487
00002545,0.87371,0.05654
00002546,0.68214,0.05221
00002547,0.84562,0.04902
00002548,0.25483,0.03099
00002549,0.62685,0.05827
00002550,0.68567,0.05651
00002551,0.41053,0.04333
00002552,0.49918,0.03839
00002553,0.58426,0.04743
00002554,0.30030,0.02251
00002555,0.64141,0.05684
00002556,0.42706,0.02593
00002557,0.60018,0.05091
00002558,0.34852,0.03183
00002560,0.18264,0.02403
00002561,0.75807,0.05253
00002562,0.59112,0.04416
00002563,0.36263,0.02624
00002564,0.33722,0.03326
00002565,0.36405,0.03321
00002566,1.27619,0.10389
00002567,0.25345,0.08251
00002568,0.73067,0.06895
00002569,0.59122,0.04300
00002570,1.46802,0.20172
00002571,1.21441,0.32893
00002572,1.14054,0.12296
00002573,1.12391,0.27924
00002574,1.70533,0.22627
00002575,0.62501,0.04703
00002576,1.31937,0.15422
00002577,0.36355,0.02610
00002578,0.71633,0.05745
00002579,1.55435,0.18640
00002580,0.36288,0.05183
00002581,0.64178,0.04934
00002582,1.07663,0.12104
00002583,1.15505,0.12874
00002584,0.37171,0.02640
00002585,0.95056,0.08607
00002586,0.77817,0.21095
00002587,0.77129,0.05970
00002588,0.45710,0.02635
00002589,0.70424,0.04188
00002590,0.72111,0.05323
00002591,0.61723,0.05913
00002592,1.34903,0.13225
00002593,0.50268,0.04492
00002594,1.34306,0.12488
00002595,0.99350,0.09163
00002596,1.21154,0.10607
00002597,0.92775,0.05143
00002598,2.50885,0.39959
00002599,0.51285,0.04757
00002600,1.17335,0.09303
00002601,0.64192,0.09292
00002602,1.31003,0.28927
00002603,0.54749,0.03532
00002604,1.89730,0.26744
00002605,0.76987,0.06527
00002606,1.01053,0.13561
00002607,0.91618,0.06502
00002608,0.64390,0.04493
00002609,0.45988,0.04099
00002610,0.52134,0.04141
00002611,0.99699,0.08033
00002612,0.37440,0.02779
00002613,0.50778,0.03387
00002614,1.96102,0.22460
00002615,1.14424,0.11017
00002616,1.07818,0.11152
00002617,1.37775,0.26076
00002618,1.09754,0.08884
00002619,0.42264,0.04832
00002620,0.54842,0.05224
00002621,0.46817,0.04768
00002622,1.00864,0.07184
00002623,1.54503,0.21740
00002624,0.80422,0.09384
00002625,0.74302,0.19402
00002626,0.27651,0.02348
00002627,1.29084,0.14482
00002628,0.39262,0.03413
00002629,0.83115,0.05922
00002630,0.36156,0.04484
00002631,1.34567,0.11209
00002632,1.89452,0.25741
00002633,0.30098,0.02059
00002634,1.62926,0.20795
00002635,0.43106,0.04681
00002636,1.43495,0.14112
00002637,0.75479,0.09263
00002638,1.32412,0.15619
00002639,0.48174,0.04398
00002640,0.56941,0.03490
00002641,1.89029,0.57240
00002642,1.97599,0.57149
00002643,0.52111,0.03916
00002644,0.67046,0.05210
00002645,0.42251,0.03800
00002646,0.59394,0.05851
00002647,1.19932,0.10158
00002648,0.97062,0.09414
00002649,0.60322,0.03996
00002650,0.22752,0.02858
00002651,0.86181,0.08576
00002652,0.40986,0.02891
00002653,0.82502,0.11298
00002654,0.39134,0.05311
00002655,0.32670,0.02738
00002656,0.48379,0.03256
00002657,1.02873,0.07719
00002658,0.32132,0.18999
00002659,0.59076,0.17035
00002660,1.19934,0.11875
00002661,0.67754,0.05929
00002662,0.66347,0.06059
00002663,0.66808,0.10363
00002664,0.72043,0.03813
00002665,0.94442,0.16787
00002666,0.73572,0.10439
00002667,0.48274,0.04563
00002668,0.50323,0.18334
00002669,0.65559,0.04474
00002670,0.52234,0.08307
00002671,0.39189,0.03559
00002672,1.09204,0.23084
00002673,0.18768,0.02854
00002674,1.75632,0.21349
00002675,0.61094,0.05464
00002676,0.61467,0.03672
00002677,0.44187,0.03544
00002678,0.97539,0.37014
00002679,0.69941,0.03661
00002680,1.45096,0.19849
00002681,0.74719,0.04941
00002682,0.60969,0.04933
00002683,0.75774,0.07186
00002684,0.63185,0.06250
00002685,0.19537,0.02668
00002686,0.32557,0.02664
00002687,0.61446,0.06708
00002688,0.46224,0.04132
00002689,0.87769,0.05723
00002690,0.99767,0.09828
00002691,1.31477,0.11563
00002692,0.72636,0.11746
00002693,0.19131,0.02711
00002694,0.51180,0.04919
00002695,0.52112,0.03134
00002696,1.70179,0.29900
00002697,1.89021,0.22356
00002698,0.54283,0.04223
00002699,1.19074,0.11994
00002700,0.50140,0.03872
00002701,0.39563,0.04168
00002702,1.76934,0.99195
00002703,0.68918,0.25495
00002704,0.50928,0.04207
00002705,0.48181,0.02738
00002706,0.60325,0.05914
00002707,0.48738,0.03575
00002708,0.77855,0.07140
00002709,0.60294,0.03900
00002710,1.35672,0.12258
00002711,0.69296,0.08494
00002712,1.61526,0.15368
00002713,0.35571,0.03146
00002714,0.66324,0.13067
00002715,1.81545,0.23960
00002716,0.95176,0.20235
00002717,0.27487,0.02677
00002718,0.93692,0.07365
00002719,2.07457,0.27721
00002720,1.14795,0.31374
00002721,0.59300,0.04544
00002722,0.54839,0.03508
00002723,1.26780,0.15338
00002724,0.59050,0.06116
00002725,1.26701,0.12312
00002726,0.67644,0.05689
00002727,0.23570,0.03280
00002728,1.06885,0.09417
00002729,1.10896,0.09664
00002730,0.93548,0.08334
00002731,0.48602,0.07366
00002732,2.09423,0.28510
00002733,0.33697,0.05029
00002735,2.99348,0.43268
00002736,0.59381,0.03462
00002737,0.43396,0.05087
00002738,1.31416,0.15127
00002739,0.77233,0.06299
00002740,0.92237,0.09517
00002741,0.27247,0.03135
00002742,0.98298,0.10092
00002743,0.21650,0.02906
00002744,0.88609,0.08998
00002745,0.47136,0.06420
00002746,0.30455,0.03117
00002747,0.47762,0.04284
00002748,1.78944,0.28776
00002749,1.67205,0.17172
00002750,0.84702,0.07687
00002751,0.57485,0.04209
00002752,0.56318,0.06680
00002753,0.62587,0.08488
00002754,0.81528,0.07287
00002755,0.79551,0.08891
00002756,0.45073,0.03904
00002757,2.25418,0.36528
00002758,0.26557,0.02291
00002759,0.62107,0.06549
00002760,0.81084,0.05419
00002761,1.56815,0.18496
00002762,1.76390,0.18659
00002763,0.42857,0.04839
00002764,0.41765,0.03197
00002765,1.00451,0.06410
00002766,0.20244,0.02783
00002767,0.29095,0.04773
00002768,1.13546,0.32047
00002769,1.72810,0.27598
00002770,0.71068,0.05567
00002771,0.43304,0.02459
00002772,0.55566,0.06316
00002773,1.08062,0.09570
00002774,0.44111,0.03135
00002775,0.35401,0.03657
00002776,1.22096,0.73392
00002777,1.00115,0.11473
00002778,0.66445,0.05601
00002779,0.62094,0.06550
00002780,0.43690,0.02822
00002781,0.67417,0.06430
00002782,0.60920,0.04086
00002783,0.29044,0.02916
00002784,0.38953,0.10691
00002785,0.85431,0.06826
00002786,0.46288,0.05196
00002787,0.35832,0.04261
00002788,0.49388,0.05225
00002789,0.58452,0.03751
00002790,0.33168,0.04363
00002791,0.92303,0.11173
00002792,0.24471,0.02773
00002793,0.57811,0.03277
00002794,0.58193,0.03475
00002795,0.93573,0.09596
00002796,1.05886,0.11055
00002797,1.38985,0.28012
00002798,0.60198,0.04607
00002799,0.95002,0.07945
00002800,1.33783,0.16779
00002801,0.21402,0.03238
00002802,0.41765,0.02808
00002803,0.64284,0.04161
00002804,0.73308,0.16666
00002805,0.51246,0.02831
00002806,0.52358,0.04078
00002807,0.73996,0.08016
00002808,0.57325,0.04172
00002809,1.69246,0.15701
00002810,0.49797,0.04128
00002811,1.97576,0.22702
00002812,0.77512,0.04964
00002813,1.67141,0.16528
00002814,0.42675,0.04019
00002815,0.75596,0.06877
00002816,0.39703,0.04238
00002817,0.91247,0.08332
00002818,0.84066,0.16668
00002819,0.93557,0.11376
00002820,0.37201,0.03436
00002821,0.57614,0.04644
00002822,0.51527,0.03723
00002823,1.46583,0.14314
00002824,2.76141,0.46846
00002825,0.38069,0.03063
00002826,1.28045,0.18768
00002827,0.89735,0.09244
00002828,0.63539,0.05502
00002829,0.60936,0.05594
00002830,0.60293,0.03848
00002831,1.25398,0.11003
00002832,1.14874,0.15558
00002833,0.62604,0.04521
00002834,0.94208,0.09270
00002835,0.52954,0.04234
00002836,0.95435,0.07191
00002837,0.73826,0.06805
00002838,0.72317,0.06036
00002839,0.68158,0.04841
00002840,1.19590,0.22081
00002841,1.36389,0.19715
00002842,0.63022,0.04059
00002843,0.63925,0.04985
00002844,0.53816,0.03580
00002845,0.57525,0.03407
00002846,0.82685,0.06054
00002847,1.36631,0.28025
00002848,1.17642,0.15152
00002849,2.02069,0.31470
00002850,1.89401,0.22448
00002851,1.49647,0.23445
00002852,0.98292,0.08277
00002853,0.92978,0.11056
00002854,0.84963,0.07122
00002855,0.27848,0.03360
00002856,0.50145,0.03679
00002857,0.34473,0.03556
00002858,0.84025,0.04952
00002859,0.93656,0.08725
00002860,0.19048,0.02718
00002861,0.39449,0.03028
00002862,0.96667,0.09734
00002863,1.11908,0.09095
00002864,1.59531,0.24024
00002865,0.51848,0.04477
00002866,1.86280,0.45703
00002867,0.94984,0.07302
00002868,1.07110,0.11307
00002869,1.23976,0.12880
00002870,0.67661,0.03833
00002871,0.56675,0.06515
00002872,0.42726,0.02895
00002873,0.29866,0.03103
00002874,0.75131,0.08657
00002875,0.66075,0.06251
00002876,0.93924,0.07755
00002877,0.70490,0.08090
00002878,1.57845,0.21106
00002879,1.56959,0.25047
00002880,1.97600,0.26566
00002881,0.75414,0.05281
00002882,0.48117,0.02763
00002883,0.82317,0.06250
00002884,1.41666,0.16618
00002885,0.83222,0.06061
00002886,0.59942,0.03432
00002887,0.56878,0.05604
00002888,0.74479,0.12722
00002889,0.42939,0.03040
00002890,0.53232,0.05424
00002891,0.22704,0.12053
00002892,0.20990,0.02781
00002893,1.16829,0.76805
00002894,0.59594,0.06016
00002895,0.46412,0.03520
00002896,0.44233,0.04564
00002897,0.90928,0.10516
00002898,0.69141,0.04495
00002899,0.85137,0.05867
00002900,0.70360,0.07915
00002901,0.76316,0.06221
00002902,1.25106,0.19289
00002903,0.68788,0.06380
00002904,0.68718,0.06715
00002905,0.35445,0.05085
00002906,0.56994,0.03691
00002907,0.86807,0.07269
00002908,0.72169,0.05996
00002909,0.89055,0.09150
00002910,0.74003,0.04183
00002911,0.97200,0.07933
00002912,0.39541,0.02816
00002913,0.67849,0.05282
00002914,2.69778,0.58483
00002915,0.71414,0.09179
00002916,2.60852,0.50152
00002917,0.57755,0.06478
00002918,0.45342,0.03276
00002919,0.35924,0.02948
00002920,0.22418,0.03038
00002921,0.58060,0.04650
00002922,0.98712,0.09664
00002923,0.50096,0.07125
00002924,0.73773,0.19732
00002925,1.92288,0.20914
00002926,0.72774,0.11403
00002927,1.12774,0.14009
00002928,0.82555,0.05385
00002929,0.53904,0.03694
00002930,0.48368,0.03032
00002931,0.65021,0.13409
00002932,0.41485,0.03834
00002933,1.71135,1.08283
00002934,1.57781,0.18240
00002935,0.50360,0.15033
00002936,0.47783,0.03173
00002937,3.20872,0.48205
00002938,2.66224,0.54109
00002939,0.96462,0.08350
00002940,0.24112,0.03057
00002941,0.25487,0.02931
00002942,0.75844,0.06293
00002943,0.40445,0.02578
00002944,0.53783,0.04885
00002945,0.58662,0.04685
00002946,0.20711,0.03404
00002947,0.58478,0.05787
00002948,0.20247,0.03318
00002949,0.19552,0.02686
00002950,0.62595,0.06607
00002951,0.41893,0.05866
00002952,0.83246,0.07139
00002953,0.35391,0.04015
00002954,0.33079,0.02520
00002955,0.57360,0.04762
00002956,0.49066,0.04252
00002957,1.00559,0.14669
00002958,0.52513,0.07135
00002959,0.37001,0.06084
00002961,0.45685,0.02571
00002962,0.96691,0.27163
00002963,0.28921,0.04028
00002964,0.52386,0.03883
00002965,0.41451,0.05622
00002966,1.42929,0.14213
00002967,0.68289,0.05024
00002968,0.62562,0.05433
00002969,1.38506,0.18525
00002970,1.28555,0.16858
00002971,0.33039,0.04785
00002972,1.24646,0.09402
00002973,0.35207,0.03062
00002974,0.40518,0.13285
00002975,0.95354,0.14102
00002976,1.32020,0.11468
00002977,0.77484,0.07533
00002978,1.35718,0.19712
00002979,0.46183,0.03392
00002980,0.65906,0.04839
00002981,0.49260,0.03707
00002982,0.78366,0.04780
00002983,0.62249,0.04119
00002984,1.01145,0.10682
00002985,0.53771,0.05322
00002986,0.82451,0.10746
00002987,0.79753,0.14011
00002988,1.25264,0.17242
00002989,0.45574,0.04143
00002990,0.82171,0.08288
00002991,0.85494,0.07839
00002992,0.47835,0.03342
00002993,1.28711,0.47592
00002994,0.34736,0.02918
00002995,1.21951,0.09158
00002996,0.56351,0.03973
00002997,0.29748,0.02338
00002998,0.23099,0.02499
00002999,0.73206,0.05054
00003000,0.70748,0.04303
00003001,0.23069,0.02744
00003002,0.40117,0.05909
00003003,0.60388,0.06522
00003004,0.62972,0.04184
00003005,0.59818,0.04948
00003006,0.86227,0.09118
00003007,0.31901,0.05126
00003008,0.53151,0.04197
00003009,1.13573,0.08334
00003010,0.37536,0.02295
00003011,0.60606,0.05033
00003012,0.77190,0.06120
00003013,0.69221,0.14946
00003014,1.42359,0.14820
00003015,0.65287,0.11188
00003016,1.39197,0.20762
00003017,0.67194,0.05290
00003018,1.00446,0.07837
00003019,0.43096,0.04636
00003020,0.97787,0.13569
00003021,0.41292,0.03160
00003022,0.51450,0.05305
00003023,0.73132,0.13812
00003024,0.43702,0.03254
00003025,1.02936,0.66860
00003026,0.55458,0.04673
00003027,0.56051,0.06109
00003028,0.84152,0.05542
00003029,0.29580,0.03068
00003030,0.41142,0.06284
00003031,1.33351,0.12180
00003032,0.55760,0.09075
00003033,0.92535,0.08142
00003034,0.25219,0.03395
00003035,0.45318,0.02652
00003036,0.97582,0.07698
00003037,1.07790,0.09518
00003038,0.78085,0.05619
00003039,0.55445,0.05623
00003040,1.51868,0.13838
00003041,0.37192,0.03010
00003042,0.46279,0.08280
00003043,0.48643,0.03681
00003044,0.32031,0.03166
00003045,0.35417,0.04133
00003046,1.08939,0.09044
00003047,0.50582,0.03124
00003048,0.35124,0.02103
00003049,0.36160,0.03861
00003050,0.63232,0.04682
00003051,1.37235,0.17810
00003052,0.98650,0.09364
00003053,0.28560,0.03068
00003054,0.33736,0.04123
00003055,0.54962,0.03829
00003056,0.50866,0.04078
00003057,0.35382,0.04089
00003058,0.92974,0.06460
00003059,0.63124,0.03451
00003060,0.33210,0.02486
00003061,0.49938,0.03697
00003062,0.25222,0.04087
00003063,0.80373,0.08393
00003064,0.67728,0.07386
00003065,0.56991,0.04363
00003066,0.45415,0.04017
00003067,1.05021,0.11333
00003068,0.67058,0.05541
00003069,0.76874,0.08466
00003070,0.67590,0.09710
00003071,1.53620,0.21050
00003072,0.83882,0.04469
00003073,1.69935,0.19941
00003074,1.06197,0.08893
00003075,1.14500,0.09908
00003076,0.40401,0.02639
00003077,1.40595,0.14399
00003078,1.05637,0.10722
00003079,2.74719,0.38627
00003080,0.97546,0.09518
00003081,0.86274,0.05568
00003082,0.56488,0.05188
00003083,0.70762,0.07283
00003084,0.38283,0.03965
00003085,0.40903,0.02756
00003086,2.71636,0.42659
00003087,1.98382,0.27216
00003088,0.45217,0.03133
00003089,0.46897,0.02768
00003090,1.23381,0.09527
00003091,0.32048,0.03412
00003092,0.71945,0.05120
00003093,0.94743,0.08271
00003094,0.71582,0.11872
00003095,0.54982,0.04502
00003096,0.19998,0.02721
00003097,1.07682,0.12656
00003098,0.32690,0.04788
00003099,0.44410,0.04563
00003100,0.83896,0.08247
00003101,0.33277,0.03998
00003102,2.18982,0.39074
00003103,0.96605,0.07896
00003104,1.58748,0.18910
00003105,1.11697,0.12873
00003106,0.41038,0.03096
00003107,1.58612,0.50042
00003108,0.59168,0.03531
00003109,0.57740,0.04006
00003110,0.74073,0.06726
00003111,0.77846,0.10084
00003112,0.17165,0.03175
00003113,0.53681,0.04735
00003114,1.30639,0.12545
00003115,0.44675,0.03428
00003116,1.46590,0.15885
00003117,0.78475,0.10194
00003118,0.85438,0.12343
00003119,1.74097,0.22281
00003120,0.41775,0.02693
00003121,0.37755,0.03397
00003122,0.56382,0.04719
00003123,0.38287,0.03324
00003124,0.63840,0.07062
00003125,1.88758,0.33201
00003126,0.45585,0.03171
00003127,0.55870,0.03932
00003128,0.51969,0.05273
00003129,0.64288,0.06944
00003130,0.52181,0.04105
00003131,0.86324,0.05460
00003132,1.09400,0.15237
00003133,1.08513,0.14959
00003134,0.85052,0.16720
00003135,0.72405,0.05408
00003136,0.44500,0.03132
00003137,0.61559,0.03469
00003138,0.39340,0.02921
00003139,0.53911,0.03815
00003140,0.24817,0.04316
00003141,0.24881,0.02351
00003142,0.21239,0.02955
00003143,0.70592,0.05385
00003144,1.00845,0.07170
00003145,0.21058,0.02871
00003146,0.43466,0.02630
00003147,0.52750,0.04125
00003148,0.51624,0.05612
00003149,0.43808,0.02801
00003150,2.53075,0.38405
00003151,2.72112,0.38407
00003152,0.37100,0.03308
00003153,0.71692,0.08068
00003154,0.45137,0.05613
00003155,0.72118,0.05105
00003156,0.35578,0.03510
00003157,0.68260,0.07652
00003158,0.53288,0.03547
00003159,0.31419,0.02516
00003160,0.49753,0.04456
00003161,0.19350,0.02626
00003162,0.58618,0.04129
00003163,0.77549,0.38779
00003164,2.54990,0.48871
00003165,0.96955,0.07925
00003166,0.24219,0.05686
00003167,0.60543,0.06862
00003168,0.58721,0.04132
00003169,1.47218,0.17464
00003170,0.42345,0.02702
00003171,0.37064,0.03433
00003172,0.69995,0.09021
00003173,1.21819,0.11802
00003174,0.42868,0.02678
00003175,0.33976,0.03161
00003176,0.98495,0.09731
00003177,0.22746,0.02310
00003178,1.91700,0.31997
00003179,0.52129,0.03840
00003180,0.66128,0.03875
00003181,0.75941,0.07215
00003182,0.43274,0.07423
00003183,0.45684,0.05735
00003184,2.37409,0.34692
00003185,0.60186,0.04830
00003186,1.85732,0.18394
00003187,0.39065,0.24432
00003188,0.39168,0.03914
00003189,0.56137,0.04802
00003190,1.52032,0.32107
00003191,1.01011,0.25198
00003192,0.54106,0.05220
00003193,0.27074,0.03435
00003194,0.74091,0.06567
00003195,1.32370,0.14456
00003196,0.34861,0.04900
00003197,0.71461,0.04881
00003198,1.37507,0.22269
00003199,0.70206,0.05854
00003200,0.57248,0.05728
00003201,0.56366,0.04266
00003202,0.54676,0.04093
00003203,0.95352,0.08068
00003204,0.39914,0.02910
00003205,0.88639,0.05286
00003206,0.81002,0.05846
00003207,0.77157,0.10591
00003208,1.20421,0.46272
00003209,1.08696,0.11098
00003210,0.67534,0.04065
00003211,0.39138,0.03529
00003212,0.69426,0.04839
00003213,0.56216,0.04622
00003214,0.78895,0.46687
00003215,0.30751,0.02700
00003216,0.32825,0.03135
00003217,2.35633,0.36665
00003218,2.68651,0.35483
00003219,0.39733,0.03023
00003220,0.47726,0.03920
00003221,0.48683,0.04235
00003222,0.54989,0.04874
00003223,1.02236,0.30071
00003224,0.35970,0.03287
00003225,0.83157,0.07761
00003226,0.45839,0.05584
00003227,0.27417,0.03339
00003228,0.70548,0.04703
00003229,1.28941,0.13813
00003230,0.83985,0.05737
00003231,0.26717,0.04169
00003232,0.95467,0.09814
00003233,0.48483,0.03101
00003234,1.26139,0.13220
00003235,0.48494,0.04066
00003236,1.01370,0.11144
00003237,0.54019,0.04729
00003238,0.80753,0.05719
00003239,0.59729,0.03566
00003240,0.59044,0.15489
00003241,0.72952,0.06568
00003242,0.51294,0.03523
00003243,0.71256,0.06185
00003244,0.42583,0.03446
00003245,0.47428,0.03628
00003246,0.98456,0.08054
00003247,0.38003,0.03481
00003248,0.41104,0.05877
00003249,0.28329,0.03056
00003250,1.60731,0.19138
00003251,0.71715,0.04705
00003252,2.53107,0.34452
00003253,0.37961,0.02663
00003254,0.49582,0.04397
00003255,0.28061,0.02725
00003256,0.39935,0.02613
00003257,0.42013,0.03102
00003258,0.58509,0.03944
00003259,0.51385,0.03802
00003260,0.80472,0.06666
00003261,0.48423,0.10347
00003262,0.26228,0.05434
00003263,0.74195,0.05005
00003265,0.48325,0.02635
00003266,0.54812,0.03925
00003267,1.05754,0.07824
00003268,1.66482,0.17350
00003269,1.20138,0.13364
00003270,0.79551,0.05843
00003271,0.75764,0.04770
00003272,0.87828,0.09872
00003273,1.10852,0.15328
00003274,0.95134,0.08741
00003275,0.48314,0.03298
00003276,0.42803,0.02702
00003277,0.52773,0.04771
00003278,0.54924,0.02929
00003279,0.48993,0.03577
00003280,0.53307,0.04193
00003281,0.31883,0.03093
00003282,1.27353,0.19870
00003283,0.76949,0.06200
00003284,0.48212,0.04135
00003285,0.25104,0.02698
00003286,0.96482,0.12485
00003287,0.75165,0.08061
00003288,0.88484,0.12022
00003289,1.81472,0.21038
00003290,1.50636,0.18260
00003291,0.41326,0.03198
00003292,0.53242,0.05323
00003293,1.50637,0.17041
00003294,0.92833,0.08094
00003295,0.61845,0.04003
00003296,0.64296,0.06558
00003297,0.38691,0.03430
00003298,1.37200,0.16273
00003299,0.20080,0.04805
00003300,0.45950,0.02889
00003301,0.42971,0.03479
00003302,0.70583,0.09191
00003303,0.39452,0.04822
00003304,1.06518,0.08377
00003305,0.57142,0.06331
00003306,0.60550,0.04922
00003307,1.78944,0.27168
00003308,0.51113,0.02965
00003309,0.92264,0.19415
00003310,0.64146,0.05432
00003311,0.20420,0.03915
00003312,0.59740,0.05432
00003313,0.31350,0.04966
00003314,0.65864,0.05368
00003315,0.33692,0.05343
00003316,1.40390,0.30609
00003317,0.20735,0.06548
00003318,0.47401,0.05046
00003319,0.24132,0.03393
00003320,0.83161,0.12394
00003321,1.05308,0.11440
00003322,0.46785,0.09181
00003323,0.83752,0.10213
00003324,0.94508,0.11330
00003325,0.46941,0.03540
00003326,0.50792,0.04219
00003327,0.61687,0.06216
00003328,0.69327,0.03717
00003329,0.46350,0.06590
00003330,0.42795,0.03650
00003331,1.33671,0.12532
00003332,1.26611,0.12381
00003333,0.71748,0.06494
00003334,0.41456,0.02941
00003335,0.45205,0.11017
00003336,0.99627,0.09649
00003337,0.31490,0.03118
00003338,0.33851,0.03688
00003339,0.44132,0.06195
00003340,0.95061,0.08309
00003341,0.57821,0.05533
00003342,1.84707,0.34309
00003343,0.40523,0.03364
00003344,0.46143,0.03650
00003345,0.58549,0.05737
00003346,0.56190,0.04084
00003347,0.78971,0.19239
00003348,0.72202,0.10540
00003349,0.68742,0.08664
00003350,0.89670,0.09543
00003351,0.64971,0.04860
00003352,0.88426,0.05997
00003353,0.51175,0.04856
00003354,0.48760,0.03826
00003355,0.54950,0.04669
00003356,1.07292,0.14106
00003357,0.35332,0.02410
00003358,0.49674,0.07290
00003359,0.82995,0.05449
00003360,0.32265,0.03098
00003361,0.80142,0.11234
00003362,1.19541,0.17295
00003363,0.87618,0.07926
00003364,0.71421,0.07848
00003365,1.06597,0.09874
00003366,0.60997,0.03604
00003367,0.39077,0.04097
00003368,0.83969,0.09069
00003369,1.24140,0.14858
00003370,0.20581,0.05731
00003371,1.15324,0.15849
00003372,0.42082,0.03835
00003373,1.19844,0.12692
00003374,1.30148,0.09883
00003375,2.36377,0.30219
00003376,0.73168,0.07869
00003377,0.33514,0.03818
00003378,0.43828,0.02282
00003379,0.37088,0.02771
00003380,0.83688,0.09040
00003381,0.58637,0.05074
00003382,0.45593,0.03763
00003383,1.07595,0.16079
00003384,0.43619,0.04388
00003385,0.25943,0.03530
00003386,2.07331,0.35060
00003387,0.64857,0.14865
00003388,1.32753,0.25852
00003389,0.49832,0.05456
00003390,1.06914,0.10942
00003391,0.24337,0.03934
00003392,0.25474,0.02779
00003393,1.18066,0.20939
00003394,0.63542,0.06291
00003395,0.69039,0.25448
00003396,0.49249,0.04630
00003397,0.81276,0.06636
00003398,1.01681,0.07299
00003399,1.97939,0.32652
00003400,0.48238,0.04269
00003401,1.02226,0.20192
00003402,0.51185,0.06690
00003403,0.55544,0.04726
00003404,0.35033,0.03723
00003405,0.45753,0.02598
00003406,1.73253,0.25498
00003407,1.67264,0.23544
00003408,0.55974,0.05851
00003409,0.81391,0.09308
00003410,0.58115,0.06160
00003411,0.54145,0.04821
00003412,0.56643,0.05148
00003413,0.86238,0.07213
00003414,0.90467,0.08360
00003415,0.68861,0.07221
00003416,0.41789,0.02481
00003418,0.66855,0.04619
00003419,0.69840,0.04860
00003420,1.18842,0.09422
00003421,0.23499,0.03311
00003422,0.50286,0.03686
00003423,0.94675,0.15878
00003424,1.35384,0.15360
00003425,1.06630,0.11968
00003426,0.53349,0.03831
00003427,0.35835,0.02566
00003428,0.33963,0.02583
00003429,1.37264,0.13214
00003430,1.14805,0.10083
00003431,0.83256,0.09218
00003432,0.52379,0.09244
00003433,0.45039,0.03283
00003434,1.08558,0.13899
00003435,0.39062,0.03520
00003436,0.93210,0.12594
00003437,0.40820,0.03850
00003438,0.50136,0.04408
00003439,0.73014,0.05060
00003440,0.65554,0.04587
00003441,0.76811,0.07109
00003442,0.65081,0.07495
00003443,0.98243,0.14005
00003444,0.48952,0.03939
00003445,0.38733,0.04813
00003446,0.24053,0.13659
00003447,0.28587,0.02257
00003448,0.57061,0.11664
00003449,0.64758,0.05505
00003450,0.27174,0.03215
00003451,0.57567,0.03872
00003452,0.47387,0.05016
00003453,0.47905,0.03580
00003454,0.85148,0.06916
00003455,0.94274,0.17167
00003456,0.61386,0.04924
00003457,0.55750,0.12377
00003458,0.63167,0.03637
00003459,0.42230,0.04230
00003460,0.54103,0.06493
00003461,0.42099,0.06829
00003462,0.46900,0.03974
00003463,0.51365,0.03594
00003464,0.52996,0.04228
00003465,0.87389,0.06368
00003466,0.72224,0.05094
00003467,0.33100,0.02858
00003468,0.22658,0.02705
00003469,0.48031,0.04226
00003470,0.36491,0.02471
00003471,1.70234,0.21679
00003472,1.32345,0.11854
00003473,0.76322,0.06238
00003474,0.78553,0.06853
00003475,0.49683,0.04970
00003476,0.68258,0.07044
00003477,0.53378,0.03326
00003478,0.33911,0.04241
00003479,0.31314,0.02646
00003480,1.38391,0.14373
00003481,0.89345,0.07737
00003482,0.55725,0.05485
00003483,0.43117,0.04920
00003484,0.98509,0.09835
00003485,0.51779,0.05221
00003486,0.46461,0.05242
00003487,0.47802,0.04802
00003488,0.51452,0.03586
00003489,2.42227,0.34512
00003490,2.83172,0.49356
00003491,1.51132,0.28929
00003492,1.10706,0.13378
00003493,0.84529,0.07378
00003494,1.62706,0.33130
00003495,0.50715,0.02700
00003496,0.56950,0.05012
00003497,0.57878,0.08717
00003498,0.36996,0.03758
00003499,0.27981,0.02517
00003500,0.34011,0.03980
00003501,0.22882,0.02908
00003502,1.03434,0.07429
00003503,1.39969,0.21633
00003504,0.67516,0.06447
00003505,0.70641,0.06020
00003506,0.87371,0.06655
00003507,0.69990,0.04834
00003508,0.33971,0.02705
00003509,0.41239,0.03495
00003511,0.21955,0.03148
00003512,0.37729,0.04993
00003513,0.39107,0.03318
00003514,0.44020,0.02897
00003515,0.19038,0.02534
00003516,0.38436,0.03900
00003517,0.95880,0.09788
00003518,0.49858,0.03749
00003519,0.55391,0.03139
00003520,0.43914,0.03932
00003521,1.74264,0.34148
00003522,0.44936,0.04392
00003523,1.19688,0.14139
00003524,0.64822,0.06638
00003525,0.79240,0.07824
00003526,0.47964,0.05560
00003527,0.38720,0.03329
00003528,0.80439,0.09415
00003529,2.21658,0.45382
00003530,0.65465,0.05513
00003531,0.64232,0.10094
00003532,0.48171,0.05357
00003533,0.32569,0.04414
00003534,0.77958,0.10643
00003535,0.65423,0.04339
00003536,1.91583,0.42633
00003537,0.66535,0.05515
00003538,0.28492,0.02385
00003539,1.24638,0.23831
00003540,0.52736,0.03389
00003541,1.86772,0.28803
00003542,0.72341,0.07042
00003543,0.49732,0.04382
00003544,1.66556,0.20998
00003545,0.45703,0.05068
00003546,1.37594,0.15130
00003547,0.68751,0.18500
00003548,0.97683,0.06897
00003549,2.83233,0.51882
00003550,0.75868,0.05649
00003551,0.22326,0.02733
00003552,1.06030,0.08883
00003553,0.41932,0.03802
00003554,0.67612,0.05302
00003555,0.86646,0.07690
00003556,0.29710,0.02690
00003557,0.50435,0.03480
00003558,0.67120,0.08379
00003559,0.32992,0.03219
00003560,1.03954,0.12946
00003561,0.98176,0.09363
00003562,0.90752,0.49992
00003563,0.28789,0.05182
00003564,0.40904,0.03762
00003565,0.44213,0.02734
00003566,1.94772,0.28276
00003567,1.44497,0.16104
00003568,1.38338,0.16963
00003569,0.31090,0.03701
00003570,0.97312,0.20806
00003571,1.12845,0.19272
00003572,1.41161,0.12632
00003573,0.52701,0.04454
00003574,0.65920,0.08800
00003575,0.41729,0.03070
00003576,0.56127,0.11190
00003577,0.30210,0.02356
00003578,0.43528,0.04326
00003579,0.44223,0.03638
00003580,0.76782,0.06024
00003581,0.53941,0.03732
00003582,0.68544,0.05900
00003583,1.19880,0.12955
00003584,1.62618,0.16177
00003585,0.56183,0.05232
00003586,0.45624,0.03591
00003587,0.25885,0.02906
00003588,0.67999,0.14847
00003589,0.86263,0.09513
00003590,0.53860,0.05602
00003591,0.51860,0.04933
00003592,0.99966,0.07404
00003593,1.39266,0.13377
00003594,0.54152,0.04543
00003595,0.81082,0.06197
00003596,1.26252,0.18467
00003597,0.96599,0.09500
00003598,0.41612,0.04144
00003599,0.98314,0.08196
00003600,2.15841,0.29553
00003601,0.53273,0.04878
00003602,1.05713,0.08015
00003603,1.28242,0.13423
00003604,0.68793,0.04738
00003605,0.38774,0.03734
00003606,1.20264,0.17987
00003607,0.60725,0.04347
00003608,0.58500,0.06537
00003609,0.69427,0.05895
00003610,1.52350,0.16135
00003611,0.39774,0.02777
00003612,0.60033,0.09469
00003613,1.62893,0.20809
00003614,0.78889,0.10094
00003615,0.81804,0.07192
00003616,0.65250,0.05666
00003617,1.25390,0.23368
00003618,1.00186,0.09819
00003619,0.45421,0.02963
00003620,0.48322,0.03982
00003621,0.56671,0.04745
00003622,1.25349,0.09892
00003623,1.23053,0.49810
00003624,0.23668,0.02828
00003625,0.65889,0.10872
00003626,0.34931,0.07443
00003627,0.67298,0.05262
00003628,0.66217,0.04055
00003629,0.52762,0.02807
00003630,0.23447,0.02665
00003631,0.33403,0.03764
00003632,0.33265,0.03045
00003633,0.56632,0.05163
00003634,0.27061,0.02412
00003635,0.46272,0.03056
00003636,0.64394,0.05863
00003637,0.61476,0.05970
00003638,0.53419,0.13977
00003639,0.44840,0.03459
00003640,0.79406,0.05268
00003641,1.00261,0.07985
00003642,0.97422,0.15616
00003643,0.72769,0.06337
00003644,1.20181,0.11616
00003645,0.98125,0.07885
00003646,0.38551,0.03502
00003647,1.38129,0.17379
00003648,0.18307,0.02856
00003649,0.29415,0.02632
00003650,0.53768,0.04374
00003651,0.43222,0.03932
00003652,0.40216,0.02612
00003653,0.66629,0.57388
00003654,0.44006,0.04340
00003655,0.53740,0.05348
00003656,0.93459,0.08799
00003657,0.43082,0.02275
00003658,1.38782,0.17804
00003659,0.47132,0.03428
00003660,2.01312,0.46366
00003661,2.05485,1.17961
00003662,0.27832,0.03690
00003663,0.43472,0.03835
00003664,0.35980,0.04177
00003665,1.13397,0.20294
00003666,0.48109,0.05548
00003667,1.00900,0.17986
00003668,1.45771,0.18165
00003669,0.32762,0.10332
00003670,0.52548,0.04729
00003671,0.33574,0.03638
00003672,0.21188,0.02808
00003673,2.04621,0.26054
00003674,0.43354,0.04815
00003675,0.66224,0.05805
00003676,0.57731,0.03662
00003677,1.02516,0.09852
00003678,0.85438,0.07659
00003679,0.49450,0.03717
00003680,0.24742,0.02637
00003681,1.06918,0.08055
00003682,0.63232,0.03750
00003683,0.41628,0.02908
00003684,1.22245,0.27888
00003685,0.37033,0.02834
00003686,0.34934,0.02586
00003687,0.60173,0.04384
00003688,1.33378,0.15410
00003689,0.46392,0.03309
00003690,0.20139,0.02232
00003691,0.29945,0.02466
00003692,0.39717,0.04025
00003693,0.34796,0.03913
00003694,0.56169,0.05319
00003695,1.81640,0.23131
00003696,1.46209,0.16534
00003697,0.61324,0.04499
00003698,1.00756,0.33956
00003699,0.87561,0.05828
00003700,2.52901,0.47791
00003701,0.34945,0.03019
00003702,0.67357,0.05338
00003703,0.35088,0.04436
00003704,0.19250,0.02646
00003705,0.35472,0.37313
00003706,0.40860,0.02792
00003707,2.56346,0.32426
00003709,0.99938,0.06405
00003710,1.13786,0.30006
00003711,2.40815,0.46489
00003712,1.73614,0.34352
00003713,0.26782,0.02081
00003714,0.49525,0.05446
00003715,0.68296,0.05610
00003716,0.55480,0.03846
00003717,0.28607,0.04484
00003718,0.63683,0.04798
00003719,0.84898,0.10315
00003720,0.46818,0.03383
00003721,0.58196,0.04860
00003722,0.40763,0.09792
00003723,0.20785,0.03666
00003724,2.89241,0.48352
00003725,0.89296,0.08560
00003726,1.07399,0.07707
00003727,0.57309,0.05253
00003728,0.21435,0.02776
00003729,0.52347,0.06196
00003730,0.55083,0.04108
00003731,0.90735,0.15616
00003732,1.01826,0.07115
00003733,0.62746,0.05183
00003734,0.45437,0.03567
00003735,0.72820,0.06951
00003736,0.83898,0.08980
00003737,0.83162,0.06821
00003738,0.19812,0.02730
00003739,0.31103,0.02234
00003740,1.02017,0.08141
00003741,0.52763,0.02925
00003742,0.65382,0.05203
00003743,0.75079,0.05023
00003744,0.48227,0.03309
00003745,0.79839,0.09327
00003746,1.12923,0.09985
00003747,0.38657,0.04149
00003748,1.06759,0.09170
00003749,0.47802,0.05152
00003750,0.30763,0.02805
00003751,0.43366,0.03364
00003752,0.92973,0.14993
00003753,1.85408,0.45390
00003754,0.40126,0.03006
00003755,0.37258,0.03141
00003756,1.12600,0.11259
00003757,0.33178,0.03364
00003758,0.81203,0.05726
00003760,0.79301,0.07632
00003761,0.80564,0.06773
00003762,1.00879,0.12471
00003763,0.61644,0.06394
00003764,0.45123,0.03561
00003765,0.46753,0.04847
00003766,0.63116,0.05278
00003767,0.53845,0.02912
00003768,0.45959,0.02952
00003769,0.92616,0.12714
00003770,0.65849,0.05974
00003771,0.30411,0.02665
00003772,0.55605,0.02908
00003773,2.01649,0.25915
00003774,0.54691,0.06671
00003775,1.41418,0.19490
00003776,1.21188,0.11812
00003777,0.37036,0.03806
00003778,0.67526,0.04730
00003779,0.44092,0.03788
00003780,0.38956,0.03466
00003781,1.61816,0.16166
00003782,0.54832,0.03411
00003783,0.86544,0.06838
00003784,1.28012,0.20764
00003785,0.59942,0.03736
00003786,0.50747,0.03686
00003787,1.19898,0.09207
00003788,0.69119,0.06754
00003789,0.40596,0.04729
00003790,1.29146,0.25182
00003791,0.40791,0.05012
00003792,0.45409,0.03623
00003793,0.36579,0.02938
00003794,0.58349,0.04268
00003795,0.39776,0.03530
00003796,0.57155,0.04932
00003797,0.42033,0.04266
00003798,0.36797,0.02918
00003799,0.36550,0.03486
00003800,0.72691,0.08972
00003801,0.85344,0.08702
00003802,0.26063,0.02609
00003803,0.22365,0.05789
00003804,0.81130,0.08188
00003805,0.55238,0.05278
00003806,0.31510,0.03131
00003807,0.47735,0.03456
00003808,0.53160,0.03138
00003809,1.49898,0.28692
00003810,0.44547,0.03392
00003811,0.56445,0.05417
00003812,1.57393,0.21155
00003813,2.28544,0.35818
00003814,0.47988,0.03733
00003815,1.18404,0.13903
00003816,0.46284,0.04220
00003817,1.70259,0.20586
00003818,1.08306,0.08098
00003819,1.06078,0.14682
00003820,1.66149,0.15568
00003821,0.61531,0.06528
00003822,0.59085,0.03797
00003823,0.96327,0.08909
00003824,0.66459,0.04680
00003825,0.42570,0.03241
00003826,0.52389,0.03838
00003827,0.48185,0.03050
00003828,0.77425,0.07349
00003829,0.75669,0.16273
00003830,1.21593,0.11427
00003831,0.25698,0.02587
00003832,0.76767,0.05500
00003833,0.64469,0.04550
00003834,0.94133,0.06496
00003835,0.22834,0.02900
00003836,0.86188,0.07630
00003837,0.35402,0.03671
00003838,1.10829,0.28295
00003839,0.30786,0.02509
00003840,0.29653,0.03212
00003841,0.45083,0.03084
00003842,0.50993,0.04222
00003843,1.14604,0.12779
00003844,0.52298,0.04177
00003845,1.20826,0.15399
00003846,0.49109,0.03380
00003847,0.59800,0.08269
00003848,1.01672,0.08974
00003849,0.60800,0.04566
00003850,0.38541,0.03526
00003851,0.52121,0.03548
00003852,0.57966,0.04696
00003853,0.29768,0.03458
00003854,0.70181,0.10795
00003855,1.85272,0.33480
00003856,0.67404,0.05194
00003857,1.22003,0.13349
00003858,1.30723,0.10804
00003859,0.86235,0.08047
00003860,0.38974,0.06152
00003861,0.40409,0.03430
00003862,0.57716,0.05449
00003863,0.99329,0.06816
00003864,0.25679,0.02489
00003865,0.58450,0.03155
00003866,1.24107,0.12658
00003867,0.27468,0.02822
00003868,0.22432,0.03624
00003869,0.67095,0.05918
00003870,1.88694,0.20016
00003871,0.50131,0.32467
00003872,0.48921,0.03444
00003873,1.05754,0.12790
00003874,0.37052,0.03871
00003875,1.50352,0.15097
00003876,0.38139,0.02462
00003877,0.76473,0.08228
00003878,0.53933,0.04717
00003879,1.02842,0.09472
00003880,1.69343,0.34656
00003881,0.28850,0.03105
00003882,1.82234,0.19500
00003883,0.70505,0.04357
00003884,0.36620,0.02780
00003885,1.24831,0.17711
00003886,0.96937,0.07118
00003887,0.33287,0.02418
00003888,0.82251,0.05346
00003889,0.33720,0.04447
00003890,0.58046,0.04742
00003891,2.12281,0.28564
00003892,0.49171,0.04783
00003893,0.88878,0.10100
00003894,0.93648,0.06215
00003895,0.77310,0.05843
00003896,1.06033,0.08795
00003897,1.39396,0.15981
00003898,0.45173,0.03282
00003899,0.81275,0.11165
00003900,0.83370,0.08254
00003901,0.41610,0.03492
00003902,1.02150,0.08273
00003903,0.54051,0.04510
00003904,0.70297,0.07148
00003905,0.20588,0.03060
00003906,0.94057,0.06916
00003907,0.60575,0.04068
00003908,1.12307,0.08368
00003909,0.93180,0.10095
00003910,1.86471,0.31910
00003911,1.04338,0.08970
00003912,0.68718,0.05486
00003913,0.42967,0.03955
00003914,0.86199,0.06089
00003915,0.80075,0.06723
00003916,0.59489,0.05786
00003917,0.42768,0.03827
00003918,0.24580,0.02884
00003919,0.81562,0.05971
00003920,2.07170,0.32175
00003921,1.26442,0.14144
00003922,0.23898,0.05205
00003923,1.19502,0.11043
00003924,0.56144,0.06199
00003925,1.76468,0.22172
00003926,0.59199,0.10292
00003927,0.48516,0.04050
00003928,0.82840,0.09019
00003929,1.10038,0.10770
00003930,0.95971,0.08416
00003931,0.67118,0.05164
00003932,0.91813,0.06118
00003933,1.10409,0.30818
00003934,0.54594,0.04453
00003935,0.52185,0.04930
00003936,0.41592,0.02970
00003937,0.31627,0.02155
00003938,0.86129,0.08850
00003939,0.55290,0.04733
00003940,0.30619,0.03580
00003941,0.36596,0.04947
00003942,1.68446,0.19526
00003943,2.00996,0.33964
00003944,0.29811,0.02934
00003945,1.01299,0.08971
00003946,0.85492,0.06870
00003947,0.52550,0.05986
00003948,0.73963,0.07633
00003949,0.43673,0.13636
00003950,0.18376,0.02621
00003951,2.67765,0.47031
00003952,0.59132,0.03732
00003953,2.29416,0.31992
00003954,1.54943,0.17476
00003955,0.57867,0.06298
00003956,0.32494,0.03040
00003957,1.60152,0.19271
00003958,0.72538,0.09649
00003959,0.17725,0.02925
00003960,0.42933,0.03523
00003961,0.20489,0.03965
00003962,1.09241,0.09942
00003963,1.54125,0.20614
00003964,0.69632,0.05398
00003965,0.29507,0.03434
00003966,0.49079,0.03511
00003967,0.46437,0.41841
00003968,0.36413,0.02766
00003969,1.33807,0.12163
00003970,1.20776,0.18767
00003971,0.97373,0.07356
00003972,0.45481,0.03127
00003973,0.74714,0.06877
00003974,0.47450,0.03878
00003975,1.47407,0.13833
00003976,0.97796,0.08352
00003977,0.86552,0.25383
00003978,1.20265,0.22235
00003979,0.48148,0.02892
00003980,1.44333,0.14535
00003981,0.70591,0.07629
00003982,0.50205,0.03642
00003983,0.54268,0.04877
00003984,0.26299,0.02374
00003985,0.53719,0.13881
00003986,0.17564,0.02519
00003987,0.63671,0.04663
00003988,0.51010,0.04250
00003989,1.01475,0.11447
00003990,0.46251,0.03380
00003991,0.78619,0.07037
00003992,0.50050,0.04184
00003993,1.02716,0.14700
00003994,0.68421,0.08367
00003995,0.71608,0.05960
00003996,0.25806,0.03783
00003997,0.39601,0.02756
00003998,0.99728,0.14779
00003999,0.91062,0.09400
00004000,0.94251,0.11907
00004001,0.84940,0.09715
00004002,0.55660,0.03908
00004003,0.79421,0.07341
00004004,0.82288,0.07628
00004005,0.95010,0.09216
00004006,0.42436,0.04251
00004007,1.52715,0.16696
00004008,0.62081,0.07428
00004009,0.29731,0.03015
00004010,0.23832,0.20140
00004011,0.57053,0.04295
00004012,0.31182,0.04689
00004013,0.59854,0.05345
00004014,1.02778,0.16702
00004015,0.86443,0.50181
00004016,0.94367,0.14747
00004017,0.65502,0.05158
00004018,0.93918,0.10049
00004019,0.68911,0.09469
00004020,0.52364,0.03869
00004021,0.46155,0.03386
00004022,0.61326,0.03920
00004023,0.96845,0.10561
00004024,0.98342,0.14741
00004025,0.39424,0.03044
00004026,0.40217,0.04220
00004027,0.34588,0.04359
00004028,0.61309,0.03205
00004029,0.94671,0.06485
00004030,0.77302,0.30800
00004031,0.45968,0.05710
00004032,0.40909,0.03339
00004033,1.57073,0.23696
00004034,1.16947,0.11217
00004035,0.48195,0.10050
00004036,0.49948,0.06735
00004037,0.68142,0.03508
00004038,0.92417,0.07758
00004039,0.51530,0.04696
00004040,0.70217,0.04858
00004041,0.85443,0.07147
00004042,0.51689,0.03295
00004043,0.18951,0.03139
00004044,2.10965,0.31475
00004045,1.19931,0.11605
00004046,1.01381,0.10370
00004047,0.41968,0.02671
00004048,0.47118,0.04446
00004049,0.41894,0.03189
00004050,0.49466,0.03561
00004051,1.32012,0.29328
00004052,0.95232,0.08540
00004053,0.56728,0.03772
00004054,0.75975,0.08215
00004055,0.47885,0.03187
00004056,0.96420,0.18467
00004057,0.71590,0.05246
00004058,0.26912,0.03000
00004059,0.19356,0.02893
00004060,0.48756,0.05206
00004061,0.59722,0.03441
00004062,1.29272,0.12791
00004063,2.01784,0.28157
00004064,0.45074,0.03920
00004065,1.78676,0.28790
00004066,0.34091,0.02909
00004067,0.94767,0.07169
00004068,0.24128,0.03417
00004069,3.03722,0.47073
00004070,0.45892,0.03524
00004071,2.64606,0.41991
00004072,0.88015,0.09141
00004073,0.76522,0.06567
00004074,1.21848,0.17206
00004075,0.58627,0.07737
00004076,2.35498,0.33317
00004077,0.24801,0.02651
00004078,0.52004,0.04038
00004079,1.35715,0.15526
00004080,0.21327,0.03144
00004081,0.21830,0.02956
00004082,0.61940,0.05359
00004083,0.59541,0.04629
00004084,0.24482,0.03299
00004085,1.54743,0.15736
00004086,0.78646,0.10733
00004087,0.91832,0.11626
00004088,0.18722,0.02449
00004089,0.36740,0.03429
00004090,0.55234,0.04327
00004091,0.28729,0.03576
00004092,0.58125,0.03350
00004093,0.46779,0.03217
00004094,1.66454,0.18935
00004095,0.38295,0.03884
00004096,1.64108,0.31111
00004097,1.15716,0.13529
00004098,1.33185,0.21357
00004099,1.42769,0.23319
00004100,0.47659,0.02669
00004101,0.80136,0.06457
00004102,1.99384,0.29264
00004103,0.90975,0.10747
00004104,0.80620,0.13095
00004105,0.81955,0.07114
00004106,2.06652,0.27958
00004107,0.99255,0.08305
00004108,0.33090,0.03271
00004109,0.25727,0.03934
00004110,0.46734,0.04365
00004111,0.86764,0.08298
00004112,1.49896,0.22641
00004113,0.35296,0.08229
00004114,0.34235,0.02456
00004115,0.59698,0.04927
00004116,0.45608,0.03359
00004117,0.49537,0.04582
00004118,1.12201,0.09824
00004119,1.06608,0.07340
00004120,0.53133,0.02971
00004121,0.69117,0.05262
00004122,0.92781,0.07149
00004123,0.32660,0.04097
00004124,0.57956,0.04032
00004125,0.41049,0.03394
00004126,2.11980,0.29360
00004127,0.47215,0.04272
00004128,0.52320,0.03763
00004129,0.41185,0.03259
00004130,0.29888,0.02935
00004131,0.39128,0.02527
00004132,0.61531,0.06451
00004133,1.70641,0.20146
00004134,0.44589,0.02976
00004135,0.38199,0.04148
00004136,0.65700,0.04535
00004137,0.77380,0.10279
00004138,1.25984,0.14283
00004139,2.09422,0.27859
00004140,0.50444,0.04689
00004141,0.50917,0.39262
00004142,0.60369,0.04256
00004143,0.81667,0.07444
00004144,1.16172,0.14236
00004145,0.43900,0.04357
00004146,0.30248,0.02789
00004147,0.41143,0.04334
00004148,0.65066,0.09867
00004149,0.43945,0.03014
00004150,1.27921,0.15136
00004151,1.07215,0.11193
00004152,0.34624,0.13398
00004153,0.67435,0.05542
00004154,1.14967,0.20320
00004155,0.64930,0.04281
00004156,0.24407,0.03275
00004157,0.88875,0.07292
00004158,1.87671,0.33716
00004159,0.72906,0.06664
00004160,0.81407,0.06777
00004161,0.75234,0.05007
00004162,0.90672,0.07555
00004163,0.59516,0.05274
00004164,0.36800,0.04505
00004165,2.06758,0.24675
00004166,0.59963,0.06255
00004167,0.48901,0.03877
00004168,2.57809,0.58722
00004169,0.44342,0.04394
00004170,1.44266,0.22210
00004171,0.72249,0.07986
00004172,0.64833,0.06158
00004173,0.40152,0.08879
00004174,0.25615,0.02984
00004175,0.43243,0.04756
00004176,0.25885,0.02880
00004177,0.50961,0.09809
00004178,0.25344,0.02742
00004179,0.70082,0.04857
00004180,0.72529,0.07294
00004181,0.19324,0.03047
00004182,1.07968,0.11658
00004183,1.15344,0.08253
00004184,0.24069,0.02292
00004185,0.94768,0.10228
00004186,0.73442,0.05940
00004187,1.03036,0.09200
00004188,0.36753,0.04307
00004189,0.31196,0.03964
00004190,0.56641,0.04696
00004191,0.46179,0.03855
00004192,0.37936,0.02984
00004193,0.39259,0.03032
00004194,0.73461,0.08922
00004195,0.60108,0.04519
00004196,0.69250,0.04499
00004197,0.44937,0.02392
00004198,1.51234,0.15458
00004199,0.51697,0.05020
00004200,0.44250,0.05174
00004201,0.48571,0.07876
00004202,0.53139,0.15887
00004203,0.38016,0.04196
00004204,0.45090,0.03095
00004205,1.55186,0.43740
00004206,1.26890,0.10900
00004207,0.59051,0.06293
00004208,0.53544,0.04274
00004209,0.34160,0.04299
00004210,0.72271,0.06262
00004211,1.27632,0.15449
00004212,0.55857,0.06558
00004213,0.35168,0.03173
00004214,0.56039,0.04981
00004215,0.94057,0.11742
00004216,1.09097,0.21981
00004217,0.24667,0.06574
00004218,0.49081,0.08283
00004219,1.43917,0.17303
00004220,0.27974,0.03145
00004221,0.67922,0.04389
00004222,0.65862,0.04621
00004223,0.56900,0.06725
00004224,1.59501,0.19087
00004225,2.34382,0.42261
00004226,0.81245,0.05915
00004227,1.68938,0.21528
00004228,0.50130,0.12726
00004229,0.90629,0.25529
00004230,0.82503,0.06353
00004231,0.51838,0.03785
00004232,0.63869,0.04794
00004233,0.43432,0.04155
00004234,0.66558,0.05639
00004235,0.71300,0.04985
00004236,0.54958,0.04449
00004237,0.59708,0.06597
00004238,2.61288,0.34808
00004239,0.90112,0.08313
00004240,0.23020,0.03225
00004241,0.54014,0.06098
00004242,0.64501,0.05852
00004243,0.67189,0.09644
00004244,0.80241,0.06219
00004245,1.82493,0.32557
00004246,0.92746,0.10320
00004247,1.37161,0.14349
00004248,1.55151,0.14735
00004249,0.58822,0.02998
00004250,0.59727,0.04715
00004251,0.51193,0.05065
00004252,1.67731,0.27208
00004253,2.52120,0.37374
00004254,1.81150,0.33478
00004255,0.43310,0.03436
00004256,0.19479,0.02917
00004257,1.81613,0.27688
00004258,1.68158,0.17798
00004259,1.26709,0.13027
00004260,0.25891,0.02522
00004261,0.46574,0.03803
00004262,0.90068,0.08883
00004263,1.34461,0.15089
00004264,0.47718,0.06039
00004265,0.34670,0.02398
00004266,0.69307,0.05624
00004267,0.78472,0.06962
00004268,0.54966,0.04970
00004269,0.32071,0.03416
00004270,0.32818,0.02454
00004271,1.72491,0.22921
00004272,0.34918,0.04291
00004273,0.89480,0.06607
00004274,0.46050,0.03756
00004275,0.66935,0.07050
00004276,0.62648,0.04493
00004277,1.31832,0.10967
00004278,0.90840,0.10996
00004279,0.23150,0.02804
00004280,0.74074,0.07942
00004281,0.26649,0.03404
00004282,1.11484,0.10341
00004283,1.25140,0.14045
00004284,0.62179,0.05056
00004285,0.24834,0.02058
00004286,0.39086,0.02852
00004287,0.52114,0.05164
00004288,0.76004,0.06173
00004289,0.81292,0.06093
00004290,0.40168,0.03424
00004291,0.88073,0.07491
00004292,1.50911,0.21864
00004293,1.70473,0.20950
00004294,0.34214,0.02861
00004295,0.72406,0.04815
00004296,2.41695,0.30842
00004297,0.44819,0.03578
00004298,0.21594,0.02815
00004299,2.23378,0.31628
00004300,0.46282,0.05347
00004301,0.71659,0.06117
00004302,0.46512,0.03791
00004303,0.32881,0.03423
00004304,0.55749,0.04356
00004305,0.32012,0.03023
00004306,0.69359,0.05206
00004307,0.40880,0.03167
00004308,0.25456,0.03252
00004309,0.26833,0.04418
00004310,0.53010,0.05227
00004311,0.76512,0.06937
00004312,1.33462,0.16302
00004313,0.70846,0.05863
00004314,0.43178,0.04027
00004315,0.88443,0.06827
00004316,0.86424,0.06727
00004317,0.86390,0.15186
00004318,0.50900,0.02954
00004319,0.88475,0.06051
00004320,0.37923,0.03208
00004321,0.76076,0.10212
00004322,0.39034,0.02741
00004323,0.77592,0.04381
00004324,0.60666,0.06635
00004325,1.11582,0.23174
00004326,2.10971,0.31339
00004327,2.60284,0.42454
00004328,1.74729,0.17124
00004329,2.46837,0.67740
00004330,2.92953,0.40140
00004331,0.41533,0.02574
00004332,0.17361,0.02394
00004333,0.49351,0.03830
00004334,0.73752,0.06748
00004335,0.38759,0.25881
00004336,0.47024,0.02805
00004337,1.16826,0.10980
00004338,0.87584,0.23913
00004339,1.20955,0.17377
00004340,0.39885,0.03279
00004341,0.81224,0.06583
00004342,0.62408,0.04212
00004343,0.92601,0.06812
00004344,0.28304,0.02779
00004345,0.20692,0.03377
00004346,0.79012,0.06508
00004347,0.38051,0.02439
00004348,2.09916,0.28963
00004349,0.66064,0.05767
00004350,1.25223,0.12173
00004351,0.53099,0.03040
00004352,0.57440,0.04232
00004353,0.79840,0.07029
00004354,0.78490,0.06313
00004355,2.13627,0.28523
00004356,1.35117,0.13695
00004357,1.94944,0.29681
00004358,0.58686,0.04506
00004359,1.60074,0.16117
00004360,1.08016,0.13181
00004361,0.56300,0.05142
00004362,1.19884,0.10063
00004363,0.88676,0.08260
00004364,1.48849,0.24503
00004365,1.34436,0.20811
00004366,0.37335,0.04293
00004367,0.46499,0.03136
00004368,0.59994,0.05286
00004369,0.57855,0.05007
00004370,0.77714,0.09006
00004371,0.44160,0.05315
00004372,0.80750,0.06322
00004373,0.92275,0.11321
00004374,0.67397,0.05187
00004375,1.11444,0.10675
00004376,0.19001,0.02754
00004377,0.76296,0.05252
00004378,0.70601,0.06582
00004379,0.73597,0.06047
00004380,0.56120,0.03476
00004381,0.89646,0.16992
00004382,0.69012,0.05685
00004383,0.60525,0.06027
00004384,0.28515,0.03831
00004385,0.32226,0.04216
00004386,0.75226,0.06080
00004387,0.34638,0.03026
00004388,2.23826,0.40875
00004389,0.25597,0.02522
00004390,0.94458,0.09230
00004391,0.48118,0.04234
00004392,0.28424,0.03195
00004393,0.17728,0.02638
00004394,0.33692,0.02182
00004395,0.24719,0.02552
00004396,0.63782,0.05886
00004397,0.48127,0.03988
00004398,0.17567,0.03193
00004399,0.95837,0.10265
00004400,0.22640,0.02926
00004401,0.34116,0.02776
00004402,0.59639,0.06647
00004403,0.56764,0.04623
00004404,1.04903,0.09923
00004405,0.17223,0.02495
00004406,0.60932,0.45619
00004407,1.64500,0.18310
00004408,0.85325,0.08891
00004409,0.35784,0.03230
00004410,0.44235,0.04528
00004411,0.33275,0.08391
00004412,0.55367,0.04182
00004413,0.45205,0.02731
00004414,0.28099,0.02904
00004415,0.52037,0.03477
00004416,0.86276,0.10580
00004417,0.99287,0.13153
00004418,0.64108,0.05682
00004419,0.89452,0.05698
00004420,1.74942,0.19422
00004421,0.32115,0.03572
00004422,0.56495,0.06757
00004423,0.37682,0.02744
00004424,0.34142,0.04287
00004425,0.61046,0.05010
00004426,0.33553,0.03221
00004427,1.16512,0.10649
00004428,1.31224,0.17223
00004429,2.25634,0.31069
00004430,0.96443,0.26229
00004432,0.93895,0.11919
00004433,0.49386,0.03230
00004434,0.80561,0.06324
00004435,0.69271,0.04397
00004436,0.54565,0.04320
00004437,1.48570,0.16253
00004438,2.41037,0.38917
00004439,0.38371,0.02286
00004440,0.65739,0.04062
00004441,0.53192,0.03201
00004442,0.73443,0.04786
00004443,0.37802,0.03883
00004444,1.44629,0.13049
00004445,0.66699,0.44919
00004446,0.51632,0.03219
00004447,0.49105,0.04300
00004448,0.65259,0.04148
00004449,0.76615,0.05188
00004450,0.80783,0.07416
00004451,1.79587,0.31150
00004452,1.49792,0.14418
00004453,1.99149,0.51098
00004454,0.61853,0.04011
00004455,0.95159,0.12801
00004456,0.40844,0.03416
00004457,0.17963,0.02689
00004458,0.39392,0.02517
00004459,1.37555,0.13177
00004460,0.32396,0.02256
00004461,0.38658,0.03990
00004462,0.66634,0.07800
00004463,0.66778,0.07061
00004464,0.76452,0.07184
00004465,0.44765,0.07026
00004466,0.20753,0.02772
00004467,0.38737,0.02549
00004468,0.29729,0.03136
00004469,0.83922,0.07749
00004470,0.51651,0.08479
00004471,0.65158,0.03566
00004472,0.79592,0.07672
00004473,1.05279,0.07800
00004474,0.59188,0.04156
00004475,0.37171,0.03071
00004476,1.21094,0.19982
00004477,1.21991,0.11841
00004478,0.29048,0.02556
00004479,2.02703,0.26044
00004480,0.49800,0.03877
00004481,0.28321,0.04024
00004482,0.91146,0.07322
00004483,0.92468,0.07593
00004484,2.34045,0.29923
00004485,1.20288,0.18064
00004486,0.32405,0.02873
00004487,0.33200,0.02861
00004488,2.17494,0.33800
00004489,0.48145,0.03767
00004490,0.28893,0.04281
00004491,2.20946,0.26578
00004492,0.91438,0.06150
00004493,0.68250,0.05963
00004494,1.33413,0.13211
00004495,1.32563,0.37657
00004496,0.29327,0.02480
00004497,0.42237,0.02943
00004498,0.37603,0.04412
00004499,0.30837,0.03432
00004500,0.80008,0.05395
00004501,0.60629,0.04838
00004502,0.50468,0.03642
00004503,1.23919,0.17511
00004504,0.90012,0.08022
00004505,0.25329,0.04191
00004506,0.31088,0.02695
00004507,0.37026,0.02765
00004508,0.90592,0.11259
00004509,0.39746,0.03569
00004510,1.20276,0.10440
00004511,1.68524,0.20124
00004512,0.35523,0.02795
00004513,0.44695,0.04005
00004514,1.17849,0.08960
00004515,0.69630,0.07140
00004516,1.10687,0.08830
00004517,0.35695,0.03323
00004518,2.03961,0.31457
00004519,0.86676,0.06269
00004520,0.46275,0.02857
00004521,1.03056,0.13836
00004522,0.33729,0.03475
00004523,0.80718,0.06410
00004524,0.81286,0.07908
00004525,0.94092,0.09292
00004526,0.65709,0.05330
00004527,0.64075,0.06744
00004528,0.91339,0.09451
00004529,0.54453,0.03412
00004530,0.82945,0.11029
00004531,0.44219,0.02661
00004532,0.51554,0.04885
00004533,0.45727,0.07426
00004534,0.22965,0.02558
00004535,1.21316,0.34166
00004536,1.32738,0.12283
00004537,0.31766,0.02069
00004538,0.96649,0.07575
00004539,1.30131,0.13546
00004540,2.27270,0.38208
00004541,0.55375,0.03685
00004542,0.25601,0.02311
00004543,1.27142,0.14428
00004544,0.53624,0.04291
00004545,0.74879,0.04650
00004546,0.96158,0.08822
00004547,1.24282,0.23124
00004548,0.46381,0.03330
00004549,0.56468,0.03526
00004550,1.02062,0.06978
00004551,1.23863,0.23716
00004552,0.45723,0.02850
00004553,0.42150,0.04470
00004554,0.45329,0.03679
00004555,0.48677,0.04566
00004556,1.36108,0.17677
00004557,0.44726,0.03983
00004558,0.62863,0.05242
00004559,0.56483,0.05097
00004560,0.86675,0.10019
00004561,0.74626,0.04932
00004562,0.95624,0.10249
00004563,1.01232,0.09947
00004564,0.59982,0.05858
00004565,0.96306,0.09160
00004566,0.60809,0.09928
00004567,2.16092,0.45701
00004568,0.35973,0.03441
00004569,0.30450,0.03169
00004570,2.44615,0.35950
00004571,0.64566,0.04913
00004572,0.30935,0.02982
00004573,0.40876,0.03775
00004574,0.72384,0.05210
00004575,0.62149,0.04455
00004576,1.00312,0.10465
00004577,0.59811,0.05730
00004578,2.13498,0.28887
00004579,0.75844,0.05276
00004580,0.50027,0.03550
00004581,1.02627,0.10409
00004582,1.46460,0.17395
00004583,2.34846,0.64777
00004584,0.51249,0.03488
00004585,0.87301,0.05953
00004586,0.53606,0.05493
00004587,2.51279,0.31926
00004588,0.73734,0.05899
00004589,1.23616,0.13038
00004590,0.29066,0.03257
00004591,0.46456,0.03692
00004592,2.05586,0.29272
00004593,0.22308,0.02601
00004594,1.42299,0.22254
00004595,0.89019,0.17935
00004596,0.32666,0.03440
00004597,0.65876,0.07137
00004598,0.26794,0.13665
00004599,0.52076,0.04757
00004600,0.87056,0.07480
00004601,0.50799,0.04541
00004602,0.57625,0.08679
00004603,1.29831,0.13857
00004604,1.06753,0.15552
00004605,0.74980,0.05275
00004606,0.63326,0.03916
00004607,1.17175,0.08990
00004608,0.35214,0.03359
00004609,0.81798,0.11219
00004610,0.66116,0.04971
00004611,0.69496,0.05872
00004612,0.63827,0.03498
00004613,0.82837,0.07445
00004614,0.52756,0.03673
00004615,1.34130,0.15197
00004616,0.67219,0.04893
00004617,2.94131,0.45158
00004618,0.56103,0.04718
00004619,0.33136,0.03485
00004620,0.28564,0.02319
00004621,1.10673,0.11901
00004622,0.56979,0.12843
00004623,0.86901,0.05600
00004624,2.28391,0.36899
00004625,0.45862,0.04791
00004626,0.64331,0.05367
00004627,0.35578,0.02815
00004628,0.57698,0.06406
00004629,0.65990,0.05168
00004630,0.24235,0.02676
00004631,0.77250,0.08071
00004632,0.68504,0.05874
00004633,0.95575,0.08307
00004634,0.43397,0.03680
00004635,0.27951,0.02866
00004636,0.79998,0.06131
00004637,0.56946,0.04713
00004638,0.55867,0.04937
00004639,0.68994,0.05784
00004640,0.51264,0.03336
00004641,0.65028,0.05878
00004642,0.70061,0.08638
00004643,0.81086,0.08165
00004644,0.22198,0.02879
00004645,0.30080,0.02413
00004646,0.73961,0.05765
00004648,0.55551,0.04300
00004649,0.64472,0.03319
00004650,1.54676,0.17425
00004651,0.22147,0.02991
00004652,0.57813,0.03867
00004653,0.49753,0.03589
00004654,1.41126,0.14802
00004655,0.64758,0.05246
00004656,0.42042,0.04704
00004657,0.76395,0.07234
00004658,1.56416,0.12936
00004659,0.39050,0.03320
00004660,0.62973,0.06328
00004661,0.40455,0.10136
00004662,0.27550,0.02883
00004663,0.45133,0.04801
00004664,0.74387,0.05158
00004665,0.48696,0.03754
00004666,0.45798,0.03864
00004667,0.96353,0.15610
00004668,0.59502,0.04118
00004669,0.47873,0.02724
00004670,0.39652,0.03534
00004671,0.19170,0.04766
00004672,0.81180,0.05649
00004673,0.87076,0.05697
00004674,0.90177,0.12793
00004675,0.50685,0.04515
00004676,0.56316,0.04655
00004677,0.82514,0.15999
00004678,0.33398,0.02455
00004679,0.64732,0.09687
00004680,0.44712,0.04813
00004681,0.86073,0.07578
00004682,0.28571,0.03174
00004683,0.86733,0.11211
00004684,0.83624,0.23145
00004685,1.52600,0.18600
00004686,0.34942,0.04015
00004687,0.89042,0.06667
00004688,0.49003,0.03043
00004689,1.53555,0.20253
00004690,0.32300,0.02076
00004691,1.43165,0.13818
00004692,0.24493,0.03142
00004693,0.32876,0.03422
00004694,0.47478,0.03262
00004695,0.55830,0.03373
00004696,0.91718,0.07398
00004697,0.45853,0.03351
00004698,0.30010,0.02226
00004699,0.41321,0.04261
00004700,0.36349,0.03635
00004701,0.45687,0.03934
00004702,0.47254,0.03393
00004703,0.33284,0.03059
00004704,0.20403,0.02995
00004705,1.49898,0.15550
00004706,0.76158,0.07025
00004707,1.27468,0.17520
00004708,0.72957,0.05286
00004709,1.51304,0.35296
00004710,1.05248,0.10282
00004711,0.25828,0.04639
00004712,0.67921,0.05074
00004713,0.31951,0.04079
00004714,0.44010,0.04156
00004715,0.89554,0.12242
00004716,0.28266,0.02849
00004717,0.50325,0.04936
00004718,0.65939,0.04436
00004719,0.79939,0.06169
00004720,0.91949,0.08355
00004721,0.57742,0.04985
00004722,0.65307,0.48183
00004723,0.39838,0.04313
00004724,0.72820,0.08993
00004725,0.46211,0.04492
00004726,0.38282,0.02814
00004727,0.84579,0.08343
00004728,1.18939,0.10280
00004729,1.07520,0.12262
00004730,0.73587,0.05615
00004731,0.20310,0.03574
00004732,0.45586,0.05357
00004733,0.31085,0.04587
00004734,0.52045,0.03648
00004735,0.52755,0.03484
00004736,0.69624,0.05473
00004737,0.80663,0.08280
00004738,0.69368,0.07179
00004739,1.50229,0.15068
00004740,0.80890,0.05463
00004741,0.76417,0.07804
00004742,0.43710,0.04274
00004743,0.33737,0.17599
00004744,0.63978,0.04015
00004745,0.34143,0.02576
00004746,0.54867,0.12608
00004747,0.73381,0.05735
00004748,0.83645,0.07042
00004749,0.42908,0.04030
00004750,0.28350,0.08518
00004751,0.29940,0.04345
00004752,0.56498,0.04396
00004753,1.87872,0.32789
00004754,0.82666,0.06633
00004755,1.64970,0.21145
00004756,0.82238,0.06015
00004757,1.33675,0.17276
00004758,0.83781,0.06170
00004759,0.82712,0.07051
00004760,0.90036,0.08349
00004761,1.45723,0.18636
00004762,0.48752,0.03934
00004763,0.33848,0.02798
00004764,0.65980,0.04149
00004765,2.08929,0.27601
00004766,0.76327,0.05193
00004767,0.28960,0.03039
00004768,0.47256,0.06894
00004769,0.54525,0.06060
00004770,1.74114,0.21696
00004771,0.36943,0.03683
00004772,0.36075,0.04267
00004773,0.53552,0.07620
00004774,1.14312,0.09186
00004775,0.40072,0.02626
00004776,0.69105,0.06576
00004777,0.26281,0.03685
00004778,0.47552,0.02858
00004779,0.35541,0.03596
00004780,0.53954,0.05623
00004781,0.75553,0.05936
00004782,1.42284,1.10071
00004783,0.60494,0.05107
00004784,0.41104,0.04693
00004785,0.41014,0.03040
00004786,0.40693,0.03459
00004787,0.47522,0.03839
00004788,0.48716,0.04919
00004789,0.48720,0.03929
00004790,0.29946,0.04073
00004791,0.80484,0.05367
00004792,0.67393,0.04281
00004793,0.43418,0.04792
00004794,0.44384,0.02937
00004795,1.11311,0.10370
00004796,0.51666,0.04346
00004797,0.93497,0.07257
00004798,0.89524,0.08227
00004799,0.81048,0.12172
00004800,0.56507,0.05517
00004801,1.30275,0.30584
00004802,0.25007,0.03514
00004803,0.21177,0.02455
00004804,0.53678,0.04508
00004805,1.16321,0.10450
00004806,0.53260,0.04552
00004807,1.60836,0.15882
00004808,1.09007,0.13679
00004809,1.32061,0.12262
00004810,1.50220,0.20282
00004811,0.61223,0.03630
00004812,0.41587,0.17092
00004813,0.78727,0.05671
00004814,1.10722,0.10437
00004815,0.60537,0.02977
00004816,0.61451,0.04950
00004817,0.58148,0.03667
00004818,0.46364,0.03353
00004819,1.50260,0.31545
00004820,0.37947,0.03060
00004821,1.15066,0.17591
00004822,0.93492,0.08224
00004823,0.90505,0.07595
00004824,2.10943,0.25546
00004825,0.89507,0.09108
00004826,0.27473,0.03100
00004827,1.56941,0.16238
00004828,0.85907,0.05802
00004829,0.49038,0.03253
00004830,0.98975,0.08654
00004831,0.79945,0.09546
00004832,0.65271,0.04071
00004833,0.61105,0.03107
00004834,0.57290,0.04239
00004835,1.25099,0.12000
00004836,0.25731,0.02773
00004837,0.75975,0.04432
00004838,0.76219,0.06129
00004839,1.22931,0.15706
00004840,0.75834,0.04469
00004841,0.46627,0.02753
00004842,0.49763,0.03590
00004843,0.54013,0.04446
00004844,0.84414,0.14125
00004845,0.75544,0.08487
00004846,0.61144,0.07366
00004847,0.95366,0.23535
00004848,0.56845,0.04467
00004849,0.25853,0.03492
00004850,0.45959,0.05287
00004851,1.87984,0.25431
00004852,0.90676,0.06965
00004853,0.26066,0.03541
00004854,0.50207,0.02707
00004855,0.30492,0.02873
00004856,0.29624,0.02812
00004857,0.73579,0.05618
00004858,0.42386,0.10712
00004859,0.80246,0.06804
00004860,0.43188,0.02555
00004861,0.92566,0.14970
00004862,0.91697,0.06742
00004863,0.22280,0.02648
00004864,0.35235,0.05758
00004865,0.26818,0.03507
00004866,0.57137,0.03167
00004867,0.95684,0.09996
00004868,0.84539,0.10058
00004869,2.55273,0.35521
00004870,1.27698,0.16784
00004871,0.52039,0.03823
00004872,0.77878,0.05619
00004873,0.32495,0.02897
00004874,0.71268,0.04975
00004875,1.80449,0.50817
00004876,0.38093,0.04195
00004877,0.56265,0.03236
00004878,0.81791,0.06990
00004879,0.37068,0.03517
00004880,0.71558,0.06559
00004881,0.47934,0.02828
00004882,0.46963,0.05111
00004883,0.50100,0.03896
00004884,0.35396,0.03914
00004885,0.62748,0.05954
00004886,0.55229,0.03840
00004887,0.57136,0.05215
00004888,0.82252,0.07030
00004889,1.84199,0.25935
00004890,0.57912,0.05569
00004891,1.72587,0.18099
00004892,0.79052,0.05278
00004893,1.02039,0.23300
00004894,0.32798,0.03958
00004895,0.44919,0.02933
00004896,0.52881,0.04933
00004897,2.30610,0.31264
00004898,0.27365,0.02748
00004899,0.26554,0.04312
00004900,1.29541,0.15503
00004901,0.45225,0.04505
00004902,1.16350,0.12253
00004903,1.50642,0.14904
00004904,0.83262,0.07407
00004905,1.45280,0.17483
00004906,0.58178,0.03687
00004907,0.79469,0.07327
00004908,0.72816,0.06307
00004909,0.41685,0.03831
00004910,0.69576,0.09093
00004911,1.84759,0.22970
00004912,0.46927,0.03024
00004913,0.97593,0.16084
00004914,0.86217,0.07537
00004915,0.62219,0.06106
00004916,0.28934,0.03248
00004917,0.58116,0.09070
00004918,0.28855,0.02690
00004919,0.34237,0.04412
00004920,1.32792,0.10436
00004921,0.42203,0.04690
00004922,0.40404,0.05176
00004923,0.39654,0.03635
00004924,0.36939,0.03748
00004925,0.49427,0.06185
00004926,0.80446,0.07078
00004927,0.92998,0.06394
00004928,0.87440,0.15159
00004929,0.65845,0.05820
00004930,1.70162,0.21014
00004931,0.68651,0.04042
00004932,1.82800,0.20059
00004933,0.53954,0.03254
00004934,1.72297,0.18638
00004935,1.05065,0.14075
00004936,0.85049,0.09557
00004937,2.34748,0.30084
00004938,1.09935,0.07813
00004939,0.73736,0.04726
00004940,0.48479,0.03922
00004941,0.60768,0.07909
00004942,0.83202,0.07190
00004943,0.31410,0.03008
00004944,0.23961,0.02906
00004945,1.34130,0.13638
00004946,1.91438,0.59254
00004947,0.85649,0.07050
00004948,0.45348,0.04618
00004949,0.28086,0.03281
00004950,0.50785,0.04841
00004951,0.26540,0.03380
00004952,0.87984,0.11466
00004953,0.43824,0.03688
00004954,0.81274,0.09723
00004955,0.72980,0.05081
00004956,0.51932,0.03213
00004957,0.57693,0.03239
00004958,0.44768,0.02984
00004959,1.26653,0.12670
00004960,0.29164,0.03122
00004961,1.43881,0.13266
00004962,0.74386,0.03990
00004963,0.87407,0.06929
00004964,1.24795,0.11831
00004965,0.72113,0.06975
00004966,0.51317,0.02731
00004967,1.12181,0.10389
00004968,0.38521,0.03321
00004969,0.29100,0.03037
00004970,0.85555,0.06409
00004971,0.82490,0.06004
00004972,0.33015,0.04037
00004973,0.92201,0.10872
00004974,0.37348,0.02815
00004975,0.70240,0.04362
00004976,2.71986,0.40009
00004977,1.36314,0.13269
00004978,2.17308,0.34299
00004979,0.51352,0.07521
00004980,0.39860,0.02777
00004981,2.74947,0.45003
00004982,0.44128,0.02913
00004983,1.38741,0.14957
00004984,1.30771,0.12990
00004985,0.62091,0.03895
00004986,1.00285,0.07370
00004987,0.88471,0.14264
00004988,1.42716,0.18262
00004989,0.60401,0.04139
00004990,0.40936,0.03567
00004991,1.33075,0.41068
00004992,0.58404,0.04798
00004993,0.82712,0.05786
00004994,0.77716,0.05964
00004995,0.56427,0.07297
00004996,0.53810,0.04675
00004997,0.61644,0.05460
00004998,1.10293,0.10647
00004999,0.43838,0.03424
00005000,1.08450,0.10284
00005001,0.70080,0.05884
00005002,1.14650,0.28395
00005003,0.31599,0.02332
00005004,0.48160,0.05744
00005005,0.67485,0.09733
00005006,1.73322,0.21726
00005007,0.39911,0.03051
00005008,0.97863,0.05943
00005009,0.77927,0.06774
00005010,1.52023,0.18394
00005011,0.78543,0.07858
00005012,1.13800,0.14774
00005013,0.57248,0.03567
00005014,0.40202,0.02246
00005015,0.67928,0.03800
00005016,0.45273,0.03318
00005017,0.81706,0.06290
00005018,1.11986,0.09406
00005019,0.65662,0.03849
00005020,0.63222,0.04684
00005021,0.81709,0.04711
00005022,1.22782,0.10742
00005023,0.44642,0.03603
00005024,0.28887,0.02393
00005025,1.56747,0.13671
00005026,0.50851,0.04426
00005027,0.44605,0.06232
00005028,0.75909,0.06512
00005029,0.65410,0.04586
00005030,0.35855,0.02681
00005031,0.42066,0.02377
00005032,0.30104,0.02605
00005033,0.26760,0.02962
00005034,1.11434,0.12848
00005035,0.86488,0.06060
00005036,0.51935,0.04978
00005037,0.97281,0.12676
00005038,1.12123,0.14661
00005039,0.40509,0.04015
00005040,0.68399,0.13040
00005041,0.67563,0.04114
00005042,0.56260,0.03860
00005043,0.20841,0.04112
00005044,0.66118,0.06331
00005045,0.41372,0.04501
00005046,0.38039,0.02952
00005047,0.49646,0.04582
00005048,0.61537,0.06364
00005049,0.50909,0.03823
00005050,0.68265,0.08279
00005051,2.18477,0.29505
00005052,0.80847,0.06808
00005053,2.42048,0.32170
00005054,0.86971,0.07679
00005055,1.01939,0.07581
00005056,0.77330,0.08094
00005057,1.03673,0.23484
00005058,0.41479,0.04873
00005059,0.33526,0.02820
00005060,0.28011,0.03213
00005061,0.40432,0.04241
00005062,0.55344,0.05600
00005063,0.57391,0.05564
00005064,0.41401,0.03195
00005065,0.53905,0.06813
00005066,1.42442,0.15407
00005067,0.81241,0.05007
00005068,0.95434,0.30845
00005069,0.36299,0.03736
00005070,0.51592,0.04454
00005071,0.36002,0.03109
00005072,1.49081,0.57785
00005073,0.23951,0.03321
00005074,0.66380,0.03810
00005075,0.98868,0.20484
00005076,0.37934,0.02290
00005077,0.61621,0.06543
00005078,0.94886,0.16236
00005079,0.46454,0.05058
00005080,1.11970,0.24397
00005081,1.09882,0.08500
00005082,0.63888,0.05951
00005083,0.48777,0.04702
00005084,0.57093,0.04639
00005085,0.21461,0.03885
00005086,0.32811,0.08040
00005087,0.91334,0.07072
00005088,1.47558,0.14142
00005089,1.10050,0.16039
00005090,0.32335,0.03767
00005091,0.56670,0.03690
00005092,0.52159,0.05693
00005093,0.43003,0.02493
00005094,1.16247,0.08338
00005095,0.87312,0.07061
00005096,1.26944,0.53944
00005097,2.91415,0.48002
00005098,1.33941,0.11789
00005099,0.72806,0.03909
00005100,0.47232,0.03084
00005101,0.76276,0.06438
00005102,0.71826,0.05189
00005103,0.55822,0.04024
00005104,0.28392,0.02701
00005105,0.57739,0.03000
00005106,0.80490,0.09537
00005107,0.26582,0.02306
00005108,0.61672,0.09538
00005109,0.48352,0.03905
00005110,0.58012,0.03890
00005111,0.36358,0.04496
00005112,0.80851,0.04410
00005113,2.41588,0.31834
00005114,0.28026,0.03379
00005115,1.45339,0.13897
00005116,0.31706,0.02902
00005117,0.51236,0.05725
00005118,0.67924,0.04318
00005119,0.36360,0.03485
00005120,0.78528,0.04822
00005121,0.30548,0.03187
00005122,0.49451,0.03251
00005123,0.91651,0.10124
00005124,0.41657,0.03294
00005126,0.81361,0.06050
00005127,0.47216,0.05571
00005128,0.95587,0.12634
00005129,1.15036,0.29862
00005130,1.20158,0.09186
00005131,0.66666,0.06321
00005132,1.09059,0.07339
00005133,0.34967,0.02641
00005134,0.83247,0.18223
00005135,0.45970,0.03215
00005136,0.23775,0.02721
00005137,0.95722,0.07394
00005138,0.46164,0.04309
00005139,0.36455,0.02878
00005140,0.87330,0.06183
00005141,0.27462,0.02811
00005142,0.75531,0.06743
00005143,0.49468,0.03272
00005144,0.26447,0.02628
00005145,0.47552,0.04555
00005146,0.42499,0.03391
00005147,0.36661,0.03643
00005148,1.75575,0.22598
00005149,1.30786,0.10731
00005150,0.31183,0.02764
00005151,1.13891,0.09430
00005152,0.37701,0.04192
00005153,0.56937,0.05577
00005154,0.66809,0.03728
00005155,0.72195,0.08638
00005156,2.30687,0.37294
00005157,0.38498,0.02714
00005158,0.77534,0.06921
00005159,1.15755,0.10822
00005160,0.49605,0.03805
00005161,1.17356,0.10146
00005162,0.39768,0.03126
00005163,0.37404,0.03900
00005164,0.41646,0.03750
00005165,0.86285,0.06544
00005166,0.38613,0.02391
00005167,0.77673,0.14258
00005168,0.43106,0.02986
00005169,0.32245,0.03327
00005170,0.66265,0.05171
00005171,0.46472,0.03078
00005172,0.51010,0.05692
00005173,0.66637,0.05963
00005174,0.57154,0.04451
00005175,0.91670,0.10826
00005176,0.43234,0.02912
00005177,0.75542,0.06968
00005178,0.80350,0.09024
00005179,0.43158,0.02686
00005180,0.54097,0.06300
00005181,0.38331,0.03507
00005182,1.17374,0.09083
00005183,0.70087,0.12698
00005184,0.84165,0.11634
00005185,0.77274,0.06414
00005186,0.45921,0.03807
00005187,0.53189,0.35387
00005188,1.98598,0.25192
00005189,1.52960,0.15364
00005190,0.83679,0.09907
00005191,0.27453,0.03266
00005192,0.46471,0.03703
00005193,0.43030,0.02583
00005194,1.82637,0.36252
00005195,0.87592,0.06583
00005196,0.31688,0.02650
00005197,0.45435,0.03716
00005198,0.49392,0.03377
00005199,1.73008,0.24134
00005200,1.01635,0.13825
00005201,0.55399,0.03984
00005202,1.81547,0.23835
00005203,1.21979,0.12260
00005204,0.46124,0.05194
00005205,0.66288,0.07750
00005206,0.94622,0.11989
00005207,0.26436,0.02937
00005208,0.59029,0.06154
00005209,0.62824,0.04846
00005210,0.43950,0.05372
00005211,0.79967,0.05107
00005212,0.38040,0.04623
00005213,1.36791,0.16721
00005214,0.38395,0.04834
00005215,0.53338,0.12183
00005216,0.85027,0.05988
00005217,0.60046,0.03802
00005218,0.73359,0.06001
00005219,1.01745,0.29548
00005220,1.47496,0.13859
00005221,0.87535,0.07274
00005222,0.55140,0.03308
00005223,0.94945,0.38627
00005224,1.69716,0.22860
00005225,1.16072,0.13678
00005226,0.75741,0.08862
00005227,0.23420,0.02677
00005228,0.74549,0.09053
00005229,0.44640,0.28942
00005230,0.48271,0.04188
00005231,0.28687,0.02761
00005232,0.73396,0.07475
00005233,0.27727,0.03401
00005234,0.63045,0.05173
00005235,0.74014,0.10062
00005236,0.61794,0.04287
00005237,0.35186,0.03906
00005238,1.89105,0.34290
00005239,0.70623,0.09732
00005240,0.62537,0.05311
00005241,0.66403,0.04294
00005242,0.22014,0.03164
00005243,0.76262,0.05374
00005244,0.42423,0.03862
00005245,0.32418,0.02912
00005246,0.74568,0.06038
00005247,0.46093,0.03517
00005248,0.75613,0.07496
00005249,0.42645,0.04171
00005250,0.50290,0.04067
00005251,1.83980,0.23428
00005252,0.21170,0.02976
00005253,2.44092,0.43969
00005254,0.97776,0.10383
00005255,0.56924,0.04542
00005256,0.59324,0.08697
00005257,0.59000,0.03722
00005258,1.20928,0.09117
00005259,0.28960,0.03131
00005260,0.65257,0.03851
00005261,0.79517,0.09589
00005262,0.59805,0.06036
00005263,0.77828,0.33961
00005264,0.20389,0.02831
00005265,0.42033,0.02607
00005266,0.79717,0.04029
00005267,0.59784,0.05573
00005268,1.01593,0.12660
00005269,0.32887,0.02996
00005270,0.59085,0.06694
00005271,0.60890,0.04340
00005272,2.18463,0.30312
00005273,0.62419,0.06228
00005274,0.98903,0.17210
00005275,0.64273,0.07926
00005276,0.77670,0.06849
00005277,0.88461,0.07391
00005278,0.31191,0.03913
00005279,0.72456,0.06686
00005280,0.70481,0.12090
00005281,0.41988,0.03744
00005282,1.19868,0.18962
00005283,2.10171,0.29893
00005284,0.18650,0.03127
00005285,0.59803,0.08753
00005286,0.77448,0.05598
00005287,0.34743,0.03071
00005288,1.11702,0.10581
00005289,0.34987,0.27020
00005290,0.86978,0.05349
00005291,0.74581,0.34950
00005292,1.94278,0.26269
00005293,0.62539,0.07592
00005294,0.78220,0.06734
00005295,0.51323,0.05205
00005296,1.24604,0.10683
00005297,0.67970,0.05472
00005298,0.72588,0.06458
00005299,0.87152,0.06233
00005300,0.56258,0.05098
00005301,0.50951,0.03255
00005302,0.68356,0.13464
00005303,0.70662,0.06537
00005304,1.53087,0.16944
00005305,0.59553,0.06058
00005306,0.43204,0.02619
00005307,0.95849,0.07220
00005308,1.51430,0.15570
00005309,0.82172,0.08546
00005310,0.34806,0.03299
00005311,0.20787,0.03373
00005312,0.36224,0.06002
00005313,1.55653,0.13177
00005314,0.33783,0.02688
00005315,0.57757,0.09430
00005316,0.95257,0.11856
00005317,0.36149,0.02478
00005318,0.91469,0.06593
00005319,0.41241,0.02882
00005320,0.40757,0.03833
00005321,0.71874,0.04508
00005322,0.70793,0.06593
00005323,0.22962,0.02941
00005324,1.51033,0.37571
00005325,1.50740,0.72904
00005326,0.48791,0.03262
00005327,0.60930,0.04955
00005328,0.55782,0.06024
00005329,0.21592,0.05104
00005330,0.58996,0.04406
00005331,0.58814,0.04864
00005332,0.41411,0.02961
00005333,0.62934,0.03623
00005334,0.67142,0.05477
00005335,2.76390,0.42398
00005336,1.26082,0.14802
00005337,0.77561,0.07130
00005338,0.90468,0.07293
00005339,0.28507,0.02512
00005340,0.29487,0.02513
00005341,0.86649,0.08566
00005342,0.91270,0.08860
00005343,0.30742,0.03067
00005344,2.49827,0.38562
00005345,0.41569,0.03108
00005346,0.57974,0.04816
00005347,0.94273,0.07397
00005348,0.25817,0.02347
00005349,0.65696,0.03750
00005350,0.43481,0.03183
00005351,0.54863,0.03314
00005352,1.02738,0.11759
00005353,1.25808,0.11328
00005354,1.48202,0.12837
00005355,1.11307,0.10207
00005356,0.59937,0.03691
00005357,1.95851,0.47778
00005358,0.36230,0.03485
00005359,0.87698,0.08932
00005360,0.38296,0.03617
00005361,0.73077,0.05202
00005362,0.58021,0.06776
00005363,1.08285,0.10651
00005364,0.78475,0.05224
00005365,0.65513,0.04150
00005366,1.44312,0.14924
00005367,0.21002,0.02452
00005368,0.34224,0.03956
00005369,0.71748,0.05489
00005370,1.20399,0.10746
00005371,0.68973,0.14425
00005372,0.53315,0.03897
00005373,0.59622,0.06505
00005374,0.37547,0.02745
00005375,2.22399,0.30821
00005376,0.66830,0.06658
00005377,0.72676,0.04659
00005378,0.56179,0.04041
00005379,0.27643,0.02758
00005380,0.42910,0.03095
00005381,0.23795,0.03399
00005382,0.33369,0.03699
00005383,0.37711,0.03585
00005384,1.04626,0.07649
00005385,1.27895,0.14256
00005386,0.56215,0.05112
00005387,1.49250,0.17833
00005388,0.38658,0.04049
00005389,0.34935,0.04740
00005390,0.35486,0.04430
00005391,0.60238,0.04068
00005392,1.54560,0.22130
00005393,0.85284,0.05422
00005394,0.51085,0.04059
00005395,0.44675,0.02827
00005396,1.02731,0.09653
00005397,3.19757,0.55282
00005398,0.54787,0.03693
00005399,0.56630,0.04488
00005400,0.19897,0.03031
00005401,0.31880,0.03050
00005402,0.33611,0.03734
00005403,0.21950,0.02392
00005404,2.06979,0.29755
00005405,0.21430,0.02761
00005406,0.53839,0.03967
00005407,0.29636,0.03387
00005408,0.70680,0.04988
00005409,0.75123,0.07611
00005410,0.21068,0.05628
00005411,0.30685,0.02987
00005412,1.05227,0.07353
00005413,0.90345,0.07528
00005414,0.38431,0.03326
00005415,2.23441,0.41535
00005416,0.77498,0.07154
00005417,1.32355,0.11135
00005418,1.36005,0.11990
00005419,0.63072,0.06632
00005420,0.50446,0.05099
00005421,0.55666,0.04681
00005422,0.62142,0.04473
00005423,1.22111,0.17814
00005424,0.36051,0.02215
00005425,0.76316,0.07161
00005426,0.25947,0.02691
00005427,0.43148,0.03516
00005428,0.36573,0.04637
00005429,0.29479,0.03624
00005430,1.26638,0.12601
00005431,1.33175,0.18822
00005432,0.61441,0.08840
00005433,0.73338,0.05176
00005434,1.00004,0.09107
00005435,0.61951,0.04754
00005436,0.70737,0.08060
00005437,0.28511,0.02038
00005438,0.75812,0.10578
00005439,1.94935,0.34475
00005440,0.64043,0.05075
00005441,1.04209,0.10545
00005442,1.05321,0.09170
00005443,1.43064,0.15878
00005444,0.51447,0.04965
00005445,0.71177,0.04696
00005446,1.21123,0.49500
00005447,0.30996,0.03302
00005448,0.42431,0.03707
00005449,1.71132,0.61316
00005450,0.62128,0.05421
00005451,1.43634,0.15955
00005452,0.31195,0.02429
00005453,0.50562,0.03737
00005454,0.58313,0.04812
00005455,0.93142,0.07798
00005456,2.08255,0.37348
00005457,0.77315,0.04675
00005458,0.41224,0.19522
00005459,0.57846,0.04098
00005460,0.50389,0.04335
00005461,1.76284,0.19818
00005462,0.82777,0.06472
00005463,0.60877,0.06951
00005464,0.53488,0.04045
00005465,1.25987,0.12609
00005466,0.39025,0.02853
00005467,0.59363,0.12022
00005468,0.44038,0.07518
00005469,0.46429,0.04306
00005470,0.23967,0.02372
00005471,0.32059,0.03235
00005472,0.28189,0.03475
00005473,0.85819,0.32007
00005474,0.32552,0.02522
00005475,0.51574,0.04479
00005476,0.65471,0.07510
00005477,0.51826,0.05183
00005478,0.67110,0.04578
00005479,0.52291,0.07316
00005480,0.50541,0.03687
00005481,0.69954,0.04268
00005482,0.20601,0.02548
00005483,0.85023,0.09718
00005484,1.38596,0.16900
00005485,0.55959,0.07016
00005486,0.33157,0.02415
00005487,2.79615,0.43651
00005488,0.55287,0.04696
00005489,0.47321,0.04645
00005490,0.57089,0.03957
00005491,0.99374,0.24784
00005492,0.78277,0.06844
00005493,0.56258,0.03709
00005494,0.72240,0.05070
00005495,1.61213,0.50609
00005496,0.61177,0.05145
00005497,0.50712,0.05078
00005498,1.18712,0.28995
00005499,1.66841,0.18197
00005500,0.21748,0.02324
00005501,0.51384,0.03940
00005502,0.20881,0.02363
00005503,1.37375,0.14181
00005504,0.52253,0.03964
00005505,0.58220,0.05029
00005506,0.20696,0.02881
00005507,0.96653,0.13485
00005508,0.65192,0.04223
00005509,0.29508,0.03103
00005510,0.40579,0.03125
00005511,0.76130,0.13172
00005512,1.19883,0.10668
00005513,0.83112,0.10819
00005514,0.59923,0.05960
00005515,1.33115,0.20815
00005516,0.80967,0.06044
00005517,0.58228,0.06127
00005518,0.83896,0.07707
00005519,1.30615,0.20221
00005520,0.41782,0.08576
00005521,0.54842,0.03810
00005522,1.11986,0.10940
00005523,0.57394,0.05184
00005524,0.44364,0.03191
00005525,0.98796,0.25501
00005526,1.20970,0.12300
00005527,0.32317,0.04991
00005528,0.85971,0.12386
00005529,0.62029,0.04160
00005530,1.12993,0.13971
00005531,1.16412,0.08843
00005532,0.92676,0.09400
00005533,1.10449,0.10432
00005534,0.55741,0.07024
00005535,0.57090,0.05054
00005536,0.64267,0.05103
00005537,1.07731,0.08542
00005538,0.65748,0.19372
00005539,0.25339,0.02648
00005540,0.62413,0.09022
00005541,1.75536,0.31174
00005542,0.77022,0.09389
00005543,0.74722,0.05167
00005544,0.48040,0.03304
00005545,0.36730,0.04152
00005546,0.46377,0.03564
00005547,0.79420,0.08809
00005548,0.57656,0.09005
00005549,0.20240,0.03543
00005550,0.79949,0.13595
00005551,0.81111,0.09637
00005552,0.43910,0.03279
00005553,0.41923,0.03992
00005554,0.44870,0.03167
00005555,2.35926,0.28986
00005556,0.68457,0.07371
00005557,1.26300,0.16367
00005558,0.40023,0.03086
00005559,0.47551,0.04582
00005560,0.47602,0.03526
00005561,0.71091,0.04716
00005562,2.32462,0.27227
00005563,0.24641,0.02748
00005564,0.29223,0.02477
00005565,0.45108,0.04644
00005566,2.15621,0.29063
00005567,0.28790,0.02789
00005568,0.61249,0.05244
00005569,1.43259,0.11863
00005570,0.59758,0.04026
00005571,0.72021,0.06086
00005572,0.53737,0.04125
00005573,0.37556,0.02506
00005574,0.56817,0.04375
00005575,0.58455,0.03989
00005576,0.81164,0.05843
00005577,0.57297,0.04274
00005578,0.59574,0.05598
00005579,0.32434,0.03604
00005580,0.77357,0.07569
00005581,0.76826,0.05179
00005582,0.53651,0.05385
00005583,0.84298,0.12997
00005584,0.50149,0.07242
00005585,0.82531,0.06886
00005586,0.42498,0.04298
00005587,0.20146,0.02852
00005588,1.30002,0.20178
00005589,0.61116,0.05269
00005590,1.11398,0.17689
00005591,0.38148,0.03626
00005592,0.47882,0.04158
00005593,0.40135,0.02924
00005594,0.40742,0.04081
00005595,0.26732,0.02280
00005596,0.44336,0.02857
00005597,0.35875,0.02733
00005598,0.47634,0.02552
00005599,0.49362,0.06306
00005600,0.27505,0.02729
00005601,0.33069,0.03549
00005602,0.34255,0.03647
00005603,1.58328,0.17640
00005604,0.54537,0.06530
00005605,0.54382,0.03350
00005606,1.44242,0.12404
00005607,0.83477,0.08807
00005608,0.68501,0.06995
00005609,0.50835,0.04522
00005610,0.79175,0.05713
00005611,0.65679,0.04413
00005612,0.41254,0.03623
00005613,0.74316,0.04592
00005614,0.32289,0.02378
00005615,0.64185,0.05172
00005616,0.40276,0.04850
00005617,0.45078,0.03712
00005618,1.26746,0.09791
00005619,0.53691,0.03783
00005620,0.48879,0.06555
00005621,0.20056,0.02763
00005622,0.38549,0.03932
00005623,0.87534,0.08326
00005624,1.47699,0.34817
00005625,0.77951,0.07614
00005626,1.00697,0.15893
00005627,0.61587,0.06621
00005628,0.97940,0.09566
00005629,0.73964,0.06432
00005630,0.20232,0.03221
00005631,0.74958,0.09709
00005632,0.39909,0.04973
00005633,0.48720,0.03947
00005634,0.27312,0.02792
00005635,0.36180,0.07908
00005636,1.29101,0.15497
00005637,0.23132,0.02658
00005638,0.23458,0.04460
00005639,0.84775,0.09260
00005640,0.93295,0.09626
00005641,1.16453,0.10543
00005642,1.31513,0.16946
00005643,1.18663,0.08697
00005644,0.90512,0.09035
00005645,0.22068,0.03262
00005646,0.50931,0.05091
00005647,0.51139,0.07571
00005648,0.87305,0.08078
00005649,0.61035,0.06132
00005650,0.49855,0.04034
00005651,1.23656,0.10791
00005652,0.84179,0.08047
00005653,0.45131,0.04307
00005654,1.09414,0.10454
00005655,1.25087,0.33881
00005656,0.66801,0.04422
00005657,0.61698,0.04772
00005658,1.00633,0.08526
00005659,1.23734,0.09410
00005660,0.76289,0.08075
00005661,0.53840,0.04506
00005662,0.28759,0.03871
00005663,0.63415,0.05565
00005664,1.78172,0.25912
00005665,0.20129,0.03067
00005666,0.18373,0.02578
00005667,2.29258,0.58708
00005668,0.23161,0.03196
00005669,0.24127,0.02356
00005670,0.70863,0.09959
00005671,0.65588,0.03877
00005672,0.36153,0.03614
00005673,0.71510,0.04659
00005674,0.46038,0.05037
00005675,1.00862,0.11748
00005676,0.85541,0.12375
00005677,0.81824,0.06046
00005678,0.63725,0.06686
00005679,1.01953,0.12158
00005680,0.72780,0.06682
00005681,0.98251,0.08055
00005682,0.74261,0.05550
00005683,1.19235,0.13584
00005684,0.25030,0.03362
00005685,0.41540,0.04884
00005686,1.09511,0.13268
00005687,0.56178,0.04149
00005688,0.56900,0.04902
00005689,0.91890,0.08113
00005690,0.71843,0.04762
00005691,1.28210,0.14815
00005692,1.45548,0.25239
00005693,0.46289,0.03229
00005694,0.34634,0.03452
00005695,1.54192,0.18668
00005696,1.30451,0.14673
00005697,0.74425,0.04592
00005698,2.26267,0.38665
00005699,0.65193,0.03615
00005700,0.31731,0.03471
00005701,1.01488,0.09682
00005702,0.95011,0.06036
00005703,0.94713,0.13871
00005704,0.45871,0.02791
00005705,0.63882,0.05245
00005706,0.53663,0.04786
00005707,2.27809,0.30204
00005708,0.35857,0.03296
00005709,0.45083,0.04927
00005710,3.08246,0.44256
00005711,0.65872,0.05393
00005712,0.28330,0.03364
00005713,0.64581,0.08235
00005714,0.54467,0.05531
00005715,0.66793,0.04297
00005716,1.52317,0.16909
00005717,0.89640,0.12877
00005718,0.24762,0.03522
00005719,0.55543,0.06276
00005720,0.77635,0.04063
00005721,1.02542,0.11679
00005722,2.21524,0.34946
00005723,0.48304,0.03094
00005724,1.20292,0.19519
00005725,0.30755,0.03392
00005726,1.05694,0.17811
00005727,0.98261,0.07273
00005728,0.64862,0.05292
00005729,0.60112,0.05686
00005730,0.71136,0.05633
00005731,1.98480,0.23859
00005732,1.63734,0.26166
00005733,2.22283,0.33298
00005734,1.02447,0.12326
00005735,0.59115,0.04242
00005736,1.35378,0.13396
00005737,0.53299,0.03552
00005738,0.54733,0.03397
00005739,0.68575,0.03646
00005740,0.63456,0.04538
00005741,1.25520,0.18548
00005742,0.53958,0.02827
00005743,0.25143,0.03035
00005744,0.92990,0.07393
00005745,0.87466,0.10235
00005746,0.56694,0.03955
00005747,0.75996,0.04651
00005748,0.37350,0.04066
00005749,0.61979,0.03980
00005750,0.36313,0.03625
00005751,0.36528,0.03237
00005752,0.66488,0.04879
00005753,0.57143,0.05079
00005754,0.17208,0.04682
00005755,0.41683,0.04436
00005756,0.22802,0.02931
00005757,2.48211,0.36965
00005758,0.50173,0.03700
00005759,0.58803,0.04598
00005760,0.96497,0.08158
00005761,0.33647,0.02886
00005762,0.47585,0.04198
00005763,0.61036,0.05206
00005764,0.89557,0.09622
00005765,0.35758,0.02283
00005766,0.92825,0.35858
00005767,0.39571,0.03316
00005768,0.78158,0.05295
00005769,0.59577,0.05279
00005770,0.77232,0.16323
00005771,0.43522,0.04362
00005772,0.80587,0.36075
00005773,0.47394,0.03677
00005774,0.29961,0.04001
00005775,1.36139,0.94596
00005776,0.62209,0.06146
00005777,0.73690,0.05942
00005778,0.61595,0.04610
00005779,1.47396,0.13742
00005780,0.84564,0.11541
00005781,0.65469,0.04469
00005782,0.50178,0.04056
00005783,0.59003,0.04606
00005784,1.52861,0.26995
00005785,0.98948,0.11023
00005786,0.69788,0.05193
00005787,0.57834,0.04003
00005788,0.34532,0.03487
00005789,0.96384,0.07436
00005790,0.85211,0.08113
00005791,0.62384,0.06133
00005792,0.52097,0.04541
00005793,1.07467,0.22122
00005794,1.89991,0.27621
00005795,1.48883,0.15400
00005796,1.78934,0.38242
00005797,0.49079,0.04250
00005798,0.44083,0.05290
00005799,0.32258,0.02377
00005800,0.68249,0.04967
00005801,1.31712,0.16275
00005802,0.49197,0.04945
00005803,2.40737,0.35455
00005804,0.78767,0.08823
00005805,0.37835,0.03616
00005806,0.45508,0.02431
00005807,0.49616,0.03248
00005808,0.26147,0.05286
00005809,0.42697,0.03781
00005810,0.52194,0.04464
00005811,0.24998,0.02392
00005812,0.83902,0.08727
00005813,0.81069,0.13314
00005814,0.71815,0.08951
00005815,1.01990,0.12451
00005816,0.90869,0.10791
00005817,0.50509,0.04411
00005818,0.97485,0.09500
00005819,0.41670,0.03610
00005820,0.50827,0.03482
00005821,1.45188,0.13107
00005822,0.37002,0.03504
00005823,1.89206,0.24547
00005824,0.76933,0.05962
00005825,0.56707,0.04599
00005826,0.48755,0.02836
00005827,1.19290,0.12794
00005828,0.44612,0.04637
00005829,0.93443,0.08508
00005830,0.51491,0.03252
00005831,0.53488,0.04449
00005832,0.87754,0.09389
00005833,0.91545,0.11112
00005834,0.89946,0.05859
00005835,0.37601,0.03027
00005836,0.34568,0.03778
00005837,0.68827,0.09002
00005838,0.83833,0.07975
00005839,0.85929,0.09857
00005840,0.33553,0.02768
00005841,1.14488,0.14465
00005842,1.44163,0.17553
00005843,0.55494,0.04906
00005844,0.90822,0.11149
00005845,0.64914,0.10286
00005846,1.10419,0.35662
00005847,1.01157,0.08071
00005848,0.70096,0.03920
00005849,0.25993,0.03480
00005851,0.67250,0.03187
00005852,0.70426,0.06982
00005853,0.45022,0.03920
00005854,1.26823,0.12647
00005855,0.52600,0.05063
00005856,0.39882,0.03343
00005857,0.98895,0.10847
00005858,0.51363,0.03894
00005859,0.88119,0.07010
00005860,0.52532,0.05193
00005861,0.48795,0.05123
00005862,0.51807,0.04001
00005863,0.57948,0.04599
00005864,0.40169,0.05184
00005865,0.81922,0.07277
00005866,0.51602,0.03853
00005867,0.76569,0.08788
00005868,0.46647,0.03896
00005869,0.68845,0.08739
00005870,0.47478,0.02822
00005871,0.77689,0.05637
00005872,0.42697,0.04313
00005873,0.49830,0.03884
00005874,0.58879,0.05235
00005875,0.68987,0.07714
00005876,0.35200,0.03828
00005877,1.07913,0.15842
00005878,1.00977,0.09968
00005879,1.38853,0.14302
00005880,0.80431,0.09051
00005881,0.86200,0.07468
00005882,1.47604,0.22304
00005883,0.73763,0.05558
00005884,0.93031,0.09349
00005885,1.00723,0.07750
00005886,0.89050,0.06745
00005887,0.96479,0.28341
00005888,1.03924,0.08735
00005889,0.49202,0.03246
00005890,1.77801,0.21007
00005891,0.58882,0.03493
00005892,0.63549,0.04771
00005893,1.20443,0.10796
00005894,1.27579,0.10274
00005895,1.13627,0.08028
00005896,0.85283,0.08282
00005897,0.51088,0.03246
00005898,0.38803,0.23104
00005899,1.68309,0.43816
00005900,0.23505,0.02976
00005901,0.81327,0.06289
00005902,0.76666,0.10336
00005903,0.62667,0.06169
00005904,0.52306,0.04906
00005905,0.34611,0.02957
00005906,0.37854,0.02869
00005907,1.31885,0.12823
00005908,2.44200,0.42488
00005909,0.70300,0.05320
00005910,0.39124,0.03693
00005911,0.28206,0.04775
00005912,0.23712,0.02096
00005913,0.50271,0.06399
00005914,1.57152,0.24690
00005915,0.45976,0.03750
00005916,0.90248,0.06578
00005917,1.31215,0.14920
00005918,0.33852,0.03447
00005919,0.27771,0.02139
00005920,0.83024,0.06196
00005921,0.64855,0.05834
00005922,0.64556,0.05978
00005923,0.73147,0.05501
00005924,0.79375,0.07902
00005925,0.60219,0.04949
00005926,0.53656,0.03397
00005927,1.95570,0.36244
00005928,0.77505,0.06104
00005929,0.87253,0.05669
00005930,0.33420,0.03890
00005931,0.69505,0.06213
00005932,0.48639,0.20638
00005933,0.67636,0.05408
00005934,0.30983,0.02575
00005935,0.38517,0.03753
00005936,0.24264,0.03316
00005937,0.43131,0.03083
00005938,0.75867,0.09730
00005939,0.52178,0.03856
00005940,0.60402,0.05234
00005941,1.56868,0.16506
00005942,0.56469,0.04311
00005943,0.61241,0.05591
00005944,0.56008,0.03636
00005945,0.60567,0.06875
00005946,0.91934,0.08102
00005947,0.44891,0.07504
00005948,1.60444,0.15160
00005949,1.17595,0.10781
00005950,0.39290,0.04343
00005951,1.20635,0.14094
00005952,0.77685,0.06780
00005953,1.76093,0.25802
00005954,0.56043,0.03855
00005955,0.60417,0.04902
00005956,0.63762,0.05565
00005957,0.76950,0.05098
00005958,0.94736,0.06562
00005959,0.75196,0.07750
00005960,0.63752,0.05492
00005961,1.05380,0.09281
00005962,0.43370,0.04025
00005963,0.24644,0.02779
00005964,0.51903,0.04771
00005965,0.35150,0.02845
00005966,1.51469,0.13665
00005967,0.94342,0.08739
00005968,0.47772,0.03904
00005969,0.42727,0.03961
00005970,0.63543,0.04147
00005971,1.62043,0.18713
00005972,1.01342,0.08124
00005973,0.64100,0.05425
00005974,0.50783,0.04228
00005975,0.41860,0.03593
00005976,0.28972,0.04427
00005977,0.83350,0.07336
00005978,1.23735,0.09462
00005979,0.76559,0.07941
00005980,0.43504,0.03889
00005981,0.41727,0.03016
00005982,0.34514,0.03254
00005983,0.25735,0.02968
00005984,0.98686,0.12688
00005985,0.79022,0.04964
00005986,0.92792,0.10003
00005987,0.82155,0.07695
00005988,0.35081,0.03143
00005989,0.55311,0.03770
00005990,0.50063,0.04598
00005991,0.93860,0.23524
00005992,0.34418,0.04035
00005993,1.01385,0.35068
00005994,1.01478,0.14019
00005995,0.60775,0.09209
00005996,0.61704,0.07610
00005997,0.30431,0.03995
00005998,1.09516,0.08563
00005999,0.41965,0.08379
00006000,0.58559,0.06826
00006001,0.88015,0.08221
00006002,0.44993,0.04084
00006003,1.09581,0.57744
00006004,2.10200,0.50057
00006005,1.22765,0.16825
00006006,0.90201,0.12737
00006007,0.50952,0.03002
00006008,0.44630,0.06091
00006009,0.35431,0.03503
00006010,0.38787,0.02736
00006011,0.52883,0.04266
00006012,0.44112,0.03107
00006013,0.73490,0.13382
00006014,1.24426,0.23449
00006015,0.48479,0.02687
00006016,0.52274,0.03225
00006017,1.00595,0.12975
00006018,0.53659,0.04127
00006019,0.82588,0.07659
00006020,0.34761,0.03059
00006021,0.37546,0.02897
00006022,0.28117,0.02707
00006023,0.87516,0.06967
00006024,0.58110,0.05550
00006025,1.01956,0.09359
00006026,0.24139,0.03289
00006027,0.36057,0.02563
00006028,0.59030,0.08132
00006029,0.52069,0.04755
00006030,0.52426,0.05398
00006031,1.77423,0.23802
00006032,0.84394,0.06761
00006033,0.44643,0.04204
00006034,0.37509,0.02523
00006035,0.61125,0.05893
00006036,0.77815,0.09867
00006037,2.12071,0.30784
00006038,0.93305,0.08096
00006039,0.44773,0.04024
00006040,0.81573,0.05222
00006041,1.18624,0.08658
00006042,0.39520,0.02693
00006043,0.59943,0.06546
00006044,0.21052,0.03070
00006045,0.57336,0.18859
00006046,0.79808,0.06264
00006047,1.66781,0.18800
00006048,0.44379,0.04745
00006049,1.49244,0.19444
00006050,0.39479,0.05696
00006051,1.12607,0.12960
00006052,1.42561,0.17728
00006053,0.40271,0.04461
00006054,1.61210,0.19022
00006055,0.38977,0.03302
00006056,1.31068,0.19930
00006057,0.40046,0.02618
00006058,1.24384,0.11391
00006059,0.88632,0.08866
00006060,1.52499,0.24963
00006061,1.23143,0.10305
00006062,0.37234,0.03451
00006063,0.48614,0.04607
00006064,1.44830,0.16009
00006065,0.96136,0.12699
00006066,1.21936,0.11955
00006067,0.89484,0.07646
00006068,1.76039,0.20847
00006069,0.44990,0.05330
00006070,0.41509,0.05190
00006071,0.70239,0.04741
00006072,0.20847,0.02726
00006073,0.70044,0.06085
00006074,0.94212,0.08799
00006075,0.55331,0.03991
00006076,0.56338,0.06808
00006077,0.65131,0.06258
00006078,0.33051,0.03305
00006079,2.37442,0.42036
00006080,0.77372,0.07997
00006081,0.51228,0.07696
00006082,0.44440,0.04636
00006083,0.36855,0.03013
00006084,0.84640,0.05660
00006085,0.31500,0.03569
00006086,0.33746,0.03432
00006087,0.62789,0.04862
00006088,0.35639,0.02798
00006089,0.38716,0.04712
00006090,2.05533,0.31146
00006091,0.39763,0.03810
00006092,0.64213,0.07237
00006093,0.65194,0.05336
00006094,0.73195,0.09128
00006095,0.57885,0.06335
00006096,1.04858,0.08954
00006097,0.57375,0.05720
00006098,0.59927,0.04627
00006099,0.85136,0.41213
00006100,0.61227,0.05844
00006101,1.19498,0.12070
00006102,0.40970,0.02627
00006103,0.38564,0.03690
00006104,1.66848,0.19704
00006105,0.62741,0.05992
00006106,0.77604,0.09681
00006107,0.85779,0.10933
00006108,0.91441,0.09243
00006109,0.50978,0.04317
00006110,0.39862,0.03271
00006111,1.33015,0.11546
00006112,0.54002,0.04324
00006113,2.42662,0.60149
00006114,1.05846,0.12623
00006115,0.60338,0.05581
00006116,1.08035,0.09152
00006117,1.09318,0.08185
00006118,0.72899,0.06036
00006119,0.36052,0.02800
00006120,1.70790,0.23587
00006121,0.59974,0.04547
00006122,1.96002,1.01637
00006123,0.44357,0.06600
00006124,0.74925,0.05813
00006125,0.61201,0.05058
00006126,0.83152,0.12592
00006127,0.69326,0.04892
00006128,0.98755,0.13773
00006129,1.44842,0.18983
00006130,0.87945,0.05824
00006131,0.56455,0.03982
00006132,0.59370,0.04315
00006133,1.84518,0.28921
00006134,0.27314,0.03232
00006135,0.93816,0.07195
00006136,0.34603,0.02768
00006137,0.50586,0.05303
00006138,0.77247,0.08283
00006139,0.62924,0.06730
00006140,0.27523,0.04194
00006141,0.43465,0.02708
00006142,0.77860,0.08579
00006143,1.02432,0.11013
00006144,0.34938,0.03550
00006145,0.67366,0.67491
00006146,1.22857,0.17620
00006147,0.58002,0.03584
00006148,0.33105,0.03445
00006149,0.43550,0.02854
00006150,0.41132,0.03940
00006151,0.83792,0.07697
00006152,1.88161,0.26580
00006153,0.68566,0.05252
00006154,0.43131,0.03708
00006155,0.71893,0.05483
00006156,0.67206,0.04043
00006157,0.77840,0.07710
00006158,0.45198,0.04303
00006159,0.71714,0.05393
00006160,0.37133,0.03189
00006161,0.51273,0.05112
00006162,0.17448,0.03182
00006163,0.61379,0.04579
00006164,0.50509,0.09972
00006165,0.84043,0.05697
00006166,0.93785,0.10997
00006167,0.59696,0.04472
00006168,0.49866,0.03515
00006169,0.24972,0.02486
00006170,1.65767,0.30349
00006171,0.30670,0.04744
00006172,0.86696,0.10779
00006173,1.28897,0.12554
00006174,0.57533,0.05788
00006175,0.40278,0.03457
00006176,0.21862,0.06116
00006177,0.82775,0.04918
00006178,0.30730,0.02231
00006179,1.16069,0.11036
00006180,0.46258,0.05642
00006181,0.78183,0.06139
00006182,0.43826,0.04260
00006183,1.44880,0.16892
00006184,0.77755,0.08497
00006185,0.21225,0.02637
00006186,0.73659,0.24873
00006187,0.38606,0.06645
00006188,1.03669,0.09590
00006189,1.68113,0.22306
00006190,0.35917,0.02291
00006191,0.73682,0.05970
00006192,0.33695,0.03856
00006193,1.26482,0.19282
00006194,0.97815,0.08640
00006195,0.99797,0.21962
00006196,0.50757,0.02613
00006197,0.63450,0.05999
00006198,0.79490,0.05895
00006199,1.43274,0.33080
00006200,0.78922,0.19455
00006201,0.65794,0.04047
00006202,0.52620,0.03065
00006203,1.63913,0.21080
00006204,0.51031,0.02748
00006205,0.87531,0.06416
00006206,1.63674,0.20499
00006207,2.05697,0.30260
00006208,1.83290,0.19467
00006209,0.62791,0.08773
00006210,0.66583,0.05119
00006211,0.37918,0.03082
00006212,0.60249,0.10964
00006213,0.48878,0.03538
00006214,0.69794,0.15108
00006215,1.57367,0.17360
00006216,0.84446,0.10147
00006217,0.40855,0.06561
00006218,0.29228,0.04824
00006219,0.31517,0.03638
00006220,0.40034,0.03657
00006221,1.00292,0.08015
00006222,0.43259,0.02996
00006223,0.54727,0.04712
00006224,0.22969,0.04718
00006225,1.21495,0.24817
00006226,0.51758,0.04117
00006227,0.61941,0.06154
00006228,0.44365,0.03330
00006229,0.83350,0.09066
00006230,0.87286,0.08115
00006231,0.86492,0.07707
00006232,1.69397,0.25684
00006233,0.28721,0.02682
00006234,1.92021,0.23189
00006235,0.62413,0.04829
00006236,1.35774,0.18717
00006237,1.49780,0.14231
00006238,0.68602,0.03622
00006239,0.28738,0.02841
00006240,0.34863,0.02665
00006241,0.55277,0.03967
00006242,1.31566,0.10726
00006243,0.48389,0.04458
00006244,1.31579,0.13790
00006245,0.52306,0.04779
00006246,0.36805,0.03658
00006247,0.82757,0.06248
00006248,1.11373,0.36579
00006249,0.97530,0.09994
00006250,0.84203,0.07790
00006251,0.58335,0.04564
00006252,0.99963,0.09827
00006253,1.38295,0.36895
00006254,2.11417,0.27814
00006255,0.62011,0.05979
00006256,0.88009,0.07573
00006257,1.97196,0.23498
00006258,0.55883,0.03219
00006259,1.05485,0.10953
00006260,1.50532,0.17692
00006261,0.41509,0.11964
00006262,0.68304,0.04280
00006263,1.15154,0.18117
00006264,0.91260,0.07133
00006265,0.65795,0.04378
00006266,0.40249,0.03224
00006267,0.96280,0.06827
00006268,0.57451,0.03490
00006269,0.73132,0.03869
00006270,1.50487,0.27480
00006271,0.78477,0.07264
00006272,0.46729,0.03750
00006273,0.95265,0.18546
00006274,0.69085,0.04383
00006275,0.50081,0.06580
00006276,1.55828,0.25442
00006277,0.69167,0.05004
00006278,0.64224,0.09012
00006279,0.78623,0.07613
00006280,0.27590,0.03472
00006281,0.69577,0.05067
00006282,1.80448,0.40940
00006283,1.24380,0.11891
00006284,0.52866,0.06557
00006285,1.25172,0.21030
00006286,0.74061,0.07084
00006287,0.49831,0.04560
00006288,0.86096,0.08273
00006289,0.28501,0.02771
00006290,0.25450,0.03292
00006291,0.46159,0.04451
00006292,0.85206,0.13040
00006293,0.41310,0.02924
00006294,0.47017,0.07599
00006295,0.53543,0.03907
00006296,0.44536,0.04819
00006297,1.47817,0.15774
00006298,0.74335,0.06724
00006299,0.42063,0.03621
00006300,1.61655,0.16881
00006301,1.36427,0.19258
00006302,0.58679,0.05289
00006303,0.66035,0.07089
00006304,2.13069,0.42434
00006305,1.97127,0.27834
00006306,0.28940,0.02941
00006307,1.14779,0.15713
00006308,0.72554,0.09362
00006309,0.99762,0.13902
00006310,0.44852,0.03313
00006311,1.19964,0.12395
00006312,0.58814,0.04023
00006313,0.51769,0.07201
00006314,0.54121,0.07149
00006315,0.63847,0.13437
00006316,1.88884,0.32137
00006317,0.97703,0.13964
00006318,1.03166,0.12703
00006319,1.72420,0.27229
00006320,0.33739,0.02522
00006321,1.00709,0.08263
00006322,1.48835,0.14340
00006323,0.59695,0.04270
00006324,0.99885,0.18089
00006325,1.78353,0.29000
00006326,0.81852,0.06817
00006327,1.17602,0.13062
00006328,0.22962,0.02948
00006329,0.57767,0.03906
00006330,0.36642,0.03294
00006331,0.95585,0.08444
00006332,0.92408,0.08433
00006333,0.53203,0.04207
00006334,0.90643,0.09118
00006335,1.14397,0.08611
00006336,0.37234,0.04739
00006337,1.54027,0.20519
00006338,0.37149,0.02457
00006339,0.56744,0.05896
00006340,0.27461,0.02977
00006341,0.44681,0.03385
00006342,0.63977,0.07716
00006343,0.54716,0.03831
00006344,0.65996,0.05640
00006345,0.59621,0.04456
00006346,0.27463,0.02761
00006347,0.39478,0.03114
00006348,0.73295,0.09881
00006349,0.24544,0.03161
00006350,0.30944,0.02464
00006351,1.45111,0.28465
00006352,0.57215,0.03591
00006353,2.67799,0.40584
00006354,0.59211,0.05569
00006355,0.83911,0.05801
00006356,0.61689,0.04895
00006357,0.47857,0.07639
00006358,0.54827,0.04048
00006359,0.50753,0.04903
00006360,0.44824,0.02995
00006361,1.04219,0.07933
00006362,0.59317,0.04117
00006363,0.57529,0.04790
00006364,2.07448,0.38056
00006365,0.93764,0.11920
00006366,0.37428,0.02052
00006367,0.70786,0.05783
00006368,0.70785,0.04120
00006369,0.33985,0.02789
00006370,0.25392,0.02659
00006371,0.56203,0.03580
00006372,2.56203,0.35955
00006373,0.96136,0.14247
00006374,1.03330,0.07436
00006375,0.66975,0.04668
00006376,0.80736,0.04594
00006377,1.32235,0.15659
00006378,1.81030,0.20555
00006379,1.11453,0.15289
00006380,0.87112,0.11003
00006381,0.56204,0.04859
00006382,0.69746,0.06049
00006383,0.80118,0.06570
00006384,0.51577,0.04072
00006385,0.95166,0.11626
00006386,0.95316,0.09859
00006387,0.38488,0.02972
00006388,0.21170,0.03384
00006389,0.82586,0.05647
00006390,0.76261,0.12010
00006391,0.50581,0.04410
00006392,0.49235,0.03035
00006393,0.41535,0.03261
00006394,0.47428,0.03717
00006395,0.64095,0.06140
00006396,0.92628,0.18690
00006397,1.23182,0.12038
00006398,1.09471,0.09186
00006399,1.27644,0.15815
00006400,0.61639,0.05649
00006401,0.60410,0.05807
00006402,0.42833,0.07282
00006403,2.12388,0.30291
00006404,1.01731,0.20763
00006405,1.41961,0.18339
00006406,0.64048,0.03990
00006407,1.38533,0.15271
00006408,1.94916,0.25314
00006409,0.35118,0.03244
00006410,0.60428,0.05485
00006411,1.72454,0.25920
00006412,1.08583,0.08831
00006413,0.45639,0.02983
00006414,0.94808,0.14862
00006415,0.38790,0.03577
00006416,1.12063,0.10735
00006417,2.17307,0.26635
00006418,1.08353,0.10691
00006419,0.86003,0.05590
00006420,0.73889,0.06223
00006421,1.28402,0.11071
00006422,1.73862,0.23962
00006423,0.95385,0.15930
00006424,0.66025,0.06710
00006425,0.98905,0.11088
00006426,0.63514,0.05236
00006427,0.19698,0.02525
00006428,0.59884,0.09585
00006429,0.30240,0.03472
00006430,0.60891,0.05402
00006431,0.49867,0.17935
00006432,0.89930,0.09301
00006433,1.66343,0.23488
00006434,1.93196,0.28944
00006435,0.62886,0.06518
00006436,0.49940,0.02948
00006437,0.91382,0.27083
00006438,0.33245,0.03017
00006439,0.57186,0.04671
00006440,1.05119,0.10438
00006441,0.42486,0.02332
00006442,0.93979,0.07325
00006443,0.90130,0.05912
00006444,0.48139,0.04838
00006445,0.70314,0.05644
00006446,0.77371,0.08409
00006447,0.74141,0.07818
00006448,0.83923,0.08091
00006449,0.44852,0.04487
00006450,2.72904,0.42194
00006451,0.47583,0.03827
00006452,0.36776,0.03229
00006453,0.87465,0.06934
00006454,0.43552,0.04339
00006455,0.25888,0.03940
00006456,1.61200,0.30657
00006457,0.57550,0.03836
00006458,0.57040,0.05846
00006459,0.86137,0.07040
00006460,0.83609,0.08571
00006461,0.78983,0.77910
00006462,1.00061,0.07917
00006463,1.07563,0.12716
00006464,0.38886,0.03383
00006465,0.53139,0.04781
00006466,0.56717,0.04262
00006467,0.26802,0.06301
00006468,1.17828,0.12484
00006469,0.70592,0.10047
00006470,0.54139,0.05321
00006471,1.37559,0.15199
00006472,1.07874,0.16511
00006473,1.48437,0.15835
00006474,0.74441,0.06502
00006475,0.22100,0.02694
00006476,1.12350,0.12909
00006477,1.20851,0.12208
00006478,0.36293,0.03829
00006479,0.29152,0.03551
00006480,0.55120,0.21122
00006481,0.46753,0.02896
00006482,0.53663,0.02827
00006483,0.45087,0.02574
00006484,0.49341,0.03528
00006485,0.51616,0.06960
00006486,1.00411,0.09516
00006487,1.41864,0.25128
00006488,1.06359,0.11277
00006489,0.62917,0.04173
00006490,0.56960,0.03192
00006491,0.58546,0.08544
00006492,0.56123,0.05059
00006493,1.74066,0.31458
00006494,0.33889,0.05842
00006495,0.40545,0.04266
00006496,0.44309,0.03130
00006497,0.39720,0.02619
00006498,0.47732,0.05154
00006499,0.27664,0.03363
00006500,0.31213,0.02784
00006501,0.83182,0.06321
00006502,0.41858,0.02472
00006503,0.47514,0.03903
00006504,0.36792,0.02867
00006505,0.48182,0.05223
00006506,0.77563,0.10347
00006507,0.42771,0.02781
00006508,1.01783,0.16996
00006509,0.79487,0.04170
00006510,0.88025,0.06070
00006511,0.92780,0.08026
00006512,0.40446,0.02591
00006513,0.98919,0.08927
00006514,0.25795,0.04028
00006515,1.26304,0.10714
00006516,0.84849,0.09408
00006517,0.45830,0.03648
00006518,0.39932,0.04894
00006519,0.34609,0.03848
00006520,0.34002,0.03086
00006521,0.31179,0.03524
00006522,0.69615,0.05219
00006523,0.65168,0.05537
00006524,0.60761,0.10910
00006525,0.33675,0.03249
00006526,0.45523,0.04668
00006527,0.88853,0.07755
00006528,2.23208,0.44145
00006529,1.04857,0.14000
00006530,0.93710,0.09061
00006531,0.58298,0.03315
00006532,0.36182,0.02946
00006533,0.72491,0.06167
00006534,0.20213,0.03035
00006535,1.28638,0.13104
00006536,0.69544,0.05835
00006537,0.72245,0.08437
00006538,0.52928,0.05098
00006539,1.10213,0.07711
00006540,1.57129,0.20395
00006541,0.51722,0.03463
00006542,0.60340,0.04941
00006543,0.44856,0.03351
00006544,0.70479,0.05010
00006545,0.25340,0.04328
00006546,0.41319,0.03083
00006547,0.30355,0.03344
00006548,0.68832,0.14344
00006549,0.69950,0.08590
00006550,0.72944,0.06477
00006551,0.79168,0.05628
00006552,2.68570,0.40321
00006553,1.15667,0.10336
00006554,0.93374,0.15309
00006555,0.65440,0.06596
00006556,0.61385,0.04207
00006557,1.15726,0.19477
00006558,0.65683,0.05466
00006559,1.20530,0.15971
00006560,0.46310,0.05902
00006561,0.22805,0.05485
00006562,1.24691,0.12039
00006563,0.31713,0.03038
00006564,0.60603,0.03745
00006565,0.75961,0.04667
00006566,0.67211,0.05582
00006567,0.48653,0.04720
00006568,0.51763,0.06262
00006569,0.22958,0.02533
00006570,0.59103,0.03618
00006571,0.45028,0.02329
00006572,1.41063,0.19510
00006573,0.59630,0.05332
00006574,0.53719,0.04539
00006575,0.56084,0.06290
00006576,0.77834,0.10523
00006577,0.66027,0.05467
00006578,0.82561,0.07631
00006579,1.15471,0.10446
00006580,1.05183,0.07424
00006581,1.10365,0.21108
00006582,0.28493,0.03952
00006584,0.75055,0.12268
00006585,0.88419,0.06750
00006586,0.42299,0.03328
00006587,0.70275,0.05220
00006588,0.74640,0.06525
00006589,0.27351,0.03494
00006590,0.67546,0.07851
00006591,0.64990,0.06215
00006592,0.94561,0.06808
00006593,1.19305,0.21393
00006594,0.91674,0.09103
00006595,0.56754,0.03414
00006596,0.53252,0.03243
00006597,0.38613,0.03152
00006598,1.40692,0.27462
00006599,0.18468,0.02956
00006600,0.79241,0.14662
00006601,0.35930,0.04047
00006602,0.42179,0.06149
00006603,0.64470,0.13695
00006604,0.44110,0.04246
00006605,0.24145,0.03944
00006606,0.67345,0.03564
00006607,0.44394,0.03511
00006608,0.60836,0.05786
00006609,1.27315,0.10507
00006610,0.48732,0.04575
00006611,0.38257,0.03623
00006612,0.36563,0.03913
00006613,0.53291,0.03338
00006614,2.08058,0.35819
00006615,0.65233,0.04663
00006616,0.34972,0.05272
00006617,1.05786,0.08206
00006618,0.32444,0.03761
00006619,0.24669,0.02479
00006620,0.44700,0.06848
00006621,0.37304,0.02515
00006622,0.33781,0.03381
00006623,0.21941,0.02747
00006624,0.62386,0.04599
00006625,0.76859,0.05525
00006626,0.54117,0.07984
00006627,0.46722,0.03347
00006628,1.02710,0.11120
00006629,0.46473,0.04274
00006630,1.06918,0.09140
00006631,0.85305,0.24986
00006632,0.48009,0.04708
00006633,0.56777,0.04760
00006634,0.53749,0.04661
00006635,0.34538,0.03322
00006636,0.50468,0.03387
00006637,1.24105,0.15814
00006638,0.60058,0.03829
00006639,1.08154,0.12727
00006640,0.62268,0.05487
00006641,1.41508,0.13477
00006642,0.38832,0.02270
00006643,0.97463,0.07461
00006644,0.72256,0.07001
00006645,1.38391,0.18939
00006646,1.00076,0.12707
00006647,1.70282,0.24283
00006648,0.57505,0.03980
00006649,0.29056,0.03762
00006650,0.30269,0.03901
00006651,0.83616,0.07514
00006652,0.40965,0.02736
00006653,1.55975,0.18939
00006654,0.48258,0.03978
00006655,0.54987,0.03442
00006656,0.32357,0.06184
00006657,0.30175,0.02800
00006658,0.25725,0.03146
00006659,0.40317,0.03861
00006660,1.17306,0.13045
00006661,0.31258,0.02338
00006662,0.49420,0.07714
00006663,0.33690,0.02837
00006664,0.74774,0.07853
00006665,0.68411,0.11720
00006666,0.73118,0.04335
00006667,1.06645,0.11027
00006668,1.11813,0.08729
00006669,1.21052,0.17827
00006670,0.66344,0.05420
00006671,0.79390,0.07678
00006672,0.30581,0.03883
00006673,0.24509,0.05042
00006674,0.37167,0.02948
00006675,0.28432,0.18012
00006676,0.22728,0.02874
00006677,0.29045,0.02331
00006678,0.56343,0.05588
00006679,0.50861,0.02887
00006680,1.16967,0.12948
00006681,2.02981,0.34404
00006682,0.65807,0.05435
00006683,0.99193,0.18282
00006684,0.24821,0.03125
00006685,0.35243,0.03287
00006686,0.40230,0.05159
00006687,0.83498,0.06765
00006688,0.68221,0.05247
00006689,1.04593,0.07448
00006690,0.43816,0.04397
00006691,1.00610,0.17873
00006692,0.57838,0.03657
00006693,0.63664,0.05736
00006694,0.82670,0.05349
00006695,1.20831,0.12764
00006696,0.56312,0.04882
00006697,0.91072,0.12110
00006698,0.46642,0.04701
00006699,0.33231,0.03573
00006700,0.69093,0.06890
00006701,0.47933,0.04185
00006702,0.78525,0.06495
00006703,0.37456,0.02917
00006704,0.22378,0.02660
00006705,0.22893,0.02666
00006706,0.74798,0.10615
00006707,1.55670,0.21195
00006708,0.44054,0.02738
00006709,0.88002,0.25588
00006710,0.72922,0.07899
00006711,1.21773,0.20451
00006712,1.53609,0.17594
00006713,0.59633,0.04155
00006714,0.52528,0.04574
00006715,1.57241,0.19122
00006716,0.70098,0.04773
00006717,0.66221,0.04558
00006718,0.55156,0.04042
00006719,1.61382,0.20661
00006720,0.70592,0.08748
00006721,0.44009,0.03583
00006722,1.84428,0.39362
00006723,0.81245,0.11257
00006724,0.37816,0.04483
00006725,1.84584,0.23366
00006726,2.18508,0.35650
00006727,1.28849,0.13943
00006728,0.31847,0.03407
00006729,1.02493,0.12122
00006730,0.62821,0.03596
00006731,0.55214,0.10392
00006732,1.30380,0.10497
00006733,1.12083,0.11574
00006734,2.07509,0.27985
00006735,1.09240,0.20878
00006736,0.22923,0.03759
00006737,0.89224,0.05712
00006738,0.64004,0.05545
00006739,0.27482,0.03085
00006740,0.98148,0.09207
00006741,0.99213,0.12793
00006742,0.70613,0.06318
00006743,1.43095,0.13478
00006744,0.41430,0.02306
00006745,0.29543,0.03271
00006746,0.61165,0.05396
00006747,1.45080,0.15850
00006748,0.98516,0.12086
00006749,0.38937,0.03058
00006750,0.55297,0.04147
00006751,0.77867,0.08558
00006752,0.64064,0.06100
00006753,0.40640,0.02849
00006754,1.00038,0.11457
00006755,0.37189,0.03059
00006756,0.81339,0.06035
00006757,0.57112,0.05200
00006758,0.94762,0.12673
00006759,0.31611,0.02992
00006760,0.99360,0.15933
00006761,0.47276,0.04129
00006762,0.58619,0.09489
00006763,0.19587,0.02641
00006764,0.39159,0.03309
00006765,0.30537,0.04239
00006766,1.97043,0.28179
00006767,2.93546,0.40810
00006768,1.20876,0.09357
00006769,0.45739,0.03190
00006770,0.42158,0.05707
00006771,1.39905,0.16491
00006772,1.04106,0.10050
00006773,1.56952,0.22744
00006774,1.54296,0.28894
00006775,0.38815,0.02944
00006776,0.30936,0.02807
00006777,0.45530,0.02661
00006778,0.81581,0.05858
00006779,1.34170,0.11799
00006780,0.52109,0.05236
00006781,0.92964,0.07929
00006782,0.61579,0.04654
00006783,0.44316,0.02565
00006784,2.03258,0.31300
00006785,1.00572,0.07352
00006786,0.22448,0.09461
00006787,0.77451,0.06628
00006788,1.27162,0.11863
00006789,0.45323,0.04812
00006790,0.84328,0.05983
00006791,0.62149,0.06858
00006792,0.49755,0.03923
00006793,0.75480,0.08023
00006794,0.60618,0.05381
00006795,0.40568,0.04620
00006796,0.61137,0.03947
00006797,0.70799,0.05274
00006798,1.55779,0.22759
00006799,0.23129,0.03008
00006800,0.47252,0.03440
00006801,0.37128,0.03803
00006802,0.57684,0.04599
00006803,1.05616,0.26566
00006804,0.65186,0.05317
00006805,1.52561,0.23971
00006806,0.33427,0.02877
00006807,0.78793,0.05258
00006808,0.59274,0.05230
00006809,0.74699,0.06188
00006810,1.09345,0.12009
00006811,1.76461,0.53755
00006812,0.36488,0.03526
00006813,0.69139,0.05044
00006814,0.72076,0.04733
00006815,0.18653,0.04038
00006816,1.01452,0.08526
00006817,0.83042,0.09971
00006818,1.32677,0.11206
00006819,1.23065,0.12275
00006820,1.23874,0.17196
00006821,1.42747,0.18903
00006822,0.35489,0.05178
00006823,0.41858,0.03474
00006824,1.31601,0.13503
00006825,0.53442,0.04357
00006826,0.69475,0.05320
00006827,0.93780,0.06403
00006828,1.32092,0.13381
00006829,1.96700,0.25736
00006830,0.42695,0.05623
00006831,1.91762,0.26759
00006832,0.35849,0.02275
00006833,0.43398,0.03945
00006834,0.43202,0.03681
00006835,1.86814,0.29218
00006836,0.41747,0.04381
00006837,0.78613,0.08112
00006838,0.98961,0.13990
00006839,0.45862,0.04896
00006840,0.99111,0.09242
00006841,0.62071,0.05709
00006842,0.29272,0.03263
00006843,1.40218,0.14367
00006844,0.48888,0.04051
00006845,0.32913,0.03087
00006846,1.30146,0.13577
00006847,0.34629,0.02870
00006848,1.29066,0.10287
00006849,0.87715,0.08656
00006850,0.78882,0.07484
00006851,0.98827,0.16843
00006852,0.41819,0.09093
00006853,0.35914,0.03416
00006854,0.98098,0.07484
00006855,0.26471,0.04254
00006856,0.36893,0.04617
00006857,1.20429,0.17253
00006858,0.66418,0.06314
00006859,0.22462,0.03508
00006860,0.33462,0.02823
00006861,0.62987,0.04281
00006862,0.52385,0.04031
00006863,0.80128,0.07107
00006864,0.64499,0.05020
00006865,1.50493,0.20092
00006866,0.27008,0.02564
00006867,1.01094,0.06521
00006868,0.38241,0.02426
00006869,0.88628,0.09872
00006870,0.23279,0.02763
00006871,1.10662,0.11070
00006872,0.86439,0.09483
00006873,0.62127,0.05527
00006874,0.25878,0.02744
00006875,0.55616,0.05278
00006876,0.55168,0.03020
00006877,0.38755,0.02376
00006878,0.95705,0.18262
00006879,1.21664,0.10992
00006880,0.58410,0.03894
00006881,0.51523,0.03646
00006882,0.55762,0.05749
00006883,0.65632,0.04822
00006884,0.48831,0.04259
00006885,1.18671,0.10300
00006886,0.66802,0.05334
00006887,0.83890,0.06502
00006888,0.87015,0.10097
00006889,0.69901,0.06250
00006890,0.36387,0.02444
00006891,0.43943,0.03380
00006892,0.60679,0.06767
00006893,0.59166,0.03793
00006894,0.31934,0.02525
00006895,0.38784,0.03103
00006896,0.51721,0.07827
00006897,0.60461,0.05116
00006898,0.88685,0.19120
00006899,0.62069,0.06860
00006900,0.66817,0.05747
00006901,0.61868,0.06034
00006902,0.87605,0.07629
00006903,0.99178,0.09290
00006904,0.45135,0.06950
00006905,0.58486,0.24818
00006906,1.09302,0.09802
00006907,0.56929,0.05266
00006908,0.66809,0.12235
00006909,0.72394,0.10416
00006910,0.34947,0.05765
00006911,0.31300,0.02694
00006912,0.95825,0.06217
00006913,0.42331,0.04403
00006914,1.98583,0.32580
00006915,1.50534,0.22404
00006916,0.67604,0.08175
00006917,1.08776,0.09031
00006918,0.23355,0.03115
00006919,0.67144,0.04824
00006920,1.49510,0.17127
00006921,0.40998,0.03968
00006922,1.18952,0.14565
00006923,0.42133,0.03046
00006924,1.26220,0.12496
00006925,0.21880,0.03205
00006926,0.79644,0.05874
00006927,0.43564,0.03585
00006928,1.08761,0.10292
00006929,0.43626,0.03253
00006930,0.75694,0.10649
00006931,0.73125,0.07989
00006932,0.66638,0.05535
00006933,0.82542,0.07104
00006934,0.27451,0.03593
00006935,0.56489,0.03653
00006936,0.47331,0.04401
00006937,0.61237,0.06932
00006938,0.86451,0.09010
00006939,1.62102,0.21740
00006940,1.82545,0.29580
00006941,0.52810,0.03222
00006942,0.80855,0.06334
00006943,0.43377,0.03741
00006944,0.36840,0.03660
00006945,0.58771,0.04583
00006946,1.03833,0.08459
00006947,2.33079,0.38371
00006948,0.56006,0.04878
00006949,0.46613,0.03314
00006950,1.20975,0.11524
00006951,1.50106,0.20124
00006952,1.16102,0.22158
00006953,0.40950,0.03083
00006954,0.25329,0.02426
00006955,1.52042,0.23074
00006956,1.83460,0.22004
00006957,0.48812,0.04811
00006958,1.36507,0.13283
00006959,0.32275,0.03521
00006960,0.38932,0.02854
00006961,0.32981,0.02464
00006962,0.78453,0.09111
00006963,0.85403,0.07625
00006964,1.22352,0.17342
00006965,0.89011,0.07609
00006966,0.99614,0.09785
00006967,1.31092,0.10306
00006968,0.51130,0.03271
00006969,0.42052,0.03092
00006970,1.38730,0.12397
00006971,0.52141,0.07263
00006972,0.99160,0.15776
00006973,0.23856,0.03235
00006974,0.81076,0.08358
00006975,0.39810,0.03057
00006976,0.55477,0.04653
00006977,0.41316,0.09617
00006978,1.39558,0.16314
00006979,0.36284,0.02482
00006980,0.85858,0.16609
00006981,0.30589,0.03574
00006982,1.03105,0.09875
00006983,0.44623,0.03420
00006984,0.24877,0.03037
00006985,0.62671,0.06067
00006986,0.29365,0.05235
00006987,0.48359,0.03718
00006988,0.38196,0.03630
00006989,1.13666,0.08354
00006990,0.61157,0.04702
00006991,0.63720,0.06562
00006992,1.88106,0.77362
00006993,0.34799,0.03816
00006994,0.54666,0.05669
00006995,0.83626,0.08798
00006996,0.31280,0.02520
00006997,0.85395,0.07843
00006998,1.80485,0.24287
00006999,0.76905,0.08945
00007000,0.85502,0.13928
00007001,0.57007,0.04278
00007002,0.86760,0.05417
00007003,0.18369,0.02941
00007004,0.66458,0.05670
00007005,0.67871,0.04775
00007006,1.21492,0.10358
00007007,1.60265,0.16944
00007008,0.35571,0.03672
00007009,0.50360,0.04991
00007010,0.58875,0.04621
00007011,0.44912,0.06123
00007012,0.60700,0.07469
00007013,0.18122,0.02622
00007014,0.54867,0.05556
00007015,0.41303,0.03150
00007016,0.41082,0.02530
00007017,0.53213,0.03405
00007018,1.17640,0.15189
00007019,0.74263,0.13453
00007020,0.88032,0.06141
00007021,0.26328,0.03238
00007022,0.58267,0.03850
00007023,0.57026,0.03842
00007024,0.46604,0.04478
00007025,1.24100,0.11427
00007026,0.45877,0.04398
00007027,0.92349,0.09634
00007028,0.25365,0.03099
00007029,0.37991,0.04648
00007030,0.52151,0.04790
00007031,1.16312,0.28280
00007032,0.30116,0.02001
00007033,0.70318,0.04604
00007034,0.35269,0.04359
00007035,0.49699,0.03220
00007036,0.75531,0.45524
00007037,0.33036,0.03121
00007038,0.96980,0.08242
00007039,1.15888,0.08979
00007040,0.36858,0.02886
00007041,0.84249,0.06354
00007042,0.48676,0.05025
00007043,0.52184,0.05484
00007044,2.40478,0.49463
00007045,0.61235,0.04584
00007046,0.38329,0.05170
00007047,0.91514,0.13019
00007048,0.35760,0.02764
00007049,0.98393,0.06682
00007050,0.70154,0.06099
00007051,0.82247,0.08047
00007052,1.34030,0.22870
00007053,0.66501,0.03836
00007054,0.33225,0.02963
00007055,1.65087,0.36584
00007056,1.25921,0.11881
00007057,0.54607,0.03176
00007058,0.56306,0.03887
00007059,0.79355,0.06214
00007060,1.23868,0.14898
00007061,0.52068,0.03960
00007062,1.01460,0.10939
00007063,0.34100,0.03055
00007064,0.83442,0.04920
00007065,0.34135,0.02853
00007066,0.91462,0.11719
00007067,0.90498,0.07082
00007068,1.05892,0.08218
00007069,1.01670,0.09618
00007070,0.37355,0.02652
00007071,0.74319,0.05968
00007072,1.76231,0.23705
00007073,0.69617,0.05268
00007074,0.35623,0.02788
00007075,0.40234,0.02883
00007076,0.40737,0.06359
00007077,0.37823,0.02905
00007078,0.52739,0.05006
00007079,0.46866,0.09507
00007080,0.58869,0.04026
00007081,0.62584,0.03533
00007082,0.98839,0.10797
00007083,0.49245,0.07968
00007084,0.61795,0.04070
00007085,1.16128,0.12800
00007086,1.25192,0.15541
00007087,0.47764,0.05251
00007088,0.39773,0.03079
00007089,0.27495,0.03265
00007090,1.79221,0.25535
00007091,1.89339,0.28206
00007092,0.95511,0.10636
00007093,1.07584,0.07350
00007094,0.48910,0.03941
00007095,0.53708,0.05376
00007096,2.57487,0.53747
00007097,0.68329,0.07398
00007098,0.51691,0.03524
00007099,0.68716,0.07583
00007100,0.63744,0.04637
00007101,0.37249,0.03181
00007102,0.57514,0.06056
00007103,0.37378,0.47227
00007104,1.24284,0.13759
00007105,0.33743,0.03060
00007106,0.68853,0.05605
00007107,0.70216,0.05801
00007108,0.49519,0.04318
00007109,0.60419,0.15200
00007110,1.01896,0.06269
00007111,0.35356,0.04520
00007112,0.91821,0.09668
00007113,0.63701,0.05112
00007114,0.95086,0.06586
00007115,0.46582,0.03995
00007116,0.31695,0.02568
00007117,0.84070,0.07152
00007118,0.48930,0.04033
00007119,0.23943,0.02514
00007120,0.38356,0.04271
00007121,0.78138,0.05639
00007122,0.45794,0.02847
00007123,0.83028,0.15921
00007124,1.31441,0.14280
00007125,0.58421,0.05862
00007126,0.43527,0.03662
00007127,0.38642,0.03361
00007128,0.29867,0.08087
00007129,0.55016,0.03664
00007130,0.51529,0.04663
00007131,0.55366,0.03563
00007132,2.62985,0.51022
00007133,0.66786,0.03649
00007134,0.47634,0.09547
00007135,0.25301,0.06584
00007136,2.40354,0.33406
00007137,0.64435,0.04190
00007138,1.98600,0.28841
00007139,1.03491,0.12035
00007140,0.86977,0.09214
00007141,1.15589,0.09471
00007142,0.60788,0.06235
00007143,0.61711,0.03849
00007144,0.51121,0.05863
00007145,0.80714,0.05861
00007146,0.44736,0.05764
00007147,1.66866,0.19531
00007148,1.41268,0.36046
00007149,0.23633,0.03246
00007150,0.30766,0.02442
00007151,0.70162,0.10901
00007152,0.58672,0.04196
00007153,0.24921,0.04035
00007154,0.44328,0.04375
00007155,0.84855,0.07587
00007156,0.42741,0.04078
00007157,0.35861,0.03782
00007158,0.53927,0.04116
00007159,0.92641,0.07258
00007160,0.21127,0.04723
00007161,0.80243,0.09116
00007162,0.74444,0.06458
00007163,0.40003,0.04190
00007164,0.48339,0.04073
00007165,0.94702,0.07067
00007166,0.82071,0.07863
00007167,1.63546,0.26614
00007168,1.94070,0.33397
00007169,0.67142,0.06656
00007170,2.96830,0.41074
00007171,0.73844,0.08433
00007172,0.61610,0.04887
00007173,0.55227,0.03513
00007174,0.29070,0.02717
00007175,0.24744,0.03262
00007176,0.53258,0.03097
00007177,0.46568,0.05321
00007178,1.40111,0.13305
00007179,0.53105,0.03579
00007180,0.54664,0.05520
00007181,1.00042,0.08480
00007182,1.12882,0.10067
00007183,0.69303,0.09135
00007184,0.52971,0.03711
00007185,0.70730,0.05548
00007186,2.08705,0.29120
00007187,0.70358,0.05034
00007188,0.28997,0.03672
00007189,0.37427,0.03385
00007190,0.61535,0.05677
00007191,0.47955,0.03487
00007192,1.19222,0.17796
00007193,0.53111,0.03258
00007194,0.58611,0.04328
00007195,0.49564,0.05957
00007196,0.87022,0.07168
00007197,1.31644,0.12357
00007198,0.39483,0.03760
00007199,0.62017,0.06204
00007200,0.66675,0.06238
00007201,1.66879,0.20949
00007202,1.25918,0.12688
00007203,0.84858,0.07265
00007204,1.60432,0.18868
00007205,0.83900,0.18290
00007206,1.67247,0.20742
00007207,0.88574,0.09818
00007208,0.48548,0.04224
00007209,0.41804,0.02734
00007210,2.49004,0.40759
00007211,0.88354,0.12430
00007212,0.73540,0.12426
00007213,0.19433,0.04002
00007214,0.63631,0.04749
00007215,0.65754,0.04635
00007216,0.48036,0.03653
00007217,0.42368,0.02908
00007218,0.63872,0.03622
00007219,0.19004,0.02672
00007220,0.36696,0.03743
00007221,0.59393,0.06181
00007222,0.45983,0.03858
00007223,0.60769,0.04120
00007224,0.84203,0.08571
00007225,0.46561,0.02940
00007226,0.81752,0.22817
00007227,0.40988,0.03255
00007228,1.01232,0.07879
00007229,0.42441,0.04004
00007230,0.40190,0.05928
00007231,0.69127,0.05147
00007232,0.60919,0.04793
00007233,2.88057,0.53303
00007234,0.47030,0.04089
00007235,0.71038,0.08740
00007236,0.91094,0.10092
00007237,0.47445,0.03106
00007238,0.58578,0.06593
00007239,0.49311,0.05054
00007240,0.72331,0.05680
00007241,0.47728,0.03607
00007242,0.42214,0.03410
00007243,0.40014,0.02661
00007244,0.34755,0.03278
00007245,0.72388,0.05258
00007246,0.56705,0.04739
00007247,0.61534,0.04358
00007248,0.40526,0.04872
00007249,0.73492,0.05946
00007250,1.16265,0.09187
00007251,0.65750,0.05671
00007252,0.25175,0.02291
00007253,0.43683,0.03177
00007254,0.92306,0.10474
00007255,0.96247,0.09364
00007256,0.45757,0.05374
00007257,0.52525,0.06839
00007258,1.30963,0.23963
00007259,0.32100,0.03348
00007260,1.23986,0.10850
00007261,0.40256,0.10313
00007262,0.39918,0.03127
00007263,0.89471,0.09015
00007264,0.33421,0.02227
00007265,0.35417,0.03237
00007266,0.66798,0.07415
00007267,0.90770,0.09401
00007268,0.41290,0.03063
00007269,0.61795,0.06117
00007270,1.36277,0.13866
00007271,0.32742,0.04073
00007272,1.92306,0.23898
00007273,1.49499,0.19428
00007274,0.44130,0.02957
00007275,0.38387,0.07331
00007276,0.45426,0.03897
00007277,0.62666,0.05437
00007278,1.74507,0.33366
00007279,0.49908,0.05654
00007280,1.16952,0.11611
00007281,0.70247,0.05939
00007282,1.28540,0.12163
00007283,2.60819,0.38695
00007284,0.74453,0.05237
00007285,0.59299,0.04779
00007286,0.64609,0.05331
00007287,0.27827,0.04301
00007288,0.79036,0.09847
00007289,1.13832,0.13161
00007290,0.61574,0.05108
00007291,0.31921,0.02503
00007292,0.78921,0.15273
00007293,1.23866,0.09995
00007294,0.81780,0.12097
00007295,0.51531,0.04154
00007296,1.09333,0.14079
00007297,0.69159,0.07422
00007298,0.53991,0.03488
00007299,0.51423,0.09656
00007300,2.34361,0.32308
00007301,0.86464,0.07766
00007302,0.32850,0.02962
00007303,0.83750,0.11419
00007304,0.98164,0.12593
00007305,0.39811,0.03096
00007306,1.08438,0.07962
00007307,0.90649,0.07618
00007308,0.39381,0.04824
00007309,0.58185,0.04627
00007310,0.72451,0.07922
00007311,0.71829,0.06246
00007312,1.17171,0.12228
00007313,0.62607,0.06236
00007314,0.70703,0.04657
00007315,0.72149,0.08199
00007316,1.09822,0.10062
00007317,0.33509,0.06926
00007318,0.63608,0.06348
00007319,0.48114,0.03282
00007320,0.96206,0.15491
00007321,1.30985,0.16958
00007322,0.24550,0.03311
00007323,0.55296,0.05207
00007324,0.45997,0.04403
00007325,0.70095,0.06343
00007326,0.38808,0.03584
00007327,0.42022,0.07696
00007328,0.87741,0.07332
00007329,1.00229,0.06888
00007330,0.77760,0.07205
00007331,0.59908,0.04927
00007332,0.44117,0.03844
00007333,0.97055,0.09032
00007334,1.12570,0.08595
00007335,1.27786,0.16277
00007336,1.40939,0.18145
00007337,0.44987,0.03743
00007338,1.02743,0.25871
00007339,0.57924,0.03871
00007340,0.44611,0.07131
00007341,0.55938,0.03668
00007342,0.52035,0.03057
00007343,0.66311,0.06170
00007344,0.61553,0.03827
00007345,0.60746,0.05125
00007346,0.88331,0.07262
00007347,0.46239,0.03496
00007348,0.58648,0.04690
00007349,0.41540,0.04158
00007350,0.29739,0.02402
00007351,0.51388,0.02924
00007352,0.51407,0.03445
00007353,0.46902,0.03586
00007354,0.40845,0.02367
00007355,0.34416,0.02750
00007356,1.33044,0.13041
00007357,0.47761,0.03866
00007358,2.21726,0.26831
00007359,0.48603,0.03592
00007360,0.48039,0.05102
00007361,0.50043,0.04852
00007362,0.83133,0.05780
00007363,0.35780,0.04517
00007364,0.39998,0.04541
00007365,0.90728,0.10050
00007366,0.95810,0.16933
00007367,0.57998,0.05914
00007368,0.59666,0.04765
00007369,0.42242,0.03038
00007370,0.28254,0.02522
00007371,0.47843,0.03264
00007372,0.71685,0.07103
00007373,1.69617,0.30130
00007374,0.70930,0.05990
00007375,1.33321,0.12813
00007376,0.55384,0.03558
00007377,0.62192,0.05593
00007378,0.67809,0.04945
00007379,0.70556,0.03801
00007380,0.84557,0.09842
00007381,1.64026,0.32479
00007382,1.01525,0.06974
00007383,1.24724,0.29609
00007384,0.44435,0.03456
00007385,0.56782,0.08751
00007386,0.38085,0.03116
00007387,1.19946,0.15901
00007388,0.41713,0.03249
00007389,1.24010,0.10739
00007390,0.52139,0.03845
00007391,0.52123,0.05446
00007392,0.65425,0.18432
00007393,0.23611,0.03636
00007394,0.70015,0.04882
00007395,0.54924,0.08115
00007396,0.37394,0.04404
00007397,0.45822,0.02758
00007398,0.27228,0.03723
00007399,0.99981,0.11697
00007400,0.53307,0.04075
00007401,1.34405,0.21416
00007402,1.58494,0.28245
00007403,0.21803,0.02922
00007404,2.21578,0.32347
00007405,0.25872,0.02499
00007406,1.03776,0.06990
00007407,0.23118,0.02278
00007408,3.02930,0.48197
00007409,0.41524,0.03944
00007410,0.28545,0.03995
00007411,0.66733,0.05167
00007412,0.63725,0.06775
00007413,0.28723,0.02676
00007414,0.23399,0.02852
00007415,0.59599,0.04553
00007416,0.24429,0.03090
00007417,0.67122,0.07587
00007418,0.62462,0.09810
00007419,0.94632,0.08549
00007420,0.46162,0.03317
00007421,0.99495,0.10261
00007422,1.45727,0.18937
00007423,0.77320,0.07838
00007424,0.41555,0.03348
00007425,0.46842,0.04792
00007426,0.63858,0.04139
00007427,2.52234,0.36143
00007428,0.69514,0.06579
00007429,0.31693,0.02872
00007430,1.31651,0.11157
00007431,0.27227,0.02639
00007432,0.39046,0.02549
00007433,0.24434,0.03072
00007434,1.15709,0.09809
00007435,1.43908,0.18793
00007436,1.69619,0.69412
00007437,1.70337,0.22544
00007438,0.91373,0.26020
00007439,0.58419,0.03895
00007440,0.85661,0.10727
00007441,0.92547,0.10784
00007442,1.22195,0.19409
00007443,0.33091,0.02957
00007444,0.21309,0.02801
00007445,0.65973,0.07695
00007446,1.70290,0.27993
00007447,0.27058,0.02980
00007448,0.69416,0.12717
00007449,0.87303,0.07002
00007450,0.36214,0.05043
00007451,1.11005,0.11949
00007452,0.44968,0.02854
00007453,0.50149,0.03751
00007454,0.59490,0.08462
00007455,1.19139,0.09967
00007456,0.61785,0.05542
00007457,0.46343,0.02708
00007458,0.49231,0.03484
00007459,1.79743,0.26075
00007460,0.85198,0.10418
00007461,0.24826,0.06962
00007462,0.49137,0.06060
00007463,0.67796,0.06205
00007464,0.38266,0.03411
00007465,0.71940,0.04564
00007466,0.67969,0.08489
00007467,0.42818,0.02556
00007468,1.05456,0.13834
00007469,0.44955,0.03620
00007470,0.71547,0.12713
00007471,0.41159,0.02703
00007472,0.78950,0.04600
00007473,0.66888,0.04714
00007474,1.05611,0.08511
00007475,0.40701,0.04483
00007476,1.15678,0.13165
00007477,0.73018,0.08231
00007478,0.82680,0.08710
00007479,0.24273,0.02469
00007480,0.41120,0.03045
00007481,0.57944,0.03768
00007482,1.31745,0.15213
00007483,0.27994,0.02044
00007484,0.38293,0.02544
00007485,0.92410,0.06608
00007486,1.26920,0.10544
00007487,0.65462,0.05438
00007488,0.93766,0.08726
00007489,0.44325,0.03027
00007490,0.53062,0.03680
00007491,0.48026,0.04742
00007492,0.44261,0.05047
00007493,0.48983,0.08406
00007494,0.73414,0.04226
00007495,0.64810,0.05309
00007496,0.87472,0.05688
00007497,0.38852,0.03383
00007498,1.02980,0.10350
00007499,0.54859,0.03955
00007500,0.65317,0.04050
00007501,1.16377,0.12010
00007502,0.26805,0.02751
00007503,1.74669,0.25269
00007504,0.31510,0.03230
00007505,0.41741,0.03109
00007506,1.22049,0.12282
00007507,0.34584,0.02256
00007508,0.53800,0.04082
00007509,0.20835,0.04511
00007510,1.23374,0.11438
00007511,0.22155,0.02784
00007512,0.65388,0.06968
00007513,0.80304,0.09061
00007514,1.62123,0.16744
00007515,0.77001,0.08216
00007516,0.27834,0.02418
00007517,0.39428,0.04962
00007518,1.54835,0.26060
00007519,0.59272,0.05996
00007520,0.58842,0.04952
00007521,0.69471,0.07530
00007522,0.51456,0.05793
00007523,0.59357,0.04442
00007524,0.42012,0.03119
00007525,0.30242,0.02313
00007526,0.22843,0.02840
00007527,0.52433,0.02901
00007528,0.77241,0.06747
00007529,0.78800,0.05697
00007530,0.52177,0.04699
00007531,0.72986,0.06336
00007532,0.70797,0.04524
00007533,0.30989,0.04040
00007534,0.55068,0.04429
00007535,1.03779,0.09827
00007536,0.71362,0.05661
00007537,0.49734,0.04829
00007538,1.10493,0.09537
00007539,0.54183,0.05275
00007540,1.22183,0.11725
00007541,1.26034,0.30255
00007542,0.51294,0.03101
00007543,0.47612,0.03466
00007544,1.77896,0.25897
00007545,0.80500,0.09173
00007546,0.66360,0.04043
00007547,0.55563,0.04261
00007548,1.10443,0.10400
00007549,0.54241,0.06662
00007550,0.74578,0.08572
00007551,0.53278,0.04438
00007552,0.36940,0.03536
00007553,0.52061,0.04282
00007554,0.39081,0.03433
00007555,0.99775,0.15069
00007556,0.67680,0.04161
00007557,0.74254,0.08245
00007558,0.51595,0.03522
00007559,1.19005,0.11191
00007560,0.43136,0.12486
00007561,0.86029,0.07389
00007562,1.94217,0.44072
00007563,0.32427,0.02846
00007564,0.50873,0.04845
00007565,0.99514,0.10988
00007566,1.65780,0.17160
00007567,1.52552,0.15149
00007568,0.63596,0.05536
00007569,1.11546,0.10339
00007570,0.68385,0.05736
00007571,0.66852,0.06487
00007572,0.34013,0.04351
00007573,1.18169,0.09226
00007574,0.71962,0.06701
00007575,0.72781,0.08335
00007576,1.54335,0.17000
00007577,1.80190,0.20799
00007578,0.92796,0.10747
00007579,0.39078,0.03503
00007580,0.87053,0.09636
00007581,0.60319,0.03851
00007582,0.49492,0.05032
00007583,0.58440,0.04543
00007584,0.33846,0.04733
00007585,0.64043,0.04454
00007586,1.11549,0.08964
00007587,1.13177,0.30630
00007588,0.65854,0.05583
00007589,0.17446,0.02544
00007590,0.74361,0.05720
00007591,1.02231,0.07573
00007592,0.88784,0.09410
00007593,0.74898,0.08661
00007594,1.59197,0.24432
00007595,2.33861,0.39385
00007596,0.29021,0.02366
00007597,1.66390,0.62373
00007598,0.33502,0.05353
00007599,0.26706,0.03181
00007600,0.43404,0.03357
00007601,0.50655,0.05682
00007602,0.38133,0.03647
00007603,0.73632,0.06786
00007604,1.47941,0.32695
00007605,0.69694,0.06605
00007606,0.47878,0.05455
00007607,0.37685,0.03427
00007608,2.62126,0.82734
00007609,0.52052,0.04299
00007610,1.71650,0.20448
00007611,0.79408,0.06982
00007612,0.37456,0.02810
00007613,0.48474,0.04034
00007614,1.08963,0.11304
00007615,0.42737,0.04206
00007616,1.79346,0.22709
00007617,0.82511,0.06837
00007618,0.16867,0.04212
00007619,1.41895,0.16998
00007620,0.50237,0.03177
00007621,0.39400,0.05574
00007622,0.45905,0.03792
00007623,0.53442,0.05760
00007624,1.18473,0.14902
00007625,1.07195,0.18735
00007626,0.64552,0.03844
00007627,0.47853,0.04021
00007628,0.70482,0.05402
00007629,0.55204,0.03371
00007630,1.68724,0.22054
00007631,0.68512,0.06476
00007632,1.91615,0.25475
00007633,0.42284,0.03466
00007634,0.31873,0.03255
00007635,0.22624,0.02697
00007636,0.79392,0.07851
00007637,1.41288,0.19180
00007638,0.50006,0.04542
00007639,0.75367,0.05063
00007640,0.30520,0.02511
00007641,0.70854,0.06470
00007642,0.77904,0.07150
00007643,0.35459,0.03495
00007644,0.17813,0.02539
00007645,0.61742,0.05404
00007646,0.34018,0.02622
00007647,0.59995,0.04333
00007648,0.31013,0.04427
00007649,0.24996,0.02939
00007650,1.45024,0.28339
00007651,0.83769,0.06780
00007652,1.10219,0.09121
00007653,0.30093,0.04437
00007654,0.41491,0.02890
00007655,1.03806,0.66867
00007656,0.76169,0.06934
00007657,0.25772,0.02626
00007658,0.49138,0.06965
00007659,1.04381,0.12680
00007660,0.67516,0.06158
00007661,0.52430,0.03875
00007662,2.63397,0.34505
00007663,0.28356,0.03919
00007664,1.80461,0.23189
00007665,0.74188,0.07305
00007666,0.69078,0.04534
00007667,0.32416,0.04591
00007668,0.69165,0.05488
00007669,0.51947,0.03157
00007670,0.66130,0.04936
00007671,1.21347,0.09719
00007672,0.61935,0.04081
00007673,0.91280,0.18399
00007674,1.13336,0.08057
00007675,0.35449,0.03814
00007676,1.53932,0.17551
00007677,0.22589,0.02857
00007678,0.41187,0.03426
00007679,0.40088,0.02846
00007680,0.47523,0.03277
00007681,0.23141,0.03131
00007682,0.83365,0.12666
00007683,0.29180,0.03290
00007684,2.03752,0.25044
00007685,0.45282,0.04297
00007686,0.42725,0.27567
00007687,0.66786,0.05021
00007688,0.50305,0.03098
00007689,0.58260,0.04386
00007690,1.16368,0.09597
00007691,0.60198,0.05877
00007692,0.76557,0.73706
00007693,0.59231,0.05078
00007694,0.97532,0.10318
00007695,0.89404,0.07147
00007696,0.61346,0.03742
00007697,0.94162,0.09684
00007698,2.94531,0.42463
00007699,0.43080,0.03848
00007700,0.19412,0.02561
00007701,2.13327,0.30684
00007702,0.59612,0.06304
00007703,0.56532,0.05707
00007704,1.14008,0.10317
00007705,0.71415,0.16768
00007706,1.10229,0.09553
00007707,0.73238,0.04577
00007708,0.90550,0.09674
00007709,1.34356,0.12384
00007710,0.41344,0.03486
00007711,0.83978,0.08510
00007712,0.28263,0.02902
00007713,0.85089,0.11590
00007714,1.20238,0.12766
00007715,1.02805,0.13351
00007716,0.70239,0.07251
00007717,0.42006,0.03579
00007718,1.09859,0.09033
00007719,0.61135,0.05153
00007720,0.19660,0.02485
00007721,0.27106,0.03364
00007722,0.69160,0.04564
00007723,0.59110,0.04085
00007724,0.58608,0.04180
00007725,0.43946,0.02829
00007726,1.38119,0.19712
00007727,0.69887,0.06548
00007728,1.49338,0.15222
00007729,1.01020,0.09890
00007730,1.30602,0.24110
00007731,1.94909,0.23181
00007732,0.60023,0.04670
00007733,1.50234,0.24568
00007734,1.36862,0.14935
00007735,1.49051,0.15499
00007736,1.16791,0.10199
00007737,1.92629,0.27577
00007738,0.76256,0.09140
00007739,0.43317,0.06709
00007740,0.37632,0.07091
00007741,1.00975,0.08494
00007742,0.53934,0.04015
00007743,1.05289,0.12429
00007744,0.20933,0.04287
00007746,1.25967,0.14219
00007747,1.67280,0.23546
00007748,0.74621,0.09056
00007749,0.49064,0.03448
00007750,1.13406,0.10572
00007751,0.51223,0.05328
00007752,0.50740,0.04168
00007753,0.56637,0.06640
00007754,0.54834,0.07718
00007755,0.55558,0.03988
00007756,0.55824,0.04018
00007757,0.58966,0.05284
00007758,0.58808,0.04394
00007759,0.86532,0.06929
00007760,0.57972,0.03827
00007761,0.72509,0.08599
00007762,0.58722,0.13830
00007763,0.73687,0.08244
00007764,0.21885,0.02755
00007765,0.85286,0.08881
00007766,1.28606,0.18134
00007767,0.42216,0.03980
00007768,2.23254,0.38280
00007769,0.31015,0.22388
00007770,1.02054,0.18243
00007771,2.23738,0.41535
00007772,0.82286,0.14372
00007773,0.23600,0.02497
00007774,0.67439,0.06915
00007775,0.56125,0.07786
00007776,0.55984,0.04561
00007777,0.80307,0.08227
00007778,0.76318,0.05049
00007779,0.96440,0.18105
00007780,0.36493,0.02663
00007781,2.09161,0.32535
00007782,0.37481,0.02721
00007783,0.37955,0.05241
00007784,0.54754,0.04894
00007785,0.53057,0.04048
00007786,2.98509,0.45081
00007787,0.78972,0.10209
00007788,0.53019,0.03495
00007789,0.51429,0.04494
00007790,0.70664,0.08911
00007791,0.93650,0.11000
00007792,0.37044,0.02903
00007793,1.04038,0.57203
00007794,1.06902,0.15749
00007795,0.69216,0.05470
00007796,0.61428,0.04548
00007797,0.43672,0.04323
00007798,0.98485,0.11750
00007799,0.19034,0.03735
00007800,1.86406,0.24670
00007801,1.14992,0.11490
00007802,0.91162,0.05813
00007803,2.01806,0.67975
00007804,0.94853,0.07318
00007805,0.27377,0.02436
00007806,0.60124,0.05261
00007807,0.69120,0.05087
00007808,0.41868,0.04066
00007809,0.36893,0.02569
00007810,0.49898,0.03732
00007811,0.54008,0.03544
00007812,0.57251,0.04871
00007813,0.49611,0.07497
00007814,0.63709,0.05461
00007815,2.69179,0.39254
00007816,0.66175,0.04306
00007817,0.33770,0.03188
00007818,0.71957,0.05690
00007819,1.25842,0.12805
00007820,0.49938,0.04283
00007821,0.28625,0.03703
00007822,0.48409,0.05826
00007823,0.55398,0.05019
00007824,0.72503,0.09280
00007825,0.41338,0.04303
00007826,0.66188,0.05604
00007827,0.61736,0.05129
00007828,0.37416,0.05981
00007829,1.03504,0.07616
00007830,0.48570,0.07730
00007831,0.53519,0.03847
00007832,0.26204,0.03012
00007834,0.27547,0.04261
00007835,0.97720,0.10917
00007836,0.69973,0.11653
00007837,0.61957,0.04737
00007838,0.41711,0.03941
00007839,0.23519,0.02753
00007840,0.51782,0.04467
00007841,0.30170,0.02692
00007842,0.39475,0.03361
00007843,0.84852,0.07181
00007844,2.13910,0.37829
00007845,0.45240,0.04929
00007846,1.15348,0.15180
00007847,0.24414,0.04064
00007848,0.22460,0.02892
00007849,0.26255,0.03274
00007850,0.62313,0.06083
00007851,0.78878,0.07991
00007852,1.08141,0.08485
00007853,0.48194,0.04592
00007854,1.71884,0.20385
00007855,0.91381,0.15162
00007856,0.66120,0.05132
00007857,0.85884,0.05898
00007858,0.31634,0.03132
00007859,0.50365,0.04520
00007860,0.65181,0.06139
00007861,1.21388,0.16475
00007862,0.58959,0.05029
00007863,1.02849,0.07311
00007864,0.47073,0.05222
00007865,0.48647,0.04677
00007866,0.96731,0.09800
00007867,1.28316,0.12338
00007868,0.82576,0.08415
00007869,0.45866,0.04357
00007870,0.38229,0.02330
00007871,0.53779,0.05418
00007872,0.52556,0.04521
00007873,0.52367,0.03562
00007874,0.51745,0.05226
00007875,0.53935,0.03878
00007876,0.64593,0.06769
00007877,0.62549,0.06433
00007878,0.58440,0.03994
00007879,0.38315,0.02323
00007880,0.79365,0.09198
00007881,0.43879,0.02924
00007882,0.57511,0.10384
00007883,0.92881,0.06427
00007884,0.68995,0.06689
00007885,0.75380,0.12502
00007886,2.08926,0.27108
00007887,1.27017,0.14414
00007888,0.77842,0.09380
00007889,0.90987,0.08333
00007890,0.57657,0.03552
00007891,0.37357,0.06441
00007892,0.61681,0.04302
00007893,0.48881,0.04953
00007894,0.80518,0.09472
00007895,1.10101,0.14533
00007896,1.29253,0.11858
00007897,0.34863,0.02468
00007898,1.93462,0.21894
00007899,0.60027,0.04661
00007900,0.26413,0.02695
00007901,0.49379,0.03042
00007902,0.74104,0.08476
00007903,0.40309,0.03239
00007904,0.74869,0.06547
00007905,0.32214,0.02989
00007906,0.49418,0.05248
00007907,0.64890,0.05022
00007908,1.30475,0.24406
00007909,0.55210,0.04799
00007910,0.79818,0.08711
00007911,0.75932,0.08948
00007912,0.66487,0.06108
00007913,0.17439,0.02607
00007914,0.24408,0.02744
00007915,0.22189,0.02765
00007916,0.73334,0.06076
00007917,1.22330,0.24374
00007918,0.69829,0.04670
00007919,0.41969,0.03812
00007920,0.52760,0.04537
00007921,1.95698,0.23939
00007922,2.92165,0.50890
00007923,1.46284,0.18772
00007924,0.71762,0.04325
00007925,0.67245,0.05260
00007926,0.52057,0.05906
00007927,3.15887,0.54723
00007928,0.95205,0.08508
00007929,0.48772,0.03371
00007930,0.50103,0.03976
00007931,0.37949,0.02519
00007932,0.40974,0.05385
00007933,0.40497,0.03004
00007934,0.81599,0.08646
00007935,0.37461,0.03449
00007936,1.44137,0.33991
00007937,1.24629,0.12993
00007938,0.63524,0.05406
00007939,0.44391,0.03611
00007940,1.14171,0.11341
00007941,0.40794,0.05313
00007942,0.76364,0.06879
00007943,0.23738,0.03248
00007944,0.76536,0.10297
00007945,0.45448,0.03582
00007946,0.47918,0.03884
00007947,0.66360,0.06367
00007948,0.68097,0.04569
00007949,0.27669,0.04410
00007950,0.56231,0.03635
00007951,0.98469,0.07529
00007952,0.90610,0.09864
00007953,0.36999,0.02914
00007954,1.10161,0.07959
00007955,0.89220,0.10946
00007956,0.40636,0.03521
00007957,0.62140,0.10218
00007958,1.14767,0.09477
00007959,0.94995,0.11793
00007960,0.40444,0.04244
00007961,1.51322,0.18639
00007962,0.31834,0.08852
00007963,0.75423,0.07537
00007964,0.71723,0.05816
00007965,0.47530,0.03792
00007966,0.41041,0.03558
00007967,1.40748,0.28788
00007968,0.41225,0.04440
00007969,0.48689,0.05173
00007970,0.86536,0.10199
00007971,0.45023,0.03142
00007972,0.64220,0.06424
00007973,0.45483,0.07785
00007974,0.21759,0.20450
00007975,1.51998,0.14329
00007976,0.37285,0.03004
00007977,1.32008,0.13858
00007978,0.61326,0.04764
00007979,0.53272,0.04116
00007980,0.79015,0.06987
00007981,1.32128,0.11597
00007982,0.27216,0.04140
00007983,0.44155,0.04341
00007984,0.57414,0.04110
00007985,0.70623,0.05216
00007986,0.78910,0.06809
00007987,1.24434,0.12660
00007988,0.82212,0.09675
00007989,0.86254,0.07319
00007990,0.63607,0.05790
00007991,0.86306,0.07773
00007992,0.54512,0.08906
00007993,0.32939,0.03051
00007994,1.02745,0.09717
00007995,0.72320,0.05125
00007996,0.39407,0.04055
00007997,0.40875,0.03692
00007998,1.65315,0.31956
00007999,0.66872,0.08026
00008000,0.62819,0.04227
00008001,0.43924,0.02597
00008002,0.49940,0.05879
00008003,0.62563,0.07213
00008004,1.13718,0.09699
00008005,1.20451,0.24927
00008006,1.09372,0.11115
00008007,0.39408,0.03362
00008008,1.15171,0.11341
00008009,0.76957,0.05090
00008010,0.86168,0.12751
00008011,0.85442,0.06328
00008012,0.87282,0.13141
00008013,0.80850,0.12317
00008014,0.67974,0.05445
00008015,0.54240,0.08855
00008016,0.69285,0.04284
00008017,0.48242,0.06981
00008018,0.30132,0.02073
00008019,0.41280,0.02411
00008020,0.52286,0.04637
00008021,1.14395,0.22900
00008022,0.65295,0.03654
00008023,0.28329,0.03168
00008024,0.50111,0.03007
00008025,0.32274,0.03562
00008026,0.57536,0.06139
00008027,0.41039,0.03511
00008028,1.67388,0.21525
00008029,0.48806,0.04389
00008030,0.81840,0.05953
00008031,0.22698,0.03655
00008032,0.72633,0.04092
00008033,0.45189,0.04158
00008034,0.48112,0.03015
00008035,0.57317,0.09893
00008036,0.25604,0.03352
00008037,0.36139,0.02964
00008038,2.20586,0.35011
00008039,0.83624,0.05716
00008040,0.50310,0.05186
00008041,0.54491,0.03179
00008042,0.47573,0.03907
00008043,0.59015,0.04408
00008044,0.37725,0.03323
00008045,0.92695,0.08384
00008046,0.63063,0.06165
00008047,0.57557,0.04092
00008048,0.91067,0.09831
00008049,0.90476,0.07921
00008050,1.25746,0.11893
00008051,0.42562,0.04206
00008052,0.40469,0.03285
00008053,1.18801,0.09700
00008054,0.96649,0.06919
00008055,1.28403,0.18763
00008056,1.28910,0.11729
00008057,0.70061,0.05376
00008058,0.40635,0.04518
00008059,0.86611,0.34212
00008060,0.89258,0.10203
00008061,0.31764,0.04574
00008062,0.50085,0.03150
00008063,2.70964,0.38228
00008064,0.68580,0.08375
00008065,0.36174,0.03268
00008066,0.30346,0.02672
00008067,0.91874,0.14034
00008068,0.61373,0.03077
00008069,1.49931,0.30742
00008070,0.64806,0.04649
00008071,0.68606,0.09466
00008072,1.39284,0.16913
00008073,1.66070,0.34356
00008074,3.38644,0.56336
00008075,0.39670,0.03482
00008076,0.63882,0.05950
00008077,0.72196,0.07263
00008078,0.78120,0.08133
00008079,0.63108,0.09569
00008080,0.52694,0.05059
00008081,0.46881,0.12057
00008082,0.28355,0.02479
00008083,0.34147,0.02285
00008084,0.79152,0.04368
00008085,0.43214,0.03860
00008086,0.46758,0.03008
00008087,0.76992,0.04698
00008088,0.63539,0.04870
00008089,0.58487,0.04570
00008090,0.35661,0.03168
00008091,0.62653,0.05402
00008092,0.52965,0.03844
00008093,0.21358,0.03463
00008094,0.59167,0.05275
00008095,0.33663,0.03682
00008096,0.96456,0.16725
00008097,0.99649,0.16549
00008098,0.96324,0.09236
00008099,1.43278,0.14371
00008100,0.96006,0.06983
00008101,0.46494,0.03336
00008102,0.79519,0.06089
00008103,0.39279,0.03202
00008104,0.36122,0.04414
00008105,0.22730,0.02977
00008106,0.39783,0.04338
00008107,1.14062,0.09100
00008108,0.38723,0.02709
00008109,1.15491,0.08101
00008110,0.39808,0.04853
00008111,0.32861,0.06427
00008112,0.90458,0.10972
00008113,0.64046,0.08026
00008114,0.51690,0.05634
00008115,0.48423,0.06933
00008116,0.28756,0.19683
00008117,0.45097,0.07930
00008118,0.38782,0.02744
00008119,0.30956,0.02885
00008120,0.88330,0.07736
00008121,0.47900,0.04464
00008122,0.23885,0.02981
00008123,0.67327,0.10457
00008124,0.56383,0.03638
00008125,2.41539,0.42387
00008126,0.41117,0.03492
00008127,0.59464,0.06242
00008128,1.05057,0.09395
00008129,1.20684,0.13495
00008130,0.60303,0.03602
00008131,0.67242,0.04945
00008132,0.65969,0.04181
00008133,0.93187,0.12427
00008134,0.75021,0.06255
00008135,2.32944,0.42002
00008136,0.38162,0.03284
00008137,1.65010,0.18217
00008138,0.44455,0.06304
00008139,1.01455,0.07048
00008140,1.28990,0.11515
00008141,0.52815,0.04017
00008142,0.33150,0.02214
00008143,0.41278,0.02601
00008144,0.21414,0.02908
00008145,0.72313,0.05521
00008146,0.75612,0.06469
00008147,0.33172,0.03095
00008148,0.30888,0.06982
00008149,0.48464,0.08551
00008150,2.57726,0.46989
00008151,0.45989,0.04268
00008152,0.59297,0.03907
00008153,0.96665,0.12095
00008154,0.41214,0.03598
00008155,0.99572,0.07355
00008156,0.46455,0.03896
00008157,0.51006,0.04546
00008158,0.46255,0.10034
00008159,0.84819,0.65319
00008160,0.68996,0.11152
00008161,0.25735,0.03650
00008162,0.79339,0.07456
00008163,0.51934,0.03712
00008164,0.20793,0.03024
00008165,0.52134,0.03667
00008166,0.80486,0.07602
00008167,0.59485,0.07600
00008168,0.76334,0.06371
00008169,1.14938,0.12890
00008170,0.53762,0.04798
00008171,1.20719,0.08930
00008172,0.49829,0.04181
00008173,0.89853,0.07253
00008174,1.57584,0.25604
00008175,0.81471,0.20705
00008176,0.67339,0.05622
00008177,0.90098,0.16501
00008178,0.85843,0.07321
00008179,0.45641,0.04218
00008180,1.60266,0.19357
00008181,0.39503,0.03555
00008182,0.51709,0.04967
00008183,1.06064,0.11303
00008184,0.98788,0.13524
00008185,0.58969,0.05337
00008186,0.92026,0.07232
00008187,0.30561,0.02527
00008188,0.93431,0.11786
00008189,2.09519,0.29241
00008190,3.39410,0.63360
00008191,0.64677,0.07389
00008192,0.56323,0.06297
00008193,0.75406,0.05979
00008194,0.36864,0.03003
00008195,2.30218,0.30069
00008196,0.78043,0.09767
00008197,1.06746,0.15069
00008198,0.33991,0.07248
00008199,0.83893,0.09724
00008200,2.90543,0.45005
00008201,0.98082,0.10993
00008202,0.44344,0.03200
00008203,0.66485,0.06176
00008204,0.56759,0.03700
00008205,0.54105,0.05155
00008206,0.80733,0.05517
00008207,0.81321,0.08668
00008208,0.53841,0.04807
00008209,0.33270,0.03261
00008210,0.34043,0.03310
00008211,0.87171,0.10401
00008212,0.55703,0.02937
00008213,1.04575,0.09247
00008214,0.51738,0.03613
00008215,0.65244,0.08729
00008216,0.43471,0.04365
00008217,0.77894,0.07905
00008218,0.67367,0.04227
00008219,1.31229,0.16122
00008220,1.82698,0.26429
00008221,0.39646,0.03146
00008222,0.27668,0.02629
00008223,0.81201,0.05150
00008224,0.23219,0.03218
00008225,0.91420,0.07664
00008226,1.18846,0.10399
00008227,0.30131,0.04017
00008228,0.83156,0.09470
00008229,0.43263,0.03264
00008230,0.37748,0.03827
00008231,0.48389,0.03178
00008232,0.36696,0.02742
00008233,0.40218,0.04351
00008234,0.20021,0.03588
00008235,1.04041,0.14040
00008236,0.46095,0.04642
00008237,0.32351,0.03100
00008238,0.56000,0.05386
00008239,0.38213,0.03347
00008240,0.47730,0.04030
00008241,0.65981,0.04966
00008242,0.79268,0.04721
00008243,0.32365,0.03735
00008244,0.98307,0.08659
00008245,0.37707,0.03559
00008246,0.43163,0.04171
00008247,0.49760,0.10150
00008248,0.64164,0.03950
00008249,0.61584,0.04971
00008250,0.28225,0.02848
00008251,0.30979,0.02857
00008252,1.70140,0.27706
00008253,0.80408,0.05756
00008254,0.42510,0.03007
00008255,0.39800,0.02844
00008256,0.45750,0.02917
00008257,0.73850,0.05738
00008258,1.80285,0.40676
00008259,0.58618,0.04748
00008260,0.37907,0.02609
00008261,0.62860,0.03699
00008262,0.90075,0.11146
00008263,0.50458,0.07079
00008264,0.43599,0.03106
00008265,0.90122,0.09045
00008266,0.79742,0.08207
00008267,0.40657,0.03768
00008268,0.71059,0.07370
00008269,0.67447,0.04576
00008270,0.69166,0.05372
00008271,0.73333,0.04088
00008272,0.59586,0.05872
00008273,0.47150,0.06810
00008274,0.57118,0.05282
00008275,0.83325,0.07085
00008276,0.68338,0.05373
00008277,0.23699,0.04885
00008278,2.52219,0.33309
00008279,1.62561,0.25645
00008280,0.41743,0.02618
00008281,0.88472,0.06593
00008282,0.48401,0.04938
00008283,1.65480,0.24282
00008284,0.95231,0.07071
00008285,0.32557,0.03196
00008286,0.44741,0.02885
00008287,0.78515,0.05884
00008288,0.69953,0.04547
00008289,1.05771,0.13673
00008290,1.71404,0.18625
00008291,0.53715,0.05601
00008292,0.48290,0.03542
00008293,0.71712,0.04364
00008294,0.84732,0.05856
00008295,1.32111,0.15797
00008296,1.27114,0.13959
00008297,0.20342,0.03558
00008298,1.19151,0.10502
00008299,1.62766,0.24120
00008300,0.52210,0.04173
00008301,0.52170,0.03800
00008302,0.23638,0.02358
00008303,0.27627,0.03585
00008304,0.74168,0.10126
00008305,0.64848,0.04150
00008306,0.74000,0.08062
00008307,0.33265,0.03168
00008308,0.41020,0.02945
00008309,0.29641,0.02518
00008310,2.41264,0.41495
00008311,0.64603,0.05331
00008312,0.54285,0.05591
00008313,0.95878,0.11599
00008314,0.78727,0.08234
00008315,0.34644,0.21222
00008316,0.37151,0.04605
00008317,0.98302,0.08108
00008318,1.26626,0.11130
00008319,0.53236,0.04358
00008320,0.45420,0.02718
00008321,1.78389,0.28127
00008322,0.45053,0.04639
00008323,1.79377,0.37624
00008324,0.50956,0.03118
00008325,0.28873,0.02963
00008326,0.81960,0.07554
00008327,0.61403,0.09193
00008328,1.09436,0.15245
00008329,0.24800,0.03185
00008330,1.01212,0.09416
00008331,0.39162,0.09079
00008332,1.19336,0.12042
00008333,0.83272,0.07415
00008334,0.29323,0.02318
00008335,1.66867,0.18752
00008336,0.79291,0.05515
00008337,0.51111,0.03115
00008338,0.47271,0.06286
00008339,2.55489,0.74187
00008340,0.46148,0.02705
00008341,0.21432,0.03529
00008342,1.06932,0.15528
00008343,1.43025,0.20653
00008344,0.44406,0.03308
00008345,0.58828,0.03620
00008346,0.71147,0.08290
00008347,0.90722,0.09321
00008348,0.54691,0.39264
00008349,0.43143,0.02741
00008350,1.15420,0.08611
00008351,0.54991,0.07823
00008352,0.47902,0.04097
00008353,1.38898,0.12363
00008354,1.44332,0.34499
00008355,0.36601,0.03897
00008356,0.37477,0.02334
00008357,0.89212,0.05226
00008358,0.79689,0.06539
00008359,0.83157,0.07082
00008360,1.20908,0.10535
00008361,0.33423,0.03521
00008362,0.50808,0.03674
00008363,0.74459,0.06602
00008364,0.39801,0.02648
00008365,0.42267,0.02545
00008366,0.90211,0.06748
00008367,0.67343,0.06651
00008368,0.75444,0.05333
00008369,0.61847,0.05339
00008370,1.44578,0.13416
00008371,0.62237,0.04973
00008372,0.68137,0.06595
00008373,0.43862,0.02904
00008374,0.34334,0.02139
00008375,0.44061,0.03686
00008376,0.46295,0.03123
00008377,0.47369,0.03955
00008378,0.69943,0.05007
00008379,0.27631,0.03365
00008380,0.88225,0.09343
00008381,1.29225,0.14554
00008382,0.29038,0.03199
00008383,0.73237,0.08695
00008384,0.55466,0.05099
00008385,0.57421,0.04259
00008386,0.57771,0.03675
00008387,0.60048,0.04439
00008388,0.70473,0.04597
00008389,1.21164,0.10237
00008390,0.25087,0.01955
00008391,0.30371,0.02603
00008392,0.96984,0.21463
00008393,0.23230,0.02914
00008394,1.67271,0.18180
00008395,1.47048,0.15995
00008396,0.47135,0.04261
00008397,2.11078,0.38668
00008398,1.06253,0.09345
00008399,0.57765,0.05528
00008400,1.18316,0.11581
00008401,0.84820,0.08246
00008402,1.29198,0.14254
00008403,1.67593,0.25291
00008404,0.57933,0.06439
00008405,0.64139,0.07220
00008406,0.71971,0.06835
00008407,1.00412,0.09908
00008408,0.18822,0.03169
00008409,0.44390,0.04025
00008410,1.16308,0.12311
00008411,0.37236,0.02991
00008412,0.98037,0.12093
00008413,0.70051,0.06682
00008414,0.19916,0.02923
00008415,1.68455,0.37353
00008416,0.20210,0.03142
00008417,0.87293,0.13450
00008418,0.56140,0.03335
00008419,0.39339,0.02707
00008420,0.47900,0.02629
00008421,0.71168,0.05762
00008422,0.29398,0.03383
00008423,0.31373,0.03674
00008424,0.93902,0.07770
00008425,1.67275,0.17319
00008426,0.49422,0.04385
00008427,1.75855,0.28892
00008428,0.48208,0.05097
00008429,0.63396,0.07254
00008430,0.32532,0.03547
00008431,0.41194,0.04164
00008432,0.40980,0.03244
00008433,0.40942,0.04503
00008434,1.44540,0.28910
00008435,0.32176,0.02577
00008436,0.58699,0.03702
00008437,0.51840,0.05831
00008438,0.50663,0.04322
00008439,1.24772,0.16434
00008440,0.30871,0.02733
00008441,1.69994,0.18215
00008442,0.33742,0.02481
00008443,0.19876,0.05305
00008444,0.78498,0.07203
00008445,0.51368,0.06145
00008446,1.13038,0.08507
00008447,0.27028,0.02227
00008448,0.22731,0.02598
00008449,0.23223,0.02549
00008450,0.87468,0.17604
00008451,0.89596,0.07918
00008452,0.27973,0.03453
00008453,0.91768,0.07247
00008454,2.05108,0.32969
00008455,0.53038,0.03101
00008456,0.67655,0.07786
00008457,0.49867,0.03723
00008458,1.64678,0.24786
00008459,0.57025,0.04443
00008460,0.91883,0.14933
00008461,0.31191,0.04223
00008462,0.37863,0.04063
00008463,0.30387,0.02222
00008464,0.31599,0.02519
00008465,0.82934,0.11649
00008466,0.52379,0.15744
00008467,0.67675,0.04090
00008468,0.71618,0.04667
00008469,0.83265,0.09911
00008470,0.58287,0.04528
00008471,0.86230,0.09037
00008472,0.50091,0.04838
00008473,0.86083,0.08690
00008474,0.36997,0.02727
00008475,0.44602,0.02983
00008476,0.62386,0.03793
00008477,0.47689,0.03543
00008478,0.41243,0.03467
00008479,0.80151,0.06186
00008480,0.37767,0.03816
00008481,0.61488,0.06022
00008482,0.42004,0.03739
00008483,0.83828,0.09203
00008484,2.10023,0.25946
00008485,0.87246,0.08792
00008486,0.27156,0.03261
00008487,0.94430,0.07811
00008488,0.34391,0.02733
00008489,0.39833,0.14161
00008490,0.26570,0.15856
00008491,0.47141,0.04482
00008492,0.99064,0.09617
00008493,0.74858,0.06329
00008494,1.06042,0.09137
00008495,0.38849,0.02631
00008496,0.65680,0.03936
00008497,0.37789,0.04225
00008498,0.88753,0.08375
00008499,1.74584,0.17578
00008500,1.44603,0.20246
00008501,0.74868,0.06311
00008502,0.54582,0.02780
00008503,0.42743,0.24599
00008504,0.32974,0.02600
00008505,0.50535,0.04266
00008506,0.88984,0.09475
00008507,0.37580,0.03490
00008508,0.43021,0.03308
00008509,0.61148,0.06675
00008510,0.36871,0.03565
00008511,0.64700,0.12974
00008512,0.68026,0.08539
00008513,0.47707,0.03592
00008514,0.65858,0.05344
00008515,0.89412,0.14910
00008516,0.95546,0.06755
00008517,2.31592,0.34606
00008518,2.80158,0.59466
00008519,0.47157,0.03154
00008520,1.20706,0.14632
00008521,0.32484,0.02641
00008522,0.56304,0.03499
00008523,1.77774,0.25231
00008524,1.23894,0.10310
00008525,0.44505,0.03813
00008526,0.61946,0.06659
00008527,0.62063,0.03612
00008528,1.05425,0.08912
00008529,0.27713,0.03309
00008530,0.62712,0.05185
00008531,0.74802,0.06159
00008532,0.98554,0.15488
00008533,0.50726,0.04530
00008534,0.52328,0.04774
00008535,0.33408,0.03547
00008536,0.61470,0.05001
00008537,0.76743,0.06283
00008538,0.56458,0.06740
00008539,0.45440,0.06312
00008540,0.70443,0.05319
00008541,0.79958,0.06332
00008542,0.64759,0.07360
00008543,0.97845,0.11960
00008544,0.52925,0.06514
00008545,0.96437,0.09038
00008546,0.21017,0.03049
00008547,1.44475,0.67905
00008548,0.88923,0.06513
00008549,0.37274,0.02683
00008550,0.57304,0.03747
00008551,0.51750,0.05455
00008552,0.78728,0.06698
00008553,1.63735,0.20405
00008554,1.57118,0.15365
00008555,0.51852,0.04130
00008556,0.27692,0.02266
00008557,0.86894,0.07640
00008558,1.14242,0.09716
00008559,1.92662,0.23303
00008560,2.71840,0.40650
00008561,0.19122,0.03251
00008562,0.50190,0.04695
00008563,0.59110,0.03836
00008564,0.50428,0.03738
00008565,1.44470,0.17137
00008566,1.37593,0.11975
00008567,0.45893,0.02725
00008568,0.63876,0.06660
00008569,0.25643,0.02695
00008570,0.88918,0.08973
00008571,0.58603,0.05234
00008572,0.30469,0.03764
00008573,0.71113,0.07918
00008574,0.65771,0.03746
00008575,0.95780,0.13299
00008576,0.53117,0.06090
00008577,0.95225,0.13945
00008578,0.59814,0.05537
00008579,1.31216,0.17307
00008580,0.59180,0.04356
00008581,0.76414,0.06397
00008582,0.89425,0.06840
00008583,0.66151,0.06550
00008584,1.36551,0.13460
00008585,0.60528,0.03661
00008586,0.88876,0.06318
00008587,0.60314,0.05842
00008588,0.44183,0.04039
00008589,0.26348,0.02804
00008590,0.60698,0.05350
00008591,0.35830,0.03125
00008592,1.27040,0.10852
00008593,0.40818,0.04980
00008594,1.27226,0.12936
00008595,0.48569,0.03595
00008596,0.91723,0.09305
00008597,1.56561,0.16055
00008598,0.80193,0.05425
00008599,1.23985,0.09447
00008600,1.21413,0.10119
00008601,1.56761,0.14898
00008602,0.42650,0.04500
00008603,0.83012,0.05525
00008604,0.62812,0.03823
00008605,0.24998,0.03278
00008606,1.43965,0.15446
00008607,0.41501,0.03847
00008608,0.30748,0.03288
00008609,0.95979,0.08346
00008610,0.87240,0.06352
00008611,0.55976,0.05331
00008612,0.43098,0.03015
00008613,0.27484,0.02699
00008614,0.57261,0.03804
00008615,0.46001,0.04168
00008616,0.54245,0.04564
00008617,0.86787,0.07677
00008618,0.58381,0.06813
00008619,1.10649,0.21996
00008620,0.36143,0.05527
00008621,0.26717,0.03181
00008622,0.47625,0.03077
00008623,0.53705,0.03695
00008624,1.31405,0.14032
00008625,0.27187,0.03810
00008626,1.03660,0.10045
00008627,0.39557,0.03891
00008628,1.80746,0.17932
00008629,0.64821,0.06892
00008630,0.52704,0.07584
00008631,2.17550,0.34841
00008632,0.60707,0.05457
00008633,0.41716,0.03500
00008634,0.50538,0.02728
00008635,1.82345,0.28381
00008636,0.39648,0.04297
00008637,0.80424,0.39648
00008638,0.80262,0.08183
00008639,1.09282,0.15017
00008640,0.51160,0.03709
00008641,1.21645,0.16107
00008642,2.08530,0.28167
00008643,0.90582,0.07396
00008644,0.24182,0.03576
00008645,0.85897,0.09442
00008646,0.28847,0.02740
00008647,0.34368,0.02351
00008648,0.46549,0.02923
00008649,0.60581,0.07134
00008650,0.51774,0.04263
00008651,2.08810,0.26428
00008652,0.50335,0.05380
00008653,0.46571,0.05122
00008654,0.56712,0.04994
00008655,0.41893,0.04598
00008656,1.01709,0.34855
00008657,0.37514,0.02840
00008658,1.33876,0.13174
00008659,1.58657,0.18756
00008660,0.82341,0.29301
00008661,0.75650,0.07404
00008662,0.77266,0.06261
00008663,1.12818,0.10172
00008664,0.92530,0.07041
00008665,0.35136,0.02398
00008666,0.42037,0.02757
00008667,1.18107,0.11306
00008668,0.89656,0.12409
00008669,1.67189,0.66717
00008670,0.55657,0.06743
00008671,0.26462,0.03607
00008672,0.79196,0.08049
00008673,0.42797,0.03436
00008674,0.98947,0.11946
00008675,2.11078,0.27321
00008676,0.93791,0.12629
00008678,0.71055,0.04264
00008679,1.11686,0.14989
00008680,1.31098,0.14207
00008681,0.94054,0.07821
00008682,0.72634,0.05366
00008683,1.07105,0.10205
00008684,0.67737,0.04908
00008685,2.34644,0.32147
00008686,0.85513,0.07763
00008687,0.70844,0.08419
00008688,1.43111,0.14225
00008689,0.67676,0.04220
00008690,0.77327,0.07604
00008691,0.29365,0.03138
00008692,0.64509,0.05590
00008693,0.50883,0.06520
00008694,0.33445,0.02280
00008695,0.71444,0.08816
00008696,0.84521,0.06127
00008697,0.65671,0.06286
00008698,0.60530,0.04085
00008699,0.35161,0.03619
00008700,0.67643,0.07398
00008701,0.64364,0.05532
00008702,0.72149,0.05940
00008703,0.44513,0.03350
00008704,0.29186,0.02125
00008705,0.84422,0.08746
00008706,0.28141,0.02780
00008707,1.01733,0.09827
00008708,0.90372,0.07852
00008709,0.59076,0.05272
00008710,0.81286,0.10424
00008711,0.34559,0.02782
00008712,0.66048,0.09729
00008713,1.67483,0.16598
00008714,0.35432,0.02764
00008715,0.35749,0.03046
00008716,0.62200,0.03144
00008717,1.93766,0.26794
00008718,0.20152,0.02699
00008719,1.03782,1.03159
00008720,0.65860,0.06220
00008721,1.47870,0.30494
00008722,0.59004,0.03736
00008723,0.19562,0.03074
00008724,0.73642,0.05444
00008725,0.50890,0.04651
00008726,1.24984,0.09032
00008727,1.41021,0.14259
00008728,0.54462,0.05258
00008729,0.33650,0.02315
00008730,1.57631,0.16236
00008731,0.58266,0.03249
00008732,0.24858,0.02434
00008733,0.48266,0.05847
00008734,0.43591,0.03223
00008735,0.23148,0.02924
00008736,0.30612,0.02508
00008737,1.38993,0.27376
00008738,0.84931,0.09625
00008739,1.31894,0.17683
00008740,0.26307,0.02635
00008741,0.29011,0.03153
00008742,0.37908,0.02338
00008743,0.51395,0.04658
00008744,1.39282,0.16171
00008745,1.08698,0.08475
00008746,0.26355,0.02461
00008747,1.47648,0.13623
00008748,0.44901,0.04336
00008749,0.49749,0.05439
00008750,0.72069,0.07479
00008751,0.89136,0.05836
00008752,0.85469,0.06413
00008753,0.20568,0.02572
00008755,0.79995,0.05236
00008756,0.39803,0.04327
00008757,0.71277,0.05948
00008758,0.53231,0.04981
00008759,0.57356,0.05297
00008760,1.06389,0.12650
00008761,0.88260,0.06881
00008762,0.67334,0.08130
00008763,0.49007,0.03822
00008764,0.23758,0.02817
00008765,0.62289,0.06643
00008766,0.24122,0.02884
00008767,0.52245,0.07711
00008768,0.61583,0.05833
00008769,0.26349,0.03087
00008770,0.93667,0.08052
00008771,0.56048,0.13037
00008772,1.14300,0.10458
00008773,0.42546,0.02451
00008774,1.63649,0.35567
00008775,1.12335,0.10317
00008776,0.42121,0.03067
00008777,0.96251,0.09523
00008778,1.59571,0.16365
00008779,0.40843,0.05276
00008780,0.67506,0.07278
00008781,0.66283,0.09040
00008782,0.65190,0.06443
00008783,0.99228,0.10796
00008784,0.58842,0.04509
00008785,0.61697,0.06718
00008786,2.33136,0.34301
00008787,0.88904,0.32741
00008788,0.74420,0.07277
00008789,0.69410,0.09646
00008790,0.80017,0.05167
00008791,0.92671,0.08759
00008792,0.73096,0.05094
00008793,2.01291,0.30260
00008794,0.25057,0.03421
00008795,0.69618,0.05580
00008796,1.88081,0.21348
00008797,0.49754,0.03155
00008798,0.57742,0.04581
00008799,0.74937,0.09410
00008800,1.08028,0.25383
00008801,0.81948,0.11263
00008802,1.56117,0.15030
00008803,0.52628,0.03292
00008804,0.23359,0.02723
00008805,0.68408,0.05975
00008806,1.59801,0.17342
00008807,0.32045,0.03435
00008808,0.48016,0.03510
00008809,0.84865,0.07818
00008810,0.53404,0.02770
00008811,0.56631,0.11902
00008812,1.12134,0.11393
00008813,0.59116,0.07873
00008814,0.71726,0.06881
00008815,1.20943,0.16544
00008816,0.46468,0.03548
00008817,0.43531,0.03160
00008818,0.80233,0.11242
00008819,0.73354,0.07043
00008820,0.47545,0.04163
00008821,0.67352,0.05714
00008822,0.89086,0.07191
00008823,0.45973,0.03215
00008824,0.54535,0.03824
00008825,0.46907,0.03745
00008826,0.82595,0.04848
00008827,0.51381,0.04903
00008828,0.50012,0.03165
00008829,0.36813,0.02761
00008830,0.88351,0.06434
00008831,0.53269,0.04212
00008832,0.86360,0.08034
00008833,1.04835,0.12171
00008834,0.53140,0.02740
00008835,0.58683,0.05890
00008836,0.75705,0.05384
00008837,1.10496,0.14736
00008838,0.41124,0.03700
00008839,1.81070,0.25195
00008840,0.65231,0.04732
00008841,0.83039,0.13105
00008842,1.00192,0.16163
00008843,2.50938,0.35883
00008844,0.77202,0.06339
00008845,0.29203,0.03068
00008846,0.74117,0.07835
00008847,0.80977,0.06575
00008848,0.34683,0.05725
00008849,1.36098,0.13255
00008850,0.80458,0.06466
00008851,0.34660,0.02318
00008852,0.22763,0.02943
00008853,0.39341,0.04593
00008854,0.90651,0.08027
00008855,2.32763,0.33206
00008856,0.54467,0.03929
00008857,0.76888,0.10022
00008858,0.77755,0.07634
00008859,1.83867,0.24427
00008860,0.93405,0.08205
00008861,0.56637,0.04580
00008862,1.94274,0.21825
00008863,0.67230,0.08572
00008864,1.11329,0.15163
00008865,1.60169,0.64888
00008866,0.77075,0.07034
00008867,0.53712,0.09317
00008868,0.38084,0.04782
00008869,0.63075,0.04119
00008870,0.39693,0.03757
00008871,0.26539,0.02948
00008872,0.57954,0.05319
00008873,0.96000,0.07223
00008874,0.46326,0.03109
00008875,1.02061,0.10008
00008876,0.63395,0.06620
00008877,1.26954,0.09895
00008878,0.46312,0.07522
00008879,0.76214,0.15546
00008880,1.21684,0.08856
00008881,1.68579,0.19126
00008882,0.37207,0.02508
00008883,0.29221,0.02759
00008884,0.97471,0.40844
00008885,0.89676,0.08927
00008886,0.20612,0.04048
00008887,0.71796,0.05340
00008888,1.27996,0.72778
00008889,0.88755,0.06544
00008890,1.89875,0.29650
00008891,1.20108,0.17117
00008892,0.46246,0.04597
00008893,0.52992,0.03569
00008894,0.81249,0.05373
00008895,0.56242,0.06901
00008896,0.46110,0.03346
00008897,0.80511,0.07944
00008898,1.01596,0.08738
00008899,0.61067,0.04865
00008900,2.01599,0.30198
00008901,0.49619,0.04588
00008902,0.20944,0.02856
00008903,0.50439,0.03191
00008904,0.59954,0.06132
00008905,0.35304,0.02811
00008906,0.47678,0.03473
00008907,1.02306,0.10158
00008908,0.50867,0.02772
00008909,0.52604,0.03372
00008910,0.75596,0.05718
00008911,1.36153,0.24799
00008912,0.68509,0.06333
00008913,0.32271,0.02398
00008914,0.64956,0.06020
00008915,0.33363,0.02326
00008916,0.79300,0.08028
00008917,0.44928,0.04178
00008918,0.28472,0.02824
00008919,0.59777,0.06355
00008920,0.52826,0.03417
00008921,0.70084,0.04983
00008922,1.01756,0.09724
00008923,0.83535,0.14514
00008924,0.63985,0.05476
00008925,0.52492,0.03282
00008926,0.67928,0.06490
00008927,0.80335,0.06421
00008928,1.83663,0.25745
00008929,0.17834,0.02794
00008930,0.54650,0.04319
00008931,0.28581,0.02363
00008932,1.03189,0.10274
00008933,2.10104,0.26117
00008934,0.29869,0.02426
00008935,1.92276,0.22148
00008936,0.48349,0.07791
00008937,1.37949,0.12123
00008938,0.31963,0.03199
00008939,1.18956,0.28419
00008940,0.91372,0.12814
00008941,0.73685,0.11767
00008942,0.59876,0.04978
00008943,1.10759,0.13805
00008944,0.69122,0.05286
00008945,0.56872,0.05038
00008946,0.88706,0.06678
00008947,0.41852,0.02884
00008948,1.21165,0.10930
00008949,2.20238,0.38383
00008950,0.25194,0.02978
00008951,0.23943,0.05852
00008952,0.33262,0.02825
00008953,0.95581,0.06306
00008954,2.49835,0.51042
00008955,0.75372,0.10474
00008956,1.09345,0.14512
00008957,0.46753,0.04572
00008958,0.83782,0.06043
00008959,1.67032,0.16059
00008960,0.97206,0.08738
00008961,1.41387,0.23296
00008962,0.37613,0.02948
00008963,1.36858,0.15339
00008964,0.79663,0.07815
00008965,0.99693,0.14202
00008966,0.64481,0.04916
00008967,0.65883,0.06182
00008968,0.27022,0.04822
00008969,3.14380,0.51011
00008970,0.67604,0.05847
00008971,0.32373,0.03420
00008972,1.07908,0.14602
00008973,1.08323,0.07265
00008974,0.42715,0.03276
00008975,1.59101,0.20303
00008976,0.61090,0.05573
00008977,0.48026,0.03673
00008978,0.40520,0.03278
00008979,1.41988,0.14245
00008980,0.48585,0.07510
00008981,0.68339,0.05707
00008982,0.43508,0.03910
00008983,1.47550,0.14356
00008984,1.48219,0.19127
00008985,0.45639,0.02871
00008986,0.97988,0.36963
00008987,0.90072,0.20005
00008988,0.32121,0.03656
00008989,0.53179,0.07690
00008990,1.01727,0.09449
00008991,0.72127,0.04850
00008992,0.57068,0.10295
00008993,0.64315,0.07315
00008994,0.79539,0.06008
00008995,0.50219,0.04108
00008996,0.20566,0.03291
00008997,0.44800,0.02881
00008998,0.50800,0.03495
00008999,1.33551,0.25519
00009000,1.47695,0.30577
00009001,0.29110,0.04061
00009002,0.48358,0.05430
00009003,0.36440,0.02913
00009004,0.61070,0.03619
00009005,0.46466,0.03813
00009006,1.45439,0.14994
00009007,0.59154,0.06800
00009008,0.43388,0.03018
00009009,0.55067,0.05742
00009010,0.74488,0.04807
00009011,0.56568,0.04355
00009012,0.63778,0.05297
00009013,0.71741,0.04672
00009014,0.69843,0.05688
00009015,1.19472,0.16635
00009016,0.48266,0.03055
00009017,0.75403,0.08592
00009018,0.61049,0.04228
00009019,0.55964,0.03536
00009020,0.65458,0.05961
00009021,0.42597,0.05297
00009022,0.49219,0.12669
00009023,2.23416,0.29250
00009024,0.63150,0.06000
00009025,0.66042,0.05265
00009026,0.27154,0.02916
00009027,0.56777,0.06438
00009028,0.52344,0.02751
00009029,0.72948,0.04927
00009030,0.44581,0.03194
00009031,0.90125,0.07256
00009032,0.70462,0.03899
00009033,0.47620,0.05390
00009034,0.24064,0.02700
00009035,0.41557,0.02809
00009036,1.64000,0.26904
00009037,0.43141,0.02796
00009038,0.27159,0.02883
00009039,2.48839,0.43407
00009040,1.31005,0.12034
00009041,1.28189,0.12095
00009042,0.52932,0.05121
00009043,0.41306,0.04680
00009044,0.57123,0.05009
00009045,0.70604,0.04984
00009046,0.35984,0.02196
00009047,1.04797,0.09963
00009048,0.30858,0.02367
00009049,1.29871,0.22531
00009050,0.94329,0.09340
00009051,0.46102,0.05337
00009052,2.11920,0.25166
00009053,1.01387,0.16540
00009054,0.30460,0.03687
00009055,2.01991,0.26965
00009056,0.26375,0.02384
00009057,0.78097,0.08079
00009058,0.31630,0.03507
00009059,0.69251,0.16494
00009060,0.37259,0.03416
00009061,0.86525,0.21944
00009062,1.36650,0.15253
00009063,0.44445,0.03468
00009064,0.98872,0.11205
00009065,0.86029,0.08275
00009066,0.22990,0.03007
00009067,0.48636,0.02939
00009068,1.46721,0.20359
00009069,0.26234,0.02979
00009070,0.59331,0.04437
00009071,0.27610,0.02454
00009072,0.47707,0.03284
00009073,0.72129,0.06279
00009074,3.16526,0.53471
00009075,0.80286,0.09070
00009076,0.41162,0.03019
00009077,0.38866,0.03033
00009078,0.42094,0.04578
00009079,0.62399,0.20471
00009080,0.51690,0.04384
00009081,0.70109,0.03913
00009082,0.98728,0.10932
00009083,0.58980,0.05055
00009084,0.61718,0.06474
00009085,0.72618,0.07091
00009086,0.55704,0.06466
00009087,0.54090,0.04053
00009088,1.87366,0.51430
00009089,0.60076,0.04679
00009090,0.45202,0.03068
00009091,0.48499,0.04423
00009092,0.57059,0.04375
00009093,0.59910,0.03670
00009094,2.91126,0.48327
00009095,0.42982,0.02249
00009096,0.31971,0.03165
00009097,0.74963,0.06178
00009098,1.43505,0.26416
00009099,0.45091,0.03243
00009100,1.16713,0.11058
00009101,0.37007,0.02631
00009102,0.98328,0.15378
00009103,1.92019,0.27033
00009104,0.74368,0.09490
00009105,0.49236,0.03539
00009106,0.55862,0.04911
00009107,0.70866,0.06166
00009108,0.48958,0.05406
00009109,0.95018,0.30705
00009110,0.29248,0.02930
00009111,0.64018,0.03992
00009112,0.59575,0.08466
00009113,0.82021,0.06073
00009114,1.08544,0.12490
00009115,0.48477,0.03869
00009116,0.74742,0.06675
00009117,0.78299,0.09152
00009118,0.60039,0.05198
00009119,1.33204,0.47642
00009120,0.88235,0.11105
00009121,0.30074,0.02866
00009122,0.69070,0.05667
00009123,1.19470,0.08831
00009124,0.29624,0.02582
00009125,1.13671,0.10087
00009126,0.31157,0.02980
00009127,0.65862,0.04404
00009128,0.42414,0.02945
00009129,0.76424,0.07523
00009130,0.96473,0.08259
00009131,1.72445,0.18408
00009132,1.15925,0.15881
00009133,0.84670,0.11130
00009134,0.82657,0.07517
00009135,0.31732,0.05353
00009136,1.54248,0.13168
00009137,0.33354,0.02426
00009138,1.64668,0.28780
00009139,0.50174,0.04316
00009140,0.76840,0.09109
00009141,0.78229,0.06776
00009142,0.49464,0.05306
00009143,1.89784,0.20877
00009144,0.21817,0.02228
00009145,0.39547,0.03430
00009146,1.32969,0.13640
00009147,0.37124,0.02783
00009148,0.59884,0.04718
00009149,0.24643,0.03934
00009150,0.28831,0.03640
00009151,1.30326,0.11166
00009152,0.47174,0.05465
00009153,0.30347,0.02820
00009154,0.41924,0.03468
00009155,0.62907,0.04074
00009156,1.61983,0.26517
00009157,2.25194,0.30072
00009158,0.34718,0.04357
00009159,0.33936,0.04109
00009160,0.62457,0.05004
00009161,0.82981,0.19964
00009162,0.36144,0.04199
00009163,0.81078,0.05292
00009164,0.67246,0.08144
00009165,0.55665,0.06074
00009166,1.04169,0.11557
00009167,0.61026,0.04753
00009168,0.28927,0.02794
00009169,0.79586,0.05086
00009170,0.46347,0.03245
00009171,0.49252,0.04637
00009172,0.47809,0.02991
00009173,0.30366,0.04056
00009174,0.53383,0.05339
00009175,0.33559,0.03172
00009176,0.51284,0.03344
00009177,0.95625,0.14326
00009178,0.93790,0.07210
00009179,1.11471,0.08964
00009180,0.39648,0.03380
00009181,0.83975,0.05876
00009182,1.60299,0.31730
00009183,0.30526,0.03221
00009184,0.43203,0.02402
00009185,0.53179,0.04430
00009186,0.48571,0.04788
00009187,0.96731,0.14199
00009188,0.79203,0.08287
00009189,0.43252,0.03177
00009190,2.04848,0.31291
00009191,0.96936,0.10554
00009192,0.27275,0.03792
00009193,0.59046,0.05586
00009194,1.19199,0.18707
00009195,1.13322,0.17045
00009196,1.10467,0.15085
00009197,0.75946,0.09026
00009198,0.41695,0.05077
00009199,0.62509,0.13859
00009200,0.31451,0.03164
00009201,0.56076,0.05897
00009202,0.46733,0.05263
00009203,0.48066,0.04777
00009204,1.92058,0.32949
00009205,0.84436,0.07069
00009206,0.48540,0.07980
00009207,0.72755,0.06310
00009208,0.40758,0.03045
00009209,1.10367,0.09257
00009210,0.90191,0.35813
00009211,2.04611,0.44215
00009212,1.43676,0.44496
00009213,0.71631,0.06401
00009214,0.49413,0.03953
00009215,0.45491,0.04182
00009216,0.47516,0.03057
00009217,0.46872,0.04211
00009218,0.78469,0.07614
00009219,0.39202,0.03570
00009220,0.29904,0.05107
00009221,0.44201,0.02824
00009222,0.25660,0.03259
00009223,0.61479,0.06449
00009224,0.69380,0.10914
00009225,0.30759,0.02534
00009226,0.33518,0.02720
00009227,0.42223,0.04063
00009228,0.67461,0.06643
00009229,0.63519,0.07939
00009230,0.43631,0.04123
00009231,1.57827,0.15696
00009232,1.28689,0.10362
00009233,1.81344,0.20704
00009234,0.41744,0.03609
00009235,0.45638,0.03328
00009236,0.33682,0.02295
00009237,0.68983,0.04039
00009238,1.10872,0.09894
00009239,0.24227,0.02535
00009240,0.76443,0.05444
00009241,0.43678,0.14370
00009242,0.21695,0.02985
00009243,1.12444,0.10256
00009244,0.69694,0.07023
00009245,0.70606,0.07155
00009246,0.58469,0.05224
00009247,0.82322,0.06106
00009248,0.24463,0.05952
00009249,0.69207,0.05572
00009250,0.28746,0.03463
00009251,1.05254,0.12203
00009252,0.76282,0.07671
00009253,0.80446,0.05710
00009254,0.95333,0.14564
00009255,2.49147,0.37775
00009256,0.34022,0.02690
00009257,0.25848,0.02324
00009258,1.83939,0.24789
00009259,2.05880,0.33300
00009260,0.23339,0.02621
00009261,0.79884,0.07771
00009262,0.31049,0.04193
00009263,1.99897,0.33526
00009264,0.43228,0.03508
00009265,0.69057,0.04572
00009266,0.48034,0.03054
00009267,0.34426,0.02700
00009268,0.17452,0.02512
00009269,1.80674,0.25312
00009270,0.62188,0.20371
00009271,0.81603,0.09184
00009272,0.97169,0.08159
00009273,0.47926,0.03467
00009274,0.55077,0.05902
00009275,0.90342,0.08812
00009276,0.82092,0.07161
00009277,0.66212,0.10522
00009278,1.51107,0.15004
00009279,0.73063,0.06023
00009280,0.37585,0.02181
00009281,0.43413,0.03635
00009282,0.45029,0.05328
00009283,0.56818,0.04324
00009284,0.37829,0.03870
00009285,0.70355,0.04532
00009286,0.54092,0.06709
00009287,0.52426,0.04969
00009288,0.63206,0.08335
00009289,0.23475,0.02952
00009290,0.54759,0.03135
00009291,0.30922,0.03327
00009292,0.45568,0.06380
00009293,0.46918,0.05722
00009294,0.51634,0.03509
00009295,0.81812,0.12647
00009296,0.48824,0.04437
00009297,0.20168,0.02570
00009298,0.87140,0.16039
00009299,0.60489,0.26035
00009300,1.07402,0.13947
00009301,1.43246,0.11696
00009302,1.73841,0.30192
00009303,0.67086,0.04169
00009304,0.83358,0.10647
00009305,0.51893,0.05167
00009306,0.75127,0.10093
00009307,0.26354,0.02742
00009308,0.62399,0.04715
00009309,0.58456,0.06690
00009310,0.58932,0.06178
00009311,1.17065,0.10584
00009312,0.31642,0.02832
00009313,0.52046,0.04336
00009314,0.38412,0.03427
00009315,0.42075,0.04113
00009316,0.92273,0.08300
00009317,0.23223,0.02941
00009318,0.58122,0.04284
00009319,0.61289,0.04267
00009320,0.33197,0.03318
00009321,0.44907,0.02867
00009322,0.41644,0.04817
00009323,0.23303,0.04200
00009324,1.06215,0.16076
00009325,1.03968,0.08491
00009326,0.43538,0.03641
00009327,1.18126,0.08048
00009328,0.72033,0.06044
00009329,0.64058,0.14077
00009330,0.52482,0.04730
00009331,0.52257,0.04045
00009332,0.66692,0.06407
00009333,0.65835,0.08444
00009334,0.42637,0.02508
00009335,0.90370,0.06118
00009336,0.45912,0.05630
00009337,0.75564,0.06512
00009338,0.48072,0.03710
00009339,0.40219,0.04051
00009340,0.24329,0.02421
00009341,0.24807,0.03679
00009342,0.90362,0.06709
00009343,0.22060,0.02998
00009344,0.42846,0.03038
00009345,0.88456,0.07296
00009346,0.16343,0.02444
00009347,0.33588,0.04323
00009348,1.64264,0.20686
00009349,0.74949,0.08180
00009350,1.30922,0.15220
00009351,0.76031,0.04706
00009352,0.29374,0.09641
00009353,0.26675,0.02793
00009354,0.94376,0.08580
00009355,1.10996,0.09789
00009356,1.29528,0.25151
00009357,0.69671,0.04423
00009358,0.76094,0.05285
00009359,0.54771,0.04983
00009360,1.76696,0.20132
00009361,0.69461,0.06448
00009362,0.45010,0.03744
00009363,1.48298,0.20899
00009364,0.84195,0.09347
00009365,0.89936,0.13470
00009366,0.68981,0.07486
00009367,0.56915,0.04488
00009368,0.69087,0.05423
00009369,0.76443,0.04864
00009370,0.35132,0.03925
00009371,0.44191,0.03383
00009372,0.44732,0.04649
00009373,0.70353,0.04306
00009374,0.67048,0.07819
00009375,0.52532,0.04151
00009376,0.44038,0.15129
00009377,0.27999,0.02412
00009378,0.91459,0.09220
00009379,0.80224,0.05621
00009380,0.54636,0.04486
00009381,1.65838,0.27564
00009382,0.59954,0.07671
00009383,1.47730,0.23507
00009384,0.76598,0.07983
00009385,0.29215,0.02292
00009386,1.23105,0.11694
00009387,0.34820,0.03534
00009388,0.66443,0.04228
00009389,1.53265,0.15838
00009390,0.49320,0.03401
00009391,0.28041,0.03324
00009392,0.56100,0.04794
00009393,0.68266,0.06720
00009394,0.19809,0.02606
00009395,1.14556,0.12706
00009396,0.87864,0.08314
00009397,0.71884,0.12687
00009398,0.56087,0.04425
00009399,0.60894,0.05046
00009400,1.29044,0.20351
00009401,1.75557,0.25242
00009402,0.83234,0.09872
00009403,0.84530,0.08403
00009404,0.53332,0.05176
00009405,0.35789,0.03463
00009406,1.33307,0.17483
00009407,0.49697,0.04473
00009408,0.51577,0.04811
00009409,0.53676,0.02782
00009410,0.83470,0.11558
00009411,0.33353,0.02557
00009412,0.82259,0.08707
00009413,0.39961,0.04634
00009414,0.70000,0.05870
00009415,0.55847,0.06499
00009416,0.90959,0.10237
00009417,1.04289,0.08293
00009418,0.43959,0.03933
00009419,0.31392,0.03005
00009420,1.24083,0.13839
00009421,1.40450,0.16317
00009422,0.38699,0.04136
00009423,0.42924,0.02717
00009424,1.54603,0.30943
00009425,1.29204,0.16118
00009426,0.66704,0.07621
00009427,0.26733,0.02758
00009428,0.58638,0.10271
00009429,0.74011,0.05764
00009430,0.96680,0.11020
00009432,0.30815,0.06488
00009433,0.93555,0.09774
00009434,0.97522,0.16324
00009435,1.19414,0.11114
00009436,0.36153,0.02842
00009437,0.85368,0.13089
00009438,0.69741,0.05194
00009439,1.49430,0.22681
00009440,1.36704,0.15661
00009441,0.40748,0.03307
00009442,0.24447,0.02232
00009443,1.75380,0.27574
00009444,0.41239,0.03025
00009445,0.26977,0.04059
00009446,2.09507,0.32752
00009447,0.58318,0.04522
00009448,0.43879,0.04293
00009449,0.36666,0.02431
00009450,0.61302,0.06547
00009451,0.44479,0.03801
00009452,0.49097,0.03730
00009453,0.92924,0.07323
00009454,0.39931,0.03134
00009455,2.45052,0.39844
00009456,0.73280,0.05936
00009457,1.23063,0.14600
00009458,0.64580,0.06261
00009459,0.51515,0.04796
00009460,1.66864,0.28061
00009461,0.83427,0.07618
00009462,0.20416,0.04362
00009463,0.82482,0.05462
00009464,0.60595,0.04396
00009465,1.61436,0.17293
00009466,0.37615,0.03796
00009467,0.54957,0.04325
00009468,0.26167,0.04500
00009469,0.30215,0.02349
00009470,0.52288,0.06084
00009471,0.35500,0.04554
00009472,0.22378,0.03044
00009473,0.26018,0.02768
00009474,1.06571,0.10193
00009475,1.58125,0.14438
00009476,0.28555,0.03859
00009477,1.24743,0.10338
00009478,0.65216,0.09114
00009479,0.52526,0.03488
00009480,0.34374,0.04836
00009481,0.56826,0.09727
00009482,0.41310,0.03817
00009483,1.07130,0.08560
00009484,0.92561,0.07807
00009485,1.75687,0.36648
00009486,0.73984,0.05209
00009487,0.44688,0.04108
00009488,0.47851,0.05507
00009489,1.12040,0.11778
00009490,0.37669,0.02743
00009491,0.48166,0.03545
00009492,0.78763,0.05448
00009493,0.73790,0.06629
00009494,1.89770,0.19672
00009495,0.40396,0.03095
00009496,0.58483,0.04622
00009497,0.97646,0.07506
00009498,0.46010,0.05500
00009499,1.03690,0.09311
00009500,0.38832,0.02813
00009501,0.98370,0.13377
00009502,0.52469,0.04959
00009503,0.71295,0.08114
00009504,1.78454,0.22749
00009505,0.45416,0.03985
00009506,0.80661,0.05060
00009507,0.63065,0.07841
00009508,1.11954,0.10758
00009509,1.32183,0.14040
00009510,0.59622,0.04490
00009511,0.49554,0.03286
00009512,0.34471,0.03335
00009513,0.28087,0.03215
00009514,0.54127,0.02994
00009515,0.92353,0.11425
00009516,0.36650,0.02809
00009517,0.85779,0.08514
00009518,0.56789,0.06257
00009519,0.79705,0.04821
00009520,0.62649,0.04945
00009521,0.63285,0.04777
00009522,0.54167,0.22238
00009523,1.89232,0.21348
00009524,1.82001,0.27364
00009525,0.72722,0.06382
00009526,0.58976,0.04763
00009527,1.20466,0.12506
00009528,0.62991,0.04389
00009529,0.49650,0.05033
00009530,0.89036,0.10067
00009531,0.33553,0.04118
00009532,2.23398,0.30852
00009533,0.53443,0.05187
00009534,0.97462,0.07847
00009535,2.62312,0.35160
00009536,1.82023,0.19133
00009537,1.12494,0.14694
00009538,0.71077,0.03760
00009539,0.79378,0.07799
00009540,0.53762,0.03505
00009541,1.44190,0.16026
00009542,0.46617,0.05239
00009543,0.44284,0.11064
00009544,0.87558,0.08801
00009545,0.38081,0.04123
00009546,0.31633,0.02897
00009547,0.40439,0.03819
00009548,0.38562,0.03013
00009549,0.80693,0.04899
00009550,0.41888,0.04700
00009551,1.49649,0.14145
00009552,0.69904,0.09060
00009553,1.67609,0.23060
00009554,1.12508,0.12982
00009555,0.77725,0.09332
00009556,0.72527,0.05981
00009557,0.88339,0.12063
00009558,0.44183,0.02781
00009559,1.39820,0.21482
00009560,0.70567,0.09046
00009561,0.61795,0.04241
00009562,0.20191,0.03141
00009563,0.92300,0.10842
00009564,1.16448,0.23191
00009565,0.96859,0.08740
00009566,0.26132,0.02488
00009567,0.43304,0.03896
00009568,0.36510,0.05158
00009569,0.52414,0.07022
00009570,0.70848,0.04997
00009571,0.35888,0.05213
00009572,1.05511,0.08572
00009573,0.25045,0.02597
00009574,0.40101,0.02961
00009575,0.29697,0.02900
00009576,1.02357,0.07730
00009577,1.14081,0.10999
00009578,0.66521,0.05594
00009579,1.34992,0.14887
00009580,1.16680,0.11806
00009581,0.40349,0.03186
00009582,0.17505,0.02412
00009583,0.75332,0.07836
00009584,0.22701,0.03318
00009585,0.84368,0.11151
00009586,1.26587,0.11224
00009587,0.62534,0.07546
00009588,0.50911,0.03644
00009589,0.34512,0.02334
00009590,0.48780,0.05284
00009591,0.29373,0.03223
00009592,0.45834,0.03637
00009593,0.70299,0.07648
00009594,0.77536,0.08575
00009595,0.52870,0.04419
00009596,1.14350,0.10617
00009597,0.74936,0.14632
00009598,0.37705,0.03656
00009599,1.00905,0.12252
00009600,1.19714,0.08923
00009601,0.40321,0.04243
00009602,0.68081,0.05745
00009603,0.45192,0.02974
00009604,0.34621,0.07761
00009605,0.63305,0.04412
00009606,0.32133,0.02564
00009607,0.28888,0.02807
00009608,0.61901,0.04871
00009609,0.47913,0.03419
00009610,0.89412,0.09488
00009611,0.27745,0.05645
00009612,1.44008,0.19944
00009613,0.37614,0.03361
00009614,0.66567,0.09832
00009615,0.77104,0.05499
00009616,1.17391,0.12384
00009617,0.82860,0.07542
00009618,1.96069,0.31968
00009619,0.77209,0.06983
00009620,0.82157,0.05879
00009621,0.53292,0.19471
00009622,0.40689,0.02442
00009623,0.63537,0.04969
00009624,0.52114,0.04326
00009625,0.27343,0.03161
00009626,1.99408,0.31039
00009627,0.44910,0.03783
00009628,0.97129,0.10453
00009629,0.37110,0.02704
00009630,0.40964,0.03111
00009631,0.31151,0.03154
00009632,0.65048,0.04421
00009633,0.86703,0.07784
00009634,0.62629,0.04887
00009635,0.82287,0.05226
00009636,1.28114,0.12396
00009637,0.48400,0.04588
00009638,0.43232,0.02715
00009639,0.41608,0.04031
00009640,2.01515,0.54227
00009641,1.62015,0.16084
00009642,1.11183,0.21463
00009643,0.99221,0.10507
00009644,0.73879,0.11597
00009645,1.32702,0.13992
00009646,0.63153,0.03481
00009647,0.59461,0.05326
00009648,0.67034,0.05087
00009649,1.85677,0.25130
00009650,0.77049,0.04735
00009651,0.46591,0.04070
00009652,1.93520,0.28114
00009653,1.11743,0.10120
00009654,0.56529,0.05603
00009655,0.38136,0.03171
00009656,0.53977,0.04943
00009657,0.83811,0.05948
00009658,0.57465,0.07694
00009659,0.86523,0.09332
00009660,1.30362,0.16237
00009661,0.70548,0.05549
00009662,0.35392,0.03051
00009663,0.73083,0.04806
00009664,0.22048,0.02553
00009665,0.33491,0.03697
00009666,0.41925,0.03501
00009667,1.11018,0.09840
00009668,0.86194,0.10639
00009669,1.00029,0.08008
00009670,0.64073,0.04134
00009671,0.85211,0.06710
00009672,0.32011,0.02736
00009673,0.54837,0.08835
00009674,0.34700,0.05129
00009675,0.59140,0.05944
00009676,0.57461,0.03638
00009677,0.57197,0.03244
00009678,0.41038,0.03128
00009679,1.44943,0.20722
00009680,0.86969,0.05605
00009681,0.45073,0.04221
00009682,0.48628,0.03994
00009683,0.51372,0.04088
00009684,0.74735,0.04604
00009685,0.86940,0.06888
00009686,0.39064,0.03475
00009687,1.74024,0.19036
00009688,0.78015,0.06135
00009689,0.45086,0.02801
00009690,0.71151,0.04074
00009691,0.26204,0.04106
00009692,0.83413,0.09420
00009693,1.04925,0.16224
00009694,0.35164,0.03786
00009695,0.45802,0.05338
00009696,0.95345,0.11402
00009697,0.61276,0.04814
00009698,1.03740,0.09927
00009699,0.26934,0.02759
00009700,0.44126,0.04739
00009701,0.64880,0.04060
00009702,1.11567,0.11773
00009703,0.34512,0.03458
00009704,0.55482,0.05171
00009705,1.15752,0.11782
00009706,1.95086,0.24176
00009707,0.61839,0.05725
00009708,0.51513,0.03531
00009709,0.36106,0.03133
00009710,0.27904,0.03262
00009711,1.09904,0.10704
00009712,0.24411,0.05726
00009713,0.49589,0.02910
00009714,0.40578,0.04183
00009715,0.75701,0.08747
00009716,0.59942,0.04956
00009717,0.22669,0.02683
00009718,0.72332,0.05678
00009719,0.27295,0.03234
00009720,0.78374,0.08368
00009721,0.37100,0.02962
00009722,0.43354,0.02737
00009723,0.73470,0.06090
00009724,1.76606,0.24022
00009725,0.93537,0.09008
00009726,0.77036,0.06017
00009727,0.36253,0.02309
00009728,0.61533,0.04422
00009729,0.67433,0.09694
00009730,0.38747,0.03116
00009731,0.72993,0.05333
00009732,1.32677,0.16050
00009733,0.69506,0.25897
00009734,0.48315,0.03425
00009735,0.85912,0.09910
00009736,0.37648,0.03505
00009737,0.47726,0.07170
00009738,1.77334,0.68497
00009739,0.66349,0.05837
00009740,1.00765,0.10716
00009741,1.01356,0.08293
00009742,0.53661,0.03985
00009743,0.71606,0.07248
00009744,0.68446,0.04018
00009745,2.49729,0.46056
00009746,1.83678,0.21948
00009747,0.56025,0.06999
00009748,2.22874,0.45363
00009749,0.44937,0.04637
00009750,0.29952,0.02239
00009751,0.78234,0.06303
00009752,0.88773,0.06520
00009753,2.02931,0.43745
00009754,0.34142,0.05113
00009755,0.49607,0.03963
00009756,1.14422,0.21356
00009757,0.44597,0.04011
00009758,1.36867,0.16122
00009759,0.84386,0.07508
00009760,0.60311,0.05151
00009761,0.33168,0.03921
00009762,1.03476,0.11847
00009763,0.41381,0.15257
00009764,0.56723,0.05871
00009765,0.57302,0.07852
00009766,0.33741,0.02842
00009767,0.73176,0.06238
00009768,0.72977,0.09730
00009769,0.53569,0.03765
00009770,0.22062,0.02977
00009771,0.58717,0.05588
00009772,0.93393,0.05942
00009773,0.76021,0.08459
00009774,0.62588,0.05031
00009775,0.51762,0.03925
00009776,0.72743,0.05196
00009777,0.37362,0.06758
00009778,0.27729,0.02182
00009779,1.16882,0.16290
00009780,0.29339,0.04382
00009781,2.19763,0.27871
00009782,1.69426,0.23761
00009783,0.64074,0.05139
00009784,1.23235,0.13393
00009785,1.47150,0.17892
00009786,0.90587,0.09971
00009787,0.46641,0.03842
00009788,0.53524,0.05644
00009789,0.74766,0.05294
00009790,0.50171,0.03435
00009791,0.98722,0.08916
00009792,1.69001,0.24039
00009793,1.87224,0.32629
00009794,0.76081,0.04731
00009795,0.62165,0.04140
00009796,0.23914,0.02598
00009797,0.39588,0.04036
00009798,1.12843,0.15117
00009799,1.08396,0.10417
00009800,1.11094,0.09695
00009801,0.44181,0.03489
00009802,0.49152,0.07915
00009803,0.41049,0.03645
00009804,0.36491,0.03209
00009805,0.37880,0.02879
00009806,0.64806,0.05458
00009807,0.37056,0.02575
00009808,0.36799,0.02881
00009809,0.83093,0.12537
00009810,2.36861,0.31700
00009811,0.32739,0.02734
00009812,0.85104,0.06525
00009813,0.35968,0.04192
00009814,0.34117,0.02363
00009815,0.33723,0.03346
00009816,0.84520,0.05555
00009817,1.97204,0.27420
00009818,0.56610,0.03367
00009819,1.02042,0.09507
00009820,0.58515,0.04594
00009821,1.31059,0.18901
00009822,0.70842,0.05898
00009823,1.12659,0.10489
00009824,0.31420,0.04089
00009825,0.68757,0.07440
00009826,0.20125,0.02597
00009827,0.41584,0.02120
00009828,0.24689,0.02247
00009829,0.77797,0.12006
00009830,0.24354,0.05269
00009831,0.52471,0.04070
00009832,0.31127,0.03567
00009833,0.39353,0.03212
00009834,1.72288,0.39373
00009835,2.33253,0.37397
00009836,0.61138,0.04841
00009837,0.80292,0.08118
00009838,0.50837,0.03139
00009839,0.35584,0.05331
00009840,0.91389,0.18509
00009841,0.35760,0.05193
00009842,1.19355,0.10908
00009843,0.35485,0.03109
00009844,1.21525,0.09595
00009845,1.05035,0.11324
00009846,0.40388,0.02869
00009847,0.43158,0.03217
00009848,2.62788,0.38975
00009849,0.89418,0.11855
00009850,0.33027,0.02700
00009851,1.16148,0.08781
00009852,0.72624,0.04453
00009853,1.84661,0.21421
00009854,1.37615,0.12672
00009855,0.78837,0.04453
00009856,1.06690,0.15106
00009857,0.52728,0.02869
00009858,0.45627,0.03344
00009859,0.35654,0.05590
00009860,0.76936,0.07487
00009861,1.14713,0.09856
00009862,0.42201,0.05819
00009863,1.99360,0.26814
00009864,1.55759,0.13190
00009865,0.41192,0.03549
00009866,0.88816,0.38236
00009867,0.65877,0.05934
00009868,0.87017,0.07841
00009869,0.49505,0.04879
00009870,1.82395,0.26120
00009871,0.55786,0.04053
00009872,0.43357,0.06695
00009873,0.77001,0.06776
00009874,0.69598,0.04615
00009875,0.70078,0.05135
00009876,0.76926,0.08569
00009877,0.49468,0.03684
00009878,0.67225,0.04586
00009879,2.67348,0.35866
00009880,0.41013,0.10376
00009881,0.61465,0.06137
00009882,0.61569,0.08643
00009883,0.62861,0.04593
00009884,0.82922,0.05813
00009885,0.20984,0.03094
00009886,0.40070,0.03436
00009887,0.71592,0.04547
00009888,0.37698,0.03354
00009889,0.52262,0.05126
00009890,0.37035,0.08493
00009891,0.73566,0.07274
00009892,0.73563,0.06465
00009893,0.35768,0.02429
00009894,1.16645,0.11500
00009895,0.64637,0.05713
00009896,0.46055,0.10248
00009897,0.72368,0.05214
00009898,0.31750,0.03432
00009899,0.76915,0.08456
00009900,0.56479,0.06521
00009901,0.59378,0.05151
00009902,1.08214,0.12544
00009903,1.29265,0.45285
00009904,0.36877,0.14086
00009905,0.83713,0.08072
00009906,1.00992,0.12084
00009907,0.74513,0.10030
00009908,0.39736,0.03110
00009909,0.64528,0.06222
00009910,0.49213,0.06095
00009911,0.74959,0.06542
00009912,0.24231,0.03198
00009913,0.78641,0.06626
00009914,0.95104,0.13107
00009915,1.34208,0.11199
00009916,0.44510,0.02966
00009917,1.26442,0.10371
00009918,1.08988,0.11931
00009919,0.87238,0.08598
00009920,0.80457,0.05708
00009921,1.06403,0.08058
00009922,2.40094,0.64049
00009923,2.28340,0.30638
00009924,0.49026,0.04423
00009925,1.24525,0.12186
00009926,1.35799,0.20808
00009927,0.71632,0.04917
00009928,0.19326,0.02589
00009929,0.75080,0.07698
00009930,1.32211,0.15889
00009931,2.89727,0.44385
00009932,1.25755,0.14553
00009933,0.77796,0.06516
00009934,0.63144,0.05541
00009935,1.17036,0.09542
00009936,0.42967,0.03391
00009937,0.62479,0.04123
00009938,1.00946,0.12772
00009939,0.92791,0.09860
00009940,0.22729,0.03142
00009941,0.40706,0.03958
00009942,0.70855,0.05409
00009943,0.26369,0.04489
00009944,0.45341,0.04851
00009945,0.22986,0.02907
00009946,1.00139,0.10319
00009947,0.61915,0.06631
00009948,0.42883,0.03741
00009949,0.31365,0.03564
00009950,0.65129,0.05792
00009951,0.47279,0.03682
00009952,0.62746,0.05044
00009953,0.29291,0.04022
00009954,0.35409,0.03891
00009955,1.25395,0.11241
00009956,0.94928,0.09092
00009957,1.75908,0.36557
00009958,0.89239,0.06721
00009959,0.29692,0.03847
00009960,1.12213,0.18859
00009961,0.34763,0.02236
00009962,0.26597,0.03923
00009963,0.56583,0.04541
00009964,2.10677,0.24625
00009965,1.79484,0.20869
00009966,0.87387,0.08640
00009967,0.67692,0.05611
00009968,0.71088,0.15047
00009969,0.28955,0.02645
00009970,0.46824,0.03438
00009971,0.66264,0.09835
00009972,0.54447,0.07530
00009973,1.60047,0.23196
00009974,0.48826,0.04059
00009975,0.42524,0.03324
00009976,0.38385,0.02883
00009977,0.58622,0.05611
00009978,0.92159,0.08588
00009979,0.46816,0.04130
00009980,2.60820,0.90905
00009981,0.32349,0.03021
00009982,0.49804,0.02630
00009983,0.66020,0.08612
00009984,0.24050,0.04667
00009985,1.08333,0.09161
00009986,0.46859,0.03999
00009987,1.87137,0.23040
00009988,0.80284,0.07365
00009989,1.08705,0.19205
00009990,0.91974,0.09742
00009991,0.36751,0.03796
00009992,0.83228,0.06849
00009993,0.42677,0.04802
00009994,1.04018,0.12166
00009995,0.22417,0.02680
00009996,0.25497,0.03785
00009997,2.77679,0.56046
00009998,1.52830,0.16150
00009999,0.59262,0.03478
00010000,1.44089,0.18643
00010001,0.60865,0.05335
00010002,1.36097,0.12983
00010003,0.54535,0.06870
00010004,1.11125,0.08743
00010005,0.89726,0.11244
00010006,2.24854,0.38950
00010007,0.46008,0.02511
00010008,0.29137,0.02353
00010009,0.58089,0.03421
00010010,1.25553,0.13525
00010011,0.26249,0.02434
00010012,0.55734,0.04690
00010013,0.40591,0.03345
00010014,0.60665,0.05997
00010015,0.33747,0.02200
00010016,0.72109,0.06327
00010017,0.46829,0.03650
00010018,0.41724,0.04247
00010019,0.66377,0.04231
00010020,0.30974,0.03052
00010021,0.47085,0.03241
00010022,0.87511,0.07310
00010023,0.39395,0.03636
00010024,0.36008,0.03884
00010025,1.33799,0.43253
00010026,0.49820,0.03215
00010027,0.95596,0.10742
00010028,0.67683,0.06900
00010029,0.33737,0.03213
00010030,0.84236,0.08217
00010031,1.12885,0.22571
00010032,0.36903,0.19945
00010033,0.97114,0.11155
00010034,0.95146,0.08358
00010035,1.15607,0.09990
00010036,0.39747,0.16701
00010037,0.58716,0.25395
00010038,2.65922,0.47057
00010039,0.27665,0.02405
00010040,0.96604,0.08281
00010041,0.66085,0.05204
00010042,0.72262,0.05972
00010043,0.65765,0.03739
00010044,1.42121,0.29962
00010045,0.31106,0.02812
00010046,0.31541,0.03237
00010047,1.50492,0.13827
00010048,0.40114,0.03522
00010049,0.77796,0.07197
00010050,0.97610,0.06380
00010051,0.18332,0.02938
00010052,0.51202,0.07703
00010053,0.55925,0.10064
00010054,0.49946,0.03513
00010055,0.41850,0.04122
00010056,0.62370,0.05118
00010057,0.37821,0.03603
00010058,0.48762,0.04254
00010059,0.64411,0.04475
00010060,0.47840,0.03882
00010061,0.28472,0.02306
00010062,1.41884,0.17661
00010063,1.15998,0.10390
00010064,1.11521,0.13835
00010065,1.27960,0.09887
00010066,0.82812,0.04483
00010067,2.22374,0.31205
00010068,0.83799,0.07033
00010069,0.55671,0.08425
00010070,0.36923,0.02483
00010071,0.73263,0.05259
00010072,0.75420,0.05326
00010073,0.61832,0.03232
00010074,0.36656,0.03151
00010075,0.80728,0.07926
00010076,0.71910,0.04146
00010077,0.74725,0.05039
00010078,1.18308,0.13134
00010079,0.26499,0.03627
00010080,0.63614,0.06997
00010081,0.90416,0.07486
00010082,0.42192,0.03308
00010083,1.13695,0.12450
00010084,0.67205,0.06851
00010085,0.41266,0.03026
00010086,1.04491,0.16533
00010087,0.35010,0.04627
00010088,1.85297,0.29344
00010089,0.58809,0.03767
00010090,0.20773,0.05184
00010091,0.55564,0.05134
00010092,0.52643,0.04986
00010093,0.54017,0.03874
00010094,0.72409,0.12842
00010095,0.37549,0.03091
00010096,0.96106,0.10689
00010097,0.70796,0.04892
00010098,0.39927,0.03555
00010099,0.47669,0.02725
00010100,0.57061,0.06494
00010101,0.42420,0.03704
00010102,0.68908,0.03706
00010103,0.42442,0.04263
00010104,1.01541,0.08999
00010105,0.95162,0.07862
00010106,0.61247,0.06626
00010107,0.31270,0.03404
00010108,0.57170,0.04357
00010109,0.34115,0.02871
00010110,0.38463,0.03509
00010111,0.55617,0.02903
00010112,0.51216,0.08517
00010113,0.35933,0.03533
00010114,0.43786,0.03308
00010115,1.32034,0.11034
00010116,1.03005,0.07795
00010117,0.76623,0.06450
00010118,0.56287,0.03557
00010119,1.26471,0.11428
00010120,0.24103,0.02641
00010121,0.49506,0.05751
00010122,0.85005,0.05523
00010123,0.88233,0.10970
00010124,1.28731,0.13696
00010125,0.77094,0.09422
00010126,0.47556,0.02623
00010127,1.89590,0.31114
00010128,0.59405,0.04033
00010129,0.74840,0.09465
00010130,0.44083,0.02944
00010131,1.29919,0.28858
00010132,0.39879,0.03056
00010133,0.50600,0.04139
00010134,0.57155,0.04109
00010135,0.97196,0.11083
00010136,0.36064,0.05258
00010137,0.45921,0.08199
00010138,1.30528,0.30416
00010139,0.70748,0.04410
00010140,0.37413,0.04308
00010141,0.25739,0.03457
00010142,1.42660,0.16928
00010143,0.46912,0.03449
00010144,1.05717,0.17222
00010145,1.88333,0.29163
00010146,0.45707,0.04357
00010147,0.33608,0.05223
00010148,0.42098,0.03438
00010149,1.68630,0.26745
00010150,0.47976,0.04709
00010151,0.33246,0.08729
00010152,1.21452,0.15660
00010153,1.38398,0.13830
00010154,0.70483,0.04121
00010155,0.60217,0.04412
00010156,0.63918,0.04761
00010157,2.01070,0.22588
00010158,0.43131,0.03803
00010159,0.63431,0.10247
00010160,0.37747,0.06155
00010161,0.18700,0.05619
00010162,0.63209,0.07365
00010163,0.39250,0.02895
00010164,0.23331,0.04257
00010165,0.63266,0.07411
00010166,0.54035,0.04294
00010167,0.61159,0.06818
00010168,0.50953,0.03112
00010169,0.62317,0.05089
00010170,0.42963,0.03581
00010171,1.84101,0.23234
00010172,0.41510,0.03108
00010173,0.70528,0.06583
00010174,0.65774,0.05565
00010175,0.47541,0.04276
00010176,0.38986,0.03542
00010177,1.67072,0.21825
00010178,0.49371,0.06351
00010179,0.75410,0.13381
00010180,0.34133,0.05626
00010181,1.00769,0.18665
00010182,1.18713,0.34554
00010183,1.12777,0.09396
00010184,1.20600,0.15590
00010185,0.46029,0.05135
00010186,0.93891,0.08727
00010187,0.53410,0.03377
00010188,1.06712,0.08932
00010189,0.17667,0.02386
00010190,0.80804,0.08431
00010191,0.45072,0.02625
00010192,1.17437,0.11816
00010193,0.37256,0.02555
00010194,0.39453,0.03928
00010195,0.97562,0.08353
00010196,0.39043,0.02931
00010197,0.41360,0.02342
00010198,1.07247,0.22460
00010199,0.70346,0.05491
00010200,0.42994,0.03686
00010201,0.35734,0.04692
00010202,0.99019,0.07132
00010203,1.02870,0.13849
00010204,1.01247,0.10843
00010205,0.53266,0.05759
00010206,0.69405,0.06168
00010207,0.83065,0.80093
00010208,0.53398,0.04693
00010209,1.24568,0.12728
00010210,0.48908,0.03804
00010211,0.26952,0.02481
00010212,0.69039,0.08551
00010213,0.75837,0.08563
00010214,0.75432,0.04761
00010215,0.47199,0.05143
00010216,0.19523,0.03373
00010217,0.92822,0.09694
00010218,1.38608,0.19411
00010219,0.57622,0.04702
00010220,0.35170,0.02783
00010221,0.51928,0.02657
00010222,0.20296,0.03061
00010223,0.72158,0.05883
00010224,2.39061,0.30984
00010225,0.71542,0.05102
00010226,0.98556,0.07588
00010227,0.64195,0.04088
00010228,0.96956,0.07805
00010229,0.42581,0.02832
00010230,0.93837,0.07862
00010231,0.58810,0.03805
00010232,1.30699,0.10633
00010233,0.30248,0.03875
00010234,0.65049,0.05872
00010235,0.56852,0.03184
00010236,0.49816,0.03865
00010237,0.99118,0.07811
00010238,0.63652,0.06226
00010239,0.74854,0.07958
00010240,0.61481,0.06714
00010241,1.19308,0.09858
00010242,0.52274,0.02933
00010243,0.44911,0.06057
00010244,0.47882,0.05175
00010245,0.57367,0.03893
00010246,0.41729,0.03252
00010247,0.34949,0.04138
00010248,0.35763,0.02994
00010249,0.96588,0.08640
00010250,0.67011,0.05595
00010251,0.49308,0.04602
00010252,0.62968,0.04815
00010253,0.55274,0.06486
00010254,0.42575,0.03289
00010255,2.68670,0.38988
00010256,0.77498,0.32387
00010257,1.08786,0.10159
00010258,0.64896,0.03576
00010259,1.34787,0.39283
00010260,0.47864,0.03264
00010261,0.57591,0.04754
00010262,1.00760,0.09278
00010263,0.52430,0.05218
00010264,0.52357,0.04418
00010265,0.88207,0.08997
00010266,1.98777,0.28666
00010267,0.38156,0.03656
00010268,0.41317,0.03887
00010269,0.55587,0.04485
00010270,0.57051,0.04652
00010271,0.33546,0.03178
00010272,0.66059,0.07588
00010273,1.19175,0.12707
00010274,0.89985,0.08514
00010275,0.26863,0.02704
00010276,0.48333,0.03885
00010277,0.72477,0.05522
00010278,0.47029,0.04772
00010279,0.72152,0.06585
00010280,0.26373,0.04059
00010281,0.18924,0.02555
00010282,2.48813,0.36509
00010283,2.59460,0.49043
00010284,0.48630,0.04468
00010285,0.51541,0.05873
00010286,2.50843,0.51411
00010287,1.26965,0.17439
00010288,1.19848,0.11296
00010289,1.37160,0.18334
00010290,0.67088,0.05859
00010291,0.21561,0.02583
00010292,0.21569,0.02780
00010293,0.51319,0.05434
00010294,0.48843,0.04670
00010295,1.12566,0.08826
00010296,0.46022,0.05105
00010297,0.61978,0.03764
00010298,0.51756,0.04188
00010299,0.54550,0.04084
00010300,0.72970,0.09420
00010301,1.12122,0.14102
00010302,1.17444,0.10693
00010303,2.25629,0.37820
00010304,0.57323,0.03928
00010305,0.56339,0.04282
00010306,0.51977,0.12739
00010307,0.97499,0.07669
00010308,0.76789,0.08059
00010310,1.19430,0.11637
00010311,0.30703,0.02810
00010312,1.11661,0.19888
00010313,1.88839,0.40986
00010314,0.83305,0.10054
00010315,0.72416,0.04209
00010316,1.92419,0.29356
00010317,0.99833,0.24238
00010318,0.41957,0.02775
00010319,0.49980,0.03258
00010320,0.73799,0.04884
00010321,0.43674,0.03564
00010322,0.26122,0.02948
00010323,0.64823,0.06207
00010324,0.35536,0.02903
00010325,1.86574,0.19709
00010326,0.25120,0.02809
00010327,0.36454,0.02327
00010328,0.40808,0.02580
00010329,2.15354,0.39072
00010330,0.82967,0.09412
00010331,0.86513,0.05998
00010332,0.29594,0.05920
00010333,0.29631,0.02783
00010334,0.82481,0.05351
00010335,1.60155,0.39761
00010336,0.43984,0.03297
00010337,0.92750,0.11808
00010338,0.64697,0.08100
00010339,0.73657,0.07534
00010340,0.69550,0.09422
00010341,0.49794,0.03614
00010342,0.85530,0.09681
00010343,0.69647,0.06227
00010344,0.41556,0.04198
00010345,0.72725,0.04600
00010346,2.48127,0.39771
00010347,0.67651,0.05461
00010348,0.66041,0.03891
00010349,1.08997,0.09510
00010350,1.14657,0.13626
00010351,0.54322,0.04085
00010352,0.54774,0.03774
00010353,0.78495,0.05730
00010354,0.74512,0.04398
00010355,0.92974,0.08901
00010356,0.34320,0.03246
00010357,0.66861,0.03926
00010358,0.89319,0.05858
00010359,0.97006,0.14367
00010360,0.56050,0.04681
00010361,2.12992,0.43369
00010362,0.96582,0.11238
00010363,1.80707,0.58225
00010364,0.74845,0.05562
00010365,0.28242,0.04153
00010366,0.85765,0.07671
00010367,0.53861,0.03763
00010368,1.19224,0.12174
00010369,0.60828,0.03948
00010370,0.26196,0.02381
00010371,0.50497,0.04594
00010372,0.51964,0.15671
00010373,0.39995,0.02575
00010374,1.23060,0.17412
00010375,0.56602,0.03783
00010376,0.68540,0.06472
00010377,0.48860,0.03664
00010378,0.45492,0.02865
00010379,0.83669,0.05596
00010380,1.15330,0.16327
00010381,0.36180,0.02229
00010382,0.38317,0.06901
00010383,1.17155,0.11358
00010384,0.21742,0.02860
00010385,0.80770,0.06869
00010386,0.26029,0.02833
00010387,0.41219,0.02601
00010388,1.49118,0.18011
00010389,0.54181,0.05010
00010390,0.62371,0.05947
00010391,0.68220,0.05857
00010392,0.27882,0.02736
00010393,0.19701,0.02556
00010394,1.04693,0.08819
00010395,0.16820,0.02611
00010396,0.65497,0.04577
00010397,0.54792,0.05357
00010398,2.29598,0.30750
00010399,1.24778,0.11539
00010400,0.66174,0.06736
00010401,1.82770,0.50593
00010402,2.55955,0.41284
00010403,1.15588,0.09095
00010404,0.39543,0.03801
00010405,0.54370,0.04164
00010406,0.43186,0.04433
00010407,0.44002,0.04879
00010408,0.42484,0.15265
00010409,0.41823,0.02975
00010410,2.70563,0.51450
00010411,0.46972,0.03677
00010412,0.55036,0.05295
00010413,0.78739,0.07347
00010414,0.41393,0.03625
00010415,0.33872,0.03402
00010416,0.52681,0.05028
00010417,0.65022,0.03319
00010418,0.39160,0.03717
00010419,0.68703,0.04978
00010420,0.85323,0.08330
00010421,0.65120,0.03862
00010422,0.57660,0.07183
00010423,0.75306,0.05112
00010424,0.44054,0.03260
00010425,0.38123,0.04597
00010426,0.90731,0.07926
00010427,0.83107,0.06285
00010428,0.46255,0.02718
00010429,0.70002,0.04412
00010430,0.35096,0.04360
00010431,0.23317,0.02096
00010432,0.65885,0.03993
00010433,0.21521,0.03559
00010434,0.84065,0.08081
00010435,0.49073,0.14011
00010436,0.38296,0.04271
00010437,0.56887,0.03246
00010438,1.17072,0.11022
00010439,0.44078,0.03486
00010440,0.55598,0.04292
00010441,0.56071,0.03698
00010442,0.55154,0.06365
00010443,0.62413,0.06211
00010444,0.97332,0.08340
00010445,0.69162,0.06184
00010446,0.74246,0.06094
00010447,0.64702,0.05733
00010448,0.72139,0.06324
00010449,1.51173,0.14879
00010450,0.44377,0.03451
00010451,1.97233,0.23690
00010452,0.31572,0.04420
00010453,1.08697,0.26021
00010454,0.28972,0.03806
00010455,0.60590,0.04359
00010456,0.64345,0.04576
00010457,0.28840,0.03542
00010458,1.44064,0.16197
00010459,1.12302,0.07740
00010460,0.88997,0.11179
00010461,0.42262,0.03379
00010462,0.17510,0.02761
00010463,0.75517,0.08366
00010464,1.06339,0.08752
00010465,0.81047,0.06657
00010466,0.46748,0.02479
00010467,1.32610,0.18587
00010468,0.82174,0.06102
00010469,0.64286,0.05454
00010470,0.96786,0.10358
00010471,0.49163,0.04987
00010472,0.26929,0.02461
00010473,0.63267,0.04765
00010474,0.21463,0.03274
00010475,0.74408,0.07028
00010476,0.49421,0.02821
00010477,1.56357,0.18503
00010478,0.71785,0.07435
00010479,3.02571,0.50840
00010480,1.03396,0.10176
00010481,2.54854,0.35982
00010482,1.24521,0.15066
00010483,0.37817,0.10390
00010484,0.83879,0.06739
00010485,0.38935,0.03967
00010486,0.24804,0.03744
00010487,0.51247,0.03846
00010488,0.67574,0.04058
00010489,0.59878,0.06934
00010490,0.32970,0.03206
00010491,0.99156,0.09540
00010492,0.62227,0.09793
00010493,1.66958,0.17528
00010494,0.50521,0.05599
00010495,0.53539,0.05463
00010496,1.20067,0.14470
00010497,0.30879,0.04462
00010498,1.21870,0.09488
00010499,0.45894,0.04063
00010500,0.57278,0.06397
00010501,1.74768,0.21974
00010502,0.36511,0.03441
00010503,0.71183,0.04017
00010504,0.22728,0.03196
00010505,0.29965,0.02694
00010506,0.24370,0.03619
00010507,0.37066,0.02350
00010508,0.58990,0.05371
00010509,0.70773,0.07947
00010510,0.58794,0.06039
00010511,0.37845,0.02204
00010512,0.44657,0.04918
00010513,0.80538,0.05947
00010514,0.41268,0.02812
00010515,0.93777,0.13294
00010516,0.53002,0.05439
00010517,0.64916,0.03666
00010518,0.38540,0.03523
00010519,0.20557,0.02923
00010520,1.12134,0.09701
00010521,0.78882,0.04937
00010522,0.45495,0.03823
00010523,1.02105,0.08851
00010524,0.81056,0.15382
00010525,0.72410,0.04965
00010526,1.04599,0.11500
00010527,0.94684,0.06067
00010528,0.47096,0.03984
00010529,0.76175,0.05697
00010530,1.68677,0.23018
00010531,0.82769,0.08436
00010532,0.70627,0.05410
00010533,0.92414,0.08298
00010534,0.46007,0.05202
00010535,0.80386,0.09381
00010536,0.69256,0.05474
00010537,0.60248,0.04064
00010538,0.61920,0.05318
00010539,0.92859,0.08998
00010540,0.64085,0.03629
00010541,0.28162,0.02602
00010542,0.54388,0.28047
00010543,0.33637,0.03512
00010544,0.40541,0.04230
00010545,0.55427,0.03947
00010546,0.21866,0.02718
00010547,0.49313,0.03803
00010548,1.18908,0.10397
00010549,0.75270,0.05086
00010550,0.72099,0.11241
00010551,0.65831,0.05796
00010552,0.38444,0.03298
00010553,0.67603,0.05606
00010554,0.86532,0.09037
00010555,0.55592,0.09441
00010556,0.83798,0.06939
00010557,1.08699,0.19611
00010558,1.68289,0.20709
00010559,0.61855,0.05621
00010560,1.13338,0.09754
00010561,0.67825,0.03737
00010562,1.85289,0.20671
00010563,0.58390,0.03522
00010564,0.65263,0.04883
00010565,0.63376,0.04339
00010566,0.61518,0.05838
00010567,0.35550,0.02415
00010568,2.53962,0.83666
00010569,0.45887,0.04132
00010570,0.47059,0.04108
00010571,1.11556,0.14500
00010572,0.49785,0.03209
00010573,0.88960,0.08770
00010574,0.72517,0.10743
00010575,0.42951,0.02896
00010576,0.73996,0.07486
00010577,0.52872,0.03289
00010578,0.43803,0.03699
00010579,0.68570,0.04349
00010580,0.66909,0.04789
00010581,0.88852,0.05381
00010582,0.58311,0.04565
00010583,0.64208,0.04147
00010584,0.26966,0.02550
00010585,0.60031,0.03424
00010586,0.96215,0.10353
00010587,1.71187,0.22794
00010588,0.37428,0.02924
00010589,0.42327,0.05860
00010590,1.13502,0.16853
00010591,1.45280,0.15859
00010592,0.27472,0.02377
00010593,1.26355,0.14074
00010594,1.13253,0.19312
00010595,0.50309,0.04125
00010596,0.70151,0.05095
00010597,0.56476,0.05989
00010598,0.74667,0.08492
00010599,1.15497,0.19492
00010600,1.01206,0.21812
00010601,0.91876,0.09119
00010602,0.49207,0.04028
00010603,0.51911,0.04019
00010604,0.46850,0.03852
00010605,0.73038,0.10286
00010606,1.88089,0.21449
00010607,1.07247,0.10236
00010608,1.07842,0.07958
00010609,1.73264,0.21684
00010610,0.46364,0.05748
00010611,0.23082,0.02590
00010612,0.67102,0.06450
00010613,0.65039,0.03967
00010614,0.57240,0.04733
00010615,1.52255,0.14495
00010616,0.63991,0.04604
00010617,0.68341,0.04949
00010618,0.80680,0.04886
00010619,0.64667,0.04971
00010620,0.49676,0.03199
00010621,0.99804,0.10099
00010622,0.56620,0.05546
00010623,0.54048,0.04273
00010624,1.18549,0.43668
00010625,0.38945,0.03436
00010626,0.92247,0.09318
00010627,1.05295,0.06945
00010628,0.80241,0.10129
00010629,0.80317,0.05260
00010630,1.28281,0.14010
00010631,0.90731,0.07133
00010632,0.26284,0.03279
00010633,0.44167,0.47476
00010634,0.30699,0.05208
00010635,0.55314,0.04451
00010636,0.59027,0.04254
00010637,0.56942,0.05072
00010638,0.47310,0.04041
00010639,1.41614,0.17423
00010640,0.71862,0.04954
00010641,1.08820,0.15705
00010642,0.33327,0.02421
00010643,1.81347,0.32947
00010644,0.62446,0.04776
00010645,0.49593,0.06772
00010646,0.36249,0.04871
00010647,0.47977,0.02665
00010648,0.58997,0.04923
00010649,0.53599,0.04311
00010650,0.44564,0.02882
00010651,0.51957,0.03023
00010652,0.75390,0.06243
00010653,0.41499,0.03574
00010654,0.47812,0.04077
00010655,0.88561,0.07194
00010656,0.36800,0.03138
00010657,0.99099,0.07793
00010658,0.59076,0.04217
00010659,0.40577,0.04291
00010660,0.64997,0.06742
00010661,0.47172,0.03731
00010662,0.78078,0.06682
00010663,1.04543,0.06504
00010664,1.04720,0.08808
00010665,0.56872,0.05368
00010666,1.27585,0.11408
00010667,0.30891,0.04198
00010668,1.37068,0.15065
00010669,1.81530,0.25479
00010670,0.69511,0.06295
00010671,0.59831,0.03178
00010672,0.74141,0.05250
00010673,2.25149,0.38152
00010674,0.72293,0.07976
00010675,2.16603,0.33198
00010676,0.91698,0.35753
00010677,0.77052,0.07964
00010678,0.34404,0.08511
00010679,1.66368,0.20370
00010680,0.41549,0.02756
00010681,1.85930,0.26130
00010682,0.31869,0.02653
00010683,0.17849,0.03992
00010684,0.73570,0.07454
00010685,1.13484,0.12814
00010686,1.42517,0.13815
00010687,0.33005,0.03537
00010688,0.44341,0.06634
00010689,0.29358,0.02686
00010690,0.56836,0.04380
00010691,0.72756,0.05673
00010692,0.74386,0.04931
00010693,0.46689,0.04770
00010694,0.45275,0.04667
00010695,0.50835,0.03011
00010696,0.58875,0.04350
00010697,0.75995,0.05535
00010698,0.49375,0.03389
00010699,1.31683,0.19630
00010700,1.82110,0.25823
00010701,0.37065,0.03740
00010702,1.60522,0.20863
00010703,0.52583,0.05196
00010704,0.52477,0.02895
00010705,0.84643,0.04946
00010706,0.87516,0.07033
00010707,0.22623,0.02475
00010708,0.75015,0.09918
00010709,2.60046,0.39861
00010710,0.21692,0.02477
00010711,0.56205,0.05680
00010712,0.99405,0.07481
00010713,0.28295,0.03447
00010714,0.34272,0.04250
00010715,0.49035,0.03467
00010716,0.46592,0.02790
00010717,0.85248,0.07647
00010718,1.08369,0.16381
00010719,0.60844,0.05207
00010720,0.50122,0.03752
00010721,0.59597,0.06342
00010722,0.52719,0.05145
00010723,0.93168,0.09367
00010724,0.26219,0.03097
00010725,1.01656,0.07056
00010726,1.41445,0.26155
00010727,0.54483,0.03272
00010728,0.71253,0.07672
00010729,0.50119,0.04227
00010730,0.73160,0.06840
00010731,1.93236,0.21702
00010732,0.51131,0.03250
00010733,0.63310,0.04390
00010734,0.72160,0.04836
00010735,1.02256,0.12597
00010736,0.66684,0.05227
00010737,1.28809,0.10223
00010738,1.56605,0.18093
00010739,0.99668,0.29265
00010740,0.53128,0.03182
00010741,0.74992,0.04611
00010742,0.80008,0.10512
00010743,0.49903,0.15793
00010744,0.71496,0.05303
00010745,0.33684,0.04755
00010746,0.61097,0.04571
00010747,0.32788,0.03422
00010748,0.45939,0.04591
00010749,1.67608,0.23981
00010750,0.34632,0.03951
00010751,0.29956,0.02878
00010752,0.71432,0.05054
00010753,0.43109,0.07967
00010754,1.46289,0.12933
00010755,1.73971,0.23000
00010756,2.43981,0.82258
00010757,0.69422,0.06322
00010758,0.44091,0.04116
00010759,0.56718,0.06308
00010760,0.65891,0.04106
00010761,0.36755,0.03244
00010762,1.44626,0.16214
00010763,0.22126,0.03729
00010764,1.30725,0.15274
00010765,0.45444,0.06188
00010766,0.55719,0.04186
00010767,0.47089,0.03975
00010768,0.30904,0.02165
00010769,0.29666,0.04549
00010770,1.24771,0.10158
00010771,0.99515,0.06371
00010772,0.38987,0.03467
00010773,0.87270,0.11536
00010774,0.60574,0.05840
00010775,0.56965,0.05525
00010776,0.37102,0.02789
00010777,0.53760,0.04894
00010778,0.51738,0.03390
00010779,0.47439,0.03360
00010780,0.26950,0.04639
00010781,0.38667,0.02188
00010782,0.78725,0.05181
00010783,1.14626,0.16835
00010784,0.79659,0.06358
00010785,0.80068,0.05003
00010786,0.20223,0.02615
00010787,1.18738,0.11455
00010788,0.39857,0.03845
00010789,1.28362,0.11258
00010790,1.88107,0.21879
00010791,0.87694,0.06222
00010792,0.68232,0.05562
00010793,1.39180,0.43350
00010794,1.36653,0.23556
00010795,0.19923,0.02529
00010796,0.45085,0.04041
00010797,0.53365,0.04870
00010798,0.69598,0.05552
00010799,0.62161,0.04585
00010800,0.78475,0.08910
00010801,0.83748,0.07683
00010802,0.39296,0.02845
00010803,0.79580,0.05022
00010804,1.02776,0.10857
00010805,0.28161,0.02586
00010806,0.59652,0.03967
00010807,2.79158,0.47148
00010808,0.52523,0.03057
00010809,0.47256,0.03668
00010810,0.67867,0.07057
00010811,0.23986,0.02974
00010812,0.73406,0.07467
00010813,0.67925,0.06086
00010814,0.57083,0.04950
00010815,0.26523,0.02229
00010816,0.84221,0.62936
00010817,0.63867,0.05295
00010818,1.78977,0.25143
00010819,0.80189,0.05938
00010820,0.49471,0.03799
00010821,0.36531,0.02778
00010822,0.71158,0.04200
00010823,0.96871,0.08524
00010824,0.75987,0.05682
00010825,0.40779,0.04537
00010826,0.68296,0.07474
00010827,0.65345,0.05409
00010828,0.52321,0.03950
00010829,1.45982,0.13647
00010830,0.68387,0.05719
00010831,0.37791,0.03592
00010832,1.62426,0.16963
00010833,0.62462,0.08111
00010834,0.61489,0.04299
00010835,0.31509,0.03670
00010836,0.33507,0.03655
00010837,0.60390,0.04847
00010838,0.77410,0.05135
00010839,1.37578,0.21783
00010840,0.41890,0.03243
00010841,0.34558,0.02899
00010842,0.43148,0.03948
00010843,0.25838,0.09289
00010844,0.48862,0.03991
00010845,0.87442,0.09695
00010846,0.99623,0.08709
00010848,0.56548,0.04393
00010849,0.47599,0.03520
00010850,1.34711,0.11056
00010851,2.07529,0.32332
00010852,0.92278,0.09709
00010853,1.26600,0.19414
00010854,0.75639,0.04888
00010855,0.64303,0.06434
00010856,1.29570,0.12883
00010857,0.42179,0.03679
00010858,1.31778,0.14727
00010859,2.83612,0.49462
00010860,0.35178,0.03283
00010861,0.66702,0.07042
00010862,0.47225,0.03431
00010863,0.36130,0.03354
00010864,0.50822,0.11510
00010865,1.48717,0.19883
00010866,0.77090,0.05785
00010867,0.85122,0.05709
00010868,0.90580,0.06830
00010869,0.70811,0.06439
00010870,1.41181,1.08814
00010871,1.70127,0.25804
00010872,1.13460,0.17246
00010873,0.57103,0.04089
00010874,0.72523,0.05675
00010875,0.46906,0.03228
00010876,0.58713,0.03451
00010877,0.39942,0.03529
00010878,0.59463,0.05346
00010879,0.61612,0.04517
00010880,0.68124,0.05321
00010881,0.50328,0.06762
00010882,0.95097,0.11164
00010883,0.26476,0.02819
00010884,0.98208,0.11052
00010885,0.41839,0.03435
00010886,0.42074,0.03661
00010887,0.67742,0.07742
00010888,0.33268,0.03393
00010889,1.03749,0.08002
00010890,0.94015,0.08427
00010891,0.59693,0.04635
00010892,0.97091,0.12087
00010893,2.50584,0.38665
00010894,0.51663,0.05664
00010895,0.71813,0.08109
00010896,2.54216,0.35383
00010897,1.34711,0.20858
00010898,0.85215,0.04663
00010899,0.57542,0.03752
00010900,0.55489,0.04052
00010901,0.53829,0.05610
00010902,0.70030,0.07316
00010903,0.89880,0.09601
00010904,0.97116,0.08311
00010905,2.16007,0.28119
00010906,2.64660,0.35371
00010907,0.86888,0.08650
00010908,0.48839,0.03349
00010909,0.48333,0.05071
00010910,0.59327,0.13348
00010911,2.08049,0.27281
00010912,0.55200,0.04604
00010913,2.44001,0.31584
00010914,0.85253,0.08391
00010915,1.97329,0.46176
00010916,0.27721,0.02776
00010917,0.60448,0.03830
00010918,0.41447,0.04239
00010919,0.46658,0.04678
00010920,0.47430,0.03019
00010921,0.50148,0.03087
00010922,0.70833,0.07544
00010923,0.52412,0.03255
00010924,0.57057,0.04356
00010925,0.64195,0.08260
00010926,1.00839,0.09498
00010927,1.19544,0.12745
00010928,0.47116,0.03708
00010929,0.81338,0.13624
00010930,0.39529,0.03450
00010931,0.49736,0.04644
00010932,0.30781,0.03364
00010933,0.66103,0.07254
00010934,0.57194,0.03809
00010935,0.83369,0.09097
00010936,1.22307,0.15332
00010937,1.41964,0.11257
00010938,0.91500,0.11388
00010939,0.86087,0.08003
00010940,0.56903,0.05098
00010941,0.84645,0.06166
00010942,0.52520,0.04178
00010943,0.40927,0.02691
00010944,1.52525,0.17048
00010945,1.04291,0.09980
00010946,0.41489,0.03494
00010947,0.37781,0.03534
00010948,1.09997,0.08798
00010949,0.44162,0.03371
00010950,0.51505,0.03911
00010951,0.54127,0.05468
00010952,0.72621,0.08878
00010953,0.54797,0.03116
00010954,0.43692,0.03350
00010955,0.74298,0.05081
00010956,0.28216,0.02611
00010957,0.56926,0.05156
00010958,0.83209,0.06332
00010959,0.57333,0.02986
00010960,1.07372,0.13851
00010961,0.36055,0.04051
00010962,0.83890,0.07378
00010963,0.55210,0.04390
00010964,0.98276,0.09344
00010965,0.92634,0.11212
00010966,1.35238,0.11469
00010967,1.12984,0.12767
00010968,0.54297,0.05200
00010969,0.78008,0.12279
00010970,0.31755,0.02444
00010971,0.86567,0.06351
00010972,1.23070,0.29217
00010973,0.25728,0.03509
00010974,0.71385,0.06393
00010975,0.47908,0.06656
00010976,0.38162,0.04364
00010978,1.16044,0.17845
00010979,1.02733,0.08253
00010980,0.42783,0.03836
00010981,0.22838,0.02686
00010982,0.55901,0.06105
00010983,0.80790,0.06253
00010984,1.39435,0.18273
00010985,2.41859,0.40883
00010986,0.44486,0.04667
00010987,0.85402,0.07556
00010988,0.58033,0.03704
00010989,0.39546,0.03022
00010990,1.09590,0.09682
00010991,0.55955,0.04103
00010992,0.57015,0.05455
00010993,0.37582,0.03893
00010994,0.63728,0.06099
00010995,0.20152,0.02790
00010996,0.57353,0.07020
00010997,0.31566,0.04071
00010998,0.94577,0.16911
00010999,0.30911,0.03102
00011000,0.30417,0.02613
00011001,0.36687,0.02355
00011002,1.48526,0.38779
00011003,1.03478,0.11041
00011004,0.42704,0.05612
00011005,0.44460,0.03537
00011006,0.83178,0.15841
00011007,0.93959,0.12966
00011008,0.71195,0.06660
00011009,1.92799,0.22934
00011010,0.36888,0.07265
00011011,0.24720,0.03755
00011012,0.35783,0.02718
00011013,0.64389,0.07732
00011014,0.78750,0.10516
00011015,0.95436,0.12116
00011016,0.41940,0.04422
00011017,0.38276,0.04209
00011018,1.85070,0.19946
00011019,0.51124,0.06968
00011020,0.38619,0.04595
00011021,1.63884,0.24438
00011022,1.62316,0.23800
00011023,0.27993,0.02482
00011024,0.58777,0.05552
00011025,0.96111,0.11832
00011026,0.47235,0.03694
00011027,1.41990,0.14101
00011028,1.72014,0.23575
00011029,0.63558,0.03894
00011030,0.60154,0.05003
00011031,0.47486,0.03926
00011032,0.87674,0.06494
00011033,1.60094,0.14187
00011034,0.74058,0.09551
00011035,0.19047,0.02931
00011036,0.33126,0.03739
00011037,0.78035,0.34520
00011038,0.86283,0.12738
00011039,0.64783,0.06189
00011040,0.51532,0.04972
00011041,0.26242,0.02921
00011042,0.67771,0.07431
00011043,0.41936,0.05682
00011044,0.43620,0.02994
00011045,0.56653,0.06486
00011046,1.18487,0.26569
00011047,1.30067,0.12184
00011048,0.74781,0.03968
00011049,0.63759,0.04299
00011050,0.67403,0.04562
00011051,0.88141,0.05502
00011052,1.32627,0.10672
00011053,0.52824,0.16383
00011054,0.71242,0.05467
00011055,2.60237,0.52974
00011056,0.58141,0.03794
00011057,0.76468,0.05874
00011058,0.50085,0.04920
00011059,0.20494,0.02763
00011060,0.42000,0.03799
00011061,0.45770,0.04770
00011062,0.45750,0.02580
00011063,0.51455,0.03879
00011064,1.60500,0.24011
00011065,0.62548,0.04887
00011066,1.18450,0.12594
00011067,0.99878,0.13579
00011068,1.55040,0.14943
00011069,0.48087,0.04532
00011070,0.57529,0.05961
00011071,1.04473,0.12042
00011072,0.61198,0.04964
00011073,0.55074,0.04321
00011074,1.17226,0.15268
00011075,0.87178,0.12728
00011076,0.49552,0.03811
00011077,0.18952,0.06435
00011078,0.47571,0.04166
00011079,1.03489,0.07978
00011080,0.28833,0.03426
00011081,1.51365,0.28945
00011082,0.35744,0.04376
00011083,0.51803,0.09282
00011084,0.42525,0.02481
00011085,0.44815,0.05132
00011086,1.09167,0.10119
00011087,0.65184,0.06367
00011088,0.22524,0.04341
00011089,0.31844,0.02731
00011090,0.74881,0.06244
00011091,0.57531,0.04583
00011092,0.85564,0.13843
