ID,theta_E,theta_E_sigma
00000000,0.44497,0.05672
00000001,0.67221,0.04340
00000002,0.79639,0.05657
00000003,0.49891,0.03457
00000004,2.91330,0.36107
00000005,1.62586,0.26561
00000006,0.47935,0.02994
00000007,0.86055,0.05569
00000008,0.34156,0.03656
00000009,0.73257,0.05544
00000010,0.42301,0.03074
00000011,0.44093,0.04172
00000012,0.53109,0.04625
00000013,0.66794,0.04317
00000014,0.70238,0.08372
00000015,1.76421,0.18365
00000016,0.92120,0.07117
00000017,0.47811,0.03895
00000018,0.79132,0.06090
00000019,1.06262,0.10222
00000020,0.74446,0.05523
00000021,1.07523,0.12112
00000022,0.91307,0.07503
00000023,0.34109,0.02978
00000024,0.46746,0.04477
00000025,0.45613,0.03783
00000026,1.79144,0.62723
00000027,0.84804,0.06174
00000028,0.41462,0.04055
00000029,0.41624,0.02943
00000030,0.35963,0.02753
00000031,0.50666,0.03414
00000032,1.20870,0.15866
00000033,0.60978,0.04490
00000034,0.38596,0.04406
00000035,0.98574,0.06955
00000036,1.28504,0.12380
00000037,0.64389,0.04725
00000038,0.63177,0.05581
00000039,0.41293,0.03213
00000040,0.41081,0.04360
00000041,0.94809,0.07680
00000042,0.22691,0.03010
00000043,0.56569,0.03879
00000044,0.50458,0.03409
00000045,0.37827,0.02677
00000046,0.80900,0.10564
00000047,0.74174,0.05871
00000048,0.69357,0.04476
00000049,2.42011,0.33595
00000050,0.72444,0.14298
00000051,0.43845,0.03619
00000052,0.79143,0.07528
00000053,0.41910,0.03248
00000054,0.69716,0.04218
00000055,0.49767,0.03873
00000056,1.29000,0.13021
00000057,0.51792,0.04542
00000058,0.56998,0.05400
00000059,0.60420,0.04891
00000060,0.42966,0.02748
00000061,1.09437,0.12475
00000062,0.31191,0.03370
00000063,0.32164,0.02886
00000064,0.73356,0.05964
00000065,0.91900,0.07854
00000066,0.63744,0.05480
00000067,0.56970,0.04633
00000068,0.88618,0.10823
00000069,0.59063,0.05737
00000070,1.38748,0.14181
00000071,0.57394,0.04822
00000072,0.23722,0.03185
00000073,0.85557,0.08996
00000074,0.39549,0.02824
00000075,0.57322,0.04367
00000076,0.94392,0.07755
00000077,0.65070,0.05808
00000078,0.39987,0.03170
00000079,0.38090,0.03478
00000080,1.17561,0.10516
00000081,0.53217,0.03884
00000082,0.96076,0.08028
00000083,0.98668,0.11806
00000084,1.40181,0.12916
00000085,0.93698,0.07663
00000086,0.56770,0.03861
00000087,1.17464,0.12077
00000088,2.52223,0.35844
00000089,0.87926,0.07199
00000090,0.26681,0.03742
00000091,0.78981,0.11848
00000092,0.64751,0.08043
00000093,1.05875,0.08066
00000094,0.71034,0.07204
00000095,0.21617,0.02353
00000096,1.00466,0.07768
00000097,1.07302,0.10388
00000098,0.69930,0.04728
00000099,0.50570,0.03962
00000100,2.13112,0.27128
00000101,0.62077,0.10550
00000102,0.44379,0.03900
00000103,0.63666,0.13129
00000104,0.60519,0.04300
00000105,1.72024,0.26038
00000106,0.26875,0.04375
00000107,0.75573,0.04930
00000108,0.80033,0.06188
00000109,0.25441,0.04131
00000110,0.55663,0.03671
00000111,0.22854,0.02959
00000112,0.99741,0.10929
00000113,0.76671,0.10732
00000114,0.50820,0.03872
00000115,0.64902,0.04822
00000116,0.21799,0.03071
00000117,0.50912,0.04266
00000118,1.12332,0.10983
00000119,0.66651,0.04611
00000120,0.59957,0.04164
00000121,0.47409,0.03882
00000122,0.62719,0.04301
00000123,0.37748,0.04544
00000124,0.55385,0.04544
00000125,1.20499,0.18362
00000126,0.60643,0.05721
00000127,0.68356,0.04751
00000128,0.79350,0.05647
00000129,0.57617,0.07353
00000130,0.24953,0.02771
00000131,0.85285,0.08197
00000132,0.59565,0.04354
00000133,1.51257,0.16280
00000134,0.99590,0.09502
00000135,0.46640,0.03663
00000136,0.46173,0.03174
00000137,0.21545,0.02745
00000138,0.61715,0.04677
00000139,0.77516,0.05763
00000140,0.65117,0.04369
00000141,0.56438,0.04640
00000142,0.96531,0.09939
00000143,0.46950,0.03306
00000144,0.39810,0.02963
00000145,2.26941,0.34617
00000146,0.64293,0.04442
00000147,0.43025,0.03764
00000148,0.41029,0.02826
00000149,0.80031,0.08054
00000150,0.44728,0.04280
00000151,0.46728,0.03082
00000152,0.76694,0.05082
00000153,0.58448,0.08760
00000154,0.49368,0.03842
00000155,0.93062,0.08424
00000156,1.12419,0.09469
00000157,1.39168,0.14268
00000158,0.55037,0.04887
00000159,1.66012,0.16757
00000160,0.61013,0.05024
00000161,0.21832,0.02821
00000162,0.33128,0.03836
00000163,0.38949,0.03012
00000165,0.67181,0.05281
00000166,0.90401,0.07980
00000167,0.51729,0.03621
00000168,0.97880,0.09531
00000169,0.52449,0.04705
00000170,1.61052,0.17656
00000171,0.34475,0.03652
00000172,0.31485,0.03581
00000173,1.21566,0.15365
00000174,0.50813,0.16056
00000175,1.08012,0.14165
00000176,0.25766,0.03862
00000177,1.64705,0.16479
00000178,0.48795,0.03511
00000179,0.38959,0.33706
00000180,1.11860,0.10294
00000181,1.74613,0.16701
00000182,1.59112,0.15877
00000183,0.50487,0.04544
00000184,2.00838,0.22853
00000185,0.79199,0.08233
00000186,1.08210,0.09873
00000187,0.29295,0.02796
00000188,0.54998,0.03731
00000189,0.53555,0.03319
00000190,0.41967,0.03122
00000191,0.62772,0.03869
00000192,0.86958,0.11396
00000193,0.56377,0.04339
00000194,0.57680,0.04070
00000195,1.39904,0.14968
00000196,0.52241,0.03280
00000197,1.03618,0.09391
00000198,0.63950,0.04978
00000199,0.79762,0.09501
00000200,0.48481,0.03790
00000201,2.38199,0.30253
00000202,0.49051,0.04762
00000203,2.63904,0.31550
00000204,1.00722,0.07807
00000205,1.24735,0.11612
00000206,0.46327,0.03169
00000207,0.97683,0.10443
00000208,0.62069,0.04264
00000209,0.91295,0.06531
00000210,0.63201,0.03970
00000211,0.75291,0.06581
00000212,0.86394,0.07033
00000213,2.28702,0.31233
00000214,0.63956,0.04455
00000215,2.34565,0.39724
00000216,0.97008,0.07729
00000217,0.88479,0.07744
00000218,0.46612,0.03333
00000219,0.76380,0.05999
00000220,0.93872,0.08228
00000221,0.46419,0.04186
00000222,1.21009,0.10015
00000223,0.52295,0.03531
00000224,1.42482,0.12766
00000225,0.33574,0.02581
00000226,0.25240,0.02501
00000227,0.58830,0.04483
00000228,0.59133,0.04409
00000229,0.35031,0.02602
00000230,0.53286,0.04876
00000231,0.57878,0.04734
00000232,0.91249,0.06863
00000233,0.55809,0.03916
00000234,1.22847,0.12537
00000235,0.61457,0.04431
00000236,0.90391,0.07093
00000237,0.69626,0.04686
00000238,1.07713,0.10119
00000239,1.73553,0.22904
00000240,0.28428,0.03482
00000241,0.53624,0.03988
00000242,0.66858,0.04665
00000243,0.67002,0.04846
00000244,0.63980,0.05875
00000245,1.39060,0.12003
00000246,0.49199,0.03851
00000247,0.48995,0.04398
00000248,0.40220,0.03519
00000249,0.98760,0.08556
00000250,0.98730,0.13969
00000251,0.88193,0.05982
00000252,0.90857,0.13115
00000253,0.43650,0.03845
00000254,0.57622,0.03951
00000255,1.51806,0.16020
00000256,1.35993,0.23814
00000257,0.40758,0.03278
00000258,1.00305,0.09170
00000259,0.45177,0.03647
00000260,0.44251,0.05827
00000261,0.47162,0.03459
00000262,2.09238,0.28809
00000263,0.33800,0.03691
00000264,1.13982,0.10509
00000265,0.58495,0.03746
00000266,0.96243,0.08093
00000267,0.52211,0.03629
00000268,0.70680,0.05079
00000269,1.12242,0.26410
00000270,0.57549,0.04267
00000271,0.52241,0.05655
00000272,0.68977,0.05002
00000273,0.64715,0.04445
00000274,0.59931,0.04250
00000275,0.50341,0.03389
00000276,0.71386,0.06388
00000277,0.27104,0.02546
00000278,0.50513,0.03431
00000279,0.52432,0.03793
00000280,0.54030,0.03647
00000281,0.58571,0.04138
00000282,0.35251,0.02853
00000283,0.51935,0.04357
00000284,0.39630,0.02807
00000285,0.78723,0.05374
00000286,0.46153,0.03890
00000287,0.75092,0.08748
00000288,0.40177,0.02896
00000289,0.30391,0.02655
00000290,2.62783,0.34513
00000291,0.51800,0.05071
00000292,0.64878,0.04825
00000293,0.52050,0.03984
00000294,0.57967,0.04460
00000295,0.81561,0.06350
00000296,0.74358,0.06749
00000297,0.51372,0.03790
00000298,0.84514,0.11204
00000299,0.35342,0.04279
00000300,0.86491,0.06093
00000301,0.58004,0.05153
00000302,1.74602,0.20643
00000303,1.01880,0.08236
00000304,0.57287,0.04582
00000305,0.97719,0.08462
00000306,0.23312,0.02724
00000307,0.61874,0.04829
00000308,0.92928,0.07332
00000309,1.11571,0.10158
00000310,0.80846,0.06559
00000311,0.43605,0.03207
00000312,0.42618,0.03127
00000313,0.55307,0.05356
00000314,1.44499,0.19052
00000315,0.30208,0.02598
00000316,0.35288,0.03088
00000317,1.06524,0.08257
00000318,0.45082,0.04035
00000319,0.57751,0.03892
00000320,0.61349,0.04983
00000321,0.54397,0.03799
00000322,0.59516,0.07543
00000323,2.32267,0.37947
00000324,0.28626,0.02621
00000325,0.56087,0.04649
00000326,0.72920,0.05102
00000327,0.42345,0.02893
00000328,0.69706,0.04691
00000329,1.22870,0.09883
00000330,1.01626,0.09218
00000331,0.99760,0.07969
00000332,0.69919,0.04766
00000333,0.42093,0.03383
00000334,0.17780,0.03196
00000335,0.33856,0.02954
00000336,0.83168,0.10260
00000337,0.78014,0.06000
00000338,0.70525,0.05396
00000339,0.72915,0.05237
00000340,0.30812,0.02840
00000341,0.65390,0.04864
00000342,0.66845,0.05138
00000343,1.23754,0.14775
00000344,0.50865,0.04017
00000345,0.95265,0.08405
00000346,1.25217,0.18348
00000347,1.15753,0.09805
00000348,0.89645,0.09642
00000349,0.41064,0.03018
00000350,1.07732,0.08474
00000351,0.53163,0.05735
00000352,0.90440,0.06761
00000353,0.39411,0.02732
00000354,0.74429,0.05448
00000355,0.81760,0.07380
00000356,0.96319,0.07165
00000357,1.00207,0.10709
00000358,0.52643,0.04401
00000359,0.47377,0.03663
00000360,0.57793,0.04697
00000361,0.74669,0.05162
00000362,0.46402,0.04132
00000363,0.70646,0.06544
00000364,1.04517,0.09754
00000365,0.84281,0.05512
00000366,0.41035,0.03037
00000367,0.69709,0.04900
00000368,0.58429,0.07208
00000369,0.43959,0.02866
00000370,1.24163,0.11537
00000371,0.87526,0.07399
00000372,2.42127,0.30878
00000373,1.82518,0.19288
00000374,0.75103,0.06795
00000375,1.24692,0.13525
00000376,0.49556,0.03376
00000377,0.92864,0.08051
00000378,1.04411,0.10843
00000379,0.46834,0.03510
00000380,2.06244,0.26244
00000381,0.61377,0.05144
00000382,0.47027,0.03517
00000383,0.80656,0.08324
00000384,0.71742,0.07109
00000385,0.33989,0.02905
00000386,0.68108,0.05188
00000388,0.63061,0.04212
00000389,0.87239,0.07180
00000390,0.62626,0.04437
00000391,1.62692,0.22884
00000392,1.69963,0.20008
00000393,1.06865,0.08999
00000394,0.23649,0.09749
00000395,0.97752,0.07915
00000396,0.71781,0.05871
00000397,0.36466,0.04334
00000398,0.38480,0.02575
00000399,0.68397,0.04696
00000400,0.41686,0.03265
00000401,0.81262,0.09635
00000402,0.26107,0.02362
00000403,0.66045,0.04175
00000404,0.53013,0.04946
00000405,0.89980,0.09837
00000406,0.38081,0.03052
00000407,2.09042,0.23384
00000408,1.13245,0.11979
00000409,0.65424,0.04915
00000410,0.56031,0.04364
00000411,0.56702,0.03638
00000412,0.63844,0.05343
00000413,0.65182,0.04505
00000414,0.48254,0.03726
00000415,0.36989,0.03108
00000416,0.93365,0.16666
00000417,0.82431,0.06698
00000418,0.58798,0.03866
00000419,0.94157,0.06886
00000420,0.49733,0.03346
00000421,0.26078,0.02644
00000422,0.59584,0.04726
00000423,1.47742,0.15076
00000424,1.01711,0.07392
00000425,0.45842,0.03263
00000426,0.71312,0.05699
00000427,0.60692,0.04959
00000428,0.75654,0.06218
00000429,0.71047,0.05373
00000430,0.26167,0.04372
00000431,2.25456,0.24773
00000432,0.74523,0.05363
00000433,0.41532,0.02898
00000434,0.18751,0.02713
00000435,1.60214,0.14226
00000436,1.63124,0.18484
00000437,1.04390,0.12204
00000438,0.53550,0.04778
00000439,0.75823,0.06747
00000440,0.91268,0.07487
00000441,0.72618,0.05706
00000442,0.28690,0.02887
00000443,0.46848,0.03541
00000444,1.47391,0.13252
00000445,0.46331,0.03467
00000446,2.76965,0.35423
00000447,0.78335,0.06103
00000448,0.98038,0.07517
00000449,0.85284,0.08861
00000450,0.85690,0.06252
00000451,0.40233,0.02683
00000452,1.88368,0.23462
00000453,1.27345,0.11699
00000454,0.39633,0.02668
00000455,0.26640,0.02892
00000456,0.99123,0.08758
00000457,0.55229,0.04686
00000458,0.57166,0.04229
00000459,0.70978,0.05222
00000460,1.01800,0.08192
00000461,0.29143,0.03454
00000462,0.19290,0.02577
00000463,0.95736,0.08235
00000464,0.30611,0.04294
00000465,2.11041,0.37691
00000466,1.03010,0.08624
00000467,0.28191,0.02885
00000468,0.66292,0.04420
00000469,0.62838,0.05818
00000470,0.19634,0.03355
00000471,0.63139,0.05696
00000472,0.54971,0.04709
00000473,0.34347,0.03057
00000474,0.65450,0.07145
00000475,0.72168,0.05033
00000476,1.05311,0.09521
00000477,1.16758,0.09774
00000478,0.91581,0.06577
00000479,0.64535,0.05825
00000480,0.28826,0.02880
00000481,0.27737,0.03140
00000482,0.89107,0.07182
00000483,0.54716,0.03455
00000484,0.50390,0.03905
00000485,0.48775,0.03416
00000486,0.31529,0.03257
00000487,0.73403,0.08146
00000488,0.59963,0.07095
00000489,1.63126,0.17692
00000490,1.19033,0.14238
00000491,0.37496,0.02848
00000492,0.57337,0.03605
00000493,0.29620,0.03589
00000494,0.82148,0.06025
00000495,0.73925,0.09245
00000496,0.44182,0.03823
00000497,0.40292,0.03320
00000498,1.21569,0.17180
00000499,0.93485,0.08123
00000500,0.45286,0.03860
00000501,0.43009,0.04783
00000502,1.14097,0.10052
00000503,0.53216,0.04234
00000504,0.59806,0.04085
00000505,0.27955,0.02803
00000506,0.76689,0.09929
00000507,0.91968,0.06944
00000508,0.91849,0.06492
00000509,0.92085,0.06880
00000510,0.62121,0.04413
00000511,0.73942,0.06633
00000512,0.40686,0.02885
00000513,1.30066,0.13727
00000514,0.45109,0.03747
00000515,0.92872,0.06878
00000516,0.76865,0.05793
00000517,1.62451,0.17423
00000518,0.56626,0.03894
00000519,1.64103,0.25481
00000520,0.48420,0.03990
00000521,0.42205,0.03126
00000522,2.15093,0.23748
00000523,0.47773,0.03125
00000524,0.47350,0.03733
00000525,1.27074,0.10445
00000526,1.71620,0.17771
00000527,0.52543,0.03542
00000528,0.44441,0.03013
00000529,1.35419,0.14271
00000530,0.42764,0.03287
00000531,1.30202,0.12316
00000532,1.01892,0.12388
00000533,1.40379,0.14087
00000534,0.54418,0.06140
00000535,0.42342,0.02922
00000536,1.24272,0.11919
00000537,0.91059,0.12636
00000538,0.85420,0.07080
00000539,0.61563,0.04669
00000540,0.41142,0.03911
00000541,0.78758,0.23547
00000542,0.44794,0.03709
00000543,0.63199,0.05936
00000544,0.45385,0.05067
00000545,0.87376,0.09811
00000546,0.42760,0.02992
00000547,0.22798,0.02686
00000548,0.52725,0.03501
00000549,0.39580,0.05151
00000550,0.46316,0.04262
00000551,0.52787,0.03502
00000552,0.94311,0.07213
00000553,0.23057,0.02399
00000554,0.31657,0.02580
00000555,0.37348,0.03716
00000556,0.70072,0.07041
00000557,0.43056,0.03157
00000558,0.95390,0.10258
00000559,0.78313,0.04871
00000560,0.82633,0.07235
00000561,0.55075,0.03998
00000562,2.23304,0.28522
00000563,0.41941,0.04334
00000564,0.28148,0.02614
00000565,1.40577,0.12757
00000566,0.46266,0.05389
00000567,0.48957,0.03334
00000568,0.82888,0.05807
00000569,0.83059,0.10872
00000570,0.43083,0.05695
00000571,0.79689,0.05399
00000572,0.70062,0.06225
00000573,0.53222,0.03974
00000574,0.53050,0.04758
00000575,1.42187,0.16160
00000576,0.66810,0.04866
00000577,0.76672,0.07278
00000578,1.58033,0.16132
00000579,0.44354,0.03975
00000580,0.50883,0.03697
00000581,0.62281,0.04104
00000582,0.47850,0.03564
00000583,0.43689,0.03433
00000584,0.65535,0.03973
00000585,0.75116,0.08112
00000586,0.35956,0.02513
00000587,1.20333,0.11246
00000588,0.43100,0.03753
00000589,0.62787,0.04712
00000590,0.79976,0.06130
00000591,0.43009,0.03298
00000592,0.70002,0.05735
00000593,0.50844,0.03052
00000594,0.48730,0.03734
00000595,0.68110,0.06606
00000596,1.93210,0.21422
00000597,0.70500,0.05351
00000598,0.97067,0.10323
00000599,0.76392,0.05975
00000600,0.43242,0.02765
00000601,0.56999,0.05272
00000602,0.44548,0.03082
00000603,0.71279,0.04671
00000604,0.45989,0.04615
00000605,1.01023,0.10974
00000606,1.11557,0.10483
00000607,0.97465,0.07325
00000608,0.30677,0.03617
00000609,0.50794,0.03344
00000610,0.69106,0.04765
00000611,0.97257,0.07129
00000612,0.85723,0.07931
00000613,0.75374,0.06192
00000614,0.35015,0.02726
00000615,0.80760,0.06167
00000616,0.47756,0.03894
00000617,0.99033,0.10088
00000618,1.07226,0.12123
00000619,0.41742,0.03130
00000620,0.52268,0.04098
00000621,0.57417,0.08139
00000622,0.58312,0.05164
00000623,0.60640,0.04673
00000624,0.34443,0.04059
00000625,1.04240,0.07710
00000626,1.04973,0.08887
00000627,0.98090,0.10279
00000628,0.84633,0.05864
00000629,0.26260,0.02359
00000630,0.40989,0.03601
00000631,0.66843,0.06450
00000632,1.04585,0.09477
00000633,0.45601,0.04002
00000634,0.24467,0.02702
00000635,1.15017,0.14217
00000636,0.57630,0.04061
00000637,0.91894,0.09101
00000638,0.49146,0.04934
00000639,0.49949,0.06598
00000640,0.43682,0.04276
00000641,0.37448,0.03198
00000642,0.25038,0.02646
00000643,0.45230,0.03059
00000644,0.41528,0.02742
00000645,0.95008,0.10449
00000646,1.81809,0.24700
00000647,0.64432,0.03858
00000648,0.45348,0.03646
00000649,0.73163,0.04671
00000650,0.49297,0.03756
00000651,0.26640,0.02551
00000652,0.35448,0.03001
00000653,1.02202,0.09591
00000654,0.60079,0.04363
00000655,0.70017,0.06294
00000656,1.03844,0.10511
00000657,0.30253,0.02590
00000658,0.56312,0.05178
00000659,0.46193,0.05172
00000660,0.26574,0.02758
00000661,0.43396,0.02907
00000662,0.66116,0.06681
00000663,1.11573,0.10415
00000664,0.26190,0.02463
00000665,0.55364,0.03764
00000666,0.88787,0.09748
00000667,0.71683,0.05359
00000668,0.92312,0.07215
00000669,1.21845,0.11645
00000670,0.50117,0.04524
00000671,0.47788,0.03212
00000672,0.45169,0.03983
00000673,0.66590,0.05342
00000674,0.94126,0.08845
00000675,0.79446,0.19153
00000676,0.86538,0.06313
00000677,0.27211,0.02645
00000678,0.80157,0.05400
00000679,0.16847,0.03535
00000680,0.22971,0.02430
00000681,0.53837,0.03510
00000682,0.23302,0.03112
00000683,0.52738,0.05364
00000684,0.47996,0.03122
00000685,1.29193,0.16368
00000686,2.69467,0.39177
00000687,1.04660,0.17305
00000688,0.43277,0.03607
00000689,0.99889,0.09543
00000690,0.57551,0.04197
00000691,1.56183,0.15179
00000692,0.43799,0.02902
00000693,0.25455,0.03546
00000694,0.76398,0.05868
00000695,0.36529,0.03648
00000696,0.80467,0.07046
00000697,0.47990,0.03304
00000698,1.22565,0.14996
00000699,1.07268,0.09309
00000700,0.49068,0.04487
00000701,0.69121,0.05668
00000702,1.40422,0.14956
00000703,0.74975,0.05631
00000704,0.54928,0.03622
00000705,1.61577,0.15311
00000706,0.40303,0.03162
00000707,0.44100,0.03005
00000708,0.65364,0.05968
00000709,0.64937,0.04754
00000710,1.83433,0.22858
00000711,0.84344,0.06621
00000712,0.39720,0.03018
00000713,0.36740,0.03258
00000714,1.53749,0.14555
00000715,0.32764,0.03858
00000716,0.24881,0.04121
00000717,0.24087,0.02639
00000718,0.26471,0.02789
00000719,0.57495,0.04046
00000720,0.68681,0.09422
00000721,3.10708,0.35255
00000722,1.63220,0.31607
00000723,0.93278,0.06786
00000724,0.57661,0.06233
00000725,2.20459,0.25156
00000726,0.30367,0.02760
00000727,0.61161,0.04575
00000728,0.97756,0.11375
00000729,0.33142,0.02565
00000730,1.44419,0.13342
00000731,1.04963,0.09943
00000732,0.23269,0.02399
00000733,0.51030,0.04151
00000734,1.03449,0.10635
00000735,1.20614,0.14310
00000736,0.39292,0.02575
00000737,0.59593,0.05360
00000738,0.63579,0.04772
00000739,0.85399,0.07008
00000740,0.63762,0.05246
00000741,0.40576,0.04049
00000742,0.91057,0.07654
00000743,0.27737,0.04207
00000744,1.79456,0.23076
00000745,0.49364,0.04037
00000746,0.96669,0.08243
00000747,0.51880,0.04443
00000748,0.67099,0.05636
00000749,0.88973,0.08943
00000750,1.86344,0.44374
00000751,1.00045,0.07536
00000752,0.81831,0.06035
00000753,0.41699,0.03084
00000754,1.00031,0.08339
00000755,0.54301,0.04487
00000756,0.79242,0.08874
00000757,0.54433,0.03925
00000758,0.55035,0.03712
00000759,0.56503,0.04645
00000760,0.73221,0.06071
00000761,2.50804,0.32802
00000762,0.19879,0.03968
00000763,0.92269,0.07637
00000764,0.20059,0.02760
00000765,0.64164,0.13027
00000766,1.46954,0.17661
00000767,1.08446,0.09882
00000768,0.60941,0.04306
00000769,0.66698,0.04262
00000770,0.50566,0.06217
00000772,0.75610,0.07386
00000773,0.91464,0.08163
00000774,1.32423,0.12046
00000775,0.73312,0.08648
00000776,0.58652,0.04372
00000777,0.73585,0.05864
00000778,1.91096,0.19611
00000779,1.43185,0.13133
00000780,1.11702,0.09314
00000781,0.48329,0.03127
00000782,0.53377,0.04371
00000783,0.49244,0.03559
00000784,1.05988,0.07995
00000785,0.36515,0.02869
00000786,0.70969,0.04736
00000787,0.89640,0.06200
00000788,1.17319,0.11117
00000789,0.55536,0.05900
00000790,0.59891,0.05178
00000791,1.28116,0.13619
00000792,1.41072,0.13962
00000793,2.10538,0.27949
00000794,0.32517,0.02819
00000795,1.06547,0.09064
00000796,0.66801,0.04772
00000797,0.25350,0.02708
00000798,0.54282,0.04442
00000799,0.22133,0.03983
00000800,1.32976,0.13251
00000801,0.72411,0.05356
00000802,1.25592,0.13794
00000803,0.43126,0.03072
00000804,0.39974,0.03215
00000805,1.68015,0.20202
00000806,0.43866,0.03133
00000807,0.41802,0.03772
00000808,0.80731,0.06459
00000809,0.59273,0.03849
00000810,0.71386,0.04549
00000811,0.22653,0.02990
00000812,0.87300,0.07950
00000813,0.39671,0.03218
00000814,1.55804,0.17075
00000815,1.03485,0.09999
00000816,0.58103,0.04485
00000817,0.89515,0.08959
00000818,1.05280,0.15321
00000819,0.76558,0.06567
00000820,0.35654,0.02935
00000821,1.55540,0.14094
00000822,0.62694,0.04446
00000823,0.72919,0.06342
00000824,0.51683,0.04023
00000825,0.72828,0.05245
00000826,1.26975,0.17055
00000827,0.86472,0.09123
00000828,1.07027,0.10324
00000829,0.76406,0.06407
00000830,1.27674,0.10875
00000831,0.44773,0.04505
00000832,2.42644,0.29039
00000833,0.28434,0.05189
00000834,0.41194,0.04744
00000835,0.67106,0.04921
00000836,0.79075,0.06443
00000837,0.41418,0.02823
00000838,0.78677,0.05802
00000839,0.35819,0.03782
00000840,2.09705,0.24562
00000841,1.05836,0.10878
00000842,1.17888,0.12946
00000843,0.28235,0.02697
00000844,0.70289,0.06235
00000845,1.22967,0.10600
00000846,1.66872,0.19298
00000847,0.59697,0.04442
00000848,0.49413,0.03948
00000849,0.52068,0.04694
00000850,0.56079,0.03702
00000851,0.68834,0.05252
00000852,0.70795,0.05086
00000853,0.60281,0.04791
00000854,1.14102,0.09809
00000855,0.34283,0.04022
00000856,0.34947,0.02596
00000857,0.46986,0.03356
00000858,0.22778,0.02907
00000859,0.74265,0.05652
00000860,0.39603,0.02880
00000861,1.10389,0.09473
00000862,0.32450,0.04684
00000863,0.42440,0.02855
00000864,0.22202,0.02699
00000865,0.71579,0.07062
00000866,0.39852,0.04000
00000867,0.56520,0.04217
00000868,1.27058,0.12501
00000869,0.79847,0.06628
00000870,0.40321,0.03813
00000871,0.84596,0.06387
00000872,0.46269,0.04532
00000873,0.93092,0.08162
00000874,0.46420,0.03502
00000875,2.26614,0.26482
00000876,0.67890,0.06468
00000877,0.67663,0.06787
00000878,2.49946,0.36431
00000879,0.65811,0.05626
00000880,0.57902,0.04397
00000881,0.38594,0.03800
00000882,0.54262,0.04367
00000883,0.87127,0.09727
00000884,0.44716,0.04041
00000885,1.13823,0.10891
00000886,0.26645,0.02586
00000887,0.38478,0.03172
00000888,0.79899,0.05985
00000889,0.21106,0.02435
00000890,0.59199,0.04742
00000891,0.45368,0.03350
00000892,1.11288,0.15284
00000893,0.50994,0.04914
00000894,0.22415,0.02773
00000895,0.87762,0.09068
00000896,0.29572,0.03514
00000897,0.49357,0.03649
00000898,0.61073,0.04297
00000899,1.51291,0.15974
00000900,2.61640,0.39940
00000901,0.36660,0.06352
00000902,0.38418,0.02718
00000903,0.74865,0.06654
00000904,1.05735,0.09692
00000905,0.23631,0.02573
00000906,1.34106,0.15763
00000907,1.22953,0.10640
00000908,0.95305,0.13491
00000909,0.30926,0.03207
00000910,0.56831,0.04029
00000911,0.29487,0.02701
00000912,0.71800,0.10629
00000913,1.51834,0.13873
00000914,0.55848,0.03327
00000915,0.86745,0.11315
00000916,1.37439,0.19082
00000917,1.35025,0.12116
00000918,0.30114,0.03019
00000919,0.57947,0.04706
00000920,0.91801,0.09150
00000921,0.64029,0.04322
00000922,0.72439,0.06852
00000923,0.56533,0.04216
00000924,0.43770,0.04562
00000925,0.60209,0.03743
00000926,0.88504,0.08532
00000927,0.48326,0.03720
00000928,1.68352,0.17025
00000929,1.84120,0.18542
00000930,0.65918,0.04451
00000931,0.40172,0.03075
00000932,0.36818,0.03262
00000933,1.32974,0.19712
00000934,0.28320,0.02906
00000935,0.41010,0.03362
00000936,0.61250,0.04719
00000937,1.10554,0.08408
00000938,0.50498,0.03858
00000939,0.45799,0.03620
00000940,0.23714,0.10674
00000941,0.80800,0.07400
00000942,0.48660,0.04292
00000943,0.46759,0.03816
00000944,0.59764,0.04324
00000945,1.13960,0.19758
00000946,0.48383,0.03075
00000947,0.83014,0.05745
00000948,0.46467,0.03649
00000949,0.28254,0.03640
00000950,1.73607,0.18100
00000951,0.58647,0.05260
00000952,0.72491,0.06156
00000953,0.88414,0.07847
00000954,0.25120,0.02483
00000955,1.00680,0.09767
00000956,0.31391,0.02487
00000957,1.15488,0.10623
00000958,0.72737,0.05253
00000959,0.42458,0.04816
00000960,2.26936,0.27629
00000961,1.27752,0.13877
00000962,0.51332,0.04511
00000963,1.06362,0.08614
00000964,0.73391,0.07228
00000965,0.83249,0.06212
00000966,0.88946,0.09379
00000967,0.37531,0.02776
00000968,0.88421,0.06511
00000969,0.40922,0.03253
00000970,0.96425,0.08410
00000971,0.51602,0.03782
00000972,0.66800,0.05437
00000973,0.62901,0.05192
00000974,0.42733,0.02930
00000975,0.56391,0.04173
00000976,0.52819,0.03760
00000977,0.64070,0.06572
00000978,0.68451,0.04911
00000979,0.57927,0.04366
00000980,0.59997,0.04143
00000981,0.24062,0.02661
00000982,0.67746,0.04612
00000983,0.28159,0.02743
00000984,2.10710,0.30193
00000985,0.48740,0.04302
00000986,0.39871,0.03060
00000987,0.49651,0.04568
00000988,0.64471,0.05063
00000989,0.89593,0.06778
00000990,0.85031,0.07028
00000991,0.64507,0.04542
00000992,0.64196,0.05388
00000993,0.53406,0.03920
00000994,0.54605,0.04507
00000995,0.47706,0.03442
00000996,0.32261,0.02939
00000997,1.32200,0.11628
00000998,0.75173,0.05773
00000999,0.87549,0.10548
00001000,0.55088,0.03621
00001001,0.27563,0.02884
00001002,0.48489,0.03664
00001003,1.42801,0.23143
00001004,0.68711,0.07045
00001005,0.91617,0.10596
00001006,0.37147,0.03296
00001007,1.20991,0.17718
00001008,0.55350,0.04333
00001009,0.37921,0.02856
00001010,0.49936,0.04776
00001011,0.49102,0.03412
00001012,0.53750,0.03450
00001013,0.38712,0.03052
00001014,0.55477,0.03453
00001015,0.36691,0.02699
00001016,1.74140,0.21858
00001017,0.46462,0.03698
00001018,0.31492,0.03093
00001019,0.53939,0.04523
00001020,0.83312,0.06149
00001021,0.56702,0.04289
00001022,0.50318,0.03608
00001023,0.98654,0.11134
00001024,0.62509,0.04188
00001025,2.65152,0.32485
00001026,0.44704,0.03366
00001027,0.31081,0.02593
00001028,0.90832,0.08625
00001029,0.57815,0.03772
00001030,1.10428,0.10577
00001031,2.17817,0.32152
00001032,0.38840,0.02882
00001033,0.46330,0.03303
00001034,0.51159,0.03524
00001035,0.50225,0.03433
00001036,0.90104,0.23892
00001037,0.41271,0.03922
00001038,1.33242,0.14980
00001039,0.54810,0.04085
00001040,0.84025,0.06706
00001041,0.25867,0.02793
00001042,0.39237,0.03961
00001043,0.33042,0.03458
00001044,0.92371,0.09466
00001045,0.30620,0.03148
00001046,1.49259,0.15336
00001047,0.48920,0.03174
00001048,0.27471,0.02680
00001049,1.46327,0.14489
00001050,0.93430,0.07706
00001051,0.43459,0.03638
00001052,0.28913,0.03268
00001053,0.34951,0.03591
00001054,0.52888,0.04008
00001055,0.61490,0.06596
00001056,0.61612,0.04783
00001057,1.18041,0.10534
00001058,0.40407,0.02866
00001059,0.75005,0.05277
00001060,0.57152,0.07136
00001061,0.72012,0.09602
00001062,0.57617,0.05865
00001063,0.54419,0.05358
00001064,0.36521,0.03051
00001065,0.90688,0.06239
00001066,0.52087,0.04573
00001067,1.83120,0.20248
00001068,0.35072,0.03777
00001069,1.19988,0.10412
00001070,0.28201,0.02546
00001071,0.43546,0.03621
00001072,1.12043,0.11601
00001073,0.61684,0.04420
00001074,1.92890,0.22620
00001075,0.74970,0.04729
00001076,0.31961,0.03204
00001077,0.89877,0.10294
00001078,0.57774,0.03858
00001079,0.24279,0.02430
00001080,0.39691,0.02925
00001081,0.86863,0.09047
00001082,0.56999,0.04363
00001083,0.58340,0.04706
00001084,0.49061,0.06273
00001085,0.28147,0.03902
00001086,1.80034,0.25046
00001087,0.48331,0.03663
00001088,0.34504,0.04640
00001089,0.60150,0.04981
00001090,0.59566,0.04781
00001091,0.80204,0.06022
00001092,0.71353,0.04463
00001093,2.04849,0.68538
00001094,0.90049,0.06674
00001095,2.22081,0.27812
00001096,0.49440,0.03338
00001097,0.33146,0.03451
00001098,0.55743,0.04829
00001099,0.74618,0.06302
00001100,1.53876,0.13953
00001101,0.52438,0.03717
00001102,0.61814,0.04498
00001103,0.97258,0.07416
00001104,0.99776,0.10824
00001105,0.48704,0.03923
00001106,0.53376,0.04040
00001107,0.55235,0.03864
00001108,2.82037,0.34983
00001109,0.52278,0.04590
00001110,0.34819,0.03300
00001111,0.29871,0.03777
00001112,0.33835,0.03961
00001113,2.19466,0.31035
00001114,0.89343,0.09274
00001115,0.47654,0.03627
00001116,0.53408,0.03603
00001117,0.76602,0.05126
00001118,0.61043,0.04733
00001119,0.41471,0.07332
00001120,0.53959,0.04343
00001121,0.52363,0.03587
00001122,0.94094,0.07717
00001123,0.52029,0.04011
00001124,0.37137,0.03631
00001125,0.24621,0.03155
00001126,0.35069,0.02978
00001127,1.62826,0.18303
00001128,0.54036,0.04158
00001129,0.58565,0.06087
00001131,0.55997,0.03846
00001132,0.48022,0.03699
00001133,0.62864,0.04600
00001134,0.22097,0.03541
00001135,0.77836,0.06891
00001136,1.87365,0.19715
00001137,0.34369,0.02690
00001138,1.48007,0.16403
00001139,2.20993,0.29461
00001140,2.36567,0.26833
00001141,0.25671,0.03265
00001142,1.86771,0.18604
00001143,0.77017,0.05516
00001144,0.35627,0.03893
00001145,0.69219,0.04768
00001146,1.47678,0.13571
00001147,0.66002,0.05096
00001148,1.82667,0.18774
00001149,0.99228,0.08617
00001150,0.78953,0.06188
00001151,0.68374,0.04600
00001152,1.37970,0.14895
00001153,0.52898,0.03568
00001154,1.50022,0.33223
00001155,0.36783,0.02835
00001156,0.48398,0.03637
00001157,0.52720,0.05145
00001158,2.16194,0.23715
00001159,0.26124,0.02966
00001160,0.64636,0.03928
00001161,1.07289,0.09738
00001162,0.59572,0.04649
00001163,1.11768,0.09516
00001164,0.41123,0.03273
00001165,0.47742,0.03402
00001166,0.64870,0.05339
00001167,0.43030,0.05073
00001168,0.74233,0.04938
00001169,0.81154,0.05601
00001170,1.42901,0.12629
00001171,0.67093,0.06520
00001172,0.50373,0.04405
00001173,0.91134,0.07253
00001174,0.63495,0.04810
00001175,0.51055,0.03565
00001176,0.29993,0.02651
00001177,0.32595,0.03106
00001178,0.68869,0.05593
00001179,0.79789,0.05331
00001180,0.46974,0.03177
00001181,1.27946,0.11617
00001182,1.35781,0.12473
00001183,0.31810,0.03590
00001184,0.41749,0.03123
00001185,1.87339,0.22376
00001186,0.44912,0.03363
00001187,1.14371,0.10060
00001188,0.21267,0.03553
00001189,0.44656,0.03372
00001190,0.76218,0.06249
00001191,0.80644,0.22757
00001192,0.80520,0.05494
00001193,1.50421,0.17903
00001194,0.69361,0.06914
00001195,0.63708,0.04397
00001196,1.86051,0.22824
00001197,1.30480,0.11728
00001198,0.34873,0.03679
00001199,0.79806,0.06025
00001200,0.49020,0.03695
00001201,0.54707,0.05861
00001202,0.39724,0.02951
00001203,0.36504,0.03520
00001204,0.74294,0.05475
00001205,0.85961,0.10636
00001206,0.72145,0.05321
00001207,1.93218,0.19519
00001208,0.22526,0.05477
00001209,0.63542,0.04560
00001210,0.75137,0.05324
00001211,1.07660,0.10635
00001212,0.59512,0.05192
00001213,0.33377,0.03787
00001214,0.29754,0.03198
00001215,1.06432,0.09651
00001216,0.33415,0.02673
00001217,0.78243,0.05723
00001218,0.42174,0.03180
00001219,0.47659,0.03843
00001220,0.47100,0.03374
00001221,0.44511,0.03199
00001222,0.64860,0.03966
00001223,0.27296,0.02614
00001224,0.74747,0.04856
00001225,1.03208,0.08570
00001226,2.31101,0.29769
00001227,1.44641,0.46230
00001228,0.69689,0.04461
00001229,0.46664,0.03156
00001230,0.60701,0.05337
00001231,0.61977,0.04516
00001232,0.62772,0.05472
00001233,0.39583,0.03359
00001234,0.23573,0.04170
00001235,1.02891,0.14378
00001236,0.58221,0.04586
00001237,0.50671,0.03765
00001238,0.58307,0.07176
00001239,0.44479,0.04338
00001240,2.28775,0.28635
00001241,1.19620,0.11865
00001242,0.41268,0.03495
00001243,0.42280,0.03943
00001244,0.28338,0.02496
00001245,0.88545,0.09135
00001246,0.47155,0.03111
00001247,0.92200,0.07605
00001248,0.78897,0.07658
00001249,2.65219,0.46066
00001250,0.42987,0.03097
00001251,0.54418,0.05078
00001252,0.67426,0.08635
00001253,1.12801,0.10775
00001254,0.41507,0.03569
00001255,0.27321,0.03025
00001256,1.11857,0.10939
00001257,0.95459,0.07962
00001258,0.39672,0.03030
00001259,2.44049,0.29063
00001260,0.42309,0.03469
00001261,0.70733,0.05027
00001262,2.03257,0.34380
00001263,0.38071,0.03020
00001264,0.19449,0.02760
00001265,2.62989,0.27819
00001266,0.49577,0.03534
00001267,0.47115,0.03178
00001268,1.06654,0.08664
00001269,0.55423,0.03886
00001270,0.55852,0.06128
00001271,1.01437,0.12253
00001272,0.38461,0.02969
00001273,1.41771,0.21578
00001274,0.33504,0.02750
00001275,0.97185,0.12516
00001276,0.68404,0.05186
00001277,0.72133,0.05837
00001278,0.18884,0.03146
00001279,0.52286,0.03743
00001280,0.50730,0.04550
00001281,0.43118,0.03175
00001282,0.99220,0.07580
00001283,0.37509,0.03286
00001284,0.28038,0.02789
00001285,0.57916,0.05732
00001286,0.47474,0.05384
00001287,0.24464,0.05689
00001288,1.63331,0.15258
00001289,0.76030,0.05473
00001290,0.39280,0.03701
00001291,0.91893,0.15895
00001292,0.64481,0.04856
00001293,0.97095,0.07403
00001294,0.48961,0.03773
00001295,0.19812,0.03171
00001296,0.26596,0.02720
00001297,0.34782,0.03508
00001298,0.50913,0.03418
00001299,0.57331,0.04346
00001300,2.53686,0.31480
00001301,0.86835,0.06595
00001302,0.49233,0.03486
00001303,0.46440,0.03197
00001304,0.68364,0.05085
00001305,2.75935,0.40004
00001306,0.81393,0.15607
00001307,0.40271,0.03900
00001308,0.42747,0.03230
00001309,0.88928,0.06323
00001310,0.68749,0.04738
00001311,0.74912,0.06812
00001312,0.71041,0.05846
00001313,0.65223,0.05015
00001314,0.64434,0.04475
00001315,0.40843,0.02897
00001316,0.63006,0.05011
00001317,0.23259,0.06002
00001318,0.85843,0.09784
00001319,0.97849,0.10918
00001320,0.46783,0.03298
00001321,0.59706,0.04636
00001322,0.50312,0.04963
00001323,0.55288,0.03772
00001324,1.31238,0.14872
00001325,1.05302,0.11094
00001326,0.36202,0.02527
00001327,1.73840,0.18390
00001328,1.08879,0.09506
00001329,0.72142,0.08783
00001330,0.41942,0.03028
00001331,0.27886,0.02566
00001332,0.55097,0.04142
00001333,1.26900,0.12379
00001334,0.52738,0.03810
00001335,0.46193,0.03791
00001336,0.45704,0.04092
00001337,0.57579,0.04967
00001338,0.52852,0.04231
00001339,0.49719,0.03964
00001340,0.74189,0.09439
00001341,0.26447,0.02474
00001342,0.20909,0.02556
00001343,1.00810,0.10222
00001344,0.48115,0.03773
00001345,1.46169,0.25430
00001346,0.96383,0.06969
00001347,0.57027,0.04212
00001348,0.77744,0.05734
00001349,0.66983,0.05527
00001350,1.43103,0.16197
00001351,2.04190,0.24183
00001352,0.50683,0.03343
00001353,0.87028,0.07067
00001354,0.56879,0.04476
00001355,0.39083,0.02990
00001356,0.67322,0.04880
00001357,0.65738,0.04459
00001358,1.30147,0.12070
00001359,1.19730,0.11037
00001360,0.39528,0.03327
00001361,0.45537,0.03296
00001362,0.59885,0.05192
00001363,0.39873,0.03125
00001364,1.07074,0.10487
00001365,0.76912,0.09256
00001366,0.53610,0.03523
00001367,0.54321,0.03546
00001368,0.57600,0.04966
00001369,0.44295,0.02820
00001370,0.95990,0.07845
00001371,0.64206,0.04520
00001372,0.27268,0.02847
00001373,1.22599,0.10430
00001374,0.56104,0.03781
00001375,0.48972,0.03253
00001376,2.08348,0.25080
00001377,1.05246,0.08619
00001378,0.32433,0.03723
00001379,0.22867,0.03762
00001380,0.45354,0.03221
00001381,0.32453,0.02713
00001382,0.55587,0.04265
00001383,1.60060,0.16613
00001384,0.44623,0.04775
00001385,0.26981,0.07389
00001386,0.62933,0.05525
00001387,0.66479,0.07050
00001388,0.77561,0.06642
00001389,0.61199,0.03782
00001390,1.75213,0.17315
00001391,1.03006,0.08735
00001392,0.82357,0.08588
00001393,1.38797,0.13830
00001394,1.74857,0.18077
00001395,1.40151,0.14229
00001396,0.50234,0.03255
00001397,0.51883,0.04118
00001398,0.46504,0.05112
00001399,0.85787,0.06518
00001400,0.41273,0.04109
00001401,0.90071,0.07955
00001402,1.37950,0.13352
00001403,0.58323,0.05104
00001404,0.53789,0.04166
00001405,0.57114,0.03861
00001406,0.36612,0.02668
00001407,2.18050,0.27346
00001408,0.48147,0.04727
00001409,1.22831,0.17142
00001410,0.60646,0.04312
00001411,0.55170,0.04257
00001412,0.49543,0.03529
00001413,0.69040,0.04635
00001414,0.29320,0.04156
00001415,1.54231,0.20301
00001416,0.66234,0.05064
00001417,0.47317,0.03658
00001418,0.94006,0.08357
00001419,0.18836,0.02726
00001420,0.70880,0.05345
00001421,0.79891,0.06190
00001422,0.62496,0.05771
00001423,0.81637,0.07468
00001424,0.60892,0.05324
00001425,0.82847,0.16255
00001426,1.25007,0.11408
00001427,0.75015,0.05261
00001428,0.89012,0.06236
00001429,0.24773,0.02643
00001430,0.39424,0.05849
00001431,1.23532,0.14258
00001432,1.01915,0.08195
00001433,0.54574,0.04902
00001434,0.42318,0.02984
00001435,0.37533,0.02719
00001436,1.00707,0.13319
00001437,0.69380,0.05235
00001438,0.40540,0.03386
00001439,0.43401,0.03338
00001440,1.57334,0.16907
00001441,2.02671,0.20517
00001442,0.36196,0.05683
00001443,0.55479,0.04171
00001444,0.77732,0.05512
00001445,0.62812,0.04942
00001446,0.63941,0.08894
00001447,1.19462,0.10089
00001448,0.51788,0.03646
00001449,0.61918,0.04144
00001450,0.36813,0.03279
00001451,0.74033,0.10225
00001452,0.87790,0.09293
00001453,0.99624,0.10472
00001454,0.27906,0.02448
00001455,1.70482,0.17065
00001456,0.46376,0.03091
00001457,1.07759,0.09813
00001458,0.74109,0.05083
00001459,0.47499,0.03556
00001460,0.49796,0.04191
00001461,0.90223,0.06865
00001462,0.43549,0.02897
00001463,0.58310,0.04157
00001464,0.43274,0.03231
00001465,0.31351,0.02822
00001466,0.58120,0.04234
00001467,1.03347,0.09057
00001468,0.43045,0.03434
00001469,0.64587,0.04673
00001470,0.70292,0.06049
00001471,0.50627,0.03927
00001472,0.53598,0.05010
00001473,0.36099,0.03228
00001474,1.02533,0.07685
00001475,0.66595,0.04276
00001476,0.87118,0.07443
00001477,1.63409,0.18128
00001478,0.71200,0.06330
00001479,0.71280,0.05479
00001480,0.33040,0.02927
00001481,1.04564,0.16073
00001482,0.41727,0.03759
00001483,0.62979,0.04116
00001484,0.34913,0.02913
00001485,0.37885,0.03414
00001486,1.15012,0.09429
00001487,0.65917,0.04627
00001488,0.56850,0.04019
00001489,0.33506,0.04109
00001490,1.14198,0.10464
00001491,0.45873,0.03454
00001492,0.81676,0.06530
00001493,1.58605,0.16129
00001494,2.03885,0.22025
00001495,1.42091,0.19480
00001496,0.79899,0.06887
00001497,1.45492,0.13490
00001499,0.41713,0.03731
00001500,0.71349,0.07318
00001501,1.08522,0.10123
00001502,1.03476,0.09027
00001503,0.63768,0.04936
00001504,0.44581,0.03562
00001505,0.53501,0.03498
00001506,0.82005,0.05254
00001507,0.87673,0.10853
00001508,0.39513,0.02809
00001509,0.91696,0.07737
00001510,0.77484,0.05270
00001511,0.57524,0.03961
00001512,1.30701,0.12421
00001513,1.38895,0.14058
00001514,0.61397,0.04310
00001515,0.28465,0.04148
00001516,0.86097,0.09437
00001517,1.52028,0.20621
00001518,0.31223,0.02684
00001519,0.81966,0.06414
00001520,0.27331,0.03755
00001521,3.10282,0.42489
00001522,0.38540,0.03579
00001523,2.05195,0.22229
00001524,0.44061,0.03371
00001525,0.65872,0.06949
00001526,0.43966,0.05430
00001527,0.20246,0.02897
00001528,0.45354,0.03593
00001529,0.20624,0.03664
00001530,0.62685,0.05179
00001531,0.32925,0.03796
00001532,2.39142,0.30357
00001533,1.17011,0.10539
00001534,0.90422,0.07447
00001535,1.27613,0.10784
00001536,1.76048,0.19686
00001537,1.56611,0.16719
00001538,0.59802,0.04058
00001539,0.73555,0.06131
00001540,0.42667,0.03274
00001541,1.05448,0.09305
00001542,0.24894,0.02549
00001543,0.25723,0.02443
00001544,0.43846,0.03869
00001545,0.69856,0.05577
00001546,0.70493,0.05669
00001547,0.46460,0.03112
00001548,0.58913,0.05816
00001549,1.27083,0.20567
00001550,0.20225,0.02409
00001551,1.37516,0.13613
00001552,0.36355,0.03573
00001553,0.87582,0.06745
00001554,0.31810,0.03029
00001555,0.75751,0.05452
00001556,1.47277,0.15644
00001557,0.51100,0.05262
00001558,0.47824,0.03281
00001559,0.82853,0.05910
00001560,0.34699,0.02842
00001561,0.26532,0.02804
00001562,0.94453,0.07760
00001563,1.15420,0.09790
00001564,1.57012,0.17448
00001565,0.44194,0.02948
00001566,1.12246,0.11942
00001567,0.24744,0.03116
00001568,1.26372,0.10479
00001569,0.78875,0.05493
00001570,1.25644,0.10711
00001571,0.59955,0.04190
00001572,0.91806,0.08054
00001573,0.93048,0.11242
00001574,0.33451,0.02487
00001575,0.60875,0.04897
00001576,0.90892,0.07660
00001577,0.68947,0.04187
00001578,0.37278,0.02882
00001579,0.80554,0.07027
00001580,0.69639,0.06359
00001581,0.85719,0.06364
00001582,0.20916,0.02429
00001583,1.21515,0.11018
00001584,1.25838,0.12189
00001585,0.31446,0.03277
00001586,0.37219,0.03324
00001587,0.33608,0.02456
00001588,1.15867,0.09283
00001589,1.73536,0.18565
00001590,0.40416,0.03102
00001591,0.66102,0.05599
00001592,0.47994,0.04189
00001593,0.87615,0.11203
00001594,0.39618,0.05321
00001595,0.30176,0.02676
00001596,1.15908,0.09398
00001597,0.70943,0.05376
00001598,0.71324,0.04665
00001599,0.60658,0.04718
00001600,0.66333,0.04538
00001601,1.17611,0.09724
00001602,0.42115,0.04073
00001603,0.82167,0.07108
00001604,0.45434,0.03556
00001605,1.01288,0.08290
00001606,1.35041,0.12358
00001607,0.48743,0.04212
00001608,0.57102,0.04469
00001609,1.35133,0.22456
00001610,0.48283,0.03275
00001611,0.58174,0.04662
00001612,0.29029,0.02682
00001613,1.11221,0.10937
00001614,0.69433,0.07499
00001615,1.41195,0.15146
00001616,0.86739,0.07143
00001617,0.50644,0.03836
00001618,1.26421,0.11851
00001619,0.28282,0.02654
00001620,0.26071,0.03313
00001621,2.75058,0.35178
00001622,0.89614,0.06712
00001623,0.66046,0.05219
00001624,0.61318,0.05396
00001625,0.45600,0.04541
00001626,1.97059,0.25501
00001627,0.91770,0.07189
00001628,1.06242,0.09304
00001629,0.99454,0.09658
00001630,0.82406,0.06532
00001631,0.34801,0.03752
00001632,1.59226,0.23027
00001633,0.54318,0.03895
00001634,0.59412,0.04458
00001635,0.50792,0.04796
00001636,0.39566,0.05890
00001637,1.24994,0.12597
00001638,0.52343,0.04621
00001639,1.75567,0.19284
00001640,0.24436,0.02599
00001641,1.28586,0.12109
00001642,0.20220,0.02889
00001643,0.48972,0.03559
00001644,0.43905,0.03549
00001645,1.60940,0.16143
00001646,0.37795,0.03205
00001647,0.53542,0.04403
00001648,0.44111,0.03131
00001649,0.33067,0.05245
00001650,0.63958,0.06622
00001651,0.26628,0.04123
00001652,0.24522,0.02694
00001653,0.49265,0.03532
00001654,0.32469,0.02599
00001655,2.95993,0.39969
00001656,0.51597,0.03359
00001657,0.67912,0.05188
00001658,0.48617,0.03104
00001659,0.51559,0.03568
00001660,1.01923,0.11982
00001661,0.43909,0.03833
00001662,0.35886,0.02973
00001663,0.20691,0.08023
00001664,0.71334,0.06552
00001665,0.30321,0.02738
00001666,1.71634,0.20190
00001667,0.63542,0.08641
00001668,0.67956,0.04380
00001669,0.48564,0.03876
00001670,1.18941,0.13318
00001671,0.35703,0.02705
00001672,0.35752,0.02872
00001673,0.45457,0.03369
00001674,0.38581,0.03483
00001675,1.19491,0.10926
00001676,0.55129,0.05541
00001677,0.90518,0.09111
00001678,1.24687,0.11199
00001679,0.71261,0.05501
00001680,0.30625,0.03664
00001681,1.25048,0.18032
00001682,0.41854,0.03586
00001683,0.35477,0.02837
00001684,0.34697,0.02692
00001685,2.39163,0.25829
00001686,0.37741,0.18718
00001687,1.10328,0.09863
00001688,1.16434,0.14402
00001689,0.37957,0.03087
00001690,0.27409,0.03647
00001691,0.51252,0.03446
00001692,0.61776,0.06398
00001693,0.84618,0.06052
00001694,0.39454,0.03711
00001695,1.64888,0.18232
00001696,1.27434,0.12346
00001697,1.62343,0.16598
00001698,0.68866,0.04826
00001699,1.27701,0.13204
00001700,0.80386,0.05954
00001701,0.43841,0.03392
00001702,0.32369,0.02939
00001703,1.18851,0.14202
00001704,0.66685,0.07980
00001705,1.24574,0.13274
00001706,1.00408,0.12464
00001707,0.38724,0.02793
00001708,1.06501,0.09052
00001709,0.19945,0.02514
00001710,0.39893,0.04022
00001711,0.27964,0.03049
00001712,1.01329,0.08434
00001713,0.26658,0.02600
00001714,0.69370,0.04922
00001715,0.27496,0.03260
00001716,0.78554,0.06534
00001717,0.62088,0.05075
00001718,0.40679,0.06767
00001719,0.23476,0.02529
00001720,0.59383,0.04438
00001721,0.62354,0.04180
00001722,0.47726,0.03497
00001723,0.35592,0.11741
00001724,0.39650,0.03617
00001725,0.47543,0.03030
00001726,0.92383,0.12194
00001727,0.53745,0.03840
00001728,0.76843,0.06922
00001729,0.88482,0.06295
00001730,0.49559,0.03172
00001731,0.32308,0.03171
00001732,0.74331,0.05696
00001733,0.92523,0.09072
00001734,0.24175,0.02531
00001735,0.79735,0.04989
00001736,0.63348,0.07631
00001737,0.33472,0.02934
00001738,0.51677,0.07527
00001739,0.52504,0.03663
00001740,0.33480,0.04845
00001741,1.22128,0.10128
00001742,0.63188,0.07479
00001743,0.43902,0.04669
00001744,0.46638,0.05311
00001745,0.93748,0.13581
00001746,0.85417,0.08120
00001747,0.66314,0.05164
00001748,0.43457,0.03473
00001749,0.57642,0.04389
00001750,0.55491,0.03977
00001751,0.76762,0.07045
00001752,0.59848,0.04313
00001753,0.47058,0.03639
00001754,0.46759,0.03267
00001755,0.83954,0.06919
00001756,1.27902,0.11592
00001757,0.82617,0.05529
00001758,1.19080,0.11042
00001759,1.34220,0.12797
00001760,0.37724,0.04328
00001761,0.37668,0.03219
00001762,0.62569,0.04526
00001763,2.05376,0.49692
00001764,0.43812,0.03334
00001765,0.38207,0.02823
00001766,0.67481,0.14389
00001767,0.72627,0.07028
00001768,0.33954,0.03165
00001769,2.14441,0.25354
00001770,0.19387,0.02670
00001771,1.15168,0.11561
00001772,0.86308,0.08051
00001773,1.97648,0.23920
00001774,0.62757,0.04079
00001775,3.05439,0.36357
00001776,0.76509,0.05404
00001777,0.28830,0.02714
00001778,0.61262,0.05229
00001779,0.81353,0.05193
00001780,0.61880,0.09844
00001781,0.34925,0.03415
00001782,0.41839,0.03198
00001783,1.69061,0.32975
00001784,0.79383,0.05487
00001785,0.59308,0.04086
00001786,0.50084,0.04076
00001787,0.95647,0.07351
00001788,0.51302,0.04739
00001789,0.66052,0.05049
00001790,1.45859,0.15541
00001791,1.25477,0.10799
00001792,0.60157,0.03934
00001793,0.59075,0.04606
00001794,1.64254,0.19313
00001795,0.89495,0.08882
00001796,0.98354,0.08119
00001797,1.28409,0.14381
00001798,0.68387,0.06508
00001799,0.36143,0.03512
00001800,0.78693,0.11647
00001801,0.51891,0.05125
00001802,1.20092,0.12130
00001803,0.21952,0.02535
00001804,1.07143,0.08748
00001805,0.60274,0.04481
00001806,0.86886,0.08098
00001807,0.63052,0.04051
00001808,0.70325,0.05092
00001809,0.80829,0.06636
00001810,0.54187,0.04400
00001811,1.27392,0.14695
00001812,1.29255,0.13050
00001813,0.81701,0.06683
00001814,0.42131,0.03146
00001815,0.48813,0.03529
00001816,0.47164,0.03002
00001817,0.82593,0.06376
00001818,0.79394,0.06901
00001819,0.19014,0.02832
00001820,0.20327,0.02359
00001821,0.40186,0.04113
00001822,0.41714,0.02924
00001823,2.54308,0.29040
00001824,0.51963,0.04705
00001825,2.16726,0.28649
00001826,0.38338,0.03221
00001827,1.02962,0.10041
00001828,1.42859,0.15778
00001829,0.81584,0.06248
00001830,0.84479,0.06844
00001831,0.75203,0.04720
00001832,0.17996,0.02739
00001833,0.42992,0.03960
00001834,1.02110,0.08504
00001835,0.84755,0.18946
00001836,0.56338,0.04104
00001837,1.51447,0.15989
00001838,0.19075,0.02463
00001839,0.46820,0.03239
00001840,0.45576,0.03070
00001841,0.85012,0.06859
00001842,0.93962,0.07399
00001843,0.34584,0.03448
00001844,0.51138,0.03497
00001845,0.59164,0.04200
00001846,1.48255,0.15643
00001847,0.65488,0.04499
00001848,0.67776,0.05189
00001849,0.94872,0.10582
00001850,0.47485,0.03332
00001851,0.50602,0.04558
00001852,0.44542,0.03103
00001853,0.43471,0.05487
00001854,1.55641,0.18157
00001855,0.62900,0.04615
00001856,2.30984,0.25552
00001857,0.30131,0.03185
00001858,0.78297,0.06136
00001859,0.95470,0.10000
00001860,1.74497,0.19782
00001861,0.23342,0.02734
00001862,0.38508,0.03144
00001863,0.41124,0.03117
00001864,0.42814,0.02909
00001865,0.91553,0.06318
00001866,0.29364,0.02922
00001867,1.19757,0.16877
00001868,0.44049,0.03248
00001869,0.18489,0.02493
00001870,1.51379,0.17232
00001871,1.14458,0.09122
00001872,0.43076,0.03269
00001873,1.79999,0.18139
00001874,0.41654,0.02921
00001875,0.42375,0.03512
00001876,0.56612,0.03820
00001877,0.76218,0.08836
00001878,0.74538,0.05782
00001879,0.46511,0.03591
00001880,0.97226,0.07991
00001881,0.22785,0.02841
00001882,0.80290,0.07704
00001883,0.83591,0.07151
00001884,1.12471,0.14745
00001885,0.51816,0.04132
00001886,0.75463,0.06073
00001887,1.27249,0.10650
00001888,0.75652,0.06574
00001889,0.54832,0.03856
00001890,0.38971,0.03626
00001891,0.30466,0.05408
00001892,0.70863,0.05340
00001893,0.31275,0.02524
00001894,1.53040,0.16018
00001895,1.30616,0.14108
00001896,1.57274,0.18113
00001897,0.39521,0.02993
00001898,1.76800,0.22906
00001899,0.49228,0.04158
00001900,2.80227,0.32165
00001901,0.72966,0.06723
00001902,2.06868,0.21991
00001903,0.53981,0.03745
00001904,0.20874,0.02564
00001905,0.54411,0.04390
00001906,0.30831,0.03017
00001907,0.90718,0.08306
00001908,0.55719,0.03655
00001909,0.68141,0.04411
00001910,1.00653,0.08934
00001911,1.62328,0.17777
00001912,1.22170,0.13008
00001913,0.77966,0.05769
00001914,0.45628,0.03083
00001915,0.29024,0.03146
00001916,0.36587,0.03495
00001917,0.61818,0.07353
00001918,0.42889,0.02931
00001919,1.74766,0.18452
00001920,1.43221,0.14581
00001921,0.32821,0.02695
00001922,0.53136,0.04450
00001923,0.97122,0.10232
00001924,0.35403,0.02861
00001925,0.20141,0.02472
00001926,0.58710,0.04074
00001927,0.46101,0.04850
00001928,0.92858,0.06291
00001929,1.40458,0.32066
00001930,0.98701,0.08149
00001931,0.54352,0.04633
00001932,0.77159,0.05695
00001933,0.54429,0.05865
00001934,1.22340,0.16511
00001935,0.61875,0.04081
00001936,0.41736,0.03336
00001937,0.29113,0.02562
00001938,0.22798,0.02483
00001939,0.80279,0.05727
00001940,0.73940,0.05482
00001941,0.34909,0.02619
00001942,0.83612,0.06978
00001943,0.38639,0.02861
00001944,0.59914,0.04016
00001945,1.48968,0.15559
00001946,0.42014,0.03697
00001947,0.78793,0.06014
00001948,0.71927,0.09926
00001949,0.32480,0.02798
00001950,0.39614,0.02816
00001951,1.62756,0.16227
00001952,0.57015,0.04706
00001953,0.37282,0.03017
00001954,0.64761,0.05427
00001955,0.62268,0.04349
00001956,0.48962,0.03446
00001957,0.53416,0.06846
00001958,0.62659,0.04279
00001959,0.49304,0.03637
00001960,0.40536,0.05560
00001961,0.98722,0.07628
00001962,0.71512,0.06733
00001963,0.84158,0.08416
00001964,1.17246,0.10272
00001965,0.63144,0.05401
00001966,0.44852,0.03291
00001967,0.39022,0.03511
00001968,0.82181,0.05387
00001969,0.55067,0.03673
00001970,0.28558,0.02448
00001971,0.58034,0.06230
00001972,0.49470,0.04729
00001973,2.49392,0.42547
00001974,0.74867,0.05026
00001975,0.34433,0.02671
00001976,0.54504,0.03611
00001977,0.98762,0.11697
00001978,1.14545,0.09074
00001979,0.61255,0.04980
00001980,1.50422,0.24099
00001981,0.91719,0.07950
00001982,0.77696,0.04962
00001983,0.58054,0.05640
00001984,0.50187,0.03291
00001985,1.00357,0.08692
00001986,0.36324,0.03833
00001987,0.46071,0.03718
00001988,0.86282,0.07313
00001989,0.38532,0.02752
00001990,0.38550,0.03096
00001991,0.33135,0.02773
00001992,0.32113,0.02968
00001993,1.11259,0.11996
00001994,0.90945,0.10425
00001995,0.63384,0.04558
00001996,0.33967,0.03167
00001997,0.43853,0.03411
00001998,1.20453,0.10710
00001999,0.42160,0.03237
00002000,1.26303,0.27195
00002001,0.79780,0.07500
00002002,0.97120,0.11791
00002003,0.56307,0.04449
00002004,0.73971,0.06549
00002005,0.74255,0.06539
00002006,0.65861,0.06826
00002007,0.42824,0.30447
00002008,0.57211,0.05423
00002009,0.48750,0.03399
00002010,0.51775,0.04513
00002011,1.31925,0.14797
00002012,0.33027,0.03004
00002013,0.28353,0.04221
00002014,0.66778,0.05780
00002015,0.28835,0.03374
00002016,1.31568,0.12424
00002017,0.67895,0.04679
00002018,0.64361,0.05138
00002019,1.45984,0.17112
00002020,1.74027,0.22782
00002021,0.53143,0.03737
00002022,1.66675,0.17754
00002023,0.20564,0.02851
00002024,0.41393,0.04033
00002025,0.70199,0.06054
00002026,0.82027,0.14651
00002027,0.49022,0.05097
00002028,0.30296,0.02872
00002029,0.48085,0.04451
00002030,0.52271,0.04074
00002031,0.45769,0.03875
00002032,0.89814,0.07509
00002033,0.64650,0.06080
00002034,0.51393,0.05357
00002035,0.41242,0.04152
00002036,0.62068,0.05524
00002037,0.90688,0.10692
00002038,1.33156,0.15789
00002039,0.60229,0.05229
00002040,0.70044,0.04534
00002041,0.67963,0.08779
00002042,0.41911,0.03084
00002043,0.35012,0.03583
00002044,0.62143,0.04186
00002045,0.54319,0.04422
00002046,2.25796,0.23361
00002047,0.31277,0.02950
00002048,0.74339,0.04552
00002049,0.56843,0.05150
00002050,0.32885,0.03267
00002051,1.20915,0.11446
00002052,0.97011,0.08985
00002053,0.30195,0.04681
00002054,0.44238,0.03199
00002055,0.22044,0.02718
00002056,0.46386,0.03702
00002057,0.60206,0.04818
00002058,1.38449,0.15433
00002059,0.71827,0.06775
00002060,0.70393,0.05366
00002061,0.40178,0.03346
00002062,0.59372,0.03892
00002063,0.28394,0.03996
00002064,0.83434,0.06390
00002065,0.55531,0.03933
00002066,0.78501,0.06524
00002067,0.36635,0.03096
00002068,0.77562,0.10180
00002069,1.14765,0.12013
00002070,0.70030,0.06291
00002071,2.25418,0.25455
00002072,0.47516,0.04459
00002073,0.86935,0.05855
00002074,0.79021,0.07795
00002075,0.81820,0.06771
00002076,0.46573,0.02754
00002077,2.03665,0.23655
00002078,1.19365,0.11070
00002079,0.83562,0.06386
00002080,0.50918,0.03809
00002081,1.00845,0.09660
00002082,0.23296,0.02485
00002083,0.43592,0.03572
00002084,0.65321,0.04268
00002085,0.33454,0.03432
00002086,0.59400,0.04240
00002087,0.72031,0.04693
00002088,1.23709,0.11809
00002089,0.63243,0.09058
00002090,0.88972,0.07026
00002091,0.53692,0.03736
00002092,0.61406,0.03821
00002093,0.68949,0.05407
00002094,0.51553,0.03823
00002095,0.42292,0.03269
00002096,2.60058,0.32678
00002097,2.14726,0.24369
00002098,0.33267,0.02977
00002099,0.60109,0.04716
00002100,0.54174,0.04216
00002101,0.65529,0.04653
00002102,0.28259,0.02685
00002103,0.57631,0.03799
00002104,0.50368,0.03793
00002105,0.72023,0.05050
00002106,0.46797,0.07391
00002107,0.66424,0.05421
00002108,0.54094,0.04536
00002109,0.48899,0.07096
00002110,0.19756,0.02650
00002111,0.46521,0.04345
00002112,2.22247,0.28662
00002113,0.67123,0.06917
00002114,1.52448,0.14715
00002115,0.63442,0.04581
00002116,1.45242,0.18587
00002117,0.41549,0.04104
00002118,0.36885,0.03409
00002119,0.68188,0.04688
00002120,0.51006,0.03604
00002121,0.47728,0.03983
00002122,1.32962,0.14674
00002123,1.42187,0.13115
00002124,1.95416,0.23066
00002125,0.97923,0.08205
00002126,2.24791,0.25758
00002127,1.00139,0.11003
00002128,0.17203,0.02710
00002129,0.55777,0.03869
00002130,0.46693,0.03426
00002131,0.41666,0.03704
00002132,0.99358,0.07746
00002133,0.99536,0.08848
00002134,0.49653,0.03429
00002135,0.50414,0.04776
00002136,1.06099,0.09326
00002137,1.08672,0.09277
00002138,0.24137,0.03601
00002139,0.28453,0.02741
00002140,1.84077,0.19388
00002141,0.39899,0.03100
00002142,0.45101,0.03265
00002143,0.55000,0.04104
00002144,0.54959,0.06426
00002145,0.36218,0.03138
00002146,0.48073,0.04611
00002147,0.84505,0.05757
00002148,0.73567,0.05704
00002149,0.29763,0.02736
00002150,1.63228,0.19292
00002151,2.30454,0.25525
00002152,1.41400,0.19893
00002153,1.17561,0.13477
00002154,0.57192,0.04417
00002155,0.43707,0.03348
00002156,0.23925,0.02402
00002157,0.56825,0.04871
00002158,2.03690,0.24965
00002159,1.81291,0.18492
00002160,0.61664,0.05610
00002161,0.38397,0.03442
00002162,0.59692,0.04108
00002163,0.98410,0.08198
00002164,0.47434,0.03245
00002165,1.07784,0.08924
00002166,0.80124,0.06842
00002167,0.57458,0.05271
00002168,1.22782,0.11765
00002169,1.12463,0.10603
00002170,0.59879,0.05787
00002171,1.11577,0.08855
00002172,0.82531,0.06127
00002173,1.02622,0.08878
00002174,0.74332,0.05827
00002175,1.03442,0.07948
00002176,0.60648,0.05314
00002177,0.51820,0.03438
00002178,0.70741,0.04758
00002179,0.84141,0.06724
00002180,0.29284,0.02940
00002181,0.63737,0.06632
00002182,1.51953,0.21895
00002183,1.98650,0.22218
00002184,1.26592,0.12882
00002185,1.02550,0.09428
00002186,0.51171,0.03472
00002187,0.94090,0.10093
00002188,0.97444,0.07917
00002189,0.63330,0.04319
00002190,1.15442,0.43019
00002191,0.64452,0.04886
00002192,0.72754,0.05736
00002193,0.36299,0.03255
00002194,0.64114,0.04131
00002195,0.85147,0.09501
00002196,0.32172,0.03655
00002197,1.80566,0.18236
00002198,0.79505,0.06731
00002199,1.75303,0.24099
00002200,0.58417,0.07138
00002201,0.73462,0.05124
00002202,0.92647,0.06720
00002203,0.70990,0.04547
00002204,0.62446,0.05296
00002205,0.88583,0.06507
00002206,0.19647,0.02450
00002207,0.39506,0.03178
00002208,0.80852,0.05663
00002209,0.97471,0.07323
00002210,1.87387,0.22065
00002211,0.38273,0.02908
00002212,0.62704,0.04914
00002213,1.42302,0.12475
00002214,0.67676,0.05946
00002215,0.30521,0.03278
00002216,0.23481,0.03194
00002217,0.90070,0.07568
00002218,0.93625,0.09192
00002219,0.22467,0.04081
00002220,0.56151,0.03693
00002221,0.69288,0.06186
00002222,0.23882,0.03056
00002223,0.23262,0.02582
00002224,0.30780,0.02837
00002225,0.43233,0.03433
00002226,0.47633,0.03518
00002227,0.57998,0.05074
00002228,1.28006,0.13720
00002229,1.39433,0.13638
00002230,0.59456,0.05185
00002231,0.39036,0.03722
00002232,0.45550,0.03327
00002233,0.31186,0.03162
00002234,0.68869,0.04595
00002235,0.19418,0.02441
00002236,1.29450,0.14073
00002237,0.25255,0.02594
00002238,1.49108,0.13798
00002239,0.76152,0.05291
00002240,0.69674,0.05646
00002241,2.28959,0.41128
00002242,0.46970,0.03722
00002243,0.95901,0.08005
00002244,0.80185,0.05933
00002245,0.68332,0.06095
00002246,0.72033,0.06341
00002247,1.47696,0.21387
00002248,0.60614,0.04634
00002249,0.63297,0.04196
00002250,0.44190,0.04287
00002251,0.38689,0.03311
00002252,0.91669,0.07313
00002253,0.57618,0.04564
00002254,0.59060,0.04827
00002255,0.32311,0.02792
00002256,2.66628,0.42147
00002257,0.87834,0.06535
00002258,0.31495,0.02455
00002259,0.48589,0.05327
00002260,1.23553,0.16089
00002261,0.33747,0.02920
00002262,0.59584,0.04404
00002263,1.41528,0.12839
00002264,0.99559,0.07995
00002265,1.12551,0.12243
00002266,1.50454,0.13750
00002267,0.26072,0.03520
00002268,0.50954,0.03638
00002269,1.37992,0.12654
00002270,0.78662,0.04878
00002271,0.65436,0.06801
00002272,1.20882,0.09951
00002273,1.60223,0.16046
00002274,0.25192,0.02519
00002275,1.98060,0.22341
00002276,0.60447,0.04265
00002277,1.02231,0.08438
00002278,0.53153,0.03599
00002279,0.57231,0.04603
00002280,0.67579,0.04702
00002281,0.79922,0.06692
00002282,0.60010,0.05380
00002283,1.17234,0.10468
00002284,0.65605,0.04126
00002285,0.37027,0.02860
00002286,0.37049,0.02557
00002287,0.72244,0.05746
00002288,0.41576,0.02903
00002289,0.99425,0.07866
00002290,1.10470,0.09511
00002291,0.61878,0.05417
00002292,0.40171,0.03084
00002293,0.96541,0.07819
00002294,1.54861,0.20212
00002295,0.50964,0.03531
00002296,0.36088,0.02817
00002297,0.69511,0.05744
00002298,0.57874,0.04328
00002299,0.46618,0.03431
00002300,0.66243,0.06339
00002301,0.66509,0.04758
00002302,0.62338,0.05011
00002303,0.80942,0.07535
00002304,1.64115,0.17226
00002305,0.54008,0.03444
00002306,0.66713,0.07103
00002307,2.17923,0.25588
00002308,1.00247,0.07812
00002309,1.22540,0.13544
00002310,1.38779,0.12653
00002311,1.35758,0.15943
00002312,0.37153,0.03319
00002313,2.13916,0.24755
00002314,1.16545,0.09504
00002315,0.51005,0.04611
00002316,0.18176,0.02675
00002317,2.28276,0.28978
00002318,1.17228,0.14641
00002319,0.45124,0.03316
00002320,0.60270,0.03763
00002321,1.27085,0.12051
00002322,1.54347,0.15438
00002323,0.63928,0.08120
00002324,1.80016,0.18399
00002325,0.50040,0.03968
00002326,0.24556,0.02842
00002327,0.54036,0.04716
00002328,0.35730,0.03385
00002329,0.52035,0.04961
00002330,0.27215,0.02910
00002331,1.02513,0.13924
00002332,1.19104,0.10241
00002333,0.57099,0.10185
00002334,0.66931,0.04809
00002335,0.70307,0.07139
00002336,0.69490,0.04700
00002337,0.50674,0.04867
00002338,0.59373,0.06471
00002339,0.26539,0.03014
00002340,0.50352,0.08187
00002341,1.21016,0.11693
00002342,0.71186,0.04815
00002343,0.67628,0.04068
00002344,0.39276,0.02745
00002345,0.67155,0.05805
00002346,0.68900,0.05096
00002347,0.77624,0.05729
00002348,0.46115,0.04528
00002349,0.53875,0.03742
00002350,0.78105,0.05777
00002351,0.67119,0.07623
00002352,0.61700,0.04411
00002353,0.78840,0.05195
00002354,0.57114,0.03660
00002355,0.45321,0.04144
00002356,0.65373,0.05814
00002357,1.50529,0.14566
00002358,1.21715,0.10765
00002359,0.95915,0.08901
00002360,0.52606,0.03593
00002361,0.82073,0.06740
00002362,0.30155,0.03106
00002363,1.36912,0.11918
00002364,0.90315,0.06861
00002365,0.58892,0.03860
00002366,0.38132,0.03797
00002367,2.61811,0.31810
00002368,0.97756,0.07850
00002369,0.55920,0.04782
00002370,1.09207,0.11075
00002371,0.72508,0.04796
00002372,1.05832,0.07987
00002373,0.58036,0.03706
00002374,0.24027,0.02507
00002375,1.18440,0.12133
00002376,0.59308,0.04067
00002377,0.80744,0.06754
00002378,0.76230,0.05950
00002379,0.41121,0.03223
00002380,1.17803,0.12374
00002381,0.57936,0.05065
00002382,2.08523,0.35399
00002383,0.66719,0.06669
00002384,0.85736,0.08091
00002385,0.35870,0.02961
00002386,1.21005,0.16528
00002387,1.13714,0.09030
00002388,0.62260,0.07432
00002389,0.78793,0.06682
00002390,0.78340,0.07516
00002391,1.22305,0.22395
00002392,0.52375,0.05381
00002393,0.60183,0.05374
00002394,0.22215,0.02921
00002395,0.47900,0.03637
00002396,0.68097,0.06924
00002397,1.49728,0.19238
00002398,0.27949,0.02996
00002399,0.74091,0.05734
00002400,0.88998,0.39043
00002401,0.43941,0.07724
00002402,0.33311,0.03704
00002403,0.50084,0.03275
00002404,0.51804,0.04539
00002405,1.85215,0.18842
00002406,0.42706,0.03757
00002407,0.38746,0.03258
00002408,0.33963,0.02958
00002409,0.29379,0.03010
00002410,0.42804,0.04292
00002411,1.34552,0.13304
00002412,0.51310,0.04464
00002413,0.38543,0.03435
00002414,0.95591,0.10315
00002415,0.82804,0.06509
00002416,0.94612,0.10864
00002417,1.03420,0.16594
00002418,1.02188,0.10657
00002419,1.60837,0.20275
00002420,0.93573,0.08783
00002421,0.20159,0.02853
00002422,1.12344,0.11151
00002423,0.70029,0.04723
00002424,0.42768,0.02759
00002425,2.10303,0.23369
00002426,0.47826,0.03734
00002427,1.58537,0.21714
00002428,1.03737,0.09457
00002429,0.63545,0.05551
00002430,0.44008,0.03580
00002431,2.91579,0.37802
00002432,0.35853,0.03731
00002433,0.22730,0.02562
00002434,1.39207,0.15514
00002435,0.19177,0.03651
00002436,0.99177,0.08441
00002437,0.56651,0.05464
00002438,0.36093,0.03013
00002439,0.47992,0.03711
00002440,0.66393,0.04477
00002441,0.52463,0.03963
00002442,0.29429,0.03403
00002443,0.64780,0.05131
00002444,0.37644,0.02894
00002445,0.89898,0.06430
00002446,0.50139,0.04347
00002447,0.92351,0.06736
00002448,0.49000,0.03055
00002449,1.04811,0.11529
00002450,0.52140,0.04820
00002451,0.60620,0.04067
00002452,0.52327,0.05424
00002453,0.68770,0.05653
00002454,0.20474,0.03126
00002455,0.43380,0.03210
00002456,1.57170,0.15102
00002457,1.28867,0.11479
00002458,0.44044,0.03407
00002459,0.32127,0.04505
00002460,1.01555,0.08537
00002461,1.12440,0.10457
00002462,0.42330,0.03746
00002463,0.48497,0.03435
00002464,1.20075,0.12451
00002465,0.76160,0.05485
00002466,0.80904,0.12089
00002467,0.45165,0.03461
00002468,0.38245,0.03631
00002469,0.31732,0.02754
00002470,1.71753,0.21165
00002471,0.52154,0.03663
00002472,0.53637,0.03747
00002473,0.59094,0.04005
00002474,0.51436,0.03388
00002475,1.13050,0.09095
00002476,0.97301,0.08163
00002477,0.83375,0.07110
00002478,0.50514,0.05499
00002479,2.07814,0.23532
00002480,0.40729,0.02757
00002481,0.51820,0.09179
00002482,0.51756,0.04813
00002483,0.17148,0.02769
00002484,0.39940,0.03214
00002485,0.92570,0.10430
00002486,0.63167,0.05702
00002487,1.41084,0.15619
00002488,0.97766,0.08160
00002489,0.32440,0.02774
00002490,0.61810,0.05714
00002491,0.34151,0.02717
00002492,0.53629,0.04220
00002493,0.78719,0.07576
00002494,0.93968,0.09363
00002495,0.57316,0.05109
00002496,0.97567,0.08501
00002497,0.34745,0.03543
00002498,1.80876,0.21802
00002499,0.35198,0.05498
00002500,2.02232,0.25924
00002501,0.73040,0.05271
00002502,0.30468,0.03396
00002503,0.73826,0.05323
00002504,0.73949,0.06227
00002505,1.16136,0.11127
00002506,0.84758,0.13100
00002507,0.73076,0.05328
00002508,1.27627,0.11627
00002509,0.56537,0.03633
00002510,0.66441,0.04821
00002511,0.46310,0.03433
00002512,0.66578,0.05814
00002513,0.70003,0.06330
00002514,1.18552,0.09926
00002515,0.37873,0.03360
00002516,1.51530,0.15254
00002517,0.57236,0.04946
00002518,0.69480,0.04984
00002519,0.23953,0.02501
00002520,0.76640,0.05342
00002521,0.65639,0.04739
00002522,0.42698,0.03344
00002523,0.70386,0.07253
00002524,0.86597,0.06521
00002525,0.45113,0.03367
00002526,1.23454,0.11608
00002527,0.61058,0.04938
00002528,0.40528,0.03214
00002529,1.45267,0.16872
00002530,0.55326,0.04740
00002531,1.25020,0.14966
00002532,0.45317,0.02922
00002533,0.46087,0.03175
00002534,0.36519,0.04946
00002535,1.44348,0.15349
00002536,0.43296,0.04718
00002537,0.44137,0.03125
00002538,0.89458,0.09329
00002539,0.76371,0.05785
00002540,0.57519,0.05247
00002541,0.69338,0.05035
00002542,0.83103,0.06872
00002543,0.82780,0.05744
00002544,0.48068,0.03488
00002545,0.82306,0.05757
00002546,0.68008,0.04597
00002547,0.81549,0.06506
00002548,0.26798,0.02794
00002549,0.61531,0.04927
00002550,0.68736,0.05273
00002551,0.41160,0.04023
00002552,0.50513,0.03405
00002553,0.58046,0.03867
00002554,0.30271,0.02663
00002555,0.63549,0.04226
00002556,0.40085,0.02902
00002557,0.59679,0.04746
00002558,0.33569,0.02552
00002560,0.17642,0.02696
00002561,0.76892,0.06090
00002562,0.59263,0.04099
00002563,0.34356,0.03265
00002564,0.31796,0.03419
00002565,0.36764,0.03539
00002566,1.24667,0.10473
00002567,0.24375,0.08121
00002568,0.71245,0.06278
00002569,0.57052,0.04857
00002570,1.46623,0.17705
00002571,1.09913,0.16890
00002572,1.19254,0.11962
00002573,1.18459,0.20898
00002574,1.74669,0.17435
00002575,0.64869,0.04620
00002576,1.37692,0.14654
00002577,0.35335,0.02540
00002578,0.72085,0.05561
00002579,1.50157,0.15010
00002580,0.39299,0.03255
00002581,0.66805,0.06390
00002582,1.05866,0.09939
00002583,1.21665,0.10879
00002584,0.34575,0.02714
00002585,0.96686,0.07909
00002586,0.74190,0.06268
00002587,0.75895,0.05762
00002588,0.46063,0.03068
00002589,0.70339,0.04469
00002590,0.69806,0.05189
00002591,0.64043,0.05193
00002592,1.34041,0.14036
00002593,0.54544,0.04735
00002594,1.27831,0.11181
00002595,1.00060,0.09295
00002596,1.24035,0.10424
00002597,0.94398,0.06176
00002598,2.42081,0.28255
00002599,0.53031,0.04264
00002600,1.14367,0.09646
00002601,0.54753,0.07187
00002602,1.24146,0.12830
00002603,0.55678,0.03696
00002604,1.94643,0.20207
00002605,0.77693,0.05881
00002606,1.06083,0.17007
00002607,0.86227,0.08262
00002608,0.64943,0.04236
00002609,0.43376,0.03513
00002610,0.50135,0.04128
00002611,1.01250,0.08173
00002612,0.37988,0.02736
00002613,0.49128,0.03321
00002614,1.98417,0.20571
00002615,1.18786,0.09821
00002616,1.14083,0.12528
00002617,1.25523,0.13854
00002618,1.03648,0.08439
00002619,0.44323,0.04714
00002620,0.54575,0.04128
00002621,0.48240,0.04061
00002622,1.02422,0.07764
00002623,1.59361,0.22612
00002624,0.79934,0.06911
00002625,0.58691,0.06564
00002626,0.26646,0.02629
00002627,1.28933,0.12951
00002628,0.39497,0.02841
00002629,0.83721,0.07276
00002630,0.36661,0.04500
00002631,1.36351,0.12168
00002632,1.87442,0.21315
00002633,0.30399,0.03062
00002634,1.65376,0.22717
00002635,0.42815,0.03773
00002636,1.44753,0.14053
00002637,0.75606,0.08930
00002638,1.30066,0.12650
00002639,0.45366,0.03751
00002640,0.56796,0.03798
00002641,1.66690,0.26391
00002642,1.89890,0.51151
00002643,0.50060,0.03711
00002644,0.67211,0.06309
00002645,0.42817,0.03543
00002646,0.53320,0.04294
00002647,1.18707,0.10852
00002648,1.02457,0.09553
00002649,0.61468,0.04283
00002650,0.21573,0.02729
00002651,0.85073,0.06707
00002652,0.38678,0.02681
00002653,0.83287,0.08850
00002654,0.39369,0.04563
00002655,0.31617,0.03039
00002656,0.47464,0.03181
00002657,1.02750,0.08255
00002658,0.29614,0.03842
00002659,0.47091,0.09858
00002660,1.15244,0.09961
00002661,0.71532,0.05733
00002662,0.67005,0.05724
00002663,0.59240,0.06817
00002664,0.69546,0.04628
00002665,0.96481,0.11803
00002666,0.74571,0.06071
00002667,0.48367,0.04240
00002668,0.55041,0.13206
00002669,0.66806,0.05341
00002670,0.57951,0.05025
00002671,0.37200,0.02820
00002672,1.18272,0.11669
00002673,0.19657,0.02698
00002674,1.79443,0.18981
00002675,0.59588,0.04205
00002676,0.60010,0.03642
00002677,0.41629,0.03923
00002678,0.94671,0.12436
00002679,0.70319,0.04088
00002680,1.37147,0.17741
00002681,0.76162,0.05018
00002682,0.56651,0.04797
00002683,0.74084,0.06278
00002684,0.56112,0.04657
00002685,0.18871,0.02534
00002686,0.30679,0.02506
00002687,0.57647,0.05522
00002688,0.44698,0.03034
00002689,0.87676,0.06017
00002690,1.00675,0.08562
00002691,1.30485,0.11644
00002692,0.76084,0.10461
00002693,0.19817,0.02533
00002694,0.51443,0.03685
00002695,0.52298,0.04043
00002696,1.80553,0.26023
00002697,1.89693,0.20758
00002698,0.49571,0.03603
00002699,1.22006,0.11350
00002700,0.48519,0.03282
00002701,0.40703,0.03670
00002702,2.24886,0.46862
00002703,0.50469,0.06806
00002704,0.51111,0.03498
00002705,0.48045,0.03064
00002706,0.64091,0.06690
00002707,0.45598,0.03784
00002708,0.73955,0.06857
00002709,0.59753,0.03935
00002710,1.30839,0.11552
00002711,0.69177,0.07382
00002712,1.63625,0.23756
00002713,0.36110,0.03088
00002714,0.63324,0.06293
00002715,1.86609,0.20154
00002716,0.92419,0.08432
00002717,0.27850,0.02675
00002718,0.93516,0.06707
00002719,2.02574,0.21834
00002720,1.11321,0.15208
00002721,0.55747,0.03755
00002722,0.54602,0.03587
00002723,1.38767,0.17799
00002724,0.58432,0.05153
00002725,1.25806,0.12590
00002726,0.67073,0.05316
00002727,0.25118,0.02987
00002728,1.10726,0.09443
00002729,1.09887,0.09062
00002730,0.95014,0.07707
00002731,0.51998,0.04786
00002732,2.08290,0.24859
00002733,0.29267,0.03384
00002735,3.02330,0.34309
00002736,0.62147,0.04173
00002737,0.42450,0.04254
00002738,1.27150,0.11647
00002739,0.74170,0.06322
00002740,0.90948,0.07222
00002741,0.28841,0.02953
00002742,0.95064,0.07890
00002743,0.21371,0.02853
00002744,0.85275,0.06988
00002745,0.47331,0.04251
00002746,0.29903,0.02919
00002747,0.46059,0.03943
00002748,1.80496,0.19595
00002749,1.60225,0.15695
00002750,0.82556,0.06913
00002751,0.58651,0.05056
00002752,0.56170,0.05292
00002753,0.62148,0.05681
00002754,0.79983,0.06616
00002755,0.77119,0.06012
00002756,0.44627,0.04108
00002757,2.21908,0.32194
00002758,0.26318,0.02482
00002759,0.57318,0.08996
00002760,0.81280,0.05568
00002761,1.52725,0.17684
00002762,1.64725,0.24655
00002763,0.43408,0.03299
00002764,0.40537,0.03144
00002765,1.00105,0.07065
00002766,0.22661,0.02796
00002767,0.33407,0.04048
00002768,1.17374,0.12291
00002769,1.67754,0.22762
00002770,0.70754,0.06001
00002771,0.43900,0.02881
00002772,0.54985,0.04961
00002773,1.04529,0.08255
00002774,0.43624,0.02951
00002775,0.35736,0.03293
00002776,1.06754,0.47307
00002777,0.95465,0.09129
00002778,0.61888,0.04379
00002779,0.61388,0.05089
00002780,0.44633,0.03220
00002781,0.67380,0.05801
00002782,0.61655,0.04225
00002783,0.26891,0.02812
00002784,0.40117,0.03900
00002785,0.85921,0.05923
00002786,0.45541,0.04000
00002787,0.35822,0.03158
00002788,0.48899,0.04003
00002789,0.56286,0.03755
00002790,0.32287,0.03262
00002791,0.90263,0.08443
00002792,0.23089,0.02832
00002793,0.58068,0.03858
00002794,0.60143,0.03948
00002795,0.93943,0.08176
00002796,0.97949,0.08624
00002797,1.33521,0.20825
00002798,0.57846,0.04297
00002799,0.91023,0.06599
00002800,1.37551,0.13617
00002801,0.22027,0.07140
00002802,0.41231,0.02811
00002803,0.69336,0.04958
00002804,1.08737,0.15485
00002805,0.51713,0.03414
00002806,0.51387,0.03678
00002807,0.70052,0.06082
00002808,0.53893,0.03661
00002809,1.65012,0.15263
00002810,0.46932,0.03377
00002811,2.02282,0.22802
00002812,0.72758,0.04885
00002813,1.58706,0.16748
00002814,0.38515,0.04211
00002815,0.76763,0.05657
00002816,0.39087,0.02756
00002817,0.89907,0.08188
00002818,0.82357,0.10799
00002819,0.99717,0.15351
00002820,0.35106,0.02773
00002821,0.55601,0.04020
00002822,0.52412,0.03642
00002823,1.45577,0.14728
00002824,2.79318,0.34839
00002825,0.38940,0.02872
00002826,1.21660,0.11085
00002827,0.85354,0.09184
00002828,0.66422,0.04925
00002829,0.61877,0.04503
00002830,0.59309,0.03759
00002831,1.24246,0.10582
00002832,1.03915,0.18604
00002833,0.62823,0.04204
00002834,0.94521,0.08071
00002835,0.51775,0.03555
00002836,0.97581,0.07780
00002837,0.74270,0.05466
00002838,0.69608,0.05315
00002839,0.67300,0.04935
00002840,1.19407,0.20623
00002841,1.32579,0.16867
00002842,0.60931,0.03962
00002843,0.63096,0.05981
00002844,0.52838,0.04286
00002845,0.56356,0.03873
00002846,0.82820,0.06478
00002847,1.30889,0.26587
00002848,1.20663,0.12368
00002849,1.99421,0.23425
00002850,2.13549,0.32137
00002851,1.45503,0.17985
00002852,0.96752,0.07868
00002853,0.94365,0.10938
00002854,0.82983,0.05983
00002855,0.28139,0.02676
00002856,0.49066,0.03604
00002857,0.31652,0.03201
00002858,0.81256,0.05743
00002859,0.90275,0.07720
00002860,0.18641,0.02698
00002861,0.38021,0.02874
00002862,0.95234,0.08111
00002863,1.17548,0.09527
00002864,1.58452,0.20729
00002865,0.50497,0.03791
00002866,1.78221,0.34207
00002867,0.93726,0.07342
00002868,1.02992,0.08773
00002869,1.21684,0.11157
00002870,0.65983,0.04386
00002871,0.60188,0.04961
00002872,0.43260,0.02929
00002873,0.30313,0.02610
00002874,0.67700,0.07260
00002875,0.65082,0.05631
00002876,0.92387,0.06938
00002877,0.72489,0.09371
00002878,1.56432,0.19031
00002879,1.57570,0.21509
00002880,1.91362,0.21259
00002881,0.76668,0.05169
00002882,0.49057,0.05364
00002883,0.81045,0.08046
00002884,1.45147,0.14706
00002885,0.84657,0.06011
00002886,0.59374,0.06360
00002887,0.60338,0.04904
00002888,0.69296,0.08065
00002889,0.42230,0.03308
00002890,0.50109,0.04837
00002891,0.21889,0.03961
00002892,0.21188,0.02530
00002893,1.84231,0.23146
00002894,0.53977,0.04655
00002895,0.44495,0.03161
00002896,0.44214,0.03219
00002897,0.87869,0.08722
00002898,0.67936,0.04451
00002899,0.84553,0.05721
00002900,0.76251,0.06201
00002901,0.77455,0.06178
00002902,1.29667,0.13990
00002903,0.74763,0.06712
00002904,0.63791,0.05140
00002905,0.36494,0.03881
00002906,0.54850,0.03676
00002907,0.84531,0.07337
00002908,0.66795,0.06026
00002909,0.92587,0.07914
00002910,0.74427,0.04709
00002911,0.96941,0.07527
00002912,0.39460,0.02677
00002913,0.69394,0.04820
00002914,2.26960,0.53965
00002915,0.70220,0.05977
00002916,2.39162,0.32436
00002917,0.54264,0.04709
00002918,0.44637,0.03338
00002919,0.36333,0.03057
00002920,0.22372,0.02870
00002921,0.58889,0.04151
00002922,0.98014,0.08447
00002923,0.60683,0.06691
00002924,0.70186,0.07877
00002925,2.01988,0.21187
00002926,0.78874,0.08212
00002927,1.07720,0.14272
00002928,0.81729,0.05340
00002929,0.53435,0.03694
00002930,0.46389,0.02999
00002931,0.60258,0.05485
00002932,0.42028,0.03349
00002933,3.00426,0.48380
00002934,1.60902,0.16570
00002935,0.53027,0.05689
00002936,0.49026,0.03341
00002937,3.25530,0.38950
00002938,2.68659,0.35490
00002939,0.96331,0.10151
00002940,0.25554,0.02678
00002941,0.24382,0.02702
00002942,0.75621,0.05117
00002943,0.40142,0.02894
00002944,0.56309,0.04268
00002945,0.57540,0.04021
00002946,0.21551,0.02989
00002947,0.61376,0.04959
00002948,0.21266,0.04649
00002949,0.19679,0.02564
00002950,0.61924,0.05609
00002951,0.42747,0.03383
00002952,0.86915,0.07324
00002953,0.36945,0.03401
00002954,0.32852,0.02590
00002955,0.59357,0.05101
00002956,0.50695,0.03605
00002957,1.00200,0.08903
00002958,0.48744,0.04265
00002959,0.34485,0.03839
00002961,0.43927,0.03080
00002962,0.84865,0.14276
00002963,0.29042,0.03672
00002964,0.52701,0.03718
00002965,0.41647,0.05012
00002966,1.42723,0.14488
00002967,0.71518,0.05704
00002968,0.63374,0.05137
00002969,1.29219,0.14569
00002970,1.29414,0.13553
00002971,0.36978,0.04858
00002972,1.24153,0.10323
00002973,0.35978,0.02651
00002974,0.40347,0.03686
00002975,0.90186,0.11100
00002976,1.29993,0.14319
00002977,0.73695,0.05259
00002978,1.39280,0.15912
00002979,0.48518,0.03281
00002980,0.60341,0.05715
00002981,0.49237,0.03390
00002982,0.78458,0.05488
00002983,0.61061,0.03901
00002984,1.00790,0.08712
00002985,0.56600,0.05616
00002986,0.76857,0.07306
00002987,0.74267,0.07025
00002988,1.28970,0.13417
00002989,0.45409,0.04585
00002990,0.80525,0.06773
00002991,0.83376,0.08281
00002992,0.49651,0.03173
00002993,1.63673,0.32455
00002994,0.33042,0.02955
00002995,1.16150,0.09380
00002996,0.52155,0.04830
00002997,0.29842,0.02663
00002998,0.22527,0.02475
00002999,0.74408,0.05707
00003000,0.70606,0.04350
00003001,0.24515,0.03770
00003002,0.39132,0.03811
00003003,0.55710,0.04875
00003004,0.63306,0.04319
00003005,0.61795,0.04921
00003006,0.86533,0.07671
00003007,0.31066,0.04212
00003008,0.53794,0.04402
00003009,1.08964,0.08315
00003010,0.37254,0.02726
00003011,0.61925,0.04461
00003012,0.80637,0.06086
00003013,0.61261,0.05693
00003014,1.37117,0.15101
00003015,0.64691,0.05714
00003016,1.34071,0.15340
00003017,0.65364,0.05002
00003018,1.01050,0.08051
00003019,0.43042,0.02983
00003020,0.93968,0.10695
00003021,0.41350,0.03428
00003022,0.49993,0.04802
00003023,0.84034,0.07652
00003024,0.43743,0.03441
00003025,0.74044,0.22392
00003026,0.57470,0.04117
00003027,0.51002,0.04395
00003028,0.86091,0.06729
00003029,0.28319,0.02887
00003030,0.42287,0.04682
00003031,1.29148,0.12121
00003032,0.51708,0.04279
00003033,0.91348,0.08390
00003034,0.26905,0.02816
00003035,0.46291,0.03084
00003036,1.04231,0.09907
00003037,1.10000,0.11209
00003038,0.78532,0.05653
00003039,0.54214,0.05509
00003040,1.52786,0.14624
00003041,0.35548,0.02961
00003042,0.46371,0.03697
00003043,0.47770,0.03540
00003044,0.31578,0.03320
00003045,0.35096,0.03218
00003046,1.06036,0.08888
00003047,0.48848,0.03368
00003048,0.34338,0.03003
00003049,0.35671,0.03296
00003050,0.65971,0.04452
00003051,1.35850,0.14317
00003052,1.02568,0.09590
00003053,0.26999,0.02752
00003054,0.36249,0.03119
00003055,0.52056,0.04090
00003056,0.48907,0.03451
00003057,0.39102,0.03572
00003058,0.95522,0.07798
00003059,0.66758,0.04602
00003060,0.34804,0.02955
00003061,0.53898,0.03561
00003062,0.25320,0.03515
00003063,0.74050,0.05470
00003064,0.72636,0.06079
00003065,0.57057,0.04487
00003066,0.41831,0.03058
00003067,1.03332,0.09806
00003068,0.63333,0.05529
00003069,0.74235,0.05565
00003070,0.63509,0.04884
00003071,1.54741,0.24422
00003072,0.82473,0.05409
00003073,1.73726,0.18540
00003074,1.05749,0.08376
00003075,1.14552,0.09764
00003076,0.40327,0.03051
00003077,1.38322,0.12077
00003078,1.00013,0.08688
00003079,2.75332,0.31750
00003080,0.94791,0.08440
00003081,0.87710,0.07154
00003082,0.52940,0.03939
00003083,0.73612,0.06688
00003084,0.38075,0.03021
00003085,0.40525,0.02981
00003086,2.95155,0.42805
00003087,1.91265,0.21098
00003088,0.41994,0.02805
00003089,0.47297,0.02961
00003090,1.26201,0.12231
00003091,0.31031,0.03703
00003092,0.71515,0.05314
00003093,0.92864,0.08203
00003094,0.68628,0.05368
00003095,0.51919,0.03729
00003096,0.20853,0.03749
00003097,1.01983,0.11863
00003098,0.34486,0.03008
00003099,0.46152,0.04606
00003100,0.91021,0.09627
00003101,0.32300,0.02832
00003102,2.19906,0.28749
00003103,0.93339,0.07176
00003104,1.55295,0.16709
00003105,1.12460,0.10418
00003106,0.41046,0.03216
00003107,2.00339,0.50723
00003108,0.58156,0.03645
00003109,0.56938,0.06049
00003110,0.71499,0.06064
00003111,0.77074,0.07800
00003112,0.16997,0.02913
00003113,0.53128,0.04015
00003114,1.24121,0.12682
00003115,0.43816,0.02946
00003116,1.47162,0.13403
00003117,0.79866,0.07163
00003118,0.89178,0.07927
00003119,1.79772,0.21078
00003120,0.43695,0.03336
00003121,0.39188,0.02927
00003122,0.61434,0.04564
00003123,0.39372,0.03311
00003124,0.63461,0.04569
00003125,1.88528,0.25127
00003126,0.48057,0.03712
00003127,0.57201,0.03683
00003128,0.47824,0.03474
00003129,0.68706,0.05804
00003130,0.49735,0.03101
00003131,0.84695,0.05804
00003132,1.17739,0.13537
00003133,1.06469,0.12389
00003134,0.89243,0.11615
00003135,0.72646,0.04711
00003136,0.44201,0.02952
00003137,0.63169,0.04149
00003138,0.38383,0.02846
00003139,0.54121,0.03590
00003140,0.24601,0.03220
00003141,0.24313,0.02399
00003142,0.22440,0.02834
00003143,0.67558,0.05630
00003144,1.03857,0.07588
00003145,0.20665,0.02500
00003146,0.39914,0.03053
00003147,0.54362,0.03831
00003148,0.53924,0.04076
00003149,0.42907,0.02827
00003150,2.52061,0.30305
00003151,2.66712,0.29013
00003152,0.38998,0.03270
00003153,0.73604,0.08986
00003154,0.42783,0.04048
00003155,0.70780,0.05224
00003156,0.35209,0.03020
00003157,0.64479,0.06954
00003158,0.55990,0.03953
00003159,0.31242,0.02534
00003160,0.50415,0.03784
00003161,0.19147,0.02729
00003162,0.56607,0.03736
00003163,0.56397,0.11095
00003164,2.72991,0.33838
00003165,0.97204,0.08785
00003166,0.27586,0.05126
00003167,0.64678,0.05749
00003168,0.58945,0.04003
00003169,1.46790,0.15447
00003170,0.40704,0.02759
00003171,0.36896,0.02635
00003172,0.69733,0.06255
00003173,1.21542,0.10908
00003174,0.41419,0.02691
00003175,0.34515,0.03126
00003176,0.97835,0.09136
00003177,0.22932,0.02553
00003178,1.89154,0.26901
00003179,0.51748,0.03972
00003180,0.66814,0.04094
00003181,0.78089,0.05593
00003182,0.44168,0.05764
00003183,0.48796,0.03842
00003184,2.15693,0.26341
00003185,0.60101,0.04206
00003186,1.76149,0.17728
00003187,0.33523,0.04940
00003188,0.39167,0.03776
00003189,0.57518,0.06493
00003190,1.44682,0.25027
00003191,1.08471,0.20242
00003192,0.55834,0.04661
00003193,0.27656,0.02712
00003194,0.73100,0.08511
00003195,1.30275,0.12351
00003196,0.34324,0.04335
00003197,0.71173,0.04931
00003198,1.47476,0.19245
00003199,0.69678,0.05037
00003200,0.57168,0.05167
00003201,0.55155,0.04231
00003202,0.52761,0.03804
00003203,0.95504,0.07210
00003204,0.40591,0.02887
00003205,0.91878,0.06404
00003206,0.77947,0.05248
00003207,0.77254,0.06763
00003208,1.23161,0.22037
00003209,1.03277,0.10853
00003210,0.66028,0.05218
00003211,0.38970,0.03303
00003212,0.67210,0.05370
00003213,0.52930,0.04564
00003214,1.48450,0.21978
00003215,0.27997,0.02654
00003216,0.33494,0.03185
00003217,2.38453,0.29422
00003218,2.75221,0.30716
00003219,0.39686,0.03386
00003220,0.49298,0.04612
00003221,0.48684,0.03819
00003222,0.53989,0.03845
00003223,1.03567,0.12744
00003224,0.36000,0.03346
00003225,0.84344,0.06183
00003226,0.44750,0.05192
00003227,0.29470,0.03164
00003228,0.71035,0.05761
00003229,1.28418,0.11806
00003230,0.84603,0.06668
00003231,0.29775,0.02982
00003232,0.95211,0.07437
00003233,0.50887,0.03577
00003234,1.27374,0.12294
00003235,0.50014,0.03697
00003236,0.98518,0.10032
00003237,0.51750,0.03904
00003238,0.79710,0.05351
00003239,0.59336,0.03664
00003240,0.60684,0.06648
00003241,0.70808,0.05227
00003242,0.51248,0.04383
00003243,0.71802,0.06116
00003244,0.43914,0.03442
00003245,0.50278,0.04009
00003246,1.00446,0.07466
00003247,0.36473,0.03579
00003248,0.41440,0.05191
00003249,0.26969,0.03071
00003250,1.58237,0.16360
00003251,0.69736,0.05054
00003252,2.47065,0.28017
00003253,0.40282,0.03313
00003254,0.47152,0.03582
00003255,0.27601,0.02551
00003256,0.39565,0.02658
00003257,0.39843,0.02966
00003258,0.60771,0.04005
00003259,0.54093,0.04367
00003260,0.79971,0.06621
00003261,0.53372,0.05623
00003262,0.25012,0.04517
00003263,0.71904,0.05472
00003265,0.48366,0.03110
00003266,0.54578,0.06207
00003267,1.12347,0.09252
00003268,1.59559,0.15727
00003269,1.19363,0.11636
00003270,0.80538,0.06037
00003271,0.74025,0.04983
00003272,0.86631,0.07662
00003273,1.10235,0.09590
00003274,1.04075,0.09860
00003275,0.47621,0.03172
00003276,0.51067,0.19110
00003277,0.53022,0.04289
00003278,0.56698,0.03441
00003279,0.48873,0.03063
00003280,0.53890,0.05008
00003281,0.28842,0.02453
00003282,1.30972,0.13382
00003283,0.74632,0.05196
00003284,0.48221,0.03889
00003285,0.25100,0.02482
00003286,0.92704,0.15195
00003287,0.74257,0.06798
00003288,0.85710,0.08100
00003289,1.95033,0.21293
00003290,1.46620,0.17658
00003291,0.40981,0.03670
00003292,0.56075,0.04925
00003293,1.44853,0.13007
00003294,0.84437,0.06672
00003295,0.60758,0.03984
00003296,0.65396,0.05709
00003297,0.38848,0.03246
00003298,1.41211,0.13740
00003299,0.20923,0.03650
00003300,0.45515,0.02820
00003301,0.43941,0.03111
00003302,0.69887,0.07419
00003303,0.38068,0.06100
00003304,1.04332,0.09762
00003305,0.59138,0.05454
00003306,0.57554,0.05308
00003307,1.76308,0.21546
00003308,0.51335,0.03300
00003309,0.81843,0.14313
00003310,0.72163,0.06622
00003311,0.21344,0.03707
00003312,0.61139,0.05288
00003313,0.33727,0.02664
00003314,0.66137,0.07554
00003315,0.33553,0.03942
00003316,1.45182,0.17893
00003317,0.21535,0.02969
00003318,0.47272,0.05221
00003319,0.24559,0.03091
00003320,0.83064,0.12309
00003321,1.01047,0.11258
00003322,0.51375,0.05407
00003323,0.77432,0.08681
00003324,0.93039,0.08239
00003325,0.45575,0.03002
00003326,0.50734,0.03538
00003327,0.59283,0.04234
00003328,0.72988,0.08316
00003329,0.42756,0.04731
00003330,0.43650,0.04439
00003331,1.32250,0.12346
00003332,1.27684,0.11954
00003333,0.70303,0.05485
00003334,0.42254,0.02855
00003335,0.48193,0.04701
00003336,0.99786,0.10246
00003337,0.32310,0.03155
00003338,0.33247,0.02860
00003339,0.42459,0.03467
00003340,0.96660,0.07735
00003341,0.54353,0.04787
00003342,1.79936,0.27461
00003343,0.38889,0.02897
00003344,0.45184,0.03788
00003345,0.62570,0.04128
00003346,0.55917,0.04049
00003347,0.81536,0.06833
00003348,0.64242,0.05698
00003349,0.69620,0.06043
00003350,0.90774,0.07607
00003351,0.64257,0.05913
00003352,0.92006,0.09663
00003353,0.45361,0.04125
00003354,0.47686,0.03338
00003355,0.53798,0.04862
00003356,1.12012,0.10280
00003357,0.37363,0.03076
00003358,0.53600,0.04167
00003359,0.81729,0.05556
00003360,0.33452,0.02973
00003361,0.73301,0.09447
00003362,1.16376,0.12835
00003363,0.88466,0.06778
00003364,0.62301,0.06035
00003365,1.06736,0.08952
00003366,0.62050,0.03948
00003367,0.37410,0.03786
00003368,0.83331,0.06694
00003369,1.15753,0.13503
00003370,0.21525,0.03858
00003371,1.14241,0.11467
00003372,0.43894,0.04646
00003373,1.21068,0.11374
00003374,1.28403,0.10251
00003375,2.44816,0.29318
00003376,0.70828,0.06418
00003377,0.33954,0.02656
00003378,0.44484,0.03024
00003379,0.38251,0.02904
00003380,0.82253,0.11413
00003381,0.54176,0.04327
00003382,0.46098,0.03223
00003383,1.11718,0.12670
00003384,0.43325,0.03385
00003385,0.26130,0.02962
00003386,2.05259,0.28277
00003387,0.58095,0.05034
00003388,1.48263,0.17902
00003389,0.49695,0.04211
00003390,1.06303,0.09397
00003391,0.25449,0.04409
00003392,0.22152,0.02491
00003393,1.19338,0.10482
00003394,0.63959,0.05077
00003395,0.66930,0.10331
00003396,0.54283,0.04934
00003397,0.82298,0.07494
00003398,1.00467,0.08085
00003399,1.97637,0.25216
00003400,0.46894,0.03442
00003401,1.02389,0.10657
00003402,0.54126,0.05927
00003403,0.57786,0.05004
00003404,0.35861,0.03162
00003405,0.47199,0.03266
00003406,1.74526,0.19873
00003407,1.61646,0.18139
00003408,0.57592,0.04777
00003409,0.76993,0.06986
00003410,0.52213,0.05498
00003411,0.52479,0.03846
00003412,0.58965,0.04964
00003413,0.86592,0.06462
00003414,0.89218,0.06901
00003415,0.77777,0.07626
00003416,0.42812,0.03055
00003418,0.64820,0.04602
00003419,0.73669,0.08626
00003420,1.12534,0.09617
00003421,0.23349,0.02559
00003422,0.49014,0.04012
00003423,0.93514,0.18531
00003424,1.22810,0.11572
00003425,1.04407,0.10920
00003426,0.54112,0.03784
00003427,0.36140,0.03083
00003428,0.32521,0.03069
00003429,1.38452,0.12275
00003430,1.12979,0.09176
00003431,0.77243,0.06394
00003432,0.62841,0.15168
00003433,0.41623,0.03389
00003434,1.04895,0.09422
00003435,0.40283,0.02979
00003436,0.94858,0.10404
00003437,0.42560,0.03067
00003438,0.50998,0.04380
00003439,0.71078,0.05141
00003440,0.66158,0.04467
00003441,0.77749,0.09953
00003442,0.63288,0.06006
00003443,1.02168,0.10298
00003444,0.49927,0.03689
00003445,0.39885,0.03775
00003446,0.23566,0.05521
00003447,0.29276,0.03027
00003448,0.53250,0.04399
00003449,0.66549,0.04853
00003450,0.29050,0.02785
00003451,0.57606,0.03596
00003452,0.45794,0.03417
00003453,0.50612,0.03962
00003454,0.91479,0.07190
00003455,0.93998,0.15504
00003456,0.60799,0.04589
00003457,0.67213,0.05990
00003458,0.62976,0.04032
00003459,0.40675,0.03327
00003460,0.52304,0.04713
00003461,0.39390,0.03345
00003462,0.49172,0.03862
00003463,0.48311,0.03066
00003464,0.53635,0.03982
00003465,0.89203,0.09091
00003466,0.68561,0.04605
00003467,0.33416,0.02618
00003468,0.21375,0.02512
00003469,0.49101,0.03857
00003470,0.36234,0.03082
00003471,1.59990,0.15739
00003472,1.31166,0.12493
00003473,0.75443,0.05484
00003474,0.75619,0.06676
00003475,0.51193,0.04023
00003476,0.70473,0.05075
00003477,0.54259,0.03529
00003478,0.33597,0.05453
00003479,0.30969,0.02622
00003480,1.37332,0.13441
00003481,0.87787,0.06688
00003482,0.53729,0.04512
00003483,0.43153,0.03663
00003484,0.94576,0.10385
00003485,0.43818,0.06689
00003486,0.45576,0.04976
00003487,0.52155,0.04051
00003488,0.49732,0.03335
00003489,2.37657,0.26557
00003490,2.76464,0.34079
00003491,1.54284,0.23838
00003492,1.04349,0.11348
00003493,0.86640,0.07256
00003494,1.46543,0.22383
00003495,0.51514,0.03502
00003496,0.57169,0.04190
00003497,0.51336,0.05145
00003498,0.36385,0.03101
00003499,0.27399,0.02621
00003500,0.32099,0.02980
00003501,0.22034,0.02903
00003502,1.04078,0.08190
00003503,1.30327,0.18534
00003504,0.73189,0.05865
00003505,0.67810,0.05029
00003506,0.85011,0.06205
00003507,0.70650,0.05233
00003508,0.33270,0.02741
00003509,0.40917,0.03152
00003511,0.20725,0.02587
00003512,0.39343,0.07019
00003513,0.38232,0.03123
00003514,0.43302,0.03075
00003515,0.19637,0.02714
00003516,0.35950,0.03180
00003517,0.93653,0.08325
00003518,0.47179,0.03397
00003519,0.57345,0.03441
00003520,0.43693,0.04634
00003521,1.64693,0.18331
00003522,0.46514,0.03818
00003523,1.17884,0.13081
00003524,0.58107,0.04142
00003525,0.75433,0.06418
00003526,0.49656,0.03467
00003527,0.43265,0.06134
00003528,0.78381,0.07858
00003529,2.31023,0.32904
00003530,0.64174,0.04929
00003531,0.62623,0.06243
00003532,0.48423,0.04061
00003533,0.32663,0.03215
00003534,1.01447,0.25163
00003535,0.66794,0.04117
00003536,2.06288,0.25612
00003537,0.70671,0.05671
00003538,0.30285,0.02583
00003539,1.20410,0.14033
00003540,0.50331,0.03534
00003541,1.76750,0.18006
00003542,0.75656,0.06089
00003543,0.48511,0.03901
00003544,1.68073,0.17009
00003545,0.45331,0.04182
00003546,1.30643,0.11460
00003547,0.67360,0.09748
00003548,0.98878,0.08480
00003549,2.53659,0.32181
00003550,0.76027,0.05795
00003551,0.23227,0.02764
00003552,1.08910,0.08340
00003553,0.39286,0.02764
00003554,0.72066,0.04959
00003555,0.85039,0.06976
00003556,0.30599,0.02405
00003557,0.50456,0.03285
00003558,0.62706,0.05713
00003559,0.31678,0.02891
00003560,1.04530,0.15462
00003561,0.91213,0.08434
00003562,0.93981,0.23416
00003563,0.28675,0.03564
00003564,0.36985,0.03623
00003565,0.44127,0.02985
00003566,2.07293,0.29580
00003567,1.41085,0.14666
00003568,1.38948,0.14485
00003569,0.30954,0.02819
00003570,1.16014,0.26986
00003571,1.18691,0.14993
00003572,1.43384,0.12688
00003573,0.55390,0.04786
00003574,0.59081,0.06371
00003575,0.41363,0.02992
00003576,0.57926,0.05073
00003577,0.29172,0.02475
00003578,0.42111,0.04177
00003579,0.46048,0.04490
00003580,0.82712,0.08017
00003581,0.53863,0.03690
00003582,0.69929,0.04877
00003583,1.17322,0.09881
00003584,1.59981,0.15542
00003585,0.56367,0.05855
00003586,0.43189,0.05142
00003587,0.24067,0.03365
00003588,0.65771,0.05282
00003589,0.82001,0.06524
00003590,0.55697,0.04809
00003591,0.54349,0.03933
00003592,0.99905,0.07763
00003593,1.37547,0.11863
00003594,0.53776,0.03848
00003595,0.79609,0.05285
00003596,1.17233,0.11892
00003597,1.01718,0.10937
00003598,0.40755,0.03066
00003599,0.99634,0.08228
00003600,2.11564,0.24941
00003601,0.54724,0.05065
00003602,1.05740,0.08639
00003603,1.26240,0.13197
00003604,0.72898,0.04973
00003605,0.40512,0.03943
00003606,1.22147,0.15536
00003607,0.63945,0.05294
00003608,0.63197,0.04777
00003609,0.70519,0.05574
00003610,1.55093,0.14592
00003611,0.38361,0.02780
00003612,0.54475,0.06399
00003613,1.68355,0.18015
00003614,0.73853,0.08870
00003615,0.77561,0.07056
00003616,0.62179,0.08209
00003617,1.09058,0.12674
00003618,0.92447,0.07170
00003619,0.44912,0.03013
00003620,0.46790,0.03369
00003621,0.55028,0.04206
00003622,1.21630,0.10178
00003623,1.16165,0.20357
00003624,0.23906,0.02695
00003625,0.67909,0.05866
00003626,0.31928,0.04199
00003627,0.64802,0.04975
00003628,0.64075,0.03993
00003629,0.55179,0.04352
00003630,0.23650,0.02617
00003631,0.36385,0.02799
00003632,0.32208,0.03064
00003633,0.53374,0.04159
00003634,0.26185,0.02632
00003635,0.46052,0.03210
00003636,0.66222,0.05467
00003637,0.62168,0.04583
00003638,0.59658,0.05391
00003639,0.45932,0.03355
00003640,0.80388,0.05197
00003641,1.01095,0.08320
00003642,0.47992,0.19795
00003643,0.73953,0.06173
00003644,1.12715,0.10309
00003645,1.03049,0.10291
00003646,0.36905,0.02999
00003647,1.46840,0.16508
00003648,0.19316,0.03265
00003649,0.29182,0.02886
00003650,0.54811,0.04151
00003651,0.41293,0.04246
00003652,0.40275,0.02904
00003653,0.46091,0.07259
00003654,0.45477,0.03392
00003655,0.53444,0.03470
00003656,0.94134,0.08242
00003657,0.42702,0.03260
00003658,1.27316,0.13592
00003659,0.45498,0.03385
00003660,2.69350,0.43666
00003661,0.88156,0.68491
00003662,0.26736,0.02674
00003663,0.42257,0.03693
00003664,0.36511,0.03182
00003665,0.81772,0.26531
00003666,0.45909,0.03913
00003667,0.93774,0.10423
00003668,1.42338,0.16784
00003669,0.35999,0.05034
00003670,0.51073,0.04573
00003671,0.34136,0.03557
00003672,0.20992,0.02442
00003673,2.05532,0.22690
00003674,0.41126,0.03696
00003675,0.66465,0.05629
00003676,0.56741,0.03737
00003677,1.05443,0.09974
00003678,0.80666,0.05226
00003679,0.48700,0.03459
00003680,0.84669,0.22169
00003681,1.03861,0.08371
00003682,0.63293,0.03938
00003683,0.41332,0.02785
00003684,1.25553,0.18671
00003685,0.38435,0.02921
00003686,0.34370,0.02856
00003687,0.62006,0.03956
00003688,1.27402,0.10854
00003689,0.47367,0.03723
00003690,0.21974,0.02706
00003691,0.29590,0.02513
00003692,0.38993,0.03324
00003693,0.34434,0.04065
00003694,0.54071,0.04364
00003695,1.67454,0.17276
00003696,1.46592,0.15273
00003697,0.61446,0.04168
00003698,0.90593,0.08517
00003699,0.87010,0.06435
00003700,2.47844,0.41222
00003701,0.35617,0.02898
00003702,0.60090,0.05219
00003703,0.36354,0.03548
00003704,0.19416,0.02594
00003705,0.24335,0.06265
00003706,0.40035,0.02779
00003707,2.61759,0.29116
00003709,1.00285,0.07259
00003710,1.12955,0.10857
00003711,2.45327,0.34685
00003712,1.89784,0.24350
00003713,0.27262,0.02370
00003714,0.46627,0.04146
00003715,0.66116,0.04557
00003716,0.55364,0.04116
00003717,0.29391,0.03847
00003718,0.62841,0.04897
00003719,0.89775,0.08409
00003720,0.46422,0.03317
00003721,0.61146,0.04247
00003722,0.43949,0.04378
00003723,0.23831,0.03122
00003724,2.79557,0.39341
00003725,0.89051,0.07288
00003726,1.07491,0.09190
00003727,0.54886,0.04641
00003728,0.19709,0.02401
00003729,0.50415,0.04163
00003730,0.50544,0.03584
00003731,0.87210,0.12164
00003732,1.02364,0.08923
00003733,0.59818,0.04836
00003734,0.45735,0.03365
00003735,0.69992,0.05393
00003736,0.82296,0.07214
00003737,0.78809,0.06494
00003738,0.20908,0.02501
00003739,0.30740,0.03940
00003740,1.03764,0.11162
00003741,0.52491,0.03330
00003742,0.66420,0.04733
00003743,0.74262,0.04629
00003744,0.46567,0.03651
00003745,0.77711,0.07777
00003746,1.09814,0.09754
00003747,0.36273,0.03578
00003748,1.03704,0.08815
00003749,0.45541,0.04395
00003750,0.31566,0.03076
00003751,0.42461,0.02931
00003752,0.84673,0.12289
00003753,1.78962,0.21832
00003754,0.39365,0.03086
00003755,0.34478,0.03444
00003756,1.17734,0.11013
00003757,0.31871,0.02755
00003758,0.77242,0.07048
00003760,0.73711,0.07482
00003761,0.80709,0.08876
00003762,0.94911,0.08753
00003763,0.61700,0.04860
00003764,0.47259,0.03807
00003765,0.47098,0.05268
00003766,0.60809,0.04995
00003767,0.53451,0.03456
00003768,0.46012,0.03860
00003769,0.90601,0.09025
00003770,0.67464,0.04789
00003771,0.29204,0.02915
00003772,0.54994,0.03758
00003773,1.99781,0.22151
00003774,0.53811,0.04817
00003775,1.39534,0.15603
00003776,1.15855,0.12862
00003777,0.37511,0.03624
00003778,0.63720,0.05409
00003779,0.44214,0.03344
00003780,0.36396,0.03428
00003781,1.61998,0.14502
00003782,0.56614,0.03558
00003783,0.84392,0.05932
00003784,1.28373,0.17768
00003785,0.59944,0.03619
00003786,0.50794,0.03992
00003787,1.19072,0.09638
00003788,0.67651,0.10808
00003789,0.40762,0.04537
00003790,1.36711,0.15042
00003791,0.40687,0.03436
00003792,0.45460,0.03552
00003793,0.37190,0.03331
00003794,0.57107,0.04115
00003795,0.38979,0.03482
00003796,0.58469,0.04967
00003797,0.41553,0.04842
00003798,0.39214,0.03125
00003799,0.33186,0.02811
00003800,0.67391,0.09259
00003801,0.84557,0.07279
00003802,0.24395,0.02486
00003803,0.26094,0.07890
00003804,0.79521,0.05514
00003805,0.50355,0.03960
00003806,0.31426,0.02541
00003807,0.46219,0.03191
00003808,0.52262,0.03944
00003809,1.49723,0.21970
00003810,0.42594,0.02969
00003811,0.58520,0.04741
00003812,1.45223,0.15738
00003813,2.41405,0.30449
00003814,0.46242,0.03563
00003815,1.08676,0.10412
00003816,0.45925,0.04507
00003817,1.71095,0.17455
00003818,1.05058,0.08434
00003819,1.06191,0.09227
00003820,1.63416,0.14960
00003821,0.60287,0.05005
00003822,0.56628,0.05525
00003823,0.94566,0.09516
00003824,0.67375,0.04324
00003825,0.42206,0.03683
00003826,0.49262,0.03795
00003827,0.48998,0.03174
00003828,0.75197,0.05507
00003829,1.02946,0.09480
00003830,1.20305,0.10778
00003831,0.25585,0.02555
00003832,0.79571,0.05624
00003833,0.64130,0.04243
00003834,0.95338,0.07237
00003835,0.23344,0.02975
00003836,0.83353,0.07366
00003837,0.36062,0.03508
00003838,1.28142,0.14522
00003839,0.31531,0.02710
00003840,0.28761,0.02856
00003841,0.46659,0.03026
00003842,0.51179,0.03923
00003843,1.11958,0.10290
00003844,0.51582,0.04067
00003845,1.09729,0.16282
00003846,0.48067,0.03083
00003847,0.53154,0.05406
00003848,0.99667,0.08565
00003849,0.59452,0.05079
00003850,0.36745,0.03013
00003851,0.53604,0.03967
00003852,0.56369,0.04472
00003853,0.29131,0.03820
00003854,0.70443,0.08983
00003855,1.83807,0.20263
00003856,0.69488,0.05795
00003857,1.19248,0.11058
00003858,1.26431,0.12118
00003859,0.84617,0.08616
00003860,0.43290,0.05011
00003861,0.42624,0.03407
00003862,0.55840,0.04527
00003863,0.95985,0.07087
00003864,0.25728,0.02857
00003865,0.58893,0.03636
00003866,1.21518,0.16056
00003867,0.27759,0.02526
00003868,0.21117,0.02732
00003869,0.65711,0.05465
00003870,1.88700,0.19240
00003871,0.99171,0.25503
00003872,0.47866,0.03631
00003873,0.99635,0.11295
00003874,0.35279,0.03148
00003875,1.52412,0.15114
00003876,0.36600,0.02755
00003877,0.78231,0.10180
00003878,0.53744,0.03797
00003879,1.01125,0.08584
00003880,1.65791,0.26854
00003881,0.31027,0.02742
00003882,1.73757,0.17520
00003883,0.71537,0.04585
00003884,0.34408,0.02745
00003885,1.23170,0.13560
00003886,0.98159,0.07235
00003887,0.32400,0.02511
00003888,0.84078,0.05542
00003889,0.32185,0.03681
00003890,0.57366,0.04549
00003891,2.01117,0.21163
00003892,0.47631,0.03963
00003893,0.89326,0.07903
00003894,0.91912,0.06841
00003895,0.76968,0.05718
00003896,1.02771,0.08511
00003897,1.31860,0.13170
00003898,0.43902,0.03731
00003899,0.76233,0.07059
00003900,0.80605,0.06096
00003901,0.44742,0.03758
00003902,0.99108,0.08082
00003903,0.53788,0.03863
00003904,0.70963,0.04888
00003905,0.21789,0.02534
00003906,0.92899,0.07498
00003907,0.64560,0.06424
00003908,1.13407,0.10201
00003909,0.87909,0.08692
00003910,1.97513,0.24217
00003911,1.07187,0.09385
00003912,0.66916,0.04769
00003913,0.42732,0.03797
00003914,0.82076,0.05579
00003915,0.77572,0.05537
00003916,0.56519,0.04400
00003917,0.41015,0.03420
00003918,0.24806,0.02706
00003919,0.80521,0.05743
00003920,2.11444,0.25932
00003921,1.23419,0.10836
00003922,0.26344,0.03514
00003923,1.17524,0.11441
00003924,0.52304,0.04582
00003925,1.76223,0.18829
00003926,0.64229,0.05519
00003927,0.43706,0.04798
00003928,0.82491,0.08724
00003929,1.02882,0.08915
00003930,0.93976,0.07259
00003931,0.69464,0.04876
00003932,0.89484,0.06749
00003933,1.21863,0.15054
00003934,0.56975,0.04460
00003935,0.53109,0.03829
00003936,0.40442,0.03065
00003937,0.31583,0.02756
00003938,0.83431,0.07006
00003939,0.56300,0.04182
00003940,0.29115,0.03222
00003941,0.38804,0.04418
00003942,1.70084,0.20992
00003943,1.85544,0.25618
00003944,0.29446,0.03148
00003945,1.06378,0.08030
00003946,0.84565,0.06643
00003947,0.51267,0.04346
00003948,0.75646,0.05963
00003949,0.41940,0.04806
00003950,0.19673,0.03224
00003951,2.72920,0.36264
00003952,0.59431,0.03809
00003953,2.17753,0.23829
00003954,1.58056,0.17597
00003955,0.55452,0.04991
00003956,0.33495,0.03065
00003957,1.51319,0.15060
00003958,0.73111,0.06326
00003959,0.17959,0.02621
00003960,0.40967,0.02935
00003961,0.19366,0.02628
00003962,1.08746,0.10064
00003963,1.50316,0.16595
00003964,0.72993,0.06386
00003965,0.30428,0.05875
00003966,0.46750,0.03188
00003967,0.57207,0.41032
00003968,0.34710,0.02561
00003969,1.32497,0.11976
00003970,1.15662,0.13075
00003971,0.96906,0.07428
00003972,0.45399,0.03168
00003973,0.75160,0.06139
00003974,0.46984,0.03203
00003975,1.40195,0.13018
00003976,0.94319,0.07755
00003977,0.77317,0.07561
00003978,1.21604,0.19007
00003979,0.49751,0.03702
00003980,1.40035,0.13763
00003981,0.69024,0.07110
00003982,0.50776,0.05568
00003983,0.53705,0.03930
00003984,0.25633,0.02583
00003985,0.50314,0.05068
00003986,0.18550,0.02500
00003987,0.63513,0.05139
00003988,0.50275,0.03918
00003989,1.01898,0.09383
00003990,0.46945,0.03368
00003991,0.76458,0.05629
00003992,0.48789,0.03600
00003993,1.03125,0.11254
00003994,0.71136,0.05552
00003995,0.67040,0.05302
00003996,0.24938,0.02765
00003997,0.40498,0.03097
00003998,1.02070,0.11648
00003999,0.90273,0.08240
00004000,0.98088,0.08818
00004001,0.82145,0.06931
00004002,0.54277,0.03704
00004003,0.80182,0.06581
00004004,0.80179,0.07366
00004005,0.94235,0.08637
00004006,0.43244,0.03625
00004007,1.49228,0.14329
00004008,0.65544,0.05398
00004009,0.26439,0.02751
00004010,0.22406,0.04661
00004011,0.55566,0.03905
00004012,0.28639,0.06797
00004013,0.64402,0.04693
00004014,1.10825,0.17479
00004015,0.60614,0.10493
00004016,0.95394,0.12670
00004017,0.65639,0.04979
00004018,0.92173,0.09203
00004019,0.71293,0.08503
00004020,0.50275,0.03412
00004021,0.45562,0.03048
00004022,0.60636,0.03748
00004023,0.95436,0.08643
00004024,0.93283,0.07440
00004025,0.38935,0.03548
00004026,0.38556,0.03506
00004027,0.36166,0.03617
00004028,0.60136,0.04094
00004029,0.94215,0.06824
00004030,0.83333,0.08215
00004031,0.46274,0.04073
00004032,0.39406,0.03109
00004033,1.47070,0.16238
00004034,1.23703,0.11330
00004035,0.43004,0.04237
00004036,0.46645,0.04931
00004037,0.68920,0.04150
00004038,0.93706,0.06835
00004039,0.55178,0.04079
00004040,0.66630,0.05375
00004041,0.74464,0.07724
00004042,0.49312,0.03306
00004043,0.19975,0.02432
00004044,2.08799,0.21945
00004045,1.13993,0.09165
00004046,1.02449,0.08944
00004047,0.43272,0.03420
00004048,0.46061,0.03475
00004049,0.40780,0.02955
00004050,0.46970,0.03353
00004051,1.27560,0.12889
00004052,0.93340,0.06829
00004053,0.58137,0.04060
00004054,0.84122,0.08463
00004055,0.45671,0.03747
00004056,0.98236,0.13502
00004057,0.70878,0.04823
00004058,0.27383,0.02735
00004059,0.19619,0.02398
00004060,0.49283,0.03642
00004061,0.59221,0.03827
00004062,1.23634,0.11351
00004063,1.98249,0.25609
00004064,0.47804,0.03691
00004065,1.79665,0.22732
00004066,0.34442,0.02731
00004067,0.90747,0.07542
00004068,0.25597,0.04314
00004069,3.09912,0.35284
00004070,0.48673,0.03179
00004071,2.42741,0.28604
00004072,0.86067,0.07422
00004073,0.73977,0.05028
00004074,1.38538,0.17886
00004075,0.58991,0.04788
00004076,2.39810,0.28328
00004077,0.23985,0.02484
00004078,0.51180,0.04091
00004079,1.40794,0.13858
00004080,0.20911,0.02836
00004081,0.21973,0.03020
00004082,0.62042,0.04829
00004083,0.57194,0.04136
00004084,0.23392,0.02741
00004085,1.48788,0.14603
00004086,0.74349,0.05791
00004087,0.86526,0.06524
00004088,0.20296,0.02710
00004089,0.36409,0.02820
00004090,0.53301,0.04281
00004091,0.28261,0.03224
00004092,0.58703,0.03702
00004093,0.46801,0.03451
00004094,1.64805,0.23565
00004095,0.37495,0.03124
00004096,1.56472,0.21180
00004097,1.16823,0.14637
00004098,1.34260,0.15800
00004099,1.32972,0.15838
00004100,0.47711,0.03026
00004101,0.76700,0.05221
00004102,1.94130,0.24938
00004103,0.88973,0.08543
00004104,0.77025,0.10165
00004105,0.81348,0.05975
00004106,2.02405,0.20867
00004107,0.99582,0.08576
00004108,0.29434,0.02726
00004109,0.25958,0.03944
00004110,0.45997,0.03300
00004111,0.83561,0.06387
00004112,1.39401,0.14964
00004113,0.32439,0.04940
00004114,0.31262,0.02700
00004115,0.59942,0.03753
00004116,0.46502,0.03280
00004117,0.48326,0.04062
00004118,1.09090,0.09313
00004119,1.05378,0.07692
00004120,0.54865,0.04419
00004121,0.65617,0.04733
00004122,0.94227,0.07039
00004123,0.31793,0.03061
00004124,0.58387,0.04358
00004125,0.42376,0.03427
00004126,2.01500,0.23874
00004127,0.49585,0.04071
00004128,0.52818,0.04613
00004129,0.41777,0.04206
00004130,0.31937,0.02511
00004131,0.36973,0.02727
00004132,0.61539,0.05938
00004133,1.87398,0.22660
00004134,0.42889,0.03158
00004135,0.34900,0.03478
00004136,0.62329,0.04317
00004137,0.73527,0.06574
00004138,1.26498,0.12798
00004139,2.18948,0.26655
00004140,0.50462,0.03669
00004141,0.38836,0.07658
00004142,0.57808,0.03772
00004143,0.82385,0.06889
00004144,1.07342,0.11475
00004145,0.40663,0.03308
00004146,0.29318,0.02930
00004147,0.40516,0.03438
00004148,0.65935,0.07057
00004149,0.42516,0.03981
00004150,1.26476,0.12886
00004151,0.97624,0.08254
00004152,0.38005,0.04410
00004153,0.67218,0.04763
00004154,1.20771,0.12875
00004155,0.62605,0.04540
00004156,0.23134,0.02684
00004157,0.94924,0.07241
00004158,1.65967,0.20467
00004159,0.74516,0.05540
00004160,0.81945,0.05891
00004161,0.73273,0.05023
00004162,0.85238,0.07305
00004163,0.58388,0.04741
00004164,0.37422,0.03932
00004165,2.09111,0.21276
00004166,0.57860,0.05978
00004167,0.45135,0.03182
00004168,2.96493,0.37334
00004169,0.45452,0.03688
00004170,1.41285,0.14704
00004171,0.69013,0.08008
00004172,0.60337,0.05746
00004173,0.38402,0.04341
00004174,0.25233,0.02883
00004175,0.45071,0.03544
00004176,0.26560,0.02883
00004177,0.87850,0.18160
00004178,0.24758,0.02617
00004179,0.71639,0.05393
00004180,0.69942,0.06014
00004181,0.21962,0.05958
00004182,1.03945,0.10598
00004183,1.15692,0.09923
00004184,0.24039,0.02664
00004185,0.89440,0.08902
00004186,0.75512,0.05405
00004187,0.99268,0.07356
00004188,0.37471,0.03501
00004189,0.35280,0.03404
00004190,0.54132,0.04162
00004191,0.45592,0.03645
00004192,0.36061,0.03099
00004193,0.39235,0.02792
00004194,0.77309,0.10296
00004195,0.59637,0.04335
00004196,0.68841,0.04570
00004197,0.44459,0.02900
00004198,1.45714,0.13270
00004199,0.48748,0.04358
00004200,0.42084,0.03765
00004201,0.44589,0.04631
00004202,0.47318,0.05601
00004203,0.37243,0.03170
00004204,0.45830,0.03236
00004205,1.53318,0.26122
00004206,1.29281,0.12361
00004207,0.55999,0.04508
00004208,0.51792,0.03566
00004209,0.32227,0.03479
00004210,0.72910,0.06335
00004211,1.24871,0.11547
00004212,0.63307,0.04754
00004213,0.37602,0.02853
00004214,0.57713,0.04015
00004215,0.99096,0.11117
00004216,1.15289,0.10814
00004217,0.23499,0.03480
00004218,0.45995,0.05484
00004219,1.46216,0.14995
00004220,0.26516,0.02631
00004221,0.69174,0.04676
00004222,0.63217,0.04703
00004223,0.53896,0.03853
00004224,1.60992,0.18217
00004225,1.97887,0.20423
00004226,0.79189,0.05961
00004227,1.69165,0.18082
00004228,0.47436,0.05044
00004229,0.79217,0.07636
00004230,0.84169,0.05520
00004231,0.53703,0.03693
00004232,0.63575,0.04111
00004233,0.39522,0.04274
00004234,0.63417,0.05386
00004235,0.72382,0.04681
00004236,0.55025,0.05302
00004237,0.53840,0.05096
00004238,2.50053,0.26505
00004239,0.94508,0.06887
00004240,0.23668,0.02525
00004241,0.56321,0.04828
00004242,0.62711,0.05048
00004243,0.67893,0.06721
00004244,0.80001,0.05529
00004245,1.98675,0.25268
00004246,0.80359,0.08195
00004247,1.32703,0.14682
00004248,1.44173,0.16051
00004249,0.60191,0.03739
00004250,0.61538,0.04131
00004251,0.47853,0.03713
00004252,1.64621,0.21063
00004253,2.50644,0.27322
00004254,1.78252,0.27888
00004255,0.43706,0.03237
00004256,0.23198,0.08391
00004257,1.68687,0.18965
00004258,1.65913,0.16221
00004259,1.28387,0.12370
00004260,0.26689,0.02432
00004261,0.45797,0.03356
00004262,0.91242,0.08539
00004263,1.32170,0.12863
00004264,0.48391,0.04183
00004265,0.36090,0.02791
00004266,0.69568,0.06018
00004267,0.73541,0.05718
00004268,0.56337,0.03865
00004269,0.33220,0.03487
00004270,0.33713,0.02470
00004271,1.65850,0.17564
00004272,0.34422,0.03653
00004273,0.90109,0.06748
00004274,0.48243,0.03863
00004275,0.67577,0.05485
00004276,0.63144,0.04688
00004277,1.34589,0.11809
00004278,0.96961,0.10994
00004279,0.23810,0.02608
00004280,0.70867,0.10138
00004281,0.26676,0.03616
00004282,1.07950,0.08928
00004283,1.09123,0.11490
00004284,0.67975,0.05038
00004285,0.24048,0.02482
00004286,0.41671,0.03022
00004287,0.51572,0.04081
00004288,0.76030,0.05273
00004289,0.83225,0.07413
00004290,0.39379,0.04029
00004291,0.87925,0.07374
00004292,1.45133,0.14680
00004293,1.56450,0.16921
00004294,0.34499,0.03147
00004295,0.73873,0.05138
00004296,2.48598,0.28465
00004297,0.42798,0.03477
00004298,0.21952,0.03115
00004299,2.29380,0.27358
00004300,0.46077,0.05595
00004301,0.72182,0.05407
00004302,0.45934,0.03029
00004303,0.32651,0.02968
00004304,0.53535,0.03509
00004305,0.31088,0.02907
00004306,0.70069,0.04921
00004307,0.42386,0.03050
00004308,0.24710,0.03141
00004309,0.28624,0.04047
00004310,0.51873,0.03890
00004311,0.71173,0.04779
00004312,1.29624,0.12390
00004313,0.71366,0.05317
00004314,0.39915,0.03324
00004315,0.91148,0.07081
00004316,0.90727,0.07787
00004317,0.82481,0.07771
00004318,0.51854,0.03499
00004319,0.91163,0.07846
00004320,0.38101,0.02951
00004321,0.81609,0.07450
00004322,0.38924,0.02743
00004323,0.71532,0.04838
00004324,0.65378,0.05016
00004325,1.09902,0.16620
00004326,2.09344,0.25717
00004327,2.59510,0.39661
00004328,1.76374,0.18768
00004329,2.84215,0.47479
00004330,2.86041,0.34069
00004331,0.39310,0.02821
00004332,0.17763,0.02961
00004333,0.49356,0.03531
00004334,0.75743,0.05768
00004335,0.28605,0.02959
00004336,0.43226,0.03684
00004337,1.15500,0.10489
00004338,0.85523,0.08620
00004339,1.25090,0.16272
00004340,0.39595,0.02988
00004341,0.77798,0.05665
00004342,0.63602,0.04089
00004343,0.89095,0.07418
00004344,0.29692,0.02669
00004345,0.20735,0.02779
00004346,0.81044,0.06044
00004347,0.37632,0.02553
00004348,2.11205,0.22652
00004349,0.64616,0.05720
00004350,1.28309,0.12577
00004351,0.53154,0.03786
00004352,0.58053,0.04569
00004353,0.82937,0.08675
00004354,0.75464,0.05589
00004355,2.10378,0.23888
00004356,1.33213,0.11935
00004357,1.86290,0.20228
00004358,0.58292,0.03793
00004359,1.58859,0.16351
00004360,1.03408,0.09235
00004361,0.50444,0.05178
00004362,1.19059,0.10774
00004363,0.84466,0.06482
00004364,1.48994,0.19222
00004365,1.25444,0.13539
00004366,0.41461,0.03517
00004367,0.46156,0.03322
00004368,0.55895,0.04423
00004369,0.58284,0.04209
00004370,0.77182,0.07206
00004371,0.43831,0.03668
00004372,0.82293,0.06629
00004373,0.92354,0.08758
00004374,0.67213,0.04877
00004375,1.17128,0.10733
00004376,0.19346,0.02736
00004377,0.75212,0.05002
00004378,0.68171,0.04925
00004379,0.73227,0.05467
00004380,0.54995,0.03463
00004381,0.93141,0.12671
00004382,0.69143,0.06576
00004383,0.60526,0.06341
00004384,0.29954,0.03568
00004385,0.34440,0.03627
00004386,0.78116,0.06097
00004387,0.34421,0.02928
00004388,2.20378,0.33384
00004389,0.23867,0.02514
00004390,0.94093,0.08430
00004391,0.51348,0.03736
00004392,0.30795,0.02665
00004393,0.18839,0.02547
00004394,0.33346,0.03426
00004395,0.27003,0.02355
00004396,0.65184,0.04793
00004397,0.46299,0.03336
00004398,0.17502,0.03049
00004399,0.90769,0.10863
00004400,0.21558,0.02873
00004401,0.34078,0.03023
00004402,0.61631,0.07437
00004403,0.55610,0.03767
00004404,1.04166,0.08578
00004405,0.17406,0.02745
00004406,0.51581,0.12176
00004407,1.68917,0.17430
00004408,0.85320,0.08811
00004409,0.36621,0.02582
00004410,0.48060,0.03973
00004411,0.34875,0.04699
00004412,0.53023,0.04210
00004413,0.45010,0.02980
00004414,0.28622,0.02580
00004415,0.52668,0.05116
00004416,0.86355,0.08972
00004417,0.95564,0.13477
00004418,0.61711,0.04749
00004419,0.87165,0.07247
00004420,1.71044,0.17497
00004421,0.31773,0.02986
00004422,0.56987,0.06112
00004423,0.38311,0.02586
00004424,0.30303,0.02978
00004425,0.58905,0.04408
00004426,0.34807,0.03726
00004427,1.10596,0.09128
00004428,1.28458,0.14112
00004429,2.14248,0.24130
00004430,1.06254,0.09772
00004432,0.95891,0.08168
00004433,0.49127,0.03576
00004434,0.83130,0.06696
00004435,0.69951,0.05152
00004436,0.51179,0.04383
00004437,1.52123,0.15310
00004438,2.40272,0.29584
00004439,0.38031,0.02668
00004440,0.65121,0.04266
00004441,0.52478,0.03326
00004442,0.71768,0.04426
00004443,0.37446,0.02924
00004444,1.41719,0.12350
00004445,0.59834,0.09869
00004446,0.54242,0.04156
00004447,0.50045,0.03574
00004448,0.66155,0.04736
00004449,0.73644,0.05373
00004450,0.78535,0.05710
00004451,1.63586,0.29108
00004452,1.50731,0.15103
00004453,2.59300,0.38451
00004454,0.58374,0.04416
00004455,0.94253,0.11595
00004456,0.42195,0.03556
00004457,0.18161,0.02610
00004458,0.39786,0.02666
00004459,1.31788,0.13163
00004460,0.32323,0.03446
00004461,0.35468,0.03299
00004462,0.67632,0.13554
00004463,0.65767,0.05328
00004464,0.72825,0.05955
00004465,0.42525,0.04088
00004466,0.20307,0.02493
00004467,0.38793,0.02733
00004468,0.28756,0.02758
00004469,0.82062,0.11361
00004470,0.52291,0.06703
00004471,0.67121,0.09631
00004472,0.78741,0.06767
00004473,1.02832,0.08035
00004474,0.58292,0.04595
00004475,0.37487,0.02824
00004476,1.14830,0.11986
00004477,1.27719,0.11524
00004478,0.28151,0.02785
00004479,1.96811,0.21055
00004480,0.51637,0.08576
00004481,0.27374,0.03891
00004482,0.91023,0.07716
00004483,0.92638,0.09389
00004484,2.38935,0.25789
00004485,1.19510,0.16962
00004486,0.32004,0.02543
00004487,0.31692,0.02914
00004488,1.95326,0.24380
00004489,0.51515,0.03839
00004490,0.26796,0.02905
00004491,2.24933,0.23148
00004492,0.90005,0.06419
00004493,0.66277,0.04895
00004494,1.22196,0.10178
00004495,1.35776,0.15204
00004496,0.30112,0.02995
00004497,0.43125,0.03321
00004498,0.34994,0.03768
00004499,0.30125,0.03402
00004500,0.82168,0.05923
00004501,0.62887,0.04385
00004502,0.49790,0.03848
00004503,1.37615,0.15225
00004504,0.85048,0.07971
00004505,0.26124,0.04034
00004506,0.29998,0.02913
00004507,0.35814,0.02807
00004508,0.74204,0.12910
00004509,0.37524,0.03043
00004510,1.17527,0.10185
00004511,1.60612,0.16567
00004512,0.34178,0.02732
00004513,0.47564,0.04139
00004514,1.18490,0.09354
00004515,0.67927,0.05958
00004516,1.10120,0.08597
00004517,0.33360,0.03381
00004518,2.09101,0.22415
00004519,0.87798,0.06450
00004520,0.46450,0.03031
00004521,1.02541,0.11744
00004522,0.35990,0.02829
00004523,0.82764,0.09971
00004524,0.78581,0.06244
00004525,0.95877,0.08734
00004526,0.66930,0.05019
00004527,0.68212,0.05869
00004528,0.91501,0.08794
00004529,0.54744,0.03468
00004530,0.85722,0.07554
00004531,0.44269,0.02825
00004532,0.52138,0.04130
00004533,0.40074,0.04831
00004534,0.25647,0.02638
00004535,1.12965,0.17881
00004536,1.34085,0.14254
00004537,0.31082,0.03486
00004538,1.02834,0.09999
00004539,1.27426,0.12003
00004540,2.19255,0.26574
00004541,0.52572,0.03561
00004542,0.25725,0.02859
00004543,1.24428,0.11455
00004544,0.52300,0.03328
00004545,0.70773,0.05044
00004546,0.91350,0.07149
00004547,1.35856,0.17912
00004548,0.44115,0.02938
00004549,0.58685,0.03857
00004550,1.02347,0.07241
00004551,1.19732,0.13077
00004552,0.45945,0.02927
00004553,0.40961,0.03853
00004554,0.43381,0.04032
00004555,0.50081,0.03765
00004556,1.36343,0.17920
00004557,0.41947,0.03119
00004558,0.63858,0.04676
00004559,0.54433,0.03785
00004560,0.88074,0.07977
00004561,0.75578,0.04903
00004562,1.00391,0.08704
00004563,1.01092,0.08826
00004564,0.62261,0.05097
00004565,0.93698,0.08549
00004566,0.51204,0.07579
00004567,2.19756,0.31381
00004568,0.35009,0.03135
00004569,0.33706,0.02819
00004570,2.34696,0.28013
00004571,0.61729,0.04248
00004572,0.30124,0.03298
00004573,0.43257,0.03957
00004574,0.67503,0.05080
00004575,0.60491,0.04589
00004576,1.00261,0.08010
00004577,0.59317,0.06830
00004578,2.06903,0.23435
00004579,0.78988,0.05471
00004580,0.51410,0.03376
00004581,0.97396,0.08992
00004582,1.34780,0.12206
00004583,2.55251,0.37477
00004584,0.51769,0.03967
00004585,0.86879,0.06563
00004586,0.52408,0.03691
00004587,2.70709,0.30241
00004588,0.69606,0.04920
00004589,1.22886,0.10892
00004590,0.30966,0.02691
00004591,0.46721,0.03436
00004592,1.94981,0.23636
00004593,0.22380,0.02553
00004594,1.32710,0.15943
00004595,0.80506,0.08036
00004596,0.33340,0.03229
00004597,0.61638,0.04921
00004598,0.24157,0.03276
00004599,0.53124,0.05070
00004600,0.85920,0.09521
00004601,0.47369,0.04003
00004602,0.63522,0.06577
00004603,1.22830,0.12366
00004604,1.06741,0.15898
00004605,0.77571,0.06827
00004606,0.61272,0.03848
00004607,1.16180,0.09664
00004608,0.34376,0.03223
00004609,0.79813,0.10047
00004610,0.63994,0.04488
00004611,0.69722,0.07639
00004612,0.64450,0.03819
00004613,0.84173,0.07332
00004614,0.53043,0.03683
00004615,1.33378,0.13019
00004616,0.64698,0.04677
00004617,3.02440,0.35196
00004618,0.55184,0.05561
00004619,0.29407,0.03125
00004620,0.27776,0.02427
00004621,1.02049,0.09616
00004622,0.78450,0.10925
00004623,0.83791,0.05948
00004624,2.28881,0.28892
00004625,0.44626,0.03737
00004626,0.62219,0.04367
00004627,0.35541,0.03349
00004628,0.58916,0.04215
00004629,0.58818,0.04233
00004630,0.24735,0.02609
00004631,0.77088,0.07210
00004632,0.67255,0.05138
00004633,0.92917,0.08296
00004634,0.42170,0.02972
00004635,0.27787,0.02744
00004636,0.79250,0.05680
00004637,0.55633,0.04086
00004638,0.63202,0.04689
00004639,0.75402,0.06462
00004640,0.52240,0.03326
00004641,0.65999,0.04716
00004642,0.67359,0.06516
00004643,0.80802,0.08609
00004644,0.23086,0.02546
00004645,0.30020,0.02533
00004646,0.67901,0.04754
00004648,0.56665,0.03712
00004649,0.65014,0.05031
00004650,1.44278,0.15796
00004651,0.22658,0.02430
00004652,0.58094,0.04796
00004653,0.50393,0.03394
00004654,1.38012,0.14109
00004655,0.62665,0.05459
00004656,0.42095,0.03467
00004657,0.75114,0.06782
00004658,1.55800,0.14550
00004659,0.38788,0.02814
00004660,0.63248,0.05156
00004661,0.36883,0.04777
00004662,0.27214,0.02962
00004663,0.45016,0.03418
00004664,0.71491,0.05040
00004665,0.47106,0.03470
00004666,0.45065,0.03319
00004667,0.89701,0.12775
00004668,0.61099,0.05723
00004669,0.46740,0.02950
00004670,0.37137,0.02794
00004671,0.23053,0.07145
00004672,0.81921,0.06437
00004673,0.88872,0.06971
00004674,0.86371,0.10130
00004675,0.50026,0.03939
00004676,0.57428,0.04791
00004677,0.89955,0.13548
00004678,0.34012,0.03314
00004679,0.60154,0.05430
00004680,0.44934,0.03405
00004681,0.81745,0.07419
00004682,0.30075,0.02829
00004683,0.85382,0.07515
00004684,0.89714,0.08426
00004685,1.49013,0.15371
00004686,0.35309,0.03881
00004687,0.89760,0.06014
00004688,0.50011,0.03260
00004689,1.47484,0.20050
00004690,0.32562,0.02941
00004691,1.31619,0.11977
00004692,0.23928,0.02436
00004693,0.33695,0.03140
00004694,0.45986,0.03114
00004695,0.56534,0.04610
00004696,0.91212,0.08533
00004697,0.45785,0.03039
00004698,0.30754,0.02734
00004699,0.42086,0.03739
00004700,0.37654,0.03685
00004701,0.45076,0.03752
00004702,0.47801,0.04174
00004703,0.34624,0.03208
00004704,0.23387,0.02543
00004705,1.49191,0.13629
00004706,0.76464,0.05722
00004707,1.28496,0.13454
00004708,0.71504,0.04852
00004709,1.64014,0.18167
00004710,0.98897,0.09159
00004711,0.27652,0.06528
00004712,0.68985,0.04710
00004713,0.26384,0.02655
00004714,0.48423,0.06110
00004715,0.90256,0.09642
00004716,0.25280,0.02637
00004717,0.52184,0.03950
00004718,0.66206,0.04486
00004719,0.81389,0.06254
00004720,0.90206,0.07010
00004721,0.59094,0.04216
00004722,0.37180,0.17637
00004723,0.39129,0.03634
00004724,0.72367,0.08545
00004725,0.44751,0.04078
00004726,0.38032,0.02743
00004727,0.85231,0.06177
00004728,1.11665,0.08769
00004729,1.07712,0.12501
00004730,0.74887,0.05202
00004731,0.20893,0.04470
00004732,0.43690,0.07389
00004733,0.33873,0.03768
00004734,0.53073,0.03560
00004735,0.55645,0.04163
00004736,0.72749,0.06031
00004737,0.79263,0.06490
00004738,0.68559,0.05332
00004739,1.53311,0.14934
00004740,0.77810,0.05385
00004741,0.79149,0.08820
00004742,0.44652,0.04034
00004743,0.31473,0.04482
00004744,0.62287,0.05413
00004745,0.33700,0.02849
00004746,0.57779,0.08436
00004747,0.71096,0.05032
00004748,0.80990,0.06085
00004749,0.42168,0.03446
00004750,0.31231,0.04868
00004751,0.27521,0.04455
00004752,0.53881,0.04293
00004753,1.92701,0.23678
00004754,0.82344,0.07337
00004755,1.49494,0.14130
00004756,0.82207,0.05919
00004757,1.25308,0.13940
00004758,0.80408,0.05513
00004759,0.84432,0.06545
00004760,0.94141,0.08654
00004761,1.40924,0.17054
00004762,0.46821,0.03267
00004763,0.34704,0.03153
00004764,0.63461,0.05107
00004765,2.09062,0.23855
00004766,0.80001,0.05164
00004767,0.26880,0.02912
00004768,0.43591,0.04061
00004769,0.44791,0.04339
00004770,1.67046,0.16600
00004771,0.39437,0.03416
00004772,0.37156,0.03032
00004773,0.54952,0.04814
00004774,1.12794,0.09347
00004775,0.40364,0.02697
00004776,0.70759,0.05746
00004777,0.25971,0.02972
00004778,0.49345,0.03621
00004779,0.35140,0.02831
00004780,0.53804,0.05733
00004781,0.72713,0.05573
00004782,0.82028,0.54931
00004783,0.59303,0.04164
00004784,0.40227,0.03718
00004785,0.42368,0.03018
00004786,0.38423,0.03944
00004787,0.43986,0.03641
00004788,0.47147,0.04242
00004789,0.46443,0.03627
00004790,0.31939,0.02871
00004791,0.83305,0.05927
00004792,0.68174,0.04224
00004793,0.45583,0.03549
00004794,0.45087,0.03721
00004795,1.09661,0.09171
00004796,0.52595,0.04923
00004797,0.93219,0.07857
00004798,0.90508,0.07873
00004799,0.81204,0.07151
00004800,0.54970,0.04599
00004801,1.19069,0.28054
00004802,0.25471,0.03176
00004803,0.20971,0.02445
00004804,0.51494,0.04130
00004805,1.13730,0.10898
00004806,0.51151,0.03791
00004807,1.67738,0.16286
00004808,0.96154,0.11916
00004809,1.34777,0.12095
00004810,1.49983,0.16454
00004811,0.63715,0.04217
00004812,0.38214,0.04948
00004813,0.76906,0.05313
00004814,1.10216,0.09528
00004815,0.62646,0.04402
00004816,0.59729,0.04596
00004817,0.58470,0.03912
00004818,0.47295,0.03157
00004819,1.23565,0.22524
00004820,0.37736,0.02738
00004821,1.09665,0.12066
00004822,0.90433,0.07221
00004823,0.87246,0.06386
00004824,2.18459,0.22695
00004825,0.84769,0.07752
00004826,0.29442,0.02984
00004827,1.57645,0.16478
00004828,0.83336,0.05744
00004829,0.49713,0.03331
00004830,0.96981,0.07802
00004831,0.80603,0.08864
00004832,0.62386,0.04300
00004833,0.61636,0.03835
00004834,0.57628,0.04434
00004835,1.21279,0.12196
00004836,0.24673,0.02557
00004837,0.74645,0.04764
00004838,0.71831,0.04985
00004839,1.26831,0.13416
00004840,0.76803,0.04983
00004841,0.45066,0.03466
00004842,0.49186,0.04529
00004843,0.50931,0.03430
00004844,0.85509,0.09150
00004845,0.73216,0.06781
00004846,0.65385,0.07728
00004847,0.73671,0.11234
00004848,0.59012,0.04311
00004849,0.26153,0.02723
00004850,0.44294,0.04669
00004851,1.94079,0.23076
00004852,0.94213,0.07612
00004853,0.28093,0.04602
00004854,0.49026,0.03555
00004855,0.30235,0.02641
00004856,0.29298,0.03098
00004857,0.70541,0.05198
00004858,0.43850,0.06926
00004859,0.74524,0.08008
00004860,0.42900,0.02694
00004861,0.90695,0.09330
00004862,0.93620,0.07512
00004863,0.23252,0.03116
00004864,0.35576,0.03223
00004865,0.24956,0.03159
00004866,0.55914,0.03687
00004867,0.96370,0.08232
00004868,0.83312,0.07722
00004869,2.70804,0.33367
00004870,1.45823,0.17038
00004871,0.50003,0.03340
00004872,0.77975,0.05550
00004873,0.31691,0.02510
00004874,0.67231,0.04503
00004875,1.61366,0.26476
00004876,0.34683,0.03213
00004877,0.56012,0.03608
00004878,0.85838,0.07768
00004879,0.37742,0.03139
00004880,0.72505,0.05592
00004881,0.48059,0.03107
00004882,0.49786,0.03875
00004883,0.48287,0.03705
00004884,0.36272,0.04370
00004885,0.62067,0.05022
00004886,0.57153,0.04784
00004887,0.56947,0.04548
00004888,0.86124,0.06315
00004889,1.84020,0.20767
00004890,0.56601,0.04487
00004891,1.73231,0.16836
00004892,0.76387,0.05546
00004893,1.08756,0.22783
00004894,0.32826,0.03142
00004895,0.46585,0.04099
00004896,0.52816,0.03534
00004897,2.14252,0.24366
00004898,0.27591,0.03100
00004899,0.27556,0.03603
00004900,1.23692,0.11753
00004901,0.46330,0.03951
00004902,1.11713,0.10776
00004903,1.47894,0.12688
00004904,0.94723,0.07901
00004905,1.43071,0.16068
00004906,0.58494,0.03722
00004907,0.78221,0.06721
00004908,0.69336,0.05582
00004909,0.41955,0.03410
00004910,0.62533,0.06536
00004911,1.95816,0.20752
00004912,0.46834,0.03137
00004913,0.89866,0.10669
00004914,0.86068,0.08219
00004915,0.61259,0.04386
00004916,0.29213,0.02625
00004917,0.56501,0.04957
00004918,0.29092,0.02476
00004919,0.36256,0.03263
00004920,1.30566,0.10569
00004921,0.45107,0.03694
00004922,0.41477,0.03527
00004923,0.40023,0.04303
00004924,0.37229,0.03246
00004925,0.48627,0.03818
00004926,0.80144,0.05544
00004927,0.90581,0.06470
00004928,0.90593,0.09301
00004929,0.60261,0.05082
00004930,1.73087,0.18121
00004931,0.66215,0.04333
00004932,1.85705,0.19801
00004933,0.52643,0.03392
00004934,1.69957,0.16503
00004935,1.07964,0.13354
00004936,0.82293,0.08315
00004937,2.33116,0.24508
00004938,1.10700,0.13309
00004939,0.75895,0.05605
00004940,0.50815,0.03417
00004941,0.65954,0.06526
00004942,0.84288,0.05606
00004943,0.32552,0.03113
00004944,0.22120,0.02599
00004945,1.32965,0.12224
00004946,2.05449,0.34952
00004947,0.84923,0.06401
00004948,0.43548,0.03662
00004949,0.26395,0.03415
00004950,0.48385,0.05582
00004951,0.31101,0.03291
00004952,0.85343,0.06810
00004953,0.44681,0.03140
00004954,0.81858,0.08141
00004955,0.70623,0.05069
00004956,0.54074,0.03653
00004957,0.57734,0.04000
00004958,0.45073,0.03177
00004959,1.24879,0.10481
00004960,0.28665,0.02769
00004961,1.41252,0.13242
00004962,0.72017,0.04367
00004963,0.86590,0.06472
00004964,1.24484,0.12030
00004965,0.71476,0.07011
00004966,0.53312,0.03217
00004967,1.15214,0.09982
00004968,0.35293,0.04032
00004969,0.29213,0.03011
00004970,0.84630,0.06252
00004971,0.82667,0.05838
00004972,0.33627,0.03289
00004973,0.90399,0.08054
00004974,0.37952,0.03353
00004975,0.71054,0.04816
00004976,2.82719,0.30462
00004977,1.36505,0.11771
00004978,2.16497,0.29373
00004979,0.55937,0.05439
00004980,0.38775,0.03050
00004981,2.80834,0.36455
00004982,0.47595,0.03158
00004983,1.37971,0.15507
00004984,1.23852,0.10291
00004985,0.61189,0.04747
00004986,1.01099,0.08814
00004987,0.87994,0.07653
00004988,1.46163,0.16076
00004989,0.60534,0.04137
00004990,0.43231,0.03263
00004991,1.48036,0.28025
00004992,0.57744,0.03985
00004993,0.83974,0.06301
00004994,0.74732,0.05190
00004995,0.51127,0.04287
00004996,0.53926,0.04166
00004997,0.59423,0.04482
00004998,1.13104,0.10414
00004999,0.43253,0.03588
00005000,1.08459,0.09011
00005001,0.69428,0.05047
00005002,0.89869,0.19909
00005003,0.32319,0.02654
00005004,0.47074,0.03636
00005005,0.63372,0.04650
00005006,1.70887,0.19965
00005007,0.39140,0.03030
00005008,0.97402,0.07440
00005009,0.75836,0.05705
00005010,1.42191,0.14409
00005011,0.75062,0.07237
00005012,1.08682,0.09185
00005013,0.56216,0.03808
00005014,0.40075,0.02801
00005015,0.66685,0.04053
00005016,0.48485,0.03417
00005017,0.80231,0.06076
00005018,1.11449,0.09662
00005019,0.67164,0.05302
00005020,0.64165,0.04665
00005021,0.80559,0.05083
00005022,1.16277,0.10083
00005023,0.45153,0.03191
00005024,0.27336,0.02928
00005025,1.50911,0.13829
00005026,0.51168,0.03393
00005027,0.42489,0.04247
00005028,0.76998,0.07783
00005029,0.61594,0.04261
00005030,0.35607,0.02550
00005031,0.41938,0.03179
00005032,0.28092,0.02947
00005033,0.28325,0.02525
00005034,1.04535,0.08490
00005035,0.89920,0.06180
00005036,0.50391,0.03482
00005037,0.94310,0.09288
00005038,1.17191,0.15388
00005039,0.39209,0.03560
00005040,0.72145,0.08881
00005041,0.68341,0.04574
00005042,0.54937,0.03512
00005043,0.23124,0.03942
00005044,0.67090,0.05623
00005045,0.43139,0.05330
00005046,0.38070,0.02868
00005047,0.48775,0.04589
00005048,0.69627,0.05990
00005049,0.52353,0.03703
00005050,0.66335,0.05700
00005051,2.17859,0.26374
00005052,0.83698,0.07555
00005053,2.50689,0.27084
00005054,0.81827,0.06560
00005055,1.01296,0.07541
00005056,0.75332,0.07515
00005057,0.78686,0.06163
00005058,0.46634,0.03659
00005059,0.32655,0.02899
00005060,0.29172,0.02843
00005061,0.38749,0.03415
00005062,0.53498,0.04284
00005063,0.55404,0.03654
00005064,0.41488,0.02906
00005065,0.52774,0.04396
00005066,1.39239,0.13317
00005067,0.84350,0.06009
00005068,1.23815,0.14047
00005069,0.35072,0.03194
00005070,0.56134,0.03804
00005071,0.36165,0.03879
00005072,1.68605,0.18427
00005073,0.24357,0.02609
00005074,0.67127,0.04303
00005075,0.84558,0.10412
00005076,0.37023,0.02723
00005077,0.59808,0.04848
00005078,0.96684,0.11379
00005079,0.47171,0.04380
00005080,1.04092,0.20310
00005081,1.05257,0.08583
00005082,0.64573,0.06358
00005083,0.44515,0.03654
00005084,0.62044,0.04838
00005085,0.18974,0.03654
00005086,0.33153,0.05083
00005087,0.93745,0.06812
00005088,1.48386,0.15130
00005089,1.14979,0.13999
00005090,0.30212,0.03281
00005091,0.58291,0.03717
00005092,0.52545,0.04089
00005093,0.42614,0.02897
00005094,1.13104,0.08880
00005095,0.94051,0.08067
00005096,1.10673,0.32901
00005097,2.92360,0.42713
00005098,1.29887,0.11562
00005099,0.71193,0.05082
00005100,0.47497,0.03224
00005101,0.73682,0.06213
00005102,0.69593,0.05149
00005103,0.56307,0.04294
00005104,0.28485,0.02944
00005105,0.58665,0.03660
00005106,0.81889,0.11710
00005107,0.26890,0.03526
00005108,0.54357,0.08031
00005109,0.50208,0.04233
00005110,0.60833,0.04404
00005111,0.34710,0.03269
00005112,0.82621,0.06743
00005113,2.40178,0.25729
00005114,0.26902,0.03249
00005115,1.43348,0.14586
00005116,0.30446,0.02731
00005117,0.45810,0.04681
00005118,0.69319,0.04443
00005119,0.33958,0.03580
00005120,0.76577,0.05083
00005121,0.33703,0.03164
00005122,0.47386,0.03443
00005123,0.90372,0.07040
00005124,0.40942,0.02966
00005126,0.81661,0.05894
00005127,0.44306,0.04077
00005128,0.85357,0.08997
00005129,1.41469,0.27184
00005130,1.23659,0.10216
00005131,0.64739,0.05285
00005132,1.07436,0.10201
00005133,0.31863,0.03086
00005134,0.94993,0.18797
00005135,0.46786,0.03022
00005136,0.22715,0.02447
00005137,0.97456,0.07278
00005138,0.45317,0.03750
00005139,0.36994,0.02524
00005140,0.87653,0.05991
00005141,0.27993,0.02660
00005142,0.75653,0.05693
00005143,0.50630,0.03944
00005144,0.25647,0.02843
00005145,0.46375,0.03889
00005146,0.39660,0.03649
00005147,0.35662,0.03288
00005148,1.77365,0.23234
00005149,1.30147,0.11020
00005150,0.30503,0.02832
00005151,1.10082,0.08724
00005152,0.37855,0.04333
00005153,0.55319,0.04874
00005154,0.67592,0.03968
00005155,0.76782,0.07615
00005156,2.39702,0.29948
00005157,0.36922,0.02782
00005158,0.75272,0.05323
00005159,1.15593,0.09542
00005160,0.46857,0.03166
00005161,1.20465,0.13524
00005162,0.40725,0.02920
00005163,0.39320,0.03558
00005164,0.44356,0.03017
00005165,0.85438,0.05885
00005166,0.38431,0.02872
00005167,0.71765,0.09552
00005168,0.41544,0.02745
00005169,0.32260,0.03050
00005170,0.65464,0.04670
00005171,0.48221,0.03514
00005172,0.52130,0.05323
00005173,0.68534,0.05296
00005174,0.57078,0.03749
00005175,0.97560,0.10119
00005176,0.43552,0.03222
00005177,0.76638,0.06062
00005178,0.78329,0.07311
00005179,0.42479,0.03143
00005180,0.54350,0.04778
00005181,0.38794,0.03454
00005182,1.12442,0.09011
00005183,0.63879,0.07466
00005184,0.81506,0.10821
00005185,0.76734,0.05612
00005186,0.43239,0.03521
00005187,0.37417,0.07026
00005188,2.08560,0.23887
00005189,1.47036,0.13578
00005190,0.83968,0.08201
00005191,0.29657,0.03248
00005192,0.42143,0.03843
00005193,0.43265,0.02850
00005194,1.77901,0.18302
00005195,0.89258,0.05916
00005196,0.30771,0.02573
00005197,0.40015,0.04529
00005198,0.47237,0.03474
00005199,1.60937,0.16495
00005200,0.98217,0.09301
00005201,0.55599,0.04106
00005202,1.79620,0.21971
00005203,1.11004,0.09738
00005204,0.44130,0.03693
00005205,0.67342,0.05784
00005206,1.07171,0.22670
00005207,0.27226,0.02577
00005208,0.54781,0.05388
00005209,0.62276,0.04335
00005210,0.39926,0.03388
00005211,0.79736,0.05649
00005212,0.40050,0.03104
00005213,1.28919,0.17333
00005214,0.39689,0.03189
00005215,0.51514,0.07726
00005216,0.85905,0.05450
00005217,0.59713,0.03718
00005218,0.69743,0.04827
00005219,0.89625,0.08382
00005220,1.46667,0.13445
00005221,0.87221,0.07493
00005222,0.55142,0.03564
00005223,1.27864,0.26596
00005224,1.67303,0.18989
00005225,1.21872,0.11403
00005226,0.61916,0.08741
00005227,0.25453,0.02492
00005228,0.72358,0.05998
00005229,0.35931,0.04285
00005230,0.47726,0.03652
00005231,0.27377,0.02849
00005232,0.74558,0.09411
00005233,0.28340,0.03285
00005234,0.66154,0.05319
00005235,0.71285,0.06088
00005236,0.59447,0.04110
00005237,0.35094,0.03328
00005238,1.72893,0.27093
00005239,0.69336,0.06170
00005240,0.62974,0.05846
00005241,0.66823,0.04249
00005242,0.23570,0.04745
00005243,0.74723,0.04956
00005244,0.42977,0.03299
00005245,0.31559,0.03203
00005246,0.73693,0.05985
00005247,0.43952,0.05383
00005248,0.72898,0.06254
00005249,0.45232,0.03950
00005250,0.46686,0.03881
00005251,1.86191,0.18838
00005252,0.20708,0.02319
00005253,2.20226,0.27533
00005254,0.96284,0.07826
00005255,0.55829,0.05096
00005256,0.55818,0.05552
00005257,0.59406,0.03975
00005258,1.27422,0.11562
00005259,0.28411,0.02842
00005260,0.64900,0.04947
00005261,0.87875,0.09570
00005262,0.61983,0.06511
00005263,0.64612,0.13977
00005264,0.21387,0.03136
00005265,0.43137,0.02985
00005266,0.80343,0.05128
00005267,0.59203,0.04619
00005268,0.96784,0.10812
00005269,0.32791,0.02960
00005270,0.58271,0.04976
00005271,0.59700,0.04091
00005272,2.06079,0.21984
00005273,0.64562,0.04747
00005274,1.09984,0.10400
00005275,0.64081,0.04863
00005276,0.79815,0.07157
00005277,0.84565,0.06829
00005278,0.30881,0.03909
00005279,0.76383,0.06954
00005280,0.73519,0.07657
00005281,0.41569,0.03348
00005282,1.15216,0.10335
00005283,2.19725,0.24606
00005284,0.20279,0.02554
00005285,0.62513,0.07022
00005286,0.76344,0.04973
00005287,0.33493,0.02967
00005288,1.10027,0.08888
00005289,0.32375,0.07408
00005290,0.90277,0.05905
00005291,1.44319,0.22066
00005292,1.92617,0.19265
00005293,0.67919,0.06237
00005294,0.79307,0.06101
00005295,0.50325,0.04478
00005296,1.26864,0.10849
00005297,0.69961,0.05517
00005298,0.76422,0.06292
00005299,0.86755,0.06195
00005300,0.57408,0.03981
00005301,0.52643,0.03516
00005302,0.60066,0.06958
00005303,0.71526,0.06450
00005304,1.42980,0.14429
00005305,0.57504,0.04784
00005306,0.44733,0.03053
00005307,0.95333,0.07322
00005308,1.49241,0.14788
00005309,0.81559,0.05633
00005310,0.33091,0.03129
00005311,0.20823,0.03051
00005312,0.36725,0.04473
00005313,1.46439,0.13421
00005314,0.34424,0.02605
00005315,0.67900,0.05878
00005316,0.93082,0.12893
00005317,0.35608,0.02459
00005318,0.90475,0.07449
00005319,0.42587,0.03152
00005320,0.42143,0.03230
00005321,0.69675,0.04409
00005322,0.66676,0.05167
00005323,0.21748,0.02550
00005324,1.72878,0.27503
00005325,1.52896,0.55067
00005326,0.49007,0.03323
00005327,0.61639,0.04736
00005328,0.57026,0.04213
00005329,0.25710,0.05569
00005330,0.57736,0.03752
00005331,0.61594,0.04584
00005332,0.40306,0.02802
00005333,0.63479,0.04190
00005334,0.69240,0.05601
00005335,3.44600,0.51390
00005336,1.27660,0.13052
00005337,0.77445,0.06437
00005338,0.89665,0.06475
00005339,0.29604,0.02686
00005340,0.29309,0.02671
00005341,0.83589,0.07680
00005342,0.92045,0.07052
00005343,0.31263,0.02835
00005344,2.37365,0.29513
00005345,0.41448,0.02878
00005346,0.58801,0.03877
00005347,0.88954,0.05924
00005348,0.25776,0.02507
00005349,0.65606,0.04315
00005350,0.43376,0.03532
00005351,0.55533,0.03742
00005352,1.08883,0.10843
00005353,1.27796,0.11164
00005354,1.48235,0.13943
00005355,1.03011,0.08847
00005356,0.57478,0.04092
00005357,2.57040,0.37696
00005358,0.36364,0.02934
00005359,0.96035,0.10229
00005360,0.37440,0.02959
00005361,0.73153,0.04682
00005362,0.61489,0.06034
00005363,1.13884,0.12841
00005364,0.76418,0.04987
00005365,0.66002,0.04603
00005366,1.39129,0.12096
00005367,0.21340,0.02349
00005368,0.33768,0.03755
00005369,0.69352,0.05055
00005370,1.17956,0.09416
00005371,0.71773,0.10719
00005372,0.52626,0.03745
00005373,0.57233,0.04435
00005374,0.35943,0.02961
00005375,2.14520,0.24615
00005376,0.65001,0.04957
00005377,0.75611,0.05215
00005378,0.54741,0.04285
00005379,0.29776,0.02837
00005380,0.43901,0.03699
00005381,0.24559,0.02876
00005382,0.31534,0.02915
00005383,0.40345,0.03160
00005384,1.05753,0.08204
00005385,1.29032,0.12859
00005386,0.58942,0.04506
00005387,1.47659,0.15397
00005388,0.38096,0.03840
00005389,0.34434,0.04380
00005390,0.34392,0.03062
00005391,0.58879,0.04867
00005392,1.48863,0.16213
00005393,0.81389,0.05469
00005394,0.50852,0.03574
00005395,0.43545,0.02984
00005396,1.03874,0.11705
00005397,3.17441,0.37932
00005398,0.55844,0.03902
00005399,0.58723,0.04043
00005400,0.21645,0.02493
00005401,0.27833,0.02687
00005402,0.31225,0.03258
00005403,0.22452,0.02552
00005404,2.05768,0.22598
00005405,0.21691,0.02570
00005406,0.71351,0.30425
00005407,0.30684,0.02482
00005408,0.72384,0.05962
00005409,0.77048,0.09663
00005410,0.21329,0.04413
00005411,0.30265,0.02886
00005412,1.06682,0.07998
00005413,0.86498,0.06183
00005414,0.39727,0.03718
00005415,2.97075,0.34416
00005416,0.77150,0.06534
00005417,1.27876,0.10903
00005418,1.34942,0.11522
00005419,0.68403,0.05369
00005420,0.51168,0.03650
00005421,0.57224,0.03828
00005422,0.60740,0.04005
00005423,1.18643,0.11112
00005424,0.35529,0.02945
00005425,0.75752,0.05201
00005426,0.26287,0.02953
00005427,0.41808,0.02993
00005428,0.36304,0.04149
00005429,0.29543,0.02804
00005430,1.25584,0.11843
00005431,1.29490,0.18434
00005432,0.59270,0.05353
00005433,0.75516,0.05226
00005434,1.00392,0.08551
00005435,0.64506,0.04169
00005436,0.65477,0.05817
00005437,0.26727,0.02750
00005438,0.68153,0.07817
00005439,1.97521,0.27575
00005440,0.64951,0.04556
00005441,1.07334,0.10232
00005442,1.11174,0.11595
00005443,1.57106,0.16045
00005444,0.52763,0.04103
00005445,0.70052,0.05307
00005446,1.64514,0.19246
00005447,0.31663,0.02897
00005448,0.38977,0.02994
00005449,1.77728,0.21368
00005450,0.62619,0.04690
00005451,1.44222,0.14425
00005452,0.28168,0.02633
00005453,0.51740,0.03602
00005454,0.58660,0.04502
00005455,0.94584,0.08892
00005456,2.02937,0.28258
00005457,0.76958,0.05069
00005458,0.36443,0.04274
00005459,0.56257,0.03801
00005460,0.52293,0.03773
00005461,1.85148,0.19394
00005462,0.79218,0.05948
00005463,0.63286,0.04837
00005464,0.54381,0.03719
00005465,1.20046,0.10494
00005466,0.38056,0.02648
00005467,0.57284,0.05169
00005468,0.46256,0.04141
00005469,0.44956,0.04108
00005470,0.24760,0.02390
00005471,0.33364,0.03198
00005472,0.28519,0.03318
00005473,0.94848,0.15905
00005474,0.30683,0.02689
00005475,0.48649,0.03490
00005476,0.67012,0.08022
00005477,0.49545,0.04117
00005478,0.73089,0.04556
00005479,0.52823,0.05397
00005480,0.51557,0.03562
00005481,0.70033,0.04986
00005482,0.21487,0.02452
00005483,0.74919,0.07212
00005484,1.42575,0.13398
00005485,0.50355,0.03828
00005486,0.32870,0.02971
00005487,2.47658,0.31679
00005488,0.57114,0.04409
00005489,0.45358,0.03450
00005490,0.57221,0.03723
00005491,1.07089,0.12651
00005492,0.76370,0.05685
00005493,0.56085,0.04594
00005494,0.72493,0.05801
00005495,1.73753,0.29073
00005496,0.60794,0.04159
00005497,0.51459,0.04185
00005498,1.19647,0.14745
00005499,1.60769,0.16385
00005500,0.22419,0.02410
00005501,0.54244,0.03604
00005502,0.21247,0.02420
00005503,1.43605,0.16451
00005504,0.51248,0.03523
00005505,0.55384,0.05096
00005506,0.20792,0.02892
00005507,0.96100,0.12260
00005508,0.63380,0.04565
00005509,0.28464,0.03821
00005510,0.41389,0.03172
00005511,0.79843,0.09029
00005512,1.18181,0.10556
00005513,0.87467,0.09244
00005514,0.58145,0.06365
00005515,1.25475,0.14438
00005516,0.81688,0.06310
00005517,0.58683,0.04378
00005518,0.85564,0.08817
00005519,1.35090,0.18334
00005520,0.42352,0.06737
00005521,0.56685,0.03727
00005522,1.12820,0.09844
00005523,0.53228,0.04314
00005524,0.44105,0.03236
00005525,0.92765,0.07458
00005526,1.17102,0.13655
00005527,0.27889,0.04549
00005528,0.88141,0.10076
00005529,0.59769,0.04223
00005530,1.13734,0.11822
00005531,1.21732,0.11421
00005532,1.00642,0.10156
00005533,1.10451,0.13021
00005534,0.55860,0.05902
00005535,0.59351,0.04766
00005536,0.59204,0.04164
00005537,1.06612,0.08346
00005538,0.60614,0.10770
00005539,0.28223,0.02527
00005540,0.64218,0.07979
00005541,1.81923,0.23994
00005542,0.73631,0.06427
00005543,0.75583,0.04830
00005544,0.46051,0.03045
00005545,0.36392,0.03922
00005546,0.45969,0.03286
00005547,0.80284,0.06657
00005548,0.54107,0.06549
00005549,0.22466,0.02596
00005550,0.83975,0.09623
00005551,0.75683,0.06576
00005552,0.41987,0.03401
00005553,0.44154,0.03769
00005554,0.42909,0.03475
00005555,2.33445,0.25110
00005556,0.63587,0.07880
00005557,1.28615,0.11881
00005558,0.40021,0.02970
00005559,0.50170,0.03746
00005560,0.48690,0.03255
00005561,0.73045,0.04520
00005562,2.34216,0.26036
00005563,0.22961,0.02438
00005564,0.27020,0.03443
00005565,0.45225,0.04948
00005566,2.09385,0.22834
00005567,0.27772,0.02895
00005568,0.61218,0.05249
00005569,1.35272,0.12281
00005570,0.57361,0.03831
00005571,0.72453,0.06529
00005572,0.54823,0.04081
00005573,0.39083,0.02946
00005574,0.55353,0.04754
00005575,0.58842,0.04172
00005576,0.75144,0.04970
00005577,0.58791,0.04153
00005578,0.56479,0.04394
00005579,0.32218,0.02880
00005580,0.82663,0.08900
00005581,0.78161,0.06165
00005582,0.50736,0.03853
00005583,0.80001,0.08931
00005584,0.50499,0.05253
00005585,0.83986,0.05902
00005586,0.43587,0.03541
00005587,0.21013,0.02565
00005588,1.25793,0.14708
00005589,0.60183,0.06061
00005590,1.17720,0.14895
00005591,0.41690,0.03455
00005592,0.48262,0.03555
00005593,0.39702,0.03200
00005594,0.40166,0.03483
00005595,0.25894,0.02630
00005596,0.42866,0.03102
00005597,0.37599,0.02669
00005598,0.49356,0.02996
00005599,0.49875,0.03552
00005600,0.28279,0.02815
00005601,0.32355,0.03191
00005602,0.33054,0.03258
00005603,1.50895,0.16559
00005604,0.47986,0.04904
00005605,0.53525,0.03624
00005606,1.40299,0.11834
00005607,0.80842,0.07053
00005608,0.67098,0.05796
00005609,0.48731,0.04368
00005610,0.70179,0.06330
00005611,0.68435,0.04467
00005612,0.39059,0.03340
00005613,0.71797,0.05487
00005614,0.30821,0.03998
00005615,0.61026,0.04803
00005616,0.36064,0.03581
00005617,0.46194,0.03897
00005618,1.27585,0.11728
00005619,0.54064,0.05001
00005620,0.48676,0.03967
00005621,0.18380,0.02658
00005622,0.34964,0.03800
00005623,0.95320,0.09443
00005624,1.44402,0.21291
00005625,0.72053,0.06501
00005626,1.05582,0.17457
00005627,0.58973,0.05092
00005628,0.94086,0.08885
00005629,0.69606,0.05458
00005630,0.20592,0.03549
00005631,0.68700,0.06079
00005632,0.38540,0.04322
00005633,0.49020,0.03395
00005634,0.29203,0.03020
00005635,0.31781,0.04617
00005636,1.27008,0.12166
00005637,0.23526,0.02556
00005638,0.26293,0.03756
00005639,0.84743,0.07946
00005640,0.96990,0.08099
00005641,1.13365,0.10344
00005642,1.24592,0.11646
00005643,1.18552,0.09449
00005644,0.91150,0.07835
00005645,0.21173,0.02678
00005646,0.51722,0.04060
00005647,0.49178,0.05776
00005648,0.87857,0.06938
00005649,0.59554,0.04745
00005650,0.48157,0.03513
00005651,1.15150,0.11416
00005652,0.84790,0.05915
00005653,0.44206,0.03563
00005654,1.15181,0.10915
00005655,1.14630,0.11290
00005656,0.67482,0.04251
00005657,0.62436,0.05090
00005658,1.02920,0.08167
00005659,1.23474,0.10000
00005660,0.74886,0.06344
00005661,0.54940,0.04063
00005662,0.31012,0.03103
00005663,0.64295,0.05132
00005664,1.72345,0.19179
00005665,0.20253,0.02441
00005666,0.19009,0.02875
00005667,2.29076,0.49625
00005668,0.22557,0.02956
00005669,0.23292,0.02256
00005670,0.64695,0.08409
00005671,0.65092,0.04295
00005672,0.36752,0.02940
00005673,0.69538,0.04663
00005674,0.48154,0.05327
00005675,0.98726,0.09953
00005676,0.88033,0.09809
00005677,0.84101,0.07279
00005678,0.63819,0.04862
00005679,1.00693,0.10087
00005680,0.71452,0.05719
00005681,1.02999,0.08126
00005682,0.75614,0.05435
00005683,1.23640,0.12468
00005684,0.27377,0.03153
00005685,0.38144,0.03369
00005686,1.09414,0.11189
00005687,0.59200,0.04097
00005688,0.57214,0.04307
00005689,0.93825,0.07912
00005690,0.72389,0.05482
00005691,1.18540,0.11100
00005692,1.42948,0.17928
00005693,0.45696,0.03869
00005694,0.30785,0.03447
00005695,1.52025,0.15035
00005696,1.20914,0.12308
00005697,0.71847,0.05159
00005698,2.26061,0.32041
00005699,0.63216,0.04096
00005700,0.31064,0.03149
00005701,0.95144,0.07401
00005702,0.92913,0.06612
00005703,0.99504,0.10652
00005704,0.46576,0.03082
00005705,0.58530,0.05299
00005706,0.47107,0.05338
00005707,2.27712,0.25668
00005708,0.36233,0.03500
00005709,0.47510,0.03978
00005710,2.91145,0.34592
00005711,0.63020,0.04525
00005712,0.32886,0.03170
00005713,0.65905,0.04747
00005714,0.52753,0.04048
00005715,0.67090,0.04419
00005716,1.44283,0.13845
00005717,0.84096,0.08146
00005718,0.23909,0.02766
00005719,0.54313,0.05271
00005720,0.80461,0.05144
00005721,0.92358,0.07491
00005722,2.00404,0.21497
00005723,0.50523,0.03436
00005724,1.02412,0.14265
00005725,0.31149,0.02708
00005726,0.96994,0.08260
00005727,0.99453,0.07664
00005728,0.67796,0.05488
00005729,0.61337,0.05702
00005730,0.69807,0.05375
00005731,1.91716,0.20081
00005732,1.65493,0.25111
00005733,2.25204,0.24213
00005734,0.94977,0.09655
00005735,0.60639,0.04160
00005736,1.35307,0.12556
00005737,0.53760,0.03591
00005738,0.56838,0.03678
00005739,0.67685,0.04623
00005740,0.64428,0.04528
00005741,1.25868,0.14155
00005742,0.54538,0.03697
00005743,0.25841,0.03205
00005744,0.93678,0.06549
00005745,0.85807,0.08470
00005746,0.55898,0.03419
00005747,0.74604,0.04682
00005748,0.39027,0.03654
00005749,0.63003,0.04833
00005750,0.37833,0.03420
00005751,0.37163,0.02968
00005752,0.68693,0.04938
00005753,0.62855,0.04681
00005754,0.18820,0.03400
00005755,0.39580,0.02926
00005756,0.22934,0.03096
00005757,2.41895,0.29879
00005758,0.48496,0.03039
00005759,0.60707,0.04315
00005760,0.91947,0.06849
00005761,0.34229,0.04035
00005762,0.48026,0.04367
00005763,0.59890,0.06769
00005764,0.87356,0.07089
00005765,0.35046,0.02718
00005766,0.91522,0.10688
00005767,0.37955,0.02747
00005768,0.78390,0.05005
00005769,0.59795,0.05271
00005770,0.90548,0.09971
00005771,0.45298,0.05112
00005772,0.94953,0.33837
00005773,0.48925,0.03061
00005774,0.30698,0.03633
00005775,2.34111,0.26284
00005776,0.59035,0.04857
00005777,0.71799,0.06227
00005778,0.58462,0.04526
00005779,1.47575,0.13258
00005780,0.81011,0.06657
00005781,0.64435,0.04269
00005782,0.50838,0.03907
00005783,0.60535,0.04894
00005784,1.50995,0.19636
00005785,0.96630,0.08956
00005786,0.64283,0.05884
00005787,0.58014,0.03784
00005788,0.32800,0.02847
00005789,0.96168,0.06781
00005790,0.83870,0.06731
00005791,0.63686,0.05428
00005792,0.50770,0.04194
00005793,1.00185,0.18695
00005794,1.99683,0.27513
00005795,1.58690,0.17367
00005796,1.82486,0.23467
00005797,0.50668,0.03870
00005798,0.43338,0.04299
00005799,0.32938,0.02770
00005800,0.65818,0.04684
00005801,1.35806,0.15988
00005802,0.46802,0.03639
00005803,2.43375,0.26696
00005804,0.75080,0.05576
00005805,0.40556,0.03360
00005806,0.46183,0.02975
00005807,0.51492,0.03952
00005808,0.24308,0.03726
00005809,0.40446,0.04099
00005810,0.54074,0.03934
00005811,0.27901,0.17032
00005812,0.83130,0.07115
00005813,0.85563,0.08478
00005814,0.71483,0.06417
00005815,1.05044,0.10828
00005816,0.91010,0.07811
00005817,0.48357,0.03619
00005818,0.98269,0.08230
00005819,0.40138,0.03075
00005820,0.51037,0.03705
00005821,1.36837,0.11755
00005822,0.34772,0.03164
00005823,1.89467,0.21885
00005824,0.74684,0.05194
00005825,0.57308,0.04213
00005826,0.49081,0.03288
00005827,1.16588,0.11924
00005828,0.42429,0.03182
00005829,0.97628,0.08291
00005830,0.52792,0.03340
00005831,0.49930,0.03866
00005832,0.89840,0.08138
00005833,0.92933,0.08841
00005834,0.91665,0.07393
00005835,0.38288,0.03252
00005836,0.35125,0.02921
00005837,0.74395,0.07145
00005838,0.84112,0.07101
00005839,0.82700,0.06662
00005840,0.33779,0.03074
00005841,1.09084,0.10077
00005842,1.49641,0.17544
00005843,0.54307,0.04321
00005844,0.87147,0.08034
00005845,0.64406,0.05459
00005846,1.08847,0.24860
00005847,1.01624,0.07816
00005848,0.67609,0.05338
00005849,0.27880,0.03443
00005851,0.67967,0.04003
00005852,0.66307,0.06509
00005853,0.44899,0.03480
00005854,1.26765,0.11483
00005855,0.48481,0.03823
00005856,0.36252,0.02813
00005857,1.03362,0.08791
00005858,0.51442,0.03490
00005859,0.86531,0.07380
00005860,0.50561,0.03583
00005861,0.51450,0.05093
00005862,0.50056,0.03861
00005863,0.56985,0.04109
00005864,0.41561,0.03212
00005865,0.79028,0.06502
00005866,0.51804,0.03889
00005867,0.69613,0.06067
00005868,0.47415,0.04170
00005869,0.72970,0.05503
00005870,0.46038,0.03482
00005871,0.76746,0.05466
00005872,0.44771,0.03545
00005873,0.48317,0.03771
00005874,0.61803,0.04215
00005875,0.64505,0.05684
00005876,0.34181,0.03878
00005877,1.12595,0.11111
00005878,1.04580,0.10948
00005879,1.48163,0.13709
00005880,0.84450,0.07232
00005881,0.83585,0.07778
00005882,1.48470,0.17752
00005883,0.72609,0.06161
00005884,0.89563,0.06846
00005885,0.98413,0.07489
00005886,0.88666,0.07608
00005887,0.90911,0.12330
00005888,1.09624,0.10894
00005889,0.46272,0.02953
00005890,1.78290,0.19822
00005891,0.58389,0.03880
00005892,0.66149,0.04923
00005893,1.13711,0.11039
00005894,1.31470,0.12887
00005895,1.13978,0.08987
00005896,0.82104,0.05972
00005897,0.52706,0.03675
00005898,0.33106,0.02576
00005899,1.63494,0.21158
00005900,0.22336,0.02833
00005901,0.80537,0.05702
00005902,0.78781,0.07034
00005903,0.60118,0.04532
00005904,0.50544,0.03862
00005905,0.33749,0.03143
00005906,0.39094,0.02790
00005907,1.35889,0.13088
00005908,2.25596,0.27992
00005909,0.74167,0.05655
00005910,0.38738,0.03187
00005911,0.31179,0.03630
00005912,0.22359,0.02348
00005913,0.52705,0.06199
00005914,1.46418,0.15574
00005915,0.47553,0.03972
00005916,0.86818,0.06695
00005917,1.25951,0.11569
00005918,0.34608,0.03183
00005919,0.28837,0.02571
00005920,0.84446,0.06002
00005921,0.58836,0.04481
00005922,0.63006,0.05040
00005923,0.74746,0.06017
00005924,0.74820,0.07327
00005925,0.61002,0.05424
00005926,0.53151,0.03799
00005927,1.83049,0.21656
00005928,0.78308,0.06001
00005929,0.88239,0.06022
00005930,0.31683,0.03657
00005931,0.67120,0.06159
00005932,0.46624,0.04771
00005933,0.67833,0.08344
00005934,0.30654,0.02989
00005935,0.40695,0.03800
00005936,0.22959,0.03203
00005937,0.41947,0.02808
00005938,0.69018,0.05860
00005939,0.52189,0.03325
00005940,0.65608,0.04659
00005941,1.63786,0.18328
00005942,0.57258,0.04156
00005943,0.64484,0.05676
00005944,0.54277,0.03562
00005945,0.62751,0.07131
00005946,0.91822,0.07984
00005947,0.45958,0.04714
00005948,1.62403,0.17559
00005949,1.20807,0.11749
00005950,0.41382,0.04140
00005951,1.12496,0.10583
00005952,0.77571,0.06334
00005953,1.71527,0.21832
00005954,0.53126,0.03464
00005955,0.58726,0.06036
00005956,0.60536,0.04687
00005957,0.75759,0.04667
00005958,0.93375,0.07345
00005959,0.74762,0.04987
00005960,0.62985,0.04691
00005961,1.06950,0.09176
00005962,0.42908,0.03492
00005963,0.25176,0.02886
00005964,0.52517,0.04455
00005965,0.34982,0.02644
00005966,1.49426,0.13635
00005967,0.94540,0.08267
00005968,0.43609,0.03492
00005969,0.41361,0.03427
00005970,0.66758,0.07205
00005971,1.59555,0.17015
00005972,0.97914,0.08689
00005973,0.60871,0.04703
00005974,0.49309,0.03805
00005975,0.42857,0.03276
00005976,0.28981,0.04021
00005977,0.85690,0.06566
00005978,1.20673,0.09592
00005979,0.72876,0.05508
00005980,0.45679,0.04321
00005981,0.41135,0.03043
00005982,0.32513,0.03026
00005983,0.26460,0.04474
00005984,0.96835,0.10127
00005985,0.75889,0.05797
00005986,0.88323,0.07449
00005987,0.78517,0.07056
00005988,0.37006,0.03240
00005989,0.55074,0.03994
00005990,0.53030,0.03591
00005991,1.10349,0.10560
00005992,0.35396,0.03014
00005993,1.14477,0.11439
00005994,0.99407,0.14890
00005995,0.60764,0.08604
00005996,0.57969,0.04811
00005997,0.31244,0.02836
00005998,1.16277,0.09523
00005999,0.44100,0.06797
00006000,0.57457,0.04705
00006001,0.86940,0.08790
00006002,0.48001,0.04160
00006003,1.54051,0.19704
00006004,2.31149,0.36310
00006005,1.24394,0.13161
00006006,0.89994,0.09374
00006007,0.49833,0.03129
00006008,0.42079,0.03827
00006009,0.34560,0.02863
00006010,0.38162,0.03595
00006011,0.53055,0.03781
00006012,0.42445,0.03104
00006013,0.76016,0.10794
00006014,1.27146,0.17000
00006015,0.48040,0.03168
00006016,0.50612,0.03317
00006017,1.02112,0.09721
00006018,0.52336,0.04110
00006019,0.84091,0.07808
00006020,0.34445,0.02801
00006021,0.39281,0.03117
00006022,0.28361,0.02787
00006023,0.84860,0.06899
00006024,0.51526,0.03831
00006025,1.02151,0.08844
00006026,0.22668,0.02821
00006027,0.35777,0.02869
00006028,0.62323,0.04930
00006029,0.53153,0.03978
00006030,0.50523,0.04204
00006031,1.63266,0.18474
00006032,0.81113,0.05660
00006033,0.44824,0.04470
00006034,0.37810,0.03113
00006035,0.60024,0.04832
00006036,0.74224,0.06541
00006037,2.02368,0.29162
00006038,0.91913,0.07597
00006039,0.40936,0.03753
00006040,0.80116,0.06964
00006041,1.21005,0.10314
00006042,0.39553,0.02652
00006043,0.57627,0.04754
00006044,0.21463,0.02456
00006045,0.55629,0.13108
00006046,0.82582,0.05913
00006047,1.69979,0.17097
00006048,0.43776,0.03317
00006049,1.41863,0.14290
00006050,0.42961,0.04036
00006051,1.10921,0.10060
00006052,1.39703,0.15729
00006053,0.41041,0.04251
00006054,1.64621,0.19935
00006055,0.35269,0.02993
00006056,1.24541,0.20045
00006057,0.37906,0.02941
00006058,1.22907,0.10154
00006059,0.86431,0.06388
00006060,1.41727,0.16727
00006061,1.17409,0.10302
00006062,0.37775,0.03132
00006063,0.51238,0.03823
00006064,1.43132,0.16092
00006065,0.96967,0.10008
00006066,1.18388,0.12312
00006067,0.87826,0.06342
00006068,1.72043,0.18988
00006069,0.43506,0.03858
00006070,0.42812,0.03918
00006071,0.72691,0.07950
00006072,0.19981,0.02581
00006073,0.69136,0.04945
00006074,0.87399,0.07024
00006075,0.53445,0.03939
00006076,0.56497,0.04932
00006077,0.63859,0.05054
00006078,0.32599,0.02853
00006079,2.28746,0.29659
00006080,0.77205,0.05608
00006081,0.48888,0.04379
00006082,0.43483,0.03519
00006083,0.40003,0.03491
00006084,0.86939,0.06096
00006085,0.31145,0.03833
00006086,0.34564,0.03884
00006087,0.61989,0.04339
00006088,0.34165,0.02948
00006089,0.42766,0.04493
00006090,2.08924,0.24401
00006091,0.41276,0.04401
00006092,0.64856,0.06203
00006093,0.64263,0.04695
00006094,0.73001,0.07848
00006095,0.56443,0.04971
00006096,1.03837,0.09032
00006097,0.51315,0.04975
00006098,0.57021,0.03909
00006099,0.81214,0.19511
00006100,0.62421,0.05494
00006101,1.19538,0.10144
00006102,0.43908,0.02956
00006103,0.41741,0.03675
00006104,1.66078,0.16626
00006105,0.62469,0.05046
00006106,0.66292,0.06840
00006107,0.83585,0.07285
00006108,0.92297,0.07963
00006109,0.49924,0.04935
00006110,0.39295,0.03232
00006111,1.35080,0.12098
00006112,0.50713,0.03970
00006113,2.21377,0.32987
00006114,0.95712,0.10693
00006115,0.57926,0.04505
00006116,1.03616,0.08862
00006117,1.08148,0.09575
00006118,0.74637,0.06310
00006119,0.34799,0.02453
00006120,1.75431,0.18336
00006121,0.56669,0.04341
00006122,2.03129,0.63923
00006123,0.43642,0.03327
00006124,0.75792,0.05654
00006125,0.61757,0.04134
00006126,0.81911,0.14427
00006127,0.69144,0.04472
00006128,0.92826,0.07804
00006129,1.43250,0.15915
00006130,0.88085,0.05940
00006131,0.57054,0.04242
00006132,0.60083,0.04224
00006133,1.73068,0.19257
00006134,0.26780,0.02983
00006135,0.90850,0.06841
00006136,0.33837,0.02637
00006137,0.49788,0.06955
00006138,0.71830,0.05719
00006139,0.67171,0.04968
00006140,0.31271,0.03047
00006141,0.43954,0.02907
00006142,0.75594,0.08873
00006143,1.02483,0.09005
00006144,0.35397,0.02979
00006145,0.32173,0.05219
00006146,1.32483,0.23789
00006147,0.57714,0.03882
00006148,0.30899,0.02754
00006149,0.43919,0.03000
00006150,0.39996,0.03826
00006151,0.86294,0.06092
00006152,1.87138,0.21151
00006153,0.66724,0.04562
00006154,0.44090,0.03174
00006155,0.76505,0.05591
00006156,0.68590,0.07348
00006157,0.75936,0.06339
00006158,0.48783,0.03841
00006159,0.73684,0.06127
00006160,0.36079,0.03108
00006161,0.48456,0.03928
00006162,0.17067,0.02974
00006163,0.59685,0.04275
00006164,0.55480,0.05440
00006165,0.86892,0.05884
00006166,0.96228,0.09972
00006167,0.57169,0.04404
00006168,0.52331,0.04574
00006169,0.23561,0.02477
00006170,1.58051,0.16961
00006171,0.30631,0.03276
00006172,0.85273,0.10082
00006173,1.14625,0.10965
00006174,0.55618,0.04141
00006175,0.38950,0.03062
00006176,0.21599,0.02577
00006177,0.86239,0.05645
00006178,0.29719,0.02869
00006179,1.21838,0.13473
00006180,0.46885,0.03808
00006181,0.77473,0.05869
00006182,0.44168,0.03465
00006183,1.39340,0.14987
00006184,0.78874,0.10529
00006185,0.23364,0.03118
00006186,0.65671,0.10454
00006187,0.40782,0.05505
00006188,1.07454,0.09843
00006189,1.61162,0.16398
00006190,0.34090,0.02569
00006191,0.77502,0.06709
00006192,0.35260,0.04120
00006193,1.36290,0.15684
00006194,1.07821,0.11757
00006195,0.84403,0.08391
00006196,0.52107,0.03271
00006197,0.63516,0.05967
00006198,0.79770,0.05895
00006199,1.50278,0.15636
00006200,0.72179,0.12719
00006201,0.66255,0.04292
00006202,0.52282,0.03271
00006203,1.58154,0.16443
00006204,0.50971,0.04777
00006205,0.88888,0.07958
00006206,1.62372,0.16318
00006207,2.13796,0.24715
00006208,1.81379,0.17961
00006209,0.59426,0.05464
00006210,0.61061,0.04595
00006211,0.33435,0.03535
00006212,0.56226,0.07137
00006213,0.45482,0.03083
00006214,0.67799,0.15750
00006215,1.52822,0.15423
00006216,0.83260,0.07901
00006217,0.41998,0.06051
00006218,0.29266,0.02932
00006219,0.29460,0.03306
00006220,0.39924,0.03365
00006221,0.96225,0.08213
00006222,0.41294,0.02895
00006223,0.52885,0.04121
00006224,0.21191,0.06057
00006225,1.10648,0.12380
00006226,0.52601,0.04305
00006227,0.61345,0.05222
00006228,0.46883,0.03695
00006229,0.80859,0.06119
00006230,0.83752,0.07547
00006231,0.85070,0.06503
00006232,1.71609,0.20761
00006233,0.28112,0.03327
00006234,2.03949,0.22377
00006235,0.59711,0.04728
00006236,1.28631,0.11707
00006237,1.49202,0.13691
00006238,0.66763,0.04075
00006239,0.25348,0.02517
00006240,0.34531,0.03237
00006241,0.54008,0.03530
00006242,1.31380,0.12100
00006243,0.50176,0.04412
00006244,1.28272,0.11485
00006245,0.51416,0.04018
00006246,0.36619,0.03091
00006247,0.79405,0.05742
00006248,1.03712,0.30016
00006249,0.96640,0.08578
00006250,0.81472,0.06060
00006251,0.56944,0.04450
00006252,0.95095,0.08258
00006253,1.49590,0.18241
00006254,2.21308,0.26448
00006255,0.61677,0.05172
00006256,0.86369,0.06291
00006257,2.04030,0.25142
00006258,0.51639,0.03557
00006259,1.08400,0.10516
00006260,1.44079,0.15136
00006261,0.34146,0.03898
00006262,0.70391,0.05373
00006263,1.10799,0.13724
00006264,0.86066,0.09928
00006265,0.66440,0.04847
00006266,0.40752,0.03577
00006267,1.01377,0.07752
00006268,0.57903,0.03765
00006269,0.73384,0.04683
00006270,1.54249,0.18759
00006271,0.71799,0.05900
00006272,0.48135,0.03190
00006273,1.01564,0.09566
00006274,0.73517,0.05921
00006275,0.59102,0.04730
00006276,1.55045,0.17445
00006277,0.69992,0.04843
00006278,0.62867,0.05257
00006279,0.77668,0.05869
00006280,0.25838,0.03383
00006281,0.69898,0.04563
00006282,1.90946,0.31490
00006283,1.26242,0.11492
00006284,0.50931,0.04955
00006285,1.21765,0.12284
00006286,0.77273,0.05498
00006287,0.51583,0.04666
00006288,0.83883,0.06166
00006289,0.29012,0.02859
00006290,0.25370,0.03047
00006291,0.46909,0.03959
00006292,0.85565,0.07671
00006293,0.41871,0.02859
00006294,0.52190,0.06113
00006295,0.53623,0.04142
00006296,0.44813,0.03684
00006297,1.40279,0.13773
00006298,0.69584,0.04807
00006299,0.37096,0.03186
00006300,1.60471,0.16374
00006301,1.28458,0.16708
00006302,0.57015,0.04619
00006303,0.62328,0.04247
00006304,2.15962,0.39097
00006305,2.00405,0.22428
00006306,0.29393,0.03003
00006307,1.17235,0.12330
00006308,0.70541,0.05961
00006309,1.00695,0.08095
00006310,0.45514,0.04080
00006311,1.23606,0.11851
00006312,0.57773,0.04076
00006313,0.52975,0.05618
00006314,0.47659,0.04659
00006315,0.64122,0.10605
00006316,1.84527,0.25308
00006317,0.97609,0.13778
00006318,1.05128,0.09983
00006319,1.68192,0.20320
00006320,0.34009,0.02663
00006321,0.97507,0.08511
00006322,1.47070,0.13570
00006323,0.57003,0.04172
00006324,1.00673,0.13923
00006325,1.59587,0.19442
00006326,0.80801,0.07723
00006327,1.17847,0.12419
00006328,0.21543,0.02905
00006329,0.57495,0.04650
00006330,0.31659,0.03256
00006331,0.94156,0.07728
00006332,0.88470,0.09392
00006333,0.52895,0.03746
00006334,0.94937,0.08576
00006335,1.08433,0.08793
00006336,0.33972,0.03927
00006337,1.52154,0.19178
00006338,0.37454,0.02818
00006339,0.60270,0.04457
00006340,0.26088,0.02797
00006341,0.40036,0.02753
00006342,0.65043,0.05961
00006343,0.52636,0.04111
00006344,0.67611,0.05126
00006345,0.59580,0.05281
00006346,0.26664,0.02570
00006347,0.38982,0.03104
00006348,0.78423,0.07929
00006349,0.22783,0.02928
00006350,0.31501,0.02956
00006351,1.58905,0.18298
00006352,0.57022,0.03532
00006353,2.70877,0.31450
00006354,0.60264,0.04628
00006355,0.81536,0.05716
00006356,0.62060,0.04339
00006357,0.50125,0.04274
00006358,0.55813,0.04015
00006359,0.50167,0.03901
00006360,0.43990,0.02852
00006361,0.97616,0.07477
00006362,0.56730,0.04653
00006363,0.57148,0.04613
00006364,2.18207,0.27156
00006365,0.80678,0.12833
00006366,0.37454,0.02513
00006367,0.69729,0.05065
00006368,0.70154,0.04837
00006369,0.35098,0.02827
00006370,0.25160,0.02415
00006371,0.59067,0.04416
00006372,2.52231,0.26711
00006373,0.72911,0.10830
00006374,1.04632,0.09397
00006375,0.63737,0.04280
00006376,0.81413,0.05440
00006377,1.32588,0.13253
00006378,1.83584,0.18971
00006379,1.07816,0.14176
00006380,0.86493,0.09077
00006381,0.58212,0.04488
00006382,0.68435,0.05217
00006383,0.79946,0.06036
00006384,0.49347,0.03548
00006385,0.84078,0.14617
00006386,0.95236,0.09797
00006387,0.36385,0.02834
00006388,0.20454,0.03022
00006389,0.76562,0.05372
00006390,0.68465,0.07448
00006391,0.49950,0.03939
00006392,0.49989,0.03447
00006393,0.44577,0.03795
00006394,0.50489,0.03403
00006395,0.65323,0.05311
00006396,0.92927,0.16310
00006397,1.22462,0.10953
00006398,1.10993,0.10952
00006399,1.19418,0.11920
00006400,0.59181,0.05180
00006401,0.60967,0.05118
00006402,0.39531,0.04615
00006403,2.14594,0.23801
00006404,0.95094,0.13209
00006405,1.32341,0.14677
00006406,0.64564,0.04057
00006407,1.38960,0.13812
00006408,1.99277,0.23001
00006409,0.34614,0.03115
00006410,0.56461,0.05987
00006411,1.68393,0.18822
00006412,1.05235,0.08820
00006413,0.45544,0.03130
00006414,0.90384,0.07289
00006415,0.38386,0.03751
00006416,1.09269,0.09229
00006417,2.20341,0.23612
00006418,1.05438,0.08967
00006419,0.88111,0.06295
00006420,0.71760,0.05682
00006421,1.25822,0.10980
00006422,1.68970,0.20042
00006423,0.94595,0.09183
00006424,0.67596,0.05162
00006425,1.01015,0.08875
00006426,0.63858,0.04189
00006427,0.19516,0.02511
00006428,0.58557,0.08153
00006429,0.31811,0.02759
00006430,0.59785,0.04107
00006431,0.46240,0.06210
00006432,0.85676,0.07316
00006433,1.74552,0.31745
00006434,1.84059,0.23632
00006435,0.62986,0.05073
00006436,0.50520,0.03138
00006437,0.89410,0.18435
00006438,0.33515,0.03185
00006439,0.55053,0.05987
00006440,1.05632,0.08836
00006441,0.42353,0.02807
00006442,0.92995,0.07050
00006443,0.91143,0.06800
00006444,0.48412,0.03878
00006445,0.69734,0.06795
00006446,0.79052,0.09902
00006447,0.73617,0.06400
00006448,0.80616,0.07841
00006449,0.44664,0.03459
00006450,2.67333,0.33375
00006451,0.41646,0.05423
00006452,0.36546,0.02805
00006453,0.88049,0.06971
00006454,0.43344,0.03828
00006455,0.23971,0.02876
00006456,1.54171,0.23347
00006457,0.58841,0.03866
00006458,0.61449,0.04752
00006459,0.85983,0.05899
00006460,0.79616,0.05882
00006461,0.34269,0.06492
00006462,1.03385,0.09828
00006463,0.98700,0.09857
00006464,0.37788,0.02798
00006465,0.53216,0.03843
00006466,0.57566,0.04310
00006467,0.27987,0.04710
00006468,1.17722,0.11351
00006469,0.70563,0.06672
00006470,0.48994,0.05240
00006471,1.22943,0.11778
00006472,1.06492,0.11689
00006473,1.46652,0.13326
00006474,0.74293,0.05596
00006475,0.22955,0.02397
00006476,1.15176,0.14712
00006477,1.21277,0.10642
00006478,0.36197,0.03006
00006479,0.31082,0.02675
00006480,0.52163,0.10812
00006481,0.44828,0.02879
00006482,0.55432,0.03325
00006483,0.43163,0.02832
00006484,0.49500,0.03624
00006485,0.56581,0.05081
00006486,0.92946,0.06967
00006487,1.39101,0.15263
00006488,1.09652,0.10379
00006489,0.63999,0.04503
00006490,0.56762,0.03873
00006491,0.63185,0.07317
00006492,0.60928,0.05114
00006493,1.73149,0.19871
00006494,0.32314,0.03635
00006495,0.43072,0.04002
00006496,0.43724,0.04544
00006497,0.40560,0.02845
00006498,0.47857,0.04968
00006499,0.26801,0.03375
00006500,0.32437,0.03026
00006501,0.80559,0.05667
00006502,0.40761,0.02797
00006503,0.45554,0.03678
00006504,0.36626,0.03015
00006505,0.44411,0.04258
00006506,0.78768,0.07750
00006507,0.42821,0.02989
00006508,1.01686,0.15938
00006509,0.81753,0.05764
00006510,0.91923,0.09347
00006511,0.89408,0.08665
00006512,0.40433,0.03379
00006513,0.96369,0.07868
00006514,0.29269,0.03260
00006515,1.31580,0.13018
00006516,0.82556,0.06923
00006517,0.44075,0.04211
00006518,0.37570,0.04623
00006519,0.33101,0.02803
00006520,0.35861,0.02725
00006521,0.31014,0.03196
00006522,0.71142,0.05078
00006523,0.66625,0.05367
00006524,0.69586,0.05837
00006525,0.34148,0.03332
00006526,0.46422,0.04133
00006527,0.84946,0.06500
00006528,2.38881,0.38274
00006529,0.94724,0.09470
00006530,0.96370,0.08873
00006531,0.58595,0.03817
00006532,0.35313,0.02542
00006533,0.77370,0.06000
00006534,0.20657,0.03380
00006535,1.27653,0.12068
00006536,0.67828,0.04904
00006537,0.74896,0.06227
00006538,0.53072,0.04787
00006539,1.07973,0.08902
00006540,1.43339,0.15902
00006541,0.49349,0.03445
00006542,0.64270,0.04795
00006543,0.47654,0.03722
00006544,0.68270,0.04553
00006545,0.25718,0.03827
00006546,0.42928,0.03150
00006547,0.30806,0.02964
00006548,0.68370,0.16875
00006549,0.62637,0.06140
00006550,0.72600,0.05008
00006551,0.75215,0.05768
00006552,2.70335,0.34364
00006553,1.12408,0.10299
00006554,0.93078,0.10496
00006555,0.64735,0.04553
00006556,0.58155,0.04452
00006557,1.09195,0.10128
00006558,0.63213,0.04933
00006559,1.26152,0.14802
00006560,0.48900,0.03881
00006561,0.23095,0.03566
00006562,1.19612,0.10107
00006563,0.30339,0.02736
00006564,0.60462,0.04238
00006565,0.75810,0.06790
00006566,0.70906,0.05189
00006567,0.46970,0.03292
00006568,0.50662,0.04848
00006569,0.23432,0.02682
00006570,0.58232,0.03791
00006571,0.45292,0.02807
00006572,1.30636,0.13454
00006573,0.60147,0.04678
00006574,0.51905,0.03502
00006575,0.51520,0.06899
00006576,0.77520,0.06623
00006577,0.65470,0.05789
00006578,0.80288,0.05775
00006579,1.22664,0.13029
00006580,1.09142,0.12565
00006581,1.02020,0.18349
00006582,0.28151,0.04140
00006584,0.81782,0.08253
00006585,0.84803,0.06325
00006586,0.44712,0.03244
00006587,0.69513,0.04793
00006588,0.73184,0.06890
00006589,0.27581,0.02767
00006590,0.65624,0.06448
00006591,0.69074,0.06925
00006592,0.92889,0.07576
00006593,1.19307,0.13854
00006594,0.95850,0.18301
00006595,0.58618,0.03973
00006596,0.53208,0.03538
00006597,0.35768,0.02790
00006598,1.46987,0.16204
00006599,0.19710,0.03167
00006600,0.70874,0.05757
00006601,0.35702,0.04028
00006602,0.43433,0.04087
00006603,0.53188,0.07416
00006604,0.43507,0.03943
00006605,0.21456,0.04487
00006606,0.69189,0.04207
00006607,0.45489,0.03326
00006608,0.59859,0.04543
00006609,1.22678,0.12086
00006610,0.47911,0.03662
00006611,0.40183,0.03599
00006612,0.35243,0.03382
00006613,0.53069,0.03316
00006614,2.22776,0.23682
00006615,0.64191,0.05686
00006616,0.33706,0.04637
00006617,1.07000,0.08416
00006618,0.32073,0.02909
00006619,0.25663,0.02630
00006620,0.39412,0.03642
00006621,0.36787,0.02601
00006622,0.35530,0.02812
00006623,0.22020,0.03012
00006624,0.60383,0.04366
00006625,0.75797,0.05419
00006626,0.52943,0.10700
00006627,0.45687,0.03807
00006628,1.05166,0.11122
00006629,0.44359,0.03457
00006630,1.05991,0.10187
00006631,0.95879,0.14283
00006632,0.50855,0.04539
00006633,0.58797,0.04777
00006634,0.50913,0.05199
00006635,0.32957,0.02626
00006636,0.50075,0.03534
00006637,1.22539,0.14020
00006638,0.59177,0.04224
00006639,1.02238,0.10290
00006640,0.63795,0.05548
00006641,1.40866,0.12911
00006642,0.40827,0.02935
00006643,0.99002,0.07451
00006644,0.72436,0.06312
00006645,1.35566,0.14973
00006646,0.91803,0.10225
00006647,1.70524,0.20444
00006648,0.57037,0.04288
00006649,0.31447,0.02905
00006650,0.33042,0.02920
00006651,0.84917,0.06645
00006652,0.38427,0.02654
00006653,1.60507,0.19495
00006654,0.48791,0.04872
00006655,0.52091,0.03724
00006656,0.33260,0.03822
00006657,0.29908,0.02831
00006658,0.25367,0.02706
00006659,0.41949,0.03237
00006660,1.15144,0.10100
00006661,0.29981,0.02294
00006662,0.46328,0.04313
00006663,0.33250,0.02899
00006664,0.72316,0.06290
00006665,0.63591,0.07173
00006666,0.74587,0.04836
00006667,1.10047,0.14418
00006668,1.12135,0.09342
00006669,1.20122,0.12075
00006670,0.64275,0.05074
00006671,0.82629,0.06145
00006672,0.30166,0.03485
00006673,0.24407,0.03193
00006674,0.38298,0.02871
00006675,0.28106,0.04256
00006676,0.24909,0.04537
00006677,0.29720,0.02800
00006678,0.55588,0.05493
00006679,0.50407,0.03196
00006680,1.19543,0.12308
00006681,1.96960,0.24695
00006682,0.65036,0.04909
00006683,1.01449,0.14978
00006684,0.25304,0.02717
00006685,0.34025,0.02894
00006686,0.38353,0.05028
00006687,0.85102,0.06197
00006688,0.70240,0.04545
00006689,0.98736,0.08182
00006690,0.41668,0.03069
00006691,0.95185,0.10844
00006692,0.58485,0.03915
00006693,0.61335,0.04459
00006694,0.83782,0.05673
00006695,1.16185,0.09783
00006696,0.59066,0.05187
00006697,0.90108,0.12332
00006698,0.45449,0.03878
00006699,0.34017,0.03159
00006700,0.70987,0.06412
00006701,0.46500,0.03732
00006702,0.79183,0.05784
00006703,0.37245,0.02833
00006704,0.21452,0.02468
00006705,0.23950,0.02452
00006706,0.77861,0.07142
00006707,1.52127,0.22308
00006708,0.43807,0.03027
00006709,0.80816,0.24950
00006710,0.68416,0.04769
00006711,1.14722,0.12119
00006712,1.55057,0.15313
00006713,0.60227,0.04387
00006714,0.52383,0.04535
00006715,1.57739,0.15880
00006716,0.70096,0.04908
00006717,0.65160,0.04161
00006718,0.52680,0.03302
00006719,1.54382,0.16104
00006720,0.70648,0.07862
00006721,0.40743,0.03625
00006722,1.96315,0.20306
00006723,0.83260,0.07338
00006724,0.34953,0.03520
00006725,1.88070,0.22008
00006726,2.19798,0.28251
00006727,1.26226,0.11258
00006728,0.32077,0.03363
00006729,0.98398,0.08710
00006730,0.60648,0.05560
00006731,0.47680,0.05228
00006732,1.28354,0.11455
00006733,1.15817,0.10320
00006734,2.22701,0.28581
00006735,1.15498,0.14994
00006736,0.22999,0.02637
00006737,0.89024,0.06046
00006738,0.64461,0.05324
00006739,0.27102,0.02840
00006740,0.99620,0.09487
00006741,0.94618,0.09303
00006742,0.72249,0.05678
00006743,1.45807,0.12704
00006744,0.42157,0.03019
00006745,0.29941,0.03014
00006746,0.55469,0.05311
00006747,1.47483,0.15052
00006748,1.00883,0.09370
00006749,0.39713,0.02801
00006750,0.54208,0.03992
00006751,0.75902,0.05596
00006752,0.62625,0.05958
00006753,0.42209,0.03006
00006754,0.96364,0.08467
00006755,0.35731,0.02777
00006756,0.84109,0.06218
00006757,0.59041,0.04371
00006758,0.95074,0.10584
00006759,0.29644,0.03435
00006760,1.00595,0.11672
00006761,0.48899,0.03752
00006762,0.62252,0.05741
00006763,0.19379,0.02571
00006764,0.37131,0.03009
00006765,0.29422,0.04447
00006766,1.93334,0.24592
00006767,2.96700,0.34596
00006768,1.18717,0.09905
00006769,0.47487,0.03753
00006770,0.38069,0.03376
00006771,1.35836,0.14256
00006772,1.05812,0.11541
00006773,1.55604,0.19304
00006774,1.72472,0.21175
00006775,0.39277,0.02849
00006776,0.28264,0.02937
00006777,0.48122,0.03148
00006778,0.80334,0.05647
00006779,1.37033,0.14460
00006780,0.50890,0.03861
00006781,0.88862,0.06260
00006782,0.59450,0.04174
00006783,0.44305,0.03174
00006784,1.85314,0.24958
00006785,0.96403,0.08209
00006786,0.24818,0.05338
00006787,0.75545,0.07090
00006788,1.24401,0.10865
00006789,0.43837,0.03782
00006790,0.81932,0.06615
00006791,0.62596,0.05271
00006792,0.50285,0.03624
00006793,0.73912,0.05648
00006794,0.57666,0.04019
00006795,0.39814,0.03393
00006796,0.61459,0.03985
00006797,0.69632,0.05381
00006798,1.55045,0.17446
00006799,0.24643,0.02508
00006800,0.46524,0.03639
00006801,0.37852,0.03586
00006802,0.56560,0.03998
00006803,0.94947,0.07524
00006804,0.62467,0.04436
00006805,1.40923,0.17941
00006806,0.33542,0.03115
00006807,0.75659,0.07672
00006808,0.53091,0.05669
00006809,0.76885,0.06544
00006810,1.09995,0.10656
00006811,1.27516,0.18473
00006812,0.36973,0.03327
00006813,0.69670,0.05643
00006814,0.68230,0.06132
00006815,0.20518,0.05186
00006816,0.96363,0.07153
00006817,0.83104,0.08920
00006818,1.28682,0.12381
00006819,1.27084,0.11572
00006820,1.23801,0.13208
00006821,1.44811,0.16968
00006822,0.33448,0.04067
00006823,0.42828,0.03531
00006824,1.33978,0.14529
00006825,0.55649,0.03793
00006826,0.67380,0.05465
00006827,1.00173,0.07414
00006828,1.25304,0.11231
00006829,2.03636,0.23531
00006830,0.44405,0.03506
00006831,1.94309,0.22234
00006832,0.36788,0.02488
00006833,0.44262,0.03762
00006834,0.42524,0.03313
00006835,1.85479,0.21410
00006836,0.43901,0.03746
00006837,0.75041,0.05877
00006838,0.90446,0.10698
00006839,0.49115,0.05052
00006840,0.96632,0.07376
00006841,0.55871,0.04256
00006842,0.30238,0.03014
00006843,1.36049,0.12886
00006844,0.46805,0.03224
00006845,0.36260,0.02894
00006846,1.24528,0.11108
00006847,0.34167,0.02943
00006848,1.25196,0.10742
00006849,0.88056,0.06689
00006850,0.81384,0.06455
00006851,0.97873,0.14986
00006852,0.44517,0.06359
00006853,0.35133,0.03293
00006854,1.00564,0.08202
00006855,0.26407,0.04321
00006856,0.36155,0.03883
00006857,1.12668,0.11035
00006858,0.65251,0.05202
00006859,0.24313,0.02770
00006860,0.33705,0.02498
00006861,0.64574,0.04567
00006862,0.53281,0.03868
00006863,0.78876,0.06124
00006864,0.61752,0.04896
00006865,1.53363,0.19022
00006866,0.27079,0.02547
00006867,1.00498,0.07179
00006868,0.37682,0.02829
00006869,0.88609,0.07940
00006870,0.23023,0.02518
00006871,1.10441,0.09255
00006872,0.86160,0.07256
00006873,0.60770,0.04572
00006874,0.27282,0.02544
00006875,0.56568,0.04407
00006876,0.55336,0.03358
00006877,0.37515,0.03073
00006878,1.00079,0.21479
00006879,1.23295,0.12205
00006880,0.60748,0.04553
00006881,0.47291,0.06569
00006882,0.51332,0.04099
00006883,0.63538,0.04620
00006884,0.48255,0.04044
00006885,1.20461,0.10712
00006886,0.63320,0.04601
00006887,0.85808,0.06231
00006888,0.85894,0.07191
00006889,0.75982,0.22908
00006890,0.36160,0.02583
00006891,0.46325,0.03022
00006892,0.59754,0.06231
00006893,0.59356,0.04410
00006894,0.31225,0.02702
00006895,0.38304,0.03170
00006896,0.48337,0.03709
00006897,0.57860,0.05280
00006898,0.84562,0.12320
00006899,0.62485,0.06155
00006900,0.68098,0.04535
00006901,0.61676,0.04808
00006902,0.87288,0.06190
00006903,0.99625,0.08825
00006904,0.38566,0.04534
00006905,0.51815,0.06459
00006906,1.09481,0.09106
00006907,0.56990,0.04285
00006908,0.59244,0.06738
00006909,0.68405,0.06317
00006910,0.36123,0.04784
00006911,0.33303,0.03123
00006912,0.94025,0.06354
00006913,0.42434,0.03646
00006914,1.90666,0.26124
00006915,1.48517,0.15809
00006916,0.58962,0.04795
00006917,1.02890,0.08092
00006918,0.21326,0.02651
00006919,0.64746,0.04177
00006920,1.43922,0.15669
00006921,0.40252,0.03057
00006922,1.15564,0.11155
00006923,0.39508,0.02781
00006924,1.24332,0.11901
00006925,0.20312,0.03581
00006926,0.77771,0.06091
00006927,0.42153,0.03653
00006928,1.12508,0.10803
00006929,0.41722,0.03498
00006930,0.78311,0.08114
00006931,0.72036,0.07505
00006932,0.64870,0.05632
00006933,0.87606,0.07777
00006934,0.26809,0.02759
00006935,0.59068,0.03686
00006936,0.44763,0.03688
00006937,0.58257,0.06467
00006938,0.83493,0.07112
00006939,1.48848,0.15235
00006940,1.78572,0.21248
00006941,0.53036,0.04161
00006942,0.77661,0.06073
00006943,0.44521,0.03125
00006944,0.34445,0.02660
00006945,0.57792,0.04107
00006946,0.96432,0.09163
00006947,2.18911,0.25445
00006948,0.62491,0.04752
00006949,0.48201,0.03131
00006950,1.18090,0.10455
00006951,1.43875,0.17812
00006952,1.06808,0.10808
00006953,0.41413,0.03092
00006954,0.25689,0.02435
00006955,1.37615,0.13194
00006956,1.87224,0.20573
00006957,0.49379,0.04538
00006958,1.36709,0.12032
00006959,0.34226,0.03826
00006960,0.39543,0.03889
00006961,0.32973,0.02489
00006962,0.80334,0.08886
00006963,0.89054,0.08128
00006964,1.18022,0.14274
00006965,0.87580,0.06753
00006966,0.92548,0.08351
00006967,1.27264,0.13196
00006968,0.49346,0.03368
00006969,0.37901,0.03179
00006970,1.43200,0.12859
00006971,0.48806,0.03755
00006972,0.99200,0.08184
00006973,0.23672,0.02963
00006974,0.83091,0.07240
00006975,0.39686,0.02773
00006976,0.54262,0.03705
00006977,0.34545,0.04354
00006978,1.45443,0.15721
00006979,0.38425,0.03371
00006980,0.87554,0.17325
00006981,0.31490,0.03051
00006982,1.02193,0.08450
00006983,0.42770,0.03094
00006984,0.23041,0.02469
00006985,0.65373,0.07773
00006986,0.32328,0.03432
00006987,0.51128,0.03795
00006988,0.40294,0.03988
00006989,1.14993,0.08888
00006990,0.62679,0.04521
00006991,0.66094,0.05328
00006992,3.38485,0.48443
00006993,0.29601,0.04204
00006994,0.55523,0.05500
00006995,0.84667,0.08572
00006996,0.31170,0.02737
00006997,0.87322,0.07135
00006998,1.83195,0.20647
00006999,0.75994,0.06634
00007000,0.88960,0.08359
00007001,0.59603,0.04460
00007002,0.87050,0.05944
00007003,0.18788,0.03010
00007004,0.67244,0.05105
00007005,0.65593,0.05210
00007006,1.19657,0.10753
00007007,1.57487,0.15450
00007008,0.35015,0.03122
00007009,0.50009,0.04462
00007010,0.53893,0.03907
00007011,0.48043,0.06003
00007012,0.63889,0.07242
00007013,0.18809,0.02445
00007014,0.54825,0.04242
00007015,0.40707,0.03986
00007016,0.43869,0.02841
00007017,0.49864,0.03670
00007018,0.92833,0.12127
00007019,0.73692,0.09269
00007020,0.86087,0.06049
00007021,0.27379,0.03001
00007022,0.58065,0.03781
00007023,0.59721,0.06354
00007024,0.46700,0.04182
00007025,1.19878,0.10063
00007026,0.46133,0.03453
00007027,0.94636,0.09577
00007028,0.26718,0.02682
00007029,0.40563,0.05896
00007030,0.53687,0.04698
00007031,0.86004,0.32464
00007032,0.31555,0.02973
00007033,0.72065,0.04898
00007034,0.37232,0.03996
00007035,0.48565,0.03313
00007036,0.66741,0.10478
00007037,0.33142,0.03505
00007038,0.92596,0.07312
00007039,1.15305,0.10762
00007040,0.39026,0.03283
00007041,0.84066,0.05689
00007042,0.50264,0.04518
00007043,0.53685,0.03954
00007044,2.39024,0.33529
00007045,0.58991,0.04208
00007046,0.38294,0.03111
00007047,0.94909,0.07505
00007048,0.33293,0.02487
00007049,0.99687,0.07174
00007050,0.68633,0.05412
00007051,0.79589,0.06993
00007052,1.29692,0.16373
00007053,0.65698,0.04347
00007054,0.29714,0.02904
00007055,1.85155,0.25197
00007056,1.22963,0.09774
00007057,0.53716,0.03841
00007058,0.57584,0.03773
00007059,0.73055,0.05474
00007060,1.10702,0.09730
00007061,0.52878,0.03745
00007062,1.07801,0.10147
00007063,0.33436,0.02690
00007064,0.83332,0.05704
00007065,0.35230,0.03138
00007066,0.89199,0.11247
00007067,0.92450,0.07756
00007068,1.07820,0.08663
00007069,0.95067,0.07008
00007070,0.36765,0.02716
00007071,0.74193,0.05282
00007072,1.65404,0.17822
00007073,0.66645,0.04928
00007074,0.35324,0.03049
00007075,0.41494,0.03047
00007076,0.36480,0.03429
00007077,0.36953,0.02769
00007078,0.50139,0.03748
00007079,0.47057,0.05219
00007080,0.58367,0.03616
00007081,0.65444,0.03967
00007082,0.90848,0.07097
00007083,0.48621,0.03551
00007084,0.63017,0.05296
00007085,1.09439,0.12034
00007086,1.31493,0.14919
00007087,0.46124,0.03615
00007088,0.38590,0.02703
00007089,0.28121,0.03861
00007090,1.74810,0.20115
00007091,1.88772,0.21921
00007092,0.96052,0.08450
00007093,1.09566,0.08529
00007094,0.46945,0.03255
00007095,0.56773,0.04981
00007096,2.25161,0.59699
00007097,0.67447,0.07980
00007098,0.53587,0.03892
00007099,0.66930,0.05050
00007100,0.61664,0.04042
00007101,0.34599,0.02898
00007102,0.57528,0.06511
00007103,0.21672,0.03218
00007104,1.21476,0.12062
00007105,0.33235,0.02775
00007106,0.69887,0.05213
00007107,0.75161,0.06052
00007108,0.47684,0.04499
00007109,0.53105,0.06709
00007110,1.01481,0.07797
00007111,0.36264,0.03964
00007112,0.89060,0.07409
00007113,0.62141,0.04268
00007114,0.94736,0.06605
00007115,0.46785,0.03371
00007116,0.31569,0.02559
00007117,0.81238,0.05739
00007118,0.50603,0.03719
00007119,0.23795,0.02510
00007120,0.39171,0.03525
00007121,0.78125,0.05341
00007122,0.46076,0.03449
00007123,0.80862,0.09121
00007124,1.31759,0.14108
00007125,0.57814,0.04607
00007126,0.44207,0.03541
00007127,0.38882,0.02868
00007128,0.34282,0.09746
00007129,0.53734,0.03665
00007130,0.49258,0.04081
00007131,0.52939,0.03323
00007132,2.65827,0.34399
00007133,0.69474,0.04243
00007134,0.64080,0.19587
00007135,0.26588,0.05927
00007136,2.37837,0.28277
00007137,0.62417,0.04128
00007138,2.05814,0.27302
00007139,1.05546,0.08371
00007140,0.82142,0.09255
00007141,1.18059,0.10267
00007142,0.59388,0.05311
00007143,0.57654,0.04015
00007144,0.54819,0.04494
00007145,0.77431,0.05754
00007146,0.45855,0.05203
00007147,1.70316,0.19352
00007148,1.82866,0.23571
00007149,0.22988,0.03708
00007150,0.29737,0.02376
00007151,0.68810,0.05180
00007152,0.58569,0.05027
00007153,0.27142,0.04282
00007154,0.44432,0.05369
00007155,0.87760,0.06585
00007156,0.46213,0.03601
00007157,0.39056,0.03060
00007158,0.50609,0.03882
00007159,0.93305,0.07162
00007160,0.27898,0.09700
00007161,0.79057,0.06061
00007162,0.77027,0.05881
00007163,0.39327,0.04053
00007164,0.47051,0.03951
00007165,0.95524,0.08635
00007166,0.74305,0.05282
00007167,1.57764,0.20905
00007168,1.86128,0.26255
00007169,0.66778,0.05385
00007170,2.81856,0.36626
00007171,0.68872,0.07881
00007172,0.62853,0.04960
00007173,0.51912,0.03323
00007174,0.27529,0.02641
00007175,0.24232,0.02789
00007176,0.51440,0.03181
00007177,0.47354,0.04780
00007178,1.38443,0.13567
00007179,0.53801,0.03548
00007180,0.52285,0.04145
00007181,0.91599,0.07516
00007182,1.07912,0.08637
00007183,0.68978,0.05987
00007184,0.52548,0.03228
00007185,0.74503,0.05329
00007186,2.08949,0.23482
00007187,0.72611,0.06631
00007188,0.29020,0.03226
00007189,0.36751,0.03250
00007190,0.56374,0.05300
00007191,0.44969,0.03502
00007192,1.15524,0.17162
00007193,0.50309,0.03331
00007194,0.56625,0.03864
00007195,0.51587,0.04888
00007196,0.83953,0.05998
00007197,1.28804,0.12206
00007198,0.39262,0.03500
00007199,0.60198,0.04642
00007200,0.67873,0.05084
00007201,1.66762,0.17494
00007202,1.16544,0.11064
00007203,0.86341,0.06120
00007204,1.58749,0.16471
00007205,0.76745,0.12856
00007206,1.68533,0.17766
00007207,0.85822,0.07637
00007208,0.48646,0.04100
00007209,0.42030,0.02929
00007210,2.54662,0.34987
00007211,0.86000,0.06655
00007212,0.96931,0.12026
00007213,0.18345,0.02687
00007214,0.62900,0.04337
00007215,0.62922,0.04738
00007216,0.49511,0.03632
00007217,0.44159,0.03433
00007218,0.62891,0.04356
00007219,0.19110,0.02677
00007220,0.37325,0.02942
00007221,0.63709,0.04949
00007222,0.45669,0.03343
00007223,0.62144,0.04715
00007224,0.85295,0.07123
00007225,0.43614,0.03170
00007226,0.83924,0.09464
00007227,0.41128,0.02982
00007228,0.99073,0.07959
00007229,0.39995,0.03243
00007230,0.41001,0.04322
00007231,0.70344,0.05756
00007232,0.59679,0.03910
00007233,2.77300,0.41483
00007234,0.49851,0.03745
00007235,0.76234,0.06538
00007236,0.93163,0.09664
00007237,0.46511,0.03081
00007238,0.62311,0.05731
00007239,0.44461,0.04009
00007240,0.72641,0.04985
00007241,0.47383,0.03015
00007242,0.39132,0.04211
00007243,0.39682,0.02790
00007244,0.30671,0.02724
00007245,0.74282,0.06244
00007246,0.54295,0.03746
00007247,0.59910,0.03971
00007248,0.43939,0.04093
00007249,0.75355,0.06700
00007250,1.09380,0.09623
00007251,0.65952,0.05089
00007252,0.25610,0.02445
00007253,0.42217,0.03062
00007254,0.91099,0.08713
00007255,0.94552,0.08725
00007256,0.47788,0.03618
00007257,0.51199,0.03997
00007258,1.35936,0.15689
00007259,0.30517,0.03134
00007260,1.28336,0.11556
00007261,0.37429,0.04831
00007262,0.41058,0.02700
00007263,0.91976,0.07666
00007264,0.32462,0.03424
00007265,0.33805,0.02770
00007266,0.65878,0.05961
00007267,0.95958,0.09497
00007268,0.41776,0.03050
00007269,0.57956,0.05450
00007270,1.42665,0.13974
00007271,0.34706,0.03287
00007272,1.80979,0.19220
00007273,1.39321,0.14539
00007274,0.40931,0.03066
00007275,0.36123,0.04548
00007276,0.46616,0.04460
00007277,0.65121,0.04988
00007278,1.67799,0.22599
00007279,0.48459,0.04519
00007280,1.07168,0.08909
00007281,0.69830,0.05465
00007282,1.28275,0.15034
00007283,2.59892,0.29843
00007284,0.75461,0.05914
00007285,0.57226,0.04118
00007286,0.58832,0.04775
00007287,0.28769,0.04684
00007288,0.80725,0.07638
00007289,1.20170,0.11152
00007290,0.61867,0.04160
00007291,0.31981,0.02463
00007292,0.89570,0.16108
00007293,1.19267,0.09763
00007294,0.87116,0.08403
00007295,0.49844,0.03342
00007296,0.97486,0.10107
00007297,0.73668,0.06282
00007298,0.54812,0.04232
00007299,0.49817,0.05162
00007300,2.32014,0.25912
00007301,0.90710,0.07807
00007302,0.32870,0.02913
00007303,0.78801,0.08268
00007304,0.96267,0.07709
00007305,0.37863,0.02760
00007306,1.07186,0.08523
00007307,0.87572,0.06536
00007308,0.34092,0.03126
00007309,0.58210,0.04177
00007310,0.82145,0.07743
00007311,0.73881,0.07626
00007312,1.14991,0.10481
00007313,0.60231,0.05074
00007314,0.72622,0.09769
00007315,0.70355,0.05335
00007316,1.05399,0.09240
00007317,0.33693,0.05581
00007318,0.63617,0.04808
00007319,0.49247,0.03570
00007320,1.02875,0.12768
00007321,1.25485,0.13365
00007322,0.26438,0.02768
00007323,0.56102,0.04566
00007324,0.46122,0.04010
00007325,0.72795,0.05759
00007326,0.40794,0.03625
00007327,0.43457,0.04949
00007328,0.83931,0.07039
00007329,0.96417,0.07474
00007330,0.76283,0.05646
00007331,0.58966,0.04305
00007332,0.44200,0.03402
00007333,0.94504,0.08377
00007334,1.12020,0.09594
00007335,1.24827,0.11653
00007336,1.36482,0.18759
00007337,0.44921,0.03187
00007338,1.02606,0.23930
00007339,0.60367,0.04247
00007340,0.50118,0.08535
00007341,0.57112,0.03640
00007342,0.50357,0.03190
00007343,0.62791,0.04979
00007344,0.61410,0.03758
00007345,0.61046,0.04779
00007346,0.87348,0.06604
00007347,0.47854,0.03280
00007348,0.54363,0.04012
00007349,0.41069,0.03111
00007350,0.29874,0.02818
00007351,0.51960,0.03140
00007352,0.48015,0.03619
00007353,0.45632,0.03960
00007354,0.40460,0.02828
00007355,0.32838,0.02987
00007356,1.32992,0.11483
00007357,0.47721,0.03393
00007358,2.23658,0.24331
00007359,0.47366,0.03908
00007360,0.44165,0.03571
00007361,0.53872,0.04003
00007362,0.82030,0.05648
00007363,0.35218,0.03450
00007364,0.38063,0.03252
00007365,0.85723,0.07412
00007366,0.89256,0.09256
00007367,0.59585,0.07655
00007368,0.59412,0.04760
00007369,0.42206,0.03131
00007370,0.28765,0.02442
00007371,0.49111,0.03363
00007372,0.72960,0.06187
00007373,1.72288,0.23070
00007374,0.73026,0.05534
00007375,1.31737,0.12555
00007376,0.57635,0.03656
00007377,0.57487,0.05445
00007378,0.70447,0.05032
00007379,0.68497,0.04580
00007380,0.86072,0.07992
00007381,1.68010,0.20119
00007382,1.06204,0.10992
00007383,1.26102,0.12860
00007384,0.42417,0.02968
00007385,0.54817,0.05808
00007386,0.34467,0.02694
00007387,1.16357,0.18421
00007388,0.40751,0.03105
00007389,1.18015,0.09865
00007390,0.51081,0.03502
00007391,0.56614,0.04417
00007392,1.08290,0.14451
00007393,0.27675,0.04093
00007394,0.66845,0.04713
00007395,0.54016,0.05227
00007396,0.35820,0.04112
00007397,0.45046,0.03443
00007398,0.28258,0.03366
00007399,0.99066,0.08066
00007400,0.56988,0.04552
00007401,1.26637,0.12851
00007402,1.70015,0.20355
00007403,0.22110,0.02482
00007404,2.27075,0.26449
00007405,0.25332,0.02373
00007406,1.04034,0.08134
00007407,0.22375,0.02624
00007408,3.03084,0.37856
00007409,0.41574,0.02824
00007410,0.27564,0.03809
00007411,0.66376,0.05742
00007412,0.65747,0.05324
00007413,0.28150,0.02621
00007414,0.21528,0.02450
00007415,0.61665,0.04329
00007416,0.25862,0.03306
00007417,0.64575,0.04502
00007418,0.58473,0.06889
00007419,0.96520,0.07440
00007420,0.46082,0.03202
00007421,0.95044,0.09402
00007422,1.42959,0.14644
00007423,0.74184,0.05887
00007424,0.42219,0.03121
00007425,0.50546,0.04528
00007426,0.62255,0.04596
00007427,2.45807,0.27648
00007428,0.70903,0.05107
00007429,0.33551,0.03754
00007430,1.31143,0.11665
00007431,0.28621,0.02887
00007432,0.37644,0.02535
00007433,0.24696,0.03195
00007434,1.16148,0.09443
00007435,1.93615,0.27618
00007436,1.17036,0.39427
00007437,1.53984,0.17987
00007438,0.92676,0.14349
00007439,0.58497,0.03955
00007440,0.88966,0.10337
00007441,0.84048,0.06616
00007442,1.24044,0.14985
00007443,0.33377,0.02998
00007444,0.22011,0.02479
00007445,0.63567,0.05512
00007446,1.62082,0.16928
00007447,0.25368,0.02668
00007448,0.70606,0.07175
00007449,0.86333,0.07923
00007450,0.33678,0.03246
00007451,1.08198,0.09863
00007452,0.45142,0.03165
00007453,0.49567,0.03361
00007454,0.58854,0.06071
00007455,1.13792,0.08950
00007456,0.61739,0.04670
00007457,0.47133,0.03193
00007458,0.50224,0.03840
00007459,1.68148,0.20712
00007460,0.85281,0.08830
00007461,0.25445,0.05113
00007462,0.45289,0.03682
00007463,0.66485,0.06023
00007464,0.38228,0.02872
00007465,0.71464,0.04465
00007466,0.66676,0.05324
00007467,0.42371,0.02880
00007468,1.02090,0.10451
00007469,0.43096,0.03557
00007470,0.68623,0.06955
00007471,0.42923,0.03145
00007472,0.76728,0.05158
00007473,0.67051,0.04239
00007474,1.10775,0.11814
00007475,0.40238,0.03667
00007476,1.11605,0.11092
00007477,0.74871,0.05641
00007478,0.81746,0.07644
00007479,0.25158,0.02578
00007480,0.41103,0.03192
00007481,0.58032,0.03815
00007482,1.42970,0.15557
00007483,0.28366,0.03114
00007484,0.37206,0.02640
00007485,0.91040,0.06217
00007486,1.25685,0.11181
00007487,0.66510,0.06555
00007488,0.89851,0.06532
00007489,0.45582,0.03314
00007490,0.52518,0.03426
00007491,0.51007,0.05011
00007492,0.46699,0.03761
00007493,0.49195,0.06055
00007494,0.72600,0.04697
00007495,0.64460,0.04438
00007496,0.84923,0.05612
00007497,0.39446,0.03139
00007498,1.03298,0.09223
00007499,0.50316,0.04443
00007500,0.64450,0.04333
00007501,1.15502,0.10398
00007502,0.25551,0.02522
00007503,1.72856,0.22348
00007504,0.30163,0.02749
00007505,0.40094,0.02748
00007506,1.24717,0.11951
00007507,0.34974,0.02693
00007508,0.52661,0.03911
00007509,0.22354,0.02751
00007510,1.09531,0.09477
00007511,0.22304,0.03730
00007512,0.63296,0.06161
00007513,0.79112,0.08842
00007514,1.57120,0.15422
00007515,0.79501,0.05941
00007516,0.27059,0.02977
00007517,0.36675,0.03894
00007518,1.46016,0.16595
00007519,0.59366,0.05136
00007520,0.54331,0.04049
00007521,0.69442,0.05463
00007522,0.50034,0.04973
00007523,0.58998,0.03846
00007524,0.43554,0.03339
00007525,0.30926,0.02546
00007526,0.23368,0.02661
00007527,0.53205,0.03539
00007528,0.77495,0.05593
00007529,0.75420,0.05198
00007530,0.55137,0.04083
00007531,0.75091,0.06886
00007532,0.69878,0.05070
00007533,0.29003,0.04679
00007534,0.55198,0.03752
00007535,0.97154,0.07635
00007536,0.74139,0.05028
00007537,0.50242,0.04188
00007538,1.05890,0.08907
00007539,0.57158,0.04716
00007540,1.31295,0.12681
00007541,1.17109,0.11674
00007542,0.50421,0.03230
00007543,0.47956,0.03270
00007544,1.67556,0.19574
00007545,0.74057,0.08227
00007546,0.65111,0.04782
00007547,0.54374,0.04396
00007548,1.12617,0.10027
00007549,0.56233,0.06557
00007550,0.73419,0.06601
00007551,0.51878,0.03785
00007552,0.35202,0.03293
00007553,0.48754,0.03888
00007554,0.39039,0.03304
00007555,1.02385,0.11161
00007556,0.69222,0.04460
00007557,0.68945,0.08149
00007558,0.48844,0.03436
00007559,1.19188,0.10270
00007560,0.35974,0.06025
00007561,0.84510,0.06584
00007562,1.81512,0.38531
00007563,0.32699,0.02911
00007564,0.51374,0.03987
00007565,0.98257,0.09849
00007566,1.64791,0.15744
00007567,1.44593,0.13166
00007568,0.62450,0.04466
00007569,1.14274,0.10715
00007570,0.67835,0.04500
00007571,0.69408,0.05486
00007572,0.36077,0.03154
00007573,1.22774,0.10186
00007574,0.73085,0.05531
00007575,0.74147,0.06317
00007576,1.52584,0.15948
00007577,1.77086,0.19117
00007578,0.89716,0.07028
00007579,0.40111,0.03047
00007580,0.94080,0.12068
00007581,0.60519,0.06738
00007582,0.50553,0.04050
00007583,0.58894,0.04755
00007584,0.36804,0.03135
00007585,0.64243,0.04188
00007586,1.08207,0.08516
00007587,1.08497,0.10791
00007588,0.56480,0.05169
00007589,0.17732,0.02643
00007590,0.76602,0.04949
00007591,1.00653,0.07647
00007592,0.86647,0.07093
00007593,0.76267,0.06703
00007594,1.50785,0.17794
00007595,2.55512,0.35135
00007596,0.27139,0.02623
00007597,2.27800,0.33457
00007598,0.36264,0.03593
00007599,0.27402,0.02763
00007600,0.43793,0.03428
00007601,0.49285,0.03898
00007602,0.39707,0.03149
00007603,0.67096,0.05367
00007604,1.32725,0.12813
00007605,0.72757,0.06608
00007606,0.51040,0.03791
00007607,0.39724,0.03024
00007608,3.18085,0.43201
00007609,0.49806,0.04504
00007610,1.55146,0.15623
00007611,0.78810,0.05455
00007612,0.36329,0.02695
00007613,0.47482,0.03471
00007614,0.96030,0.08039
00007615,0.42536,0.03358
00007616,1.81400,0.19683
00007617,0.83242,0.06153
00007618,0.17984,0.05510
00007619,1.43598,0.14869
00007620,0.50084,0.03925
00007621,0.37674,0.04635
00007622,0.48588,0.04932
00007623,0.52359,0.04173
00007624,1.18915,0.11767
00007625,1.08699,0.11466
00007626,0.63362,0.05039
00007627,0.46082,0.03178
00007628,0.69172,0.05295
00007629,0.54425,0.03665
00007630,1.51045,0.14334
00007631,0.64174,0.05319
00007632,1.86764,0.20413
00007633,0.40845,0.03179
00007634,0.32991,0.03425
00007635,0.20482,0.02559
00007636,0.74892,0.05712
00007637,1.28734,0.14774
00007638,0.49073,0.03688
00007639,0.72671,0.05363
00007640,0.27618,0.03008
00007641,0.70129,0.05557
00007642,0.82515,0.08347
00007643,0.33529,0.03066
00007644,0.18727,0.02328
00007645,0.58105,0.03961
00007646,0.32789,0.02952
00007647,0.55821,0.04001
00007648,0.36222,0.03590
00007649,0.26463,0.02668
00007650,1.46179,0.20055
00007651,0.86218,0.06739
00007652,1.06158,0.09001
00007653,0.25222,0.03396
00007654,0.42695,0.02913
00007655,0.84378,0.22106
00007656,0.72171,0.05398
00007657,0.25886,0.02968
00007658,0.49255,0.04809
00007659,1.09169,0.12096
00007660,0.64012,0.04597
00007661,0.50871,0.03539
00007662,2.75959,0.32176
00007663,0.28363,0.02762
00007664,1.65622,0.15719
00007665,0.70159,0.05868
00007666,0.69264,0.04433
00007667,0.31909,0.03927
00007668,0.67317,0.05155
00007669,0.51605,0.03395
00007670,0.68686,0.06671
00007671,1.15736,0.09483
00007672,0.61799,0.04000
00007673,0.84495,0.10457
00007674,1.05354,0.08300
00007675,0.37488,0.03809
00007676,1.51027,0.14099
00007677,0.22482,0.02597
00007678,0.40888,0.03241
00007679,0.39850,0.02708
00007680,0.47787,0.03153
00007681,0.22930,0.02735
00007682,0.89285,0.10734
00007683,0.28750,0.02969
00007684,2.11639,0.22585
00007685,0.44042,0.04469
00007686,0.39887,0.05218
00007687,0.68722,0.05353
00007688,0.49262,0.03221
00007689,0.55359,0.04212
00007690,1.11751,0.09100
00007691,0.59016,0.04657
00007692,0.39098,0.05659
00007693,0.55351,0.04186
00007694,0.97215,0.09156
00007695,0.89383,0.07241
00007696,0.62948,0.04120
00007697,0.95179,0.09410
00007698,2.74645,0.34223
00007699,0.42481,0.03757
00007700,0.20003,0.02342
00007701,2.02588,0.23729
00007702,0.56475,0.05334
00007703,0.55977,0.05030
00007704,1.05849,0.09056
00007705,0.73127,0.05634
00007706,1.05894,0.09039
00007707,0.69936,0.05007
00007708,0.89109,0.07426
00007709,1.41566,0.12355
00007710,0.37884,0.03263
00007711,0.86311,0.07439
00007712,0.26816,0.02736
00007713,0.85543,0.10529
00007714,1.20971,0.11667
00007715,0.97821,0.10545
00007716,0.70876,0.05745
00007717,0.40658,0.02902
00007718,1.19438,0.20028
00007719,0.60709,0.04117
00007720,0.19718,0.02640
00007721,0.28950,0.02783
00007722,0.69725,0.04373
00007723,0.58299,0.03746
00007724,0.56941,0.03394
00007725,0.46821,0.03028
00007726,1.27987,0.13497
00007727,0.68164,0.05934
00007728,1.45290,0.15619
00007729,0.97932,0.10969
00007730,1.33597,0.15267
00007731,1.94877,0.18627
00007732,0.61975,0.04579
00007733,1.54614,0.18333
00007734,1.32485,0.14560
00007735,1.59048,0.15640
00007736,1.18452,0.09221
00007737,1.79887,0.21772
00007738,0.76904,0.06143
00007739,0.39343,0.03749
00007740,0.34953,0.04578
00007741,1.01717,0.08133
00007742,0.54939,0.03673
00007743,1.07324,0.09284
00007744,0.22361,0.05039
00007746,1.23426,0.11767
00007747,1.64369,0.18227
00007748,0.76399,0.07442
00007749,0.48227,0.03227
00007750,1.13287,0.09911
00007751,0.50830,0.03994
00007752,0.50621,0.03661
00007753,0.53332,0.03834
00007754,0.57355,0.05713
00007755,0.57582,0.03921
00007756,0.59738,0.04728
00007757,0.61229,0.04517
00007758,0.61340,0.05144
00007759,0.80016,0.07131
00007760,0.57422,0.03939
00007761,0.73536,0.07863
00007762,0.62989,0.13890
00007763,0.71980,0.06518
00007764,0.20801,0.02937
00007765,0.87681,0.06980
00007766,1.30242,0.15648
00007767,0.44024,0.03411
00007768,2.32757,0.25638
00007769,0.26777,0.05320
00007770,0.89555,0.16970
00007771,2.15769,0.28989
00007772,0.73991,0.12714
00007773,0.22953,0.02435
00007774,0.67609,0.05496
00007775,0.52619,0.04667
00007776,0.52452,0.03463
00007777,0.83409,0.06794
00007778,0.75304,0.05242
00007779,0.98193,0.07957
00007780,0.37510,0.03048
00007781,1.95329,0.23150
00007782,0.37503,0.02683
00007783,0.39349,0.05807
00007784,0.50521,0.04248
00007785,0.52004,0.03639
00007786,2.95594,0.39486
00007787,0.74985,0.07660
00007788,0.51424,0.03446
00007789,0.50628,0.03842
00007790,0.70734,0.07669
00007791,0.87344,0.09426
00007792,0.36442,0.02714
00007793,0.63606,0.20967
00007794,1.04692,0.09086
00007795,0.66639,0.04721
00007796,0.64209,0.04652
00007797,0.44661,0.03490
00007798,0.97870,0.19209
00007799,0.21092,0.04182
00007800,1.86136,0.19030
00007801,1.19286,0.10179
00007802,0.92446,0.07110
00007803,2.04957,0.29993
00007804,0.89910,0.07796
00007805,0.26822,0.02928
00007806,0.58683,0.04153
00007807,0.69346,0.04401
00007808,0.43418,0.03532
00007809,0.35872,0.02738
00007810,0.49706,0.03671
00007811,0.55126,0.04068
00007812,0.57536,0.04129
00007813,0.46881,0.04851
00007814,0.64270,0.04480
00007815,2.75996,0.35190
00007816,0.65258,0.04130
00007817,0.33660,0.03642
00007818,0.69934,0.04834
00007819,1.37087,0.14000
00007820,0.53037,0.04054
00007821,0.26564,0.04507
00007822,0.50370,0.04309
00007823,0.55881,0.03914
00007824,0.70701,0.08282
00007825,0.38737,0.03454
00007826,0.67089,0.04931
00007827,0.58885,0.04599
00007828,0.35540,0.03442
00007829,1.00675,0.07837
00007830,0.50171,0.04475
00007831,0.52713,0.03816
00007832,0.24572,0.02727
00007834,0.27046,0.04458
00007835,1.04742,0.11466
00007836,0.69998,0.06125
00007837,0.62839,0.04435
00007838,0.43890,0.03533
00007839,0.25325,0.03332
00007840,0.52681,0.03704
00007841,0.32112,0.02889
00007842,0.35853,0.03649
00007843,0.83905,0.06694
00007844,2.00787,0.33216
00007845,0.46075,0.03482
00007846,1.11054,0.10953
00007847,0.29677,0.03205
00007848,0.22285,0.02618
00007849,0.25826,0.02992
00007850,0.63666,0.05636
00007851,0.80614,0.07531
00007852,1.01526,0.07844
00007853,0.50559,0.04057
00007854,1.70348,0.16420
00007855,0.89877,0.10736
00007856,0.61961,0.04623
00007857,0.81854,0.05125
00007858,0.34292,0.02847
00007859,0.47264,0.03402
00007860,0.61250,0.04701
00007861,1.19375,0.11974
00007862,0.57026,0.04090
00007863,1.01276,0.07865
00007864,0.48789,0.03849
00007865,0.46974,0.03825
00007866,0.91468,0.08193
00007867,1.25656,0.11444
00007868,0.83708,0.08547
00007869,0.43470,0.03226
00007870,0.37815,0.02839
00007871,0.54104,0.04441
00007872,0.53187,0.03714
00007873,0.48724,0.04262
00007874,0.49509,0.05641
00007875,0.51784,0.03329
00007876,0.64727,0.05743
00007877,0.59960,0.04771
00007878,0.58401,0.05566
00007879,0.37926,0.02483
00007880,0.77908,0.06445
00007881,0.42453,0.03446
00007882,0.55591,0.05082
00007883,0.91935,0.06438
00007884,0.68321,0.05803
00007885,0.75478,0.08346
00007886,2.10239,0.23274
00007887,1.31008,0.13611
00007888,0.75942,0.06588
00007889,0.82199,0.06327
00007890,0.57240,0.03564
00007891,0.36408,0.04929
00007892,0.63218,0.04723
00007893,0.50974,0.04971
00007894,0.77932,0.05741
00007895,1.13735,0.10001
00007896,1.33328,0.13447
00007897,0.35981,0.03041
00007898,1.94384,0.27105
00007899,0.58726,0.04465
00007900,0.27140,0.02616
00007901,0.51260,0.03512
00007902,0.71731,0.06251
00007903,0.41961,0.03405
00007904,0.74823,0.06201
00007905,0.31428,0.03381
00007906,0.46812,0.03916
00007907,0.67244,0.04750
00007908,1.37633,0.21177
00007909,0.56661,0.03837
00007910,0.78098,0.06900
00007911,0.74646,0.07758
00007912,0.62335,0.05723
00007913,0.17862,0.02746
00007914,0.26607,0.02736
00007915,0.22005,0.02421
00007916,0.74077,0.05934
00007917,1.15585,0.19980
00007918,0.70865,0.05205
00007919,0.40463,0.03199
00007920,0.52729,0.03784
00007921,1.95959,0.23689
00007922,2.96584,0.56104
00007923,1.51322,0.17513
00007924,0.72131,0.04866
00007925,0.66522,0.05039
00007926,0.55977,0.04209
00007927,2.69775,0.52367
00007928,0.93019,0.07306
00007929,0.50451,0.03303
00007930,0.48369,0.04796
00007931,0.38784,0.02702
00007932,0.47825,0.04261
00007933,0.39332,0.03003
00007934,0.82861,0.07750
00007935,0.38935,0.03681
00007936,1.48831,0.19543
00007937,1.22548,0.10472
00007938,0.63195,0.04293
00007939,0.42292,0.03525
00007940,1.11625,0.10726
00007941,0.43384,0.03570
00007942,0.78782,0.05779
00007943,0.24113,0.02541
00007944,0.70111,0.05953
00007945,0.44165,0.04252
00007946,0.48277,0.04105
00007947,0.67270,0.04970
00007948,0.67264,0.05135
00007949,0.27743,0.03852
00007950,0.52226,0.04006
00007951,0.99036,0.08065
00007952,0.86533,0.11124
00007953,0.38820,0.03494
00007954,1.07072,0.08940
00007955,0.86385,0.09138
00007956,0.39925,0.03371
00007957,0.60966,0.07683
00007958,1.14860,0.09626
00007959,0.88063,0.07926
00007960,0.38518,0.03563
00007961,1.51737,0.17441
00007962,0.33499,0.04876
00007963,0.74573,0.05620
00007964,0.72152,0.05842
00007965,0.46180,0.03404
00007966,0.39096,0.03318
00007967,1.59844,0.26145
00007968,0.43714,0.03987
00007969,0.49420,0.04513
00007970,0.82600,0.08379
00007971,0.43054,0.02958
00007972,0.56569,0.04406
00007973,0.42243,0.05150
00007974,0.23044,0.06973
00007975,1.53798,0.14921
00007976,0.33882,0.03055
00007977,1.34355,0.13777
00007978,0.57252,0.04133
00007979,0.54693,0.04641
00007980,0.78323,0.05572
00007981,1.30526,0.14383
00007982,0.27356,0.03580
00007983,0.42508,0.03458
00007984,0.56129,0.03640
00007985,0.68513,0.06056
00007986,0.77105,0.06831
00007987,1.22289,0.11491
00007988,0.80648,0.06813
00007989,0.87129,0.06531
00007990,0.61976,0.04334
00007991,0.84954,0.07049
00007992,0.57362,0.06253
00007993,0.31257,0.02578
00007994,0.97648,0.08690
00007995,0.73158,0.05904
00007996,0.38367,0.03550
00007997,0.41697,0.03231
00007998,1.57612,0.24573
00007999,0.78511,0.13168
00008000,0.63540,0.04691
00008001,0.43737,0.02991
00008002,0.51641,0.04904
00008003,0.59987,0.05891
00008004,1.09595,0.09057
00008005,1.19737,0.13867
00008006,1.03364,0.09339
00008007,0.36512,0.03260
00008008,1.15100,0.10242
00008009,0.74301,0.05304
00008010,0.89536,0.10339
00008011,0.84216,0.07206
00008012,0.93697,0.10088
00008013,0.81727,0.06868
00008014,0.69832,0.05614
00008015,0.53283,0.04489
00008016,0.66755,0.05158
00008017,0.50748,0.05446
00008018,0.28922,0.02494
00008019,0.39637,0.02684
00008020,0.48877,0.03757
00008021,1.20643,0.16969
00008022,0.66733,0.05229
00008023,0.28704,0.02970
00008024,0.50484,0.03270
00008025,0.32575,0.02982
00008026,0.56679,0.05036
00008027,0.44117,0.03640
00008028,1.55085,0.14887
00008029,0.47520,0.03603
00008030,0.79018,0.05195
00008031,0.20937,0.03548
00008032,0.72733,0.04839
00008033,0.44313,0.03046
00008034,0.49654,0.03100
00008035,0.46521,0.05243
00008036,0.26616,0.03180
00008037,0.34388,0.02539
00008038,2.19951,0.28391
00008039,0.90519,0.08470
00008040,0.54548,0.04758
00008041,0.51799,0.03490
00008042,0.46947,0.03894
00008043,0.59796,0.04584
00008044,0.36415,0.03277
00008045,0.98350,0.10340
00008046,0.66032,0.05816
00008047,0.60537,0.04300
00008048,0.84090,0.07197
00008049,0.93882,0.07253
00008050,1.23195,0.11055
00008051,0.45995,0.04304
00008052,0.36334,0.02941
00008053,1.25961,0.14184
00008054,0.96951,0.07492
00008055,1.33377,0.14152
00008056,1.29915,0.12437
00008057,0.63821,0.04947
00008058,0.42868,0.04219
00008059,0.85638,0.14646
00008060,0.87043,0.07122
00008061,0.31742,0.03050
00008062,0.49085,0.03133
00008063,2.63626,0.29239
00008064,0.66458,0.07685
00008065,0.32280,0.03222
00008066,0.27548,0.02825
00008067,0.87339,0.08287
00008068,0.62086,0.04174
00008069,1.67331,0.29904
00008070,0.64128,0.04837
00008071,0.68366,0.06811
00008072,1.36661,0.14460
00008073,1.76908,0.20575
00008074,3.39678,0.46243
00008075,0.39060,0.02681
00008076,0.63516,0.05028
00008077,0.68006,0.05921
00008078,0.71005,0.04820
00008079,0.62712,0.07556
00008080,0.55077,0.03921
00008081,0.43913,0.06290
00008082,0.30238,0.02884
00008083,0.34902,0.02617
00008084,0.78987,0.05114
00008085,0.40563,0.03871
00008086,0.48158,0.03200
00008087,0.75951,0.04862
00008088,0.65323,0.04554
00008089,0.56891,0.05816
00008090,0.39337,0.04019
00008091,0.61469,0.05686
00008092,0.54905,0.04459
00008093,0.21352,0.04438
00008094,0.56379,0.04140
00008095,0.33954,0.04577
00008096,1.07749,0.13821
00008097,1.02613,0.09731
00008098,0.92840,0.07257
00008099,1.52362,0.14514
00008100,0.98940,0.07834
00008101,0.45826,0.03346
00008102,0.75231,0.05329
00008103,0.40480,0.02881
00008104,0.39474,0.03479
00008105,0.22931,0.02883
00008106,0.39105,0.03710
00008107,1.14372,0.09646
00008108,0.37938,0.02766
00008109,1.17481,0.09416
00008110,0.39414,0.03602
00008111,0.39378,0.03688
00008112,1.03636,0.34983
00008113,0.62527,0.06058
00008114,0.52066,0.03688
00008115,0.44027,0.03803
00008116,0.25014,0.12899
00008117,0.42569,0.04911
00008118,0.39314,0.02791
00008119,0.31178,0.03683
00008120,0.86051,0.07131
00008121,0.47384,0.03437
00008122,0.23864,0.02563
00008123,0.68138,0.06851
00008124,0.54562,0.03496
00008125,2.27905,0.26236
00008126,0.41901,0.03440
00008127,0.56167,0.04295
00008128,1.07760,0.09355
00008129,1.23984,0.13222
00008130,0.60716,0.03761
00008131,0.66807,0.04957
00008132,0.66415,0.04983
00008133,0.85364,0.10253
00008134,0.75745,0.06174
00008135,2.73491,0.36788
00008136,0.39300,0.03500
00008137,1.62419,0.16366
00008138,0.44924,0.03811
00008139,1.00801,0.08278
00008140,1.28331,0.10955
00008141,0.53593,0.03788
00008142,0.32604,0.03039
00008143,0.41818,0.02981
00008144,0.21430,0.02452
00008145,0.66899,0.04640
00008146,0.80124,0.06096
00008147,0.32835,0.02604
00008148,0.31516,0.05786
00008149,0.50533,0.07275
00008150,2.33007,0.28461
00008151,0.49013,0.04378
00008152,0.60206,0.04155
00008153,0.89427,0.09165
00008154,0.42538,0.04164
00008155,0.97838,0.07138
00008156,0.47200,0.03829
00008157,0.47786,0.03878
00008158,0.45945,0.05441
00008159,0.65314,0.17282
00008160,0.58476,0.07807
00008161,0.26197,0.02625
00008162,0.76746,0.05659
00008163,0.48799,0.04019
00008164,0.22220,0.02611
00008165,0.50972,0.03762
00008166,0.80600,0.06805
00008167,0.57435,0.05191
00008168,0.68090,0.08263
00008169,1.17314,0.12663
00008170,0.48872,0.04387
00008171,1.23471,0.11272
00008172,0.49149,0.04820
00008173,0.89516,0.07698
00008174,1.43842,0.14612
00008175,0.94807,0.10485
00008176,0.61416,0.04644
00008177,0.91384,0.11967
00008178,0.87178,0.07232
00008179,0.40457,0.03746
00008180,1.52895,0.16143
00008181,0.40496,0.02994
00008182,0.49434,0.03732
00008183,1.10018,0.10832
00008184,1.00756,0.12730
00008185,0.57864,0.05102
00008186,0.90154,0.06946
00008187,0.28871,0.02655
00008188,0.93449,0.11112
00008189,1.94804,0.22615
00008190,3.33057,0.44723
00008191,0.59726,0.06060
00008192,0.57170,0.07406
00008193,0.73913,0.04943
00008194,0.37624,0.03225
00008195,2.35390,0.27626
00008196,0.77403,0.07495
00008197,1.01583,0.09982
00008198,0.33804,0.04920
00008199,0.89976,0.07677
00008200,2.61032,0.30759
00008201,0.95164,0.10601
00008202,0.45752,0.03509
00008203,0.63534,0.05183
00008204,0.59561,0.05153
00008205,0.54896,0.04323
00008206,0.81770,0.06071
00008207,0.81703,0.09121
00008208,0.52890,0.04268
00008209,0.34970,0.02824
00008210,0.33253,0.03276
00008211,0.87560,0.08056
00008212,0.53219,0.03451
00008213,0.96084,0.07715
00008214,0.50588,0.03237
00008215,0.64161,0.06141
00008216,0.42623,0.02999
00008217,0.70860,0.05539
00008218,0.65816,0.04438
00008219,1.38054,0.15843
00008220,1.73191,0.19656
00008221,0.41714,0.03420
00008222,0.26153,0.02630
00008223,0.81696,0.05458
00008224,0.24581,0.02550
00008225,0.87374,0.06646
00008226,1.15894,0.09728
00008227,0.31320,0.03215
00008228,0.81868,0.07460
00008229,0.41163,0.03034
00008230,0.36819,0.03363
00008231,0.48980,0.03494
00008232,0.35780,0.02771
00008233,0.39029,0.03437
00008234,0.21600,0.02725
00008235,1.10947,0.10932
00008236,0.44008,0.04784
00008237,0.33537,0.02876
00008238,0.54285,0.04621
00008239,0.37090,0.03238
00008240,0.45010,0.04340
00008241,0.64896,0.04819
00008242,0.80345,0.05207
00008243,0.30494,0.03450
00008244,1.00451,0.08371
00008245,0.34773,0.03894
00008246,0.40792,0.03227
00008247,0.45073,0.05042
00008248,0.65959,0.04723
00008249,0.60934,0.04338
00008250,0.28678,0.02699
00008251,0.29571,0.02889
00008252,1.61352,0.21756
00008253,0.82550,0.06091
00008254,0.46990,0.05047
00008255,0.40100,0.02909
00008256,0.47439,0.03285
00008257,0.74838,0.05520
00008258,1.69580,0.28551
00008259,0.56147,0.04354
00008260,0.36698,0.02680
00008261,0.65412,0.05388
00008262,0.89611,0.13443
00008263,0.55226,0.10277
00008264,0.42083,0.03272
00008265,0.88788,0.06201
00008266,0.77249,0.08295
00008267,0.36741,0.03143
00008268,0.61863,0.06530
00008269,0.71495,0.07555
00008270,0.71315,0.05377
00008271,0.70338,0.04502
00008272,0.59523,0.04538
00008273,0.44827,0.04678
00008274,0.55307,0.03952
00008275,0.80713,0.07353
00008276,0.66641,0.04773
00008277,0.24428,0.04005
00008278,2.58933,0.28489
00008279,1.58596,0.17247
00008280,0.40933,0.02744
00008281,0.86794,0.06621
00008282,0.47037,0.03825
00008283,1.63093,0.18050
00008284,0.98207,0.07291
00008285,0.28641,0.03330
00008286,0.45010,0.02899
00008287,0.77987,0.05158
00008288,0.69208,0.04574
00008289,1.00019,0.11673
00008290,1.78003,0.17769
00008291,0.52008,0.04623
00008292,0.46389,0.03176
00008293,0.69235,0.04294
00008294,0.87021,0.06198
00008295,1.31133,0.14287
00008296,1.19730,0.11023
00008297,0.23236,0.02924
00008298,1.17172,0.09776
00008299,1.61455,0.21104
00008300,0.50882,0.03500
00008301,0.52083,0.03657
00008302,0.22992,0.02557
00008303,0.27534,0.02986
00008304,0.70166,0.06897
00008305,0.64317,0.04478
00008306,0.68835,0.06004
00008307,0.34626,0.02855
00008308,0.41194,0.03246
00008309,0.30647,0.02498
00008310,2.27152,0.28204
00008311,0.62018,0.04373
00008312,0.52017,0.04360
00008313,0.95560,0.07972
00008314,0.75726,0.06097
00008315,0.31732,0.04139
00008316,0.40363,0.03788
00008317,0.94823,0.07137
00008318,1.21054,0.10882
00008319,0.53206,0.03894
00008320,0.46269,0.03256
00008321,1.68714,0.19026
00008322,0.44418,0.03926
00008323,1.90514,0.32984
00008324,0.53227,0.03610
00008325,0.29867,0.02656
00008326,0.82467,0.06801
00008327,0.64273,0.05215
00008328,1.06069,0.11164
00008329,0.24528,0.02660
00008330,0.97209,0.07952
00008331,0.39617,0.06111
00008332,1.22352,0.10965
00008333,0.83872,0.06691
00008334,0.29159,0.02597
00008335,1.71576,0.18741
00008336,0.76898,0.05493
00008337,0.52105,0.03426
00008338,0.47024,0.04105
00008339,3.19776,0.46372
00008340,0.46442,0.03161
00008341,0.23882,0.02825
00008342,1.08273,0.16045
00008343,1.37502,0.16716
00008344,0.43790,0.02861
00008345,0.57050,0.03909
00008346,0.65079,0.06448
00008347,0.91690,0.08524
00008348,0.29746,0.07723
00008349,0.42632,0.02776
00008350,1.13481,0.09320
00008351,0.52805,0.04423
00008352,0.48064,0.03527
00008353,1.33914,0.12371
00008354,1.50674,0.21014
00008355,0.35644,0.03057
00008356,0.37851,0.02693
00008357,0.90582,0.06145
00008358,0.77859,0.05822
00008359,0.78237,0.06123
00008360,1.15776,0.09058
00008361,0.31800,0.02501
00008362,0.48330,0.03230
00008363,0.75511,0.05922
00008364,0.39787,0.02672
00008365,0.41939,0.02777
00008366,0.88984,0.06875
00008367,0.63168,0.05070
00008368,0.74868,0.06323
00008369,0.61082,0.04134
00008370,1.46258,0.13720
00008371,0.61045,0.04740
00008372,0.68251,0.05979
00008373,0.44512,0.03062
00008374,0.33214,0.02540
00008375,0.42276,0.02994
00008376,0.44474,0.03120
00008377,0.47430,0.03660
00008378,0.71475,0.04746
00008379,0.30197,0.03690
00008380,0.91356,0.09270
00008381,1.29287,0.13546
00008382,0.28352,0.02997
00008383,0.71643,0.05423
00008384,0.53385,0.04100
00008385,0.53968,0.03704
00008386,0.57953,0.04386
00008387,0.59672,0.04715
00008388,0.68230,0.04320
00008389,1.23589,0.11259
00008390,0.25035,0.02428
00008391,0.29805,0.02511
00008392,1.00567,0.08998
00008393,0.23441,0.02704
00008394,1.69004,0.16875
00008395,1.37983,0.13457
00008396,0.45171,0.03757
00008397,2.02689,0.25490
00008398,1.00254,0.08320
00008399,0.55910,0.04506
00008400,1.07404,0.10705
00008401,0.78982,0.06503
00008402,1.35247,0.12697
00008403,1.55730,0.22313
00008404,0.57965,0.04647
00008405,0.64741,0.07398
00008406,0.79840,0.06881
00008407,1.03196,0.08910
00008408,0.18724,0.02692
00008409,0.44017,0.04084
00008410,1.15060,0.09405
00008411,0.37369,0.02676
00008412,1.00951,0.11948
00008413,0.70008,0.05211
00008414,0.21536,0.02590
00008415,1.50283,0.16916
00008416,0.19834,0.02975
00008417,0.93978,0.09786
00008418,0.57582,0.03646
00008419,0.40277,0.03337
00008420,0.49116,0.03246
00008421,0.73774,0.05317
00008422,0.29621,0.03025
00008423,0.32224,0.03048
00008424,0.97265,0.08134
00008425,1.70813,0.16489
00008426,0.46620,0.03550
00008427,1.72718,0.22900
00008428,0.45593,0.03245
00008429,0.58688,0.05459
00008430,0.30916,0.02756
00008431,0.38333,0.03153
00008432,0.40327,0.02925
00008433,0.40295,0.03822
00008434,1.31038,0.14131
00008435,0.32671,0.02532
00008436,0.60549,0.03918
00008437,0.48907,0.03865
00008438,0.50504,0.03738
00008439,1.26089,0.12522
00008440,0.28652,0.02869
00008441,1.64362,0.16615
00008442,0.33511,0.02475
00008443,0.19466,0.02537
00008444,0.79792,0.08589
00008445,0.49786,0.04964
00008446,1.08751,0.08469
00008447,0.26812,0.02699
00008448,0.24126,0.02853
00008449,0.22515,0.02414
00008450,0.93606,0.10563
00008451,0.90097,0.06734
00008452,0.27600,0.03818
00008453,0.93714,0.07525
00008454,1.98684,0.25162
00008455,0.53485,0.03744
00008456,0.66457,0.08143
00008457,0.47983,0.04371
00008458,1.55158,0.17060
00008459,0.56412,0.04144
00008460,0.97398,0.13377
00008461,0.31350,0.03740
00008462,0.38379,0.03021
00008463,0.30889,0.02552
00008464,0.30448,0.02475
00008465,0.82156,0.07656
00008466,0.65499,0.21757
00008467,0.67950,0.04307
00008468,0.69295,0.05058
00008469,0.84421,0.07524
00008470,0.58887,0.04016
00008471,0.84416,0.07240
00008472,0.57829,0.11114
00008473,0.87975,0.07060
00008474,0.37176,0.02660
00008475,0.43206,0.02897
00008476,0.61002,0.04266
00008477,0.47257,0.04294
00008478,0.40971,0.03469
00008479,0.82552,0.06108
00008480,0.38157,0.03934
00008481,0.62641,0.05042
00008482,0.44517,0.04595
00008483,0.82366,0.07910
00008484,2.11954,0.23771
00008485,0.83428,0.06750
00008486,0.28223,0.02901
00008487,0.92944,0.07530
00008488,0.32949,0.03109
00008489,0.28015,0.06101
00008490,0.24048,0.05013
00008491,0.45666,0.03092
00008492,0.98470,0.12676
00008493,0.72549,0.05300
00008494,1.04127,0.09025
00008495,0.38989,0.02597
00008496,0.63300,0.04666
00008497,0.38590,0.03660
00008498,0.88990,0.08482
00008499,1.75382,0.16627
00008500,1.36585,0.14758
00008501,0.75734,0.05983
00008502,0.54906,0.03464
00008503,0.42905,0.07425
00008504,0.32515,0.03579
00008505,0.52664,0.04586
00008506,0.89608,0.07827
00008507,0.35475,0.03442
00008508,0.40914,0.03411
00008509,0.66527,0.05766
00008510,0.37284,0.04004
00008511,0.62062,0.06766
00008512,0.67817,0.05781
00008513,0.47205,0.03581
00008514,0.63010,0.05650
00008515,0.87371,0.13888
00008516,0.95595,0.06646
00008517,2.10286,0.25722
00008518,2.85885,0.35777
00008519,0.48883,0.03229
00008520,1.17871,0.11252
00008521,0.32542,0.02819
00008522,0.57922,0.04382
00008523,1.75350,0.17891
00008524,1.14893,0.17555
00008525,0.44945,0.02963
00008526,0.61050,0.06115
00008527,0.62462,0.04231
00008528,1.02875,0.08347
00008529,0.27166,0.02880
00008530,0.58338,0.04714
00008531,0.73577,0.05146
00008532,1.03839,0.13331
00008533,0.50162,0.04331
00008534,0.50152,0.04714
00008535,0.33696,0.03019
00008536,0.62494,0.04581
00008537,0.70266,0.05250
00008538,0.56036,0.05601
00008539,0.42651,0.03346
00008540,0.67526,0.04500
00008541,0.80035,0.05329
00008542,0.64398,0.05745
00008543,0.94819,0.08152
00008544,0.51342,0.05365
00008545,1.00067,0.08744
00008546,0.21799,0.02931
00008547,2.34439,0.32796
00008548,0.91255,0.06481
00008549,0.36942,0.02971
00008550,0.56906,0.03903
00008551,0.49182,0.04292
00008552,0.80135,0.05706
00008553,1.58771,0.16374
00008554,1.57742,0.16242
00008555,0.50509,0.03676
00008556,0.27934,0.02676
00008557,0.87362,0.07022
00008558,1.16221,0.11368
00008559,1.89137,0.26625
00008560,2.72012,0.33227
00008561,0.22316,0.03192
00008562,0.46920,0.03929
00008563,0.58123,0.04242
00008564,0.48624,0.03282
00008565,1.41087,0.15945
00008566,1.34841,0.12029
00008567,0.47812,0.03168
00008568,0.62819,0.05125
00008569,0.24896,0.02616
00008570,0.90325,0.08203
00008571,0.60697,0.04351
00008572,0.26826,0.02810
00008573,0.66379,0.05061
00008574,0.62879,0.04595
00008575,1.04691,0.12082
00008576,0.54004,0.04227
00008577,0.94406,0.08418
00008578,0.58506,0.05453
00008579,1.30902,0.13636
00008580,0.59880,0.04253
00008581,0.70813,0.08096
00008582,0.87179,0.06298
00008583,0.68925,0.05956
00008584,1.37046,0.12491
00008585,0.59129,0.04576
00008586,0.90145,0.06768
00008587,0.60868,0.04674
00008588,0.42629,0.03575
00008589,0.24443,0.02514
00008590,0.60881,0.04098
00008591,0.35274,0.02709
00008592,1.30395,0.11429
00008593,0.41809,0.03401
00008594,1.17392,0.12333
00008595,0.43837,0.03470
00008596,0.92100,0.08069
00008597,1.53709,0.14307
00008598,0.82717,0.05831
00008599,1.27582,0.10769
00008600,1.13799,0.09158
00008601,1.53428,0.15606
00008602,0.40839,0.03336
00008603,0.83219,0.05504
00008604,0.61387,0.04009
00008605,0.26004,0.03537
00008606,1.36287,0.12207
00008607,0.48161,0.03939
00008608,0.29780,0.02909
00008609,0.95818,0.08117
00008610,0.89947,0.10753
00008611,0.54891,0.04276
00008612,0.42013,0.02934
00008613,0.27510,0.02460
00008614,0.57127,0.05212
00008615,0.46938,0.03292
00008616,0.53312,0.03801
00008617,0.88224,0.06348
00008618,0.59701,0.04867
00008619,1.20806,0.16101
00008620,0.36000,0.03254
00008621,0.23572,0.03086
00008622,0.46362,0.02977
00008623,0.55714,0.04418
00008624,1.30255,0.12538
00008625,0.28441,0.02927
00008626,1.04189,0.08687
00008627,0.35620,0.03473
00008628,1.84276,0.18526
00008629,0.63120,0.06759
00008630,0.49404,0.05538
00008631,2.09198,0.27000
00008632,0.57884,0.04345
00008633,0.42493,0.03471
00008634,0.54163,0.04115
00008635,1.80273,0.20215
00008636,0.41727,0.03722
00008637,1.00312,0.41785
00008638,0.84420,0.07476
00008639,1.07115,0.24343
00008640,0.50739,0.03507
00008641,1.21583,0.15232
00008642,2.10126,0.21928
00008643,0.94330,0.08415
00008644,0.27127,0.04392
00008645,0.88641,0.08022
00008646,0.28376,0.02741
00008647,0.34934,0.02638
00008648,0.48386,0.03179
00008649,0.66628,0.07020
00008650,0.52083,0.03628
00008651,2.06304,0.20927
00008652,0.49494,0.04078
00008653,0.48002,0.03590
00008654,0.52080,0.03970
00008655,0.43524,0.03139
00008656,0.91753,0.09500
00008657,0.37245,0.02776
00008658,1.32045,0.12896
00008659,1.52313,0.15640
00008660,0.85238,0.09833
00008661,0.75025,0.05871
00008662,0.82344,0.07048
00008663,1.25509,0.14139
00008664,0.88762,0.06463
00008665,0.35622,0.02863
00008666,0.41688,0.02793
00008667,1.22433,0.11930
00008668,0.88525,0.11198
00008669,1.62495,0.47499
00008670,0.56654,0.06820
00008671,0.29897,0.03656
00008672,0.69756,0.06508
00008673,0.41841,0.02960
00008674,0.95060,0.08844
00008675,2.06819,0.24726
00008676,0.85113,0.09281
00008678,0.72513,0.05642
00008679,1.04085,0.10128
00008680,1.27193,0.11085
00008681,0.97231,0.08601
00008682,0.76913,0.06599
00008683,1.07682,0.09273
00008684,0.70820,0.07235
00008685,2.24127,0.31593
00008686,0.84634,0.06500
00008687,0.72188,0.06008
00008688,1.33594,0.11834
00008689,0.66522,0.05700
00008690,0.81201,0.05916
00008691,0.32983,0.03143
00008692,0.62557,0.04680
00008693,0.47118,0.04797
00008694,0.31809,0.03419
00008695,0.74261,0.05473
00008696,0.82993,0.05868
00008697,0.61417,0.05726
00008698,0.59869,0.04091
00008699,0.32915,0.03142
00008700,0.66612,0.05887
00008701,0.63743,0.05321
00008702,0.67809,0.04915
00008703,0.42616,0.03370
00008704,0.28872,0.02434
00008705,0.84204,0.06883
00008706,0.27827,0.02602
00008707,1.05149,0.10543
00008708,0.89243,0.07371
00008709,0.56434,0.04725
00008710,0.74005,0.05724
00008711,0.35257,0.02613
00008712,0.64188,0.04859
00008713,1.60672,0.18374
00008714,0.37111,0.02738
00008715,0.35241,0.02876
00008716,0.63579,0.04409
00008717,1.90614,0.20686
00008718,0.19884,0.02989
00008719,0.43262,0.07757
00008720,0.62480,0.04947
00008721,1.42376,0.22802
00008722,0.57728,0.03852
00008723,0.20222,0.03240
00008724,0.67957,0.04697
00008725,0.51816,0.04108
00008726,1.25033,0.11854
00008727,1.44703,0.13968
00008728,0.51825,0.04046
00008729,0.33577,0.02521
00008730,1.56330,0.14704
00008731,0.59895,0.03919
00008732,0.25275,0.02691
00008733,0.50777,0.05416
00008734,0.49317,0.10365
00008735,0.22815,0.02608
00008736,0.31617,0.02533
00008737,1.39068,0.25771
00008738,0.88934,0.08812
00008739,1.26242,0.12383
00008740,0.26218,0.02466
00008741,0.30288,0.02566
00008742,0.37280,0.03361
00008743,0.50972,0.05046
00008744,1.54433,0.17263
00008745,1.05662,0.08459
00008746,0.25216,0.02752
00008747,1.48776,0.14067
00008748,0.47329,0.03218
00008749,0.50837,0.04120
00008750,0.73911,0.05999
00008751,0.85625,0.06071
00008752,0.85800,0.06624
00008753,0.21609,0.02535
00008755,0.74223,0.04927
00008756,0.38347,0.03233
00008757,0.72483,0.05089
00008758,0.52317,0.04117
00008759,0.56412,0.05699
00008760,1.04837,0.09866
00008761,0.90164,0.06966
00008762,0.67539,0.05313
00008763,0.49866,0.03642
00008764,0.23436,0.02471
00008765,0.52083,0.04019
00008766,0.24883,0.02508
00008767,0.52669,0.05288
00008768,0.59477,0.04298
00008769,0.27881,0.02704
00008770,0.93930,0.07042
00008771,0.61425,0.13465
00008772,1.22647,0.11485
00008773,0.41459,0.03313
00008774,1.56536,0.18192
00008775,1.11472,0.08959
00008776,0.41315,0.03544
00008777,0.93967,0.09514
00008778,1.51604,0.13664
00008779,0.37238,0.03532
00008780,0.67362,0.06838
00008781,0.62183,0.04890
00008782,0.65588,0.05124
00008783,1.00788,0.09257
00008784,0.58590,0.04615
00008785,0.63104,0.05417
00008786,2.16662,0.28506
00008787,0.93482,0.21691
00008788,0.76595,0.05898
00008789,0.67087,0.05869
00008790,0.79648,0.05412
00008791,0.90149,0.07386
00008792,0.74037,0.04794
00008793,2.00992,0.22628
00008794,0.22228,0.02657
00008795,0.68551,0.04907
00008796,1.95036,0.21576
00008797,0.49609,0.03272
00008798,0.57835,0.04129
00008799,0.71256,0.06582
00008800,1.03633,0.19894
00008801,0.81627,0.09700
00008802,1.61884,0.16645
00008803,0.51224,0.03332
00008804,0.22540,0.02332
00008805,0.66350,0.04885
00008806,1.55523,0.17408
00008807,0.32312,0.02839
00008808,0.48793,0.04084
00008809,0.89168,0.07698
00008810,0.55592,0.05090
00008811,0.48705,0.06057
00008812,1.16373,0.11734
00008813,0.61337,0.06255
00008814,0.71185,0.05442
00008815,1.22707,0.13134
00008816,0.46125,0.03801
00008817,0.47371,0.03866
00008818,0.73932,0.07378
00008819,0.75089,0.05681
00008820,0.47566,0.03517
00008821,0.66401,0.05720
00008822,0.94588,0.06935
00008823,0.44768,0.03316
00008824,0.54573,0.03419
00008825,0.44405,0.02955
00008826,0.80895,0.05267
00008827,0.46495,0.03668
00008828,0.51576,0.03313
00008829,0.34937,0.03032
00008830,0.88944,0.06802
00008831,0.56583,0.04182
00008832,0.88382,0.08608
00008833,1.12355,0.11747
00008834,0.52493,0.03689
00008835,0.55006,0.04255
00008836,0.72789,0.04628
00008837,0.96350,0.10856
00008838,0.37454,0.03850
00008839,1.69996,0.18649
00008840,0.65068,0.04984
00008841,0.82948,0.07508
00008842,0.99213,0.10910
00008843,2.57547,0.29203
00008844,0.76020,0.05242
00008845,0.28150,0.02804
00008846,0.71375,0.08655
00008847,0.80622,0.06137
00008848,0.36837,0.03312
00008849,1.44143,0.14588
00008850,0.85412,0.07123
00008851,0.35303,0.02483
00008852,0.21679,0.02771
00008853,0.36072,0.02774
00008854,0.86532,0.06423
00008855,2.39391,0.29696
00008856,0.52300,0.03842
00008857,0.73025,0.08173
00008858,0.76616,0.06422
00008859,1.91789,0.21213
00008860,0.88138,0.07408
00008861,0.52378,0.03489
00008862,1.99548,0.21633
00008863,0.69063,0.06269
00008864,1.01362,0.09760
00008865,1.73456,0.50052
00008866,0.69932,0.08802
00008867,0.52291,0.04833
00008868,0.36503,0.03189
00008869,0.61305,0.03860
00008870,0.39661,0.03180
00008871,0.26009,0.02875
00008872,0.60745,0.04149
00008873,0.99276,0.09019
00008874,0.46479,0.03101
00008875,1.00082,0.08152
00008876,0.63346,0.06489
00008877,1.25439,0.10200
00008878,0.47519,0.05593
00008879,0.71938,0.08629
00008880,1.22231,0.09871
00008881,1.68247,0.17604
00008882,0.38487,0.02615
00008883,0.27894,0.02676
00008884,1.18920,0.19616
00008885,0.88842,0.06969
00008886,0.19803,0.03926
00008887,0.70696,0.04593
00008888,1.02603,0.30518
00008889,0.86912,0.05897
00008890,1.84913,0.27047
00008891,1.22110,0.15729
00008892,0.45604,0.03161
00008893,0.53066,0.03618
00008894,0.79459,0.06907
00008895,0.58302,0.05952
00008896,0.47306,0.03214
00008897,0.79317,0.06539
00008898,1.06033,0.09937
00008899,0.63136,0.04681
00008900,1.96416,0.24279
00008901,0.48236,0.04492
00008902,0.22018,0.03283
00008903,0.51050,0.03829
00008904,0.60361,0.04894
00008905,0.37432,0.04178
00008906,0.50590,0.05196
00008907,0.99215,0.11649
00008908,0.50511,0.03530
00008909,0.53192,0.03846
00008910,0.68797,0.06000
00008911,1.26544,0.12432
00008912,0.69874,0.05295
00008913,0.32791,0.03045
00008914,0.64949,0.04884
00008915,0.32823,0.02560
00008916,0.79029,0.05782
00008917,0.44252,0.03272
00008918,0.27342,0.03054
00008919,0.68315,0.06358
00008920,0.50690,0.03475
00008921,0.68468,0.04918
00008922,1.02391,0.08202
00008923,0.69907,0.12499
00008924,0.67789,0.05076
00008925,0.51384,0.04288
00008926,0.69623,0.05488
00008927,0.76430,0.05533
00008928,1.79878,0.21707
00008929,0.19241,0.02683
00008930,0.53538,0.04000
00008931,0.28841,0.02525
00008932,1.00827,0.08271
00008933,2.14728,0.23150
00008934,0.29096,0.02801
00008935,1.98799,0.19945
00008936,0.44944,0.04353
00008937,1.34001,0.11599
00008938,0.30158,0.03064
00008939,1.12878,0.12269
00008940,0.94596,0.10786
00008941,0.70912,0.06182
00008942,0.59832,0.05200
00008943,1.05950,0.14085
00008944,0.65089,0.04160
00008945,0.55714,0.04550
00008946,0.90048,0.07207
00008947,0.43834,0.03170
00008948,1.21976,0.10699
00008949,2.22211,0.31566
00008950,0.25703,0.02683
00008951,0.22494,0.06972
00008952,0.32694,0.03278
00008953,0.93867,0.06480
00008954,2.48183,0.36718
00008955,0.79491,0.07292
00008956,1.07005,0.12311
00008957,0.49916,0.03607
00008958,0.82777,0.06093
00008959,1.68408,0.16701
00008960,0.93274,0.07787
00008961,1.36953,0.16895
00008962,0.36768,0.02779
00008963,1.35702,0.12137
00008964,0.78183,0.06279
00008965,0.97570,0.10000
00008966,0.64773,0.04556
00008967,0.67279,0.05380
00008968,0.26752,0.03075
00008969,3.23595,0.41776
00008970,0.66281,0.05311
00008971,0.30828,0.03094
00008972,0.98889,0.13804
00008973,1.09169,0.08108
00008974,0.43143,0.02879
00008975,1.61515,0.17508
00008976,0.59430,0.04277
00008977,0.47194,0.03255
00008978,0.36760,0.03021
00008979,1.34875,0.12254
00008980,0.51877,0.07075
00008981,0.64487,0.04711
00008982,0.43683,0.03084
00008983,1.45869,0.13351
00008984,1.41202,0.13278
00008985,0.47977,0.03417
00008986,1.02023,0.25115
00008987,1.21691,0.13874
00008988,0.33782,0.03226
00008989,0.52036,0.04870
00008990,1.06565,0.08259
00008991,0.74263,0.05240
00008992,0.50398,0.05091
00008993,0.64877,0.05187
00008994,0.76058,0.05302
00008995,0.47950,0.03542
00008996,0.22356,0.03483
00008997,0.43524,0.02872
00008998,0.50595,0.04222
00008999,1.34227,0.14540
00009000,1.56511,0.21377
00009001,0.26609,0.03180
00009002,0.54206,0.04877
00009003,0.34774,0.02706
00009004,0.60664,0.03720
00009005,0.43786,0.03211
00009006,1.44477,0.15684
00009007,0.61000,0.05312
00009008,0.41035,0.02841
00009009,0.56464,0.06010
00009010,0.73841,0.05006
00009011,0.56571,0.04026
00009012,0.65193,0.04459
00009013,0.70442,0.05599
00009014,0.69164,0.05076
00009015,1.07877,0.12672
00009016,0.49176,0.03302
00009017,0.75401,0.06529
00009018,0.57762,0.03786
00009019,0.56122,0.03648
00009020,0.64671,0.04927
00009021,0.44160,0.04388
00009022,0.49611,0.04684
00009023,2.06704,0.22296
00009024,0.62777,0.04890
00009025,0.64895,0.04538
00009026,0.25239,0.02468
00009027,0.55624,0.04537
00009028,0.51837,0.03533
00009029,0.74483,0.05320
00009030,0.45079,0.02985
00009031,0.87872,0.06323
00009032,0.69416,0.04318
00009033,0.46078,0.03365
00009034,0.25487,0.02584
00009035,0.43051,0.02835
00009036,1.65572,0.18637
00009037,0.42847,0.03220
00009038,0.26854,0.02699
00009039,2.67306,0.36586
00009040,1.32986,0.11723
00009041,1.27481,0.12483
00009042,0.48618,0.04274
00009043,0.43494,0.03776
00009044,0.53776,0.04285
00009045,0.73098,0.05717
00009046,0.37069,0.02712
00009047,0.99614,0.07585
00009048,0.30133,0.02623
00009049,1.12342,0.13788
00009050,0.92081,0.08129
00009051,0.44072,0.03840
00009052,2.22390,0.22845
00009053,0.88825,0.11864
00009054,0.31424,0.03190
00009055,2.07103,0.28755
00009056,0.25558,0.02612
00009057,0.74928,0.06957
00009058,0.36422,0.02708
00009059,0.59374,0.06033
00009060,0.36412,0.03584
00009061,0.90421,0.18239
00009062,1.39315,0.13720
00009063,0.43308,0.02850
00009064,1.00095,0.09399
00009065,0.86260,0.07555
00009066,0.22061,0.02607
00009067,0.47704,0.03526
00009068,1.37400,0.13881
00009069,0.25127,0.02427
00009070,0.60611,0.04432
00009071,0.26174,0.02390
00009072,0.49259,0.03278
00009073,0.76233,0.06240
00009074,2.97935,0.37608
00009075,0.78533,0.05573
00009076,0.42407,0.04243
00009077,0.38402,0.03298
00009078,0.42569,0.04304
00009079,0.79046,0.09163
00009080,0.50392,0.04191
00009081,0.72908,0.04555
00009082,0.97476,0.09185
00009083,0.61831,0.04163
00009084,0.60105,0.04340
00009085,0.76863,0.06998
00009086,0.51733,0.04539
00009087,0.52688,0.04874
00009088,2.01750,0.29269
00009089,0.59659,0.04113
00009090,0.43708,0.03073
00009091,0.47409,0.03701
00009092,0.57913,0.04461
00009093,0.58081,0.03718
00009094,2.94449,0.38664
00009095,0.42579,0.02747
00009096,0.34071,0.02747
00009097,0.71351,0.05564
00009098,1.38988,0.28830
00009099,0.46947,0.03193
00009100,1.18243,0.11312
00009101,0.35981,0.02568
00009102,0.94209,0.11784
00009103,1.89353,0.20567
00009104,0.75155,0.06734
00009105,0.48846,0.03594
00009106,0.55936,0.03921
00009107,0.69134,0.04976
00009108,0.50690,0.04336
00009109,1.15722,0.12010
00009110,0.28169,0.02640
00009111,0.67731,0.04511
00009112,0.58135,0.05344
00009113,0.82896,0.05924
00009114,1.04227,0.09757
00009115,0.51338,0.03443
00009116,0.72818,0.05972
00009117,0.80089,0.07703
00009118,0.60476,0.04366
00009119,1.53592,0.16576
00009120,0.81933,0.08347
00009121,0.30780,0.03010
00009122,0.71212,0.05059
00009123,1.17542,0.09738
00009124,0.29894,0.03262
00009125,1.16759,0.10254
00009126,0.27861,0.02707
00009127,0.65464,0.04386
00009128,0.41210,0.02885
00009129,0.77569,0.05990
00009130,0.96659,0.07453
00009131,1.73437,0.18436
00009132,1.10622,0.10400
00009133,0.81990,0.09439
00009134,0.84082,0.06847
00009135,0.34154,0.04270
00009136,1.60438,0.14940
00009137,0.33410,0.02730
00009138,1.56637,0.17782
00009139,0.52128,0.05913
00009140,0.71014,0.06682
00009141,0.74661,0.07564
00009142,0.49750,0.03436
00009143,1.85234,0.18552
00009144,0.24840,0.02348
00009145,0.38960,0.03601
00009146,1.30259,0.11791
00009147,0.36093,0.02717
00009148,0.61493,0.04071
00009149,0.24089,0.05653
00009150,0.24243,0.02693
00009151,1.26058,0.11508
00009152,0.47634,0.04974
00009153,0.28624,0.02978
00009154,0.41553,0.02854
00009155,0.60290,0.04276
00009156,1.60150,0.19677
00009157,2.35931,0.26247
00009158,0.36422,0.03283
00009159,0.34457,0.02995
00009160,0.66543,0.04753
00009161,0.84339,0.15329
00009162,0.39024,0.05463
00009163,0.82638,0.05677
00009164,0.72235,0.06273
00009165,0.55120,0.04846
00009166,1.10158,0.11356
00009167,0.59119,0.04168
00009168,0.30130,0.02968
00009169,0.79084,0.05307
00009170,0.48164,0.03242
00009171,0.52188,0.04153
00009172,0.49636,0.03492
00009173,0.27920,0.03586
00009174,0.50253,0.03937
00009175,0.33194,0.03243
00009176,0.51985,0.03299
00009177,0.95273,0.12293
00009178,0.92254,0.08112
00009179,1.07723,0.09001
00009180,0.40804,0.02951
00009181,0.80874,0.06366
00009182,1.57512,0.21564
00009183,0.31561,0.03096
00009184,0.42095,0.02942
00009185,0.47491,0.03773
00009186,0.46578,0.05038
00009187,1.00985,0.07995
00009188,0.79073,0.07007
00009189,0.37508,0.02881
00009190,2.08523,0.28923
00009191,0.94149,0.09315
00009192,0.28718,0.04471
00009193,0.58032,0.04801
00009194,1.21207,0.12964
00009195,1.00643,0.26223
00009196,1.10851,0.12935
00009197,0.78871,0.09850
00009198,0.44063,0.04148
00009199,0.64019,0.06541
00009200,0.32321,0.02920
00009201,0.50698,0.05098
00009202,0.50296,0.04753
00009203,0.50617,0.03531
00009204,1.95123,0.27853
00009205,0.79315,0.06408
00009206,0.46219,0.04839
00009207,0.73553,0.05978
00009208,0.38389,0.03958
00009209,1.11590,0.09636
00009210,0.86847,0.09415
00009211,1.95125,0.28924
00009212,1.59121,0.29698
00009213,0.71633,0.05761
00009214,0.47852,0.03219
00009215,0.45520,0.03814
00009216,0.48736,0.03323
00009217,0.47234,0.03443
00009218,0.80827,0.07159
00009219,0.38605,0.03414
00009220,0.34353,0.05257
00009221,0.44567,0.03052
00009222,0.25816,0.03097
00009223,0.59598,0.06416
00009224,0.73018,0.06828
00009225,0.29185,0.02473
00009226,0.31445,0.02462
00009227,0.40337,0.05268
00009228,0.72599,0.06067
00009229,0.61650,0.04707
00009230,0.43434,0.03228
00009231,1.58224,0.14532
00009232,1.29486,0.11151
00009233,1.76546,0.23029
00009234,0.41209,0.03024
00009235,0.41728,0.02721
00009236,0.32754,0.02788
00009237,0.68059,0.04331
00009238,1.18313,0.10609
00009239,0.23696,0.02669
00009240,0.77863,0.06590
00009241,0.43964,0.04928
00009242,0.21860,0.03276
00009243,1.14145,0.09823
00009244,0.67331,0.05128
00009245,0.71371,0.05946
00009246,0.61332,0.04816
00009247,0.82715,0.05440
00009248,0.23384,0.03319
00009249,0.67710,0.06012
00009250,0.28078,0.02896
00009251,1.00082,0.09379
00009252,0.76355,0.06740
00009253,0.75000,0.05183
00009254,0.93299,0.15983
00009255,2.38832,0.29060
00009256,0.33446,0.02744
00009257,0.25158,0.02521
00009258,1.75689,0.17787
00009259,2.04532,0.25128
00009260,0.24908,0.03257
00009261,0.78995,0.07193
00009262,0.28778,0.02909
00009263,1.89194,0.22235
00009264,0.42928,0.03019
00009265,0.68503,0.05168
00009266,0.48516,0.03359
00009267,0.35048,0.02928
00009268,0.18776,0.02944
00009269,1.70210,0.18556
00009270,0.75747,0.07699
00009271,0.82645,0.06028
00009272,0.91247,0.06544
00009273,0.49017,0.03508
00009274,0.55949,0.04170
00009275,0.87083,0.07698
00009276,0.84255,0.06458
00009277,0.68312,0.06576
00009278,1.46548,0.15420
00009279,0.72818,0.05364
00009280,0.35974,0.02678
00009281,0.46555,0.03642
00009282,0.45341,0.04488
00009283,0.56763,0.04207
00009284,0.35483,0.03430
00009285,0.68868,0.05451
00009286,0.56718,0.05030
00009287,0.57602,0.04438
00009288,0.57732,0.05525
00009289,0.23734,0.02787
00009290,0.55931,0.05645
00009291,0.30896,0.02759
00009292,0.43888,0.04354
00009293,0.48958,0.05401
00009294,0.50709,0.04399
00009295,0.81884,0.07779
00009296,0.45874,0.03407
00009297,0.17308,0.02774
00009298,0.86952,0.19847
00009299,0.62833,0.07341
00009300,1.08722,0.11633
00009301,1.39793,0.12006
00009302,2.84932,0.40354
00009303,0.67185,0.04357
00009304,0.89191,0.06528
00009305,0.52359,0.04856
00009306,0.67784,0.06374
00009307,0.26215,0.02728
00009308,0.62590,0.04317
00009309,0.62329,0.11509
00009310,0.61591,0.04317
00009311,1.13171,0.08721
00009312,0.31157,0.02498
00009313,0.49539,0.04718
00009314,0.35610,0.02821
00009315,0.40613,0.04050
00009316,0.92279,0.07746
00009317,0.24370,0.02487
00009318,0.58934,0.05005
00009319,0.59273,0.04382
00009320,0.33205,0.03002
00009321,0.47746,0.03164
00009322,0.42276,0.03020
00009323,0.21768,0.03573
00009324,1.00981,0.10886
00009325,1.06721,0.08243
00009326,0.42097,0.03385
00009327,1.12139,0.08527
00009328,0.71319,0.05265
00009329,0.63033,0.07179
00009330,0.54833,0.04355
00009331,0.51312,0.03646
00009332,0.70715,0.06642
00009333,0.57453,0.06997
00009334,0.41603,0.02782
00009335,0.85065,0.06133
00009336,0.45408,0.04366
00009337,0.70647,0.05583
00009338,0.48950,0.03741
00009339,0.43377,0.03302
00009340,0.23481,0.02641
00009341,0.26627,0.03142
00009342,0.91546,0.07568
00009343,0.22955,0.03170
00009344,0.42528,0.02817
00009345,0.87115,0.07702
00009346,0.16417,0.03004
00009347,0.36718,0.03400
00009348,1.58882,0.16882
00009349,0.69175,0.05854
00009350,1.32337,0.12903
00009351,0.75374,0.04798
00009352,0.28056,0.04120
00009353,0.26916,0.02996
00009354,0.88759,0.08564
00009355,1.01973,0.08351
00009356,1.31372,0.21580
00009357,0.68715,0.04496
00009358,0.78013,0.05439
00009359,0.53404,0.04556
00009360,1.66073,0.16468
00009361,0.71998,0.05896
00009362,0.44142,0.03310
00009363,1.49258,0.15442
00009364,0.82883,0.07190
00009365,0.91867,0.07878
00009366,0.69043,0.05068
00009367,0.56005,0.03992
00009368,0.65399,0.04211
00009369,0.80248,0.05776
00009370,0.37764,0.03218
00009371,0.43496,0.03239
00009372,0.46775,0.03671
00009373,0.69867,0.04695
00009374,0.66476,0.05499
00009375,0.50135,0.03408
00009376,0.47100,0.05699
00009377,0.25764,0.02754
00009378,0.87610,0.07385
00009379,0.76569,0.05393
00009380,0.53794,0.05210
00009381,1.49415,0.16016
00009382,0.56727,0.07357
00009383,1.36636,0.18823
00009384,0.75961,0.06841
00009385,0.28031,0.02587
00009386,1.23208,0.11394
00009387,0.33949,0.03848
00009388,0.65220,0.04077
00009389,1.60855,0.18458
00009390,0.47523,0.03428
00009391,0.28566,0.03103
00009392,0.54477,0.04225
00009393,0.71791,0.06029
00009394,0.21294,0.03203
00009395,1.12567,0.11431
00009396,0.88517,0.07728
00009397,0.66591,0.05390
00009398,0.54591,0.04997
00009399,0.63249,0.05794
00009400,1.35300,0.17013
00009401,1.67412,0.17866
00009402,0.81309,0.06807
00009403,0.81044,0.06622
00009404,0.48896,0.03840
00009405,0.38195,0.03137
00009406,1.38215,0.15618
00009407,0.50145,0.03693
00009408,0.53053,0.05988
00009409,0.54405,0.03420
00009410,0.85978,0.07539
00009411,0.32833,0.02756
00009412,0.79249,0.06922
00009413,0.41704,0.03402
00009414,0.65639,0.04784
00009415,0.56380,0.05068
00009416,0.92469,0.08133
00009417,1.06996,0.08632
00009418,0.43205,0.03101
00009419,0.31768,0.02735
00009420,1.21348,0.11264
00009421,1.41079,0.15873
00009422,0.36835,0.04764
00009423,0.44226,0.03070
00009424,1.56855,0.17921
00009425,1.37092,0.15145
00009426,0.64526,0.05180
00009427,0.27313,0.02542
00009428,0.54915,0.05580
00009429,0.73092,0.05191
00009430,0.97983,0.10574
00009432,0.31920,0.07622
00009433,0.95191,0.08725
00009434,0.92298,0.17929
00009435,1.15661,0.09314
00009436,0.35825,0.02874
00009437,0.85905,0.10363
00009438,0.69649,0.04622
00009439,1.37234,0.16522
00009440,1.30102,0.12301
00009441,0.41367,0.02942
00009442,0.24089,0.02592
00009443,1.68635,0.24817
00009444,0.38460,0.03056
00009445,0.28258,0.03212
00009446,2.05084,0.23019
00009447,0.54149,0.05221
00009448,0.46515,0.03539
00009449,0.36267,0.02668
00009450,0.56529,0.05005
00009451,0.44701,0.03377
00009452,0.47717,0.04516
00009453,0.89539,0.06534
00009454,0.38439,0.02764
00009455,2.39524,0.29704
00009456,0.68675,0.05636
00009457,1.17928,0.11695
00009458,0.66226,0.08553
00009459,0.52430,0.04525
00009460,1.48935,0.18240
00009461,0.87579,0.09955
00009462,0.20990,0.03745
00009463,0.85149,0.05939
00009464,0.58278,0.03827
00009465,1.46395,0.14990
00009466,0.36928,0.04817
00009467,0.52309,0.05264
00009468,0.26337,0.03270
00009469,0.27748,0.02894
00009470,0.50094,0.05324
00009471,0.34329,0.04713
00009472,0.19520,0.02751
00009473,0.25065,0.03359
00009474,1.04997,0.10502
00009475,1.60582,0.15656
00009476,0.30430,0.03720
00009477,1.23996,0.10831
00009478,0.67592,0.06121
00009479,0.51567,0.04747
00009480,0.33528,0.03710
00009481,0.61342,0.06715
00009482,0.40299,0.03261
00009483,1.03164,0.09527
00009484,0.89661,0.09320
00009485,1.67757,0.30783
00009486,0.73645,0.05005
00009487,0.41152,0.04558
00009488,0.51136,0.04332
00009489,1.05324,0.10081
00009490,0.37009,0.02635
00009491,0.48455,0.03233
00009492,0.76951,0.05772
00009493,0.73106,0.06199
00009494,1.96984,0.19630
00009495,0.39627,0.03170
00009496,0.58577,0.04579
00009497,0.91334,0.07232
00009498,0.41050,0.04077
00009499,1.02981,0.09870
00009500,0.37541,0.02738
00009501,0.99189,0.09874
00009502,0.50774,0.03551
00009503,0.73297,0.06443
00009504,1.83636,0.19048
00009505,0.44936,0.03324
00009506,0.79774,0.05388
00009507,0.61722,0.06092
00009508,1.03672,0.10162
00009509,1.32623,0.12036
00009510,0.61599,0.04133
00009511,0.50733,0.03307
00009512,0.35294,0.03969
00009513,0.27620,0.03024
00009514,0.54945,0.04208
00009515,0.88856,0.09402
00009516,0.36254,0.02517
00009517,0.87296,0.07214
00009518,0.57066,0.05300
00009519,0.79529,0.04899
00009520,0.60625,0.04429
00009521,0.64026,0.04754
00009522,0.38515,0.05335
00009523,1.85209,0.18572
00009524,1.72746,0.22668
00009525,0.76320,0.05980
00009526,0.58843,0.04100
00009527,1.13021,0.10799
00009528,0.59789,0.04772
00009529,0.48575,0.04226
00009530,0.94071,0.07909
00009531,0.35662,0.02903
00009532,2.18756,0.24907
00009533,0.47856,0.04036
00009534,1.04366,0.09567
00009535,2.61747,0.29384
00009536,1.76553,0.16678
00009537,1.13137,0.15351
00009538,0.70194,0.04764
00009539,0.83287,0.08136
00009540,0.53594,0.03698
00009541,1.39671,0.13657
00009542,0.47479,0.03725
00009543,0.40984,0.05775
00009544,0.89266,0.07626
00009545,0.40680,0.03453
00009546,0.30965,0.02983
00009547,0.39760,0.03537
00009548,0.38876,0.02837
00009549,0.76949,0.05765
00009550,0.41555,0.03369
00009551,1.47456,0.14028
00009552,0.67531,0.06635
00009553,1.59790,0.17588
00009554,1.11683,0.11503
00009555,0.87227,0.07092
00009556,0.70581,0.04964
00009557,0.82355,0.08494
00009558,0.46956,0.03190
00009559,1.44956,0.25295
00009560,0.64147,0.06273
00009561,0.58649,0.04047
00009562,0.18382,0.02429
00009563,0.93220,0.08771
00009564,1.06479,0.11470
00009565,0.97401,0.07623
00009566,0.27098,0.02602
00009567,0.44572,0.04019
00009568,0.37892,0.03874
00009569,0.57137,0.05453
00009570,0.69073,0.06180
00009571,0.41382,0.07341
00009572,0.99171,0.07941
00009573,0.25533,0.02577
00009574,0.38096,0.02763
00009575,0.29235,0.02434
00009576,1.04822,0.08349
00009577,1.12120,0.10594
00009578,0.65182,0.04648
00009579,1.35492,0.12715
00009580,1.15668,0.10254
00009581,0.41006,0.03213
00009582,0.18763,0.02575
00009583,0.77058,0.06301
00009584,0.23641,0.02646
00009585,0.84528,0.07343
00009586,1.23151,0.10896
00009587,0.61716,0.04625
00009588,0.49416,0.03288
00009589,0.34157,0.02393
00009590,0.48225,0.03936
00009591,0.29212,0.02966
00009592,0.45991,0.03285
00009593,0.72491,0.07054
00009594,0.74665,0.06488
00009595,0.51126,0.03555
00009596,1.09551,0.09594
00009597,0.71966,0.10824
00009598,0.38442,0.03838
00009599,0.98063,0.08458
00009600,1.18295,0.09349
00009601,0.41945,0.03733
00009602,0.67368,0.04945
00009603,0.44501,0.03200
00009604,0.37298,0.05144
00009605,0.63802,0.04454
00009606,0.30583,0.02723
00009607,0.28685,0.02878
00009608,0.59233,0.04570
00009609,0.47556,0.03167
00009610,0.87302,0.08218
00009611,0.27139,0.05502
00009612,1.37894,0.13631
00009613,0.39757,0.03291
00009614,0.68370,0.05649
00009615,0.75385,0.05591
00009616,1.13140,0.11197
00009617,0.86286,0.06279
00009618,2.04657,0.28040
00009619,0.78160,0.06189
00009620,0.84366,0.06577
00009621,0.61536,0.05650
00009622,0.40816,0.02989
00009623,0.68058,0.05798
00009624,0.50888,0.05000
00009625,0.27172,0.02785
00009626,1.98784,0.22371
00009627,0.44507,0.04007
00009628,0.88501,0.09219
00009629,0.36298,0.02860
00009630,0.38834,0.03034
00009631,0.32084,0.02841
00009632,0.61030,0.04786
00009633,0.87799,0.06651
00009634,0.64206,0.04315
00009635,0.81461,0.05158
00009636,1.20429,0.11335
00009637,0.49958,0.03847
00009638,0.46005,0.03362
00009639,0.40576,0.03551
00009640,1.66606,0.21529
00009641,1.60144,0.14446
00009642,1.04725,0.09071
00009643,0.94864,0.08021
00009644,0.73937,0.07377
00009645,1.34974,0.13224
00009646,0.66761,0.04379
00009647,0.57379,0.03809
00009648,0.65696,0.04746
00009649,1.84298,0.21202
00009650,0.73317,0.04933
00009651,0.44559,0.03325
00009652,1.90575,0.22139
00009653,1.02930,0.08139
00009654,0.53610,0.04033
00009655,0.37580,0.02808
00009656,0.53820,0.03891
00009657,0.84411,0.06077
00009658,0.54141,0.05226
00009659,0.83747,0.08493
00009660,1.27572,0.13539
00009661,0.70438,0.05857
00009662,0.36776,0.03393
00009663,0.69545,0.04588
00009664,0.22544,0.02350
00009665,0.34184,0.04198
00009666,0.38662,0.03123
00009667,1.03826,0.08788
00009668,0.90153,0.08612
00009669,0.96198,0.07077
00009670,0.62757,0.03898
00009671,0.84169,0.06109
00009672,0.32715,0.03298
00009673,0.54194,0.04352
00009674,0.30226,0.04384
00009675,0.58406,0.04556
00009676,0.59779,0.03698
00009677,0.58547,0.03594
00009678,0.40019,0.02946
00009679,1.40784,0.19009
00009680,0.86663,0.06656
00009681,0.46828,0.04999
00009682,0.49488,0.03683
00009683,0.50981,0.03656
00009684,0.73664,0.04862
00009685,0.88326,0.06837
00009686,0.39862,0.02968
00009687,1.71621,0.16398
00009688,0.77308,0.06015
00009689,0.46124,0.03012
00009690,0.70346,0.04399
00009691,0.28663,0.03713
00009692,0.85900,0.07947
00009693,1.12317,0.22823
00009694,0.35821,0.03144
00009695,0.41366,0.04513
00009696,0.94642,0.08775
00009697,0.59680,0.05155
00009698,1.02838,0.09633
00009699,0.27111,0.02559
00009700,0.44220,0.03686
00009701,0.62977,0.04439
00009702,1.06079,0.09106
00009703,0.36317,0.03654
00009704,0.55081,0.04075
00009705,1.16929,0.11826
00009706,1.91333,0.18652
00009707,0.61538,0.04311
00009708,0.54261,0.05999
00009709,0.35337,0.03352
00009710,0.27144,0.03187
00009711,1.04623,0.08925
00009712,0.27317,0.03759
00009713,0.49697,0.03083
00009714,0.37239,0.04569
00009715,0.74746,0.06564
00009716,0.59716,0.04531
00009717,0.23491,0.02451
00009718,0.70365,0.05171
00009719,0.30297,0.03889
00009720,0.75695,0.10247
00009721,0.35623,0.02798
00009722,0.42325,0.03434
00009723,0.72758,0.06644
00009724,1.74356,0.19604
00009725,0.85103,0.07297
00009726,0.76885,0.05816
00009727,0.37928,0.04339
00009728,0.64060,0.05662
00009729,0.67286,0.07831
00009730,0.36035,0.04028
00009731,0.74765,0.05478
00009732,1.30670,0.13012
00009733,0.52328,0.07735
00009734,0.48350,0.03100
00009735,0.83404,0.08311
00009736,0.37310,0.03339
00009737,0.44547,0.04931
00009738,1.18253,0.12197
00009739,0.68548,0.05386
00009740,0.97212,0.08276
00009741,0.97165,0.07692
00009742,0.51196,0.03787
00009743,0.70914,0.06081
00009744,0.65877,0.04563
00009745,2.48510,0.39198
00009746,1.85064,0.18963
00009747,0.51171,0.05222
00009748,2.22938,0.31799
00009749,0.43793,0.03141
00009750,0.30716,0.03071
00009751,0.79721,0.05857
00009752,0.89522,0.06293
00009753,2.27670,0.36377
00009754,0.35564,0.03797
00009755,0.48721,0.03851
00009756,1.07058,0.08901
00009757,0.43261,0.03454
00009758,1.39603,0.12322
00009759,0.88637,0.09136
00009760,0.60796,0.04542
00009761,0.34451,0.04498
00009762,1.05551,0.12508
00009763,0.40858,0.05605
00009764,0.59421,0.05961
00009765,0.51937,0.05211
00009766,0.33603,0.02964
00009767,0.74903,0.05541
00009768,0.65836,0.06953
00009769,0.53833,0.04066
00009770,0.19600,0.02864
00009771,0.64711,0.04606
00009772,0.92639,0.06392
00009773,0.76067,0.06998
00009774,0.59291,0.04911
00009775,0.52481,0.03719
00009776,0.69739,0.04670
00009777,0.29859,0.04771
00009778,0.26038,0.02700
00009779,1.12441,0.12016
00009780,0.26800,0.04397
00009781,2.12371,0.22649
00009782,1.77976,0.20444
00009783,0.58210,0.05405
00009784,1.06592,0.14798
00009785,1.41434,0.15286
00009786,0.90515,0.07050
00009787,0.43094,0.05196
00009788,0.52297,0.04116
00009789,0.70746,0.04519
00009790,0.51812,0.04559
00009791,0.98410,0.08192
00009792,1.65729,0.18272
00009793,1.76944,0.22713
00009794,0.71568,0.04355
00009795,0.63488,0.05182
00009796,0.24059,0.02522
00009797,0.37656,0.03367
00009798,1.11194,0.10991
00009799,1.10910,0.10917
00009800,1.06564,0.08333
00009801,0.43684,0.03071
00009802,0.51016,0.05582
00009803,0.40856,0.03914
00009804,0.36522,0.03169
00009805,0.35337,0.03328
00009806,0.66009,0.04903
00009807,0.37063,0.02876
00009808,0.36539,0.02523
00009809,0.91686,0.11383
00009810,2.17755,0.30659
00009811,0.32034,0.02610
00009812,0.84214,0.06160
00009813,0.36995,0.03180
00009814,0.31828,0.02816
00009815,0.36428,0.03707
00009816,0.82844,0.05573
00009817,1.93860,0.21270
00009818,0.54804,0.03570
00009819,1.06700,0.08203
00009820,0.58092,0.04713
00009821,1.22837,0.14065
00009822,0.71201,0.04958
00009823,1.15863,0.11367
00009824,0.31798,0.03489
00009825,0.69030,0.06311
00009826,0.18523,0.02639
00009827,0.42214,0.02788
00009828,0.23936,0.02566
00009829,0.68988,0.06386
00009830,0.27958,0.04825
00009831,0.50488,0.04015
00009832,0.32470,0.03184
00009833,0.39583,0.02866
00009834,1.75196,0.27177
00009835,2.30415,0.27935
00009836,0.63760,0.04812
00009837,0.80447,0.07400
00009838,0.51784,0.03342
00009839,0.37505,0.03182
00009840,0.81155,0.07678
00009841,0.36549,0.04601
00009842,1.17130,0.09509
00009843,0.36432,0.03041
00009844,1.16804,0.09205
00009845,0.96698,0.09278
00009846,0.41321,0.03029
00009847,0.41020,0.03742
00009848,2.59046,0.28447
00009849,0.87988,0.08487
00009850,0.31572,0.03430
00009851,1.13596,0.09224
00009852,0.71942,0.04659
00009853,1.77333,0.18130
00009854,1.36882,0.13448
00009855,0.94212,0.23296
00009856,1.15303,0.10793
00009857,0.54635,0.03332
00009858,0.46882,0.03626
00009859,0.36513,0.04733
00009860,0.78881,0.06691
00009861,1.13053,0.09837
00009862,0.42288,0.03748
00009863,2.05154,0.22918
00009864,1.52220,0.13596
00009865,0.42128,0.03836
00009866,1.20249,0.41425
00009867,0.62536,0.04894
00009868,0.87447,0.06572
00009869,0.49044,0.03586
00009870,1.85019,0.22171
00009871,0.50228,0.03632
00009872,0.43763,0.04513
00009873,0.78808,0.05568
00009874,0.69391,0.04583
00009875,0.67998,0.04709
00009876,0.75662,0.05990
00009877,0.47505,0.03144
00009878,0.66444,0.04975
00009879,2.62738,0.30407
00009880,0.42846,0.07498
00009881,0.58629,0.04120
00009882,0.56350,0.06012
00009883,0.60639,0.04891
00009884,0.84630,0.05888
00009885,0.22745,0.02658
00009886,0.41761,0.03637
00009887,0.68176,0.04577
00009888,0.37586,0.03327
00009889,0.58253,0.04151
00009890,0.34786,0.03373
00009891,0.73615,0.06675
00009892,0.73934,0.04988
00009893,0.34581,0.02651
00009894,1.16951,0.11260
00009895,0.61598,0.04100
00009896,0.77196,0.08594
00009897,0.74799,0.05096
00009898,0.28342,0.02737
00009899,0.77686,0.06414
00009900,0.52741,0.04148
00009901,0.57548,0.04152
00009902,1.07006,0.10485
00009903,1.25207,0.39784
00009904,0.38872,0.07071
00009905,0.90160,0.08331
00009906,0.93069,0.07947
00009907,0.78885,0.07574
00009908,0.33135,0.03396
00009909,0.59243,0.06062
00009910,0.46284,0.05504
00009911,0.74717,0.05802
00009912,0.24877,0.02512
00009913,0.80105,0.07139
00009914,0.64870,0.25149
00009915,1.38410,0.13805
00009916,0.46729,0.05587
00009917,1.23248,0.10544
00009918,1.07515,0.10168
00009919,0.83695,0.11101
00009920,0.79193,0.05479
00009921,1.15487,0.12560
00009922,2.65913,0.30628
00009923,2.33817,0.26432
00009924,0.49725,0.04218
00009925,1.17704,0.10689
00009926,1.49015,0.16569
00009927,0.72366,0.04723
00009928,0.19367,0.02524
00009929,0.76804,0.13797
00009930,1.36644,0.14088
00009931,2.85439,0.35461
00009932,1.23147,0.13106
00009933,0.75961,0.05646
00009934,0.65611,0.04802
00009935,1.13572,0.09872
00009936,0.43353,0.03675
00009937,0.61021,0.04857
00009938,0.99490,0.10566
00009939,0.89458,0.08854
00009940,0.23465,0.02993
00009941,0.39795,0.03213
00009942,0.65921,0.04769
00009943,0.28945,0.03782
00009944,0.45880,0.03442
00009945,0.22384,0.02845
00009946,1.05167,0.09072
00009947,0.60856,0.06472
00009948,0.44223,0.03169
00009949,0.34414,0.05383
00009950,0.66115,0.04665
00009951,0.47380,0.03642
00009952,0.62465,0.04295
00009953,0.29320,0.02826
00009954,0.35931,0.03067
00009955,1.24963,0.10864
00009956,0.95859,0.08926
00009957,1.78880,0.22275
00009958,0.86819,0.06047
00009959,0.27987,0.02887
00009960,1.17267,0.12942
00009961,0.35280,0.02854
00009962,0.27935,0.04667
00009963,0.59039,0.03920
00009964,2.27959,0.27649
00009965,1.90293,0.19394
00009966,0.89270,0.07246
00009967,0.71310,0.04946
00009968,0.63550,0.08196
00009969,0.29340,0.02828
00009970,0.46734,0.03184
00009971,0.66191,0.06965
00009972,0.55271,0.04700
00009973,1.68513,0.19583
00009974,0.49141,0.03357
00009975,0.41098,0.03814
00009976,0.35668,0.04284
00009977,0.58302,0.04700
00009978,0.88759,0.07486
00009979,0.44011,0.03798
00009980,3.07926,0.49304
00009981,0.32575,0.02850
00009982,0.49245,0.03686
00009983,0.65797,0.07404
00009984,0.25631,0.06866
00009985,1.09571,0.08863
00009986,0.43923,0.03058
00009987,1.89034,0.18819
00009988,0.79789,0.06244
00009989,1.06976,0.11259
00009990,0.84078,0.07252
00009991,0.38257,0.03404
00009992,0.78581,0.06845
00009993,0.42151,0.04151
00009994,1.06309,0.10506
00009995,0.22023,0.02819
00009996,0.26994,0.02867
00009997,2.87204,0.35801
00009998,1.47820,0.15559
00009999,0.61617,0.04220
00010000,1.33990,0.14812
00010001,0.59533,0.04517
00010002,1.31482,0.12571
00010003,0.50928,0.04458
00010004,1.12261,0.09202
00010005,0.91978,0.08128
00010006,2.08813,0.28172
00010007,0.47539,0.02975
00010008,0.30504,0.02959
00010009,0.58014,0.03674
00010010,1.32570,0.13260
00010011,0.27492,0.02700
00010012,0.56872,0.04228
00010013,0.43237,0.03122
00010014,0.58869,0.05000
00010015,0.33538,0.02868
00010016,0.69360,0.05869
00010017,0.44494,0.03226
00010018,0.38297,0.03767
00010019,0.66128,0.04640
00010020,0.30378,0.02652
00010021,0.47401,0.03358
00010022,0.82844,0.05903
00010023,0.36182,0.03292
00010024,0.35472,0.03403
00010025,1.13406,0.13230
00010026,0.51018,0.03737
00010027,0.91363,0.10515
00010028,0.67607,0.05930
00010029,0.33443,0.02912
00010030,0.83744,0.06266
00010031,1.10942,0.10432
00010032,0.33657,0.04523
00010033,0.92415,0.07610
00010034,0.93373,0.07992
00010035,1.10859,0.10422
00010036,0.45208,0.06194
00010037,0.48055,0.06724
00010038,2.78473,0.33315
00010039,0.28540,0.02544
00010040,0.96813,0.07585
00010041,0.66986,0.04831
00010042,0.70404,0.06086
00010043,0.66228,0.04382
00010044,1.32619,0.14668
00010045,0.32263,0.02686
00010046,0.31868,0.03106
00010047,1.51304,0.13633
00010048,0.39797,0.03689
00010049,0.74626,0.06580
00010050,0.98254,0.07569
00010051,0.18130,0.02790
00010052,0.54797,0.06207
00010053,0.57557,0.05872
00010054,0.48241,0.03267
00010055,0.42844,0.03287
00010056,0.63663,0.04687
00010057,0.37852,0.03755
00010058,0.48078,0.04380
00010059,0.65591,0.05236
00010060,0.49069,0.03380
00010061,0.28872,0.02816
00010062,1.45529,0.18277
00010063,1.21894,0.09987
00010064,1.04255,0.10078
00010065,1.23481,0.10403
00010066,0.80372,0.05097
00010067,2.19565,0.28358
00010068,0.83480,0.06008
00010069,0.53065,0.03932
00010070,0.36515,0.02528
00010071,0.73735,0.05207
00010072,0.74654,0.05441
00010073,0.60297,0.03640
00010074,0.37238,0.02903
00010075,0.83430,0.08586
00010076,0.67259,0.04119
00010077,0.74445,0.04673
00010078,1.20560,0.12589
00010079,0.27405,0.02924
00010080,0.60708,0.05596
00010081,0.92227,0.06899
00010082,0.43338,0.02879
00010083,1.05841,0.12635
00010084,0.61159,0.05416
00010085,0.39458,0.02891
00010086,1.04852,0.10468
00010087,0.33661,0.03226
00010088,1.72922,0.19109
00010089,0.56911,0.04201
00010090,0.20600,0.07558
00010091,0.54949,0.04348
00010092,0.50846,0.04545
00010093,0.54358,0.03598
00010094,0.67153,0.05815
00010095,0.38264,0.02871
00010096,0.89545,0.07784
00010097,0.66534,0.04388
00010098,0.39102,0.03374
00010099,0.47108,0.03031
00010100,0.51516,0.04316
00010101,0.42457,0.03080
00010102,0.69774,0.03996
00010103,0.44706,0.03987
00010104,0.99506,0.08111
00010105,0.92855,0.06874
00010106,0.63543,0.04956
00010107,0.31825,0.03432
00010108,0.58635,0.03854
00010109,0.35051,0.02792
00010110,0.38428,0.03420
00010111,0.54540,0.03415
00010112,0.47234,0.04693
00010113,0.38111,0.03062
00010114,0.43693,0.03372
00010115,1.37306,0.13536
00010116,1.07992,0.09428
00010117,0.71702,0.05205
00010118,0.56165,0.03929
00010119,1.23020,0.11075
00010120,0.25146,0.02600
00010121,0.49698,0.04629
00010122,0.90005,0.08666
00010123,0.83247,0.07378
00010124,1.29861,0.12757
00010125,0.76542,0.07590
00010126,0.49274,0.02970
00010127,1.78257,0.36071
00010128,0.56293,0.03778
00010129,0.74043,0.07617
00010130,0.42587,0.03455
00010131,1.39222,0.14345
00010132,0.37181,0.03005
00010133,0.50665,0.03539
00010134,0.60089,0.04174
00010135,0.92577,0.07991
00010136,0.41428,0.04138
00010137,0.45314,0.04364
00010138,1.36672,0.23501
00010139,0.70401,0.04498
00010140,0.39907,0.04914
00010141,0.27362,0.03109
00010142,1.37664,0.13225
00010143,0.45262,0.03670
00010144,1.08880,0.15018
00010145,1.84919,0.22224
00010146,0.40780,0.03975
00010147,0.36354,0.04102
00010148,0.39354,0.02827
00010149,1.73471,0.21022
00010150,0.43638,0.03621
00010151,0.33003,0.02543
00010152,1.24993,0.14122
00010153,1.40618,0.13910
00010154,0.70560,0.04489
00010155,0.61953,0.04260
00010156,0.63083,0.04435
00010157,2.09633,0.23560
00010158,0.44195,0.02925
00010159,0.70128,0.08929
00010160,0.40332,0.04735
00010161,0.17603,0.03011
00010162,0.60590,0.05101
00010163,0.39470,0.03447
00010164,0.26079,0.04230
00010165,0.65999,0.05315
00010166,0.54957,0.04544
00010167,0.58481,0.04573
00010168,0.51817,0.03411
00010169,0.61879,0.05136
00010170,0.45301,0.03291
00010171,1.83658,0.22458
00010172,0.40100,0.02835
00010173,0.72084,0.05367
00010174,0.62718,0.05456
00010175,0.49820,0.04090
00010176,0.38317,0.03235
00010177,1.66084,0.19878
00010178,0.51324,0.04359
00010179,0.75943,0.08042
00010180,0.33917,0.03948
00010181,1.09570,0.09905
00010182,1.33184,0.16913
00010183,1.13401,0.09970
00010184,1.15429,0.10482
00010185,0.45227,0.03379
00010186,0.94542,0.07691
00010187,0.51926,0.03502
00010188,1.06291,0.10002
00010189,0.17717,0.02812
00010190,0.80007,0.08574
00010191,0.45093,0.03004
00010192,1.22664,0.11740
00010193,0.36191,0.02902
00010194,0.38934,0.03014
00010195,0.99610,0.08069
00010196,0.38940,0.02872
00010197,0.41798,0.02816
00010198,1.01520,0.11370
00010199,0.67151,0.04673
00010200,0.43255,0.03964
00010201,0.34201,0.03318
00010202,1.03160,0.07870
00010203,1.04412,0.09349
00010204,0.98959,0.09943
00010205,0.55781,0.04639
00010206,0.66195,0.04925
00010207,2.08947,0.37170
00010208,0.50684,0.04350
00010209,1.26176,0.11569
00010210,0.46550,0.03141
00010211,0.25407,0.02770
00010212,0.78638,0.09473
00010213,0.70429,0.07013
00010214,0.75925,0.05119
00010215,0.45666,0.03794
00010216,0.19148,0.03686
00010217,0.83445,0.09066
00010218,1.39844,0.19203
00010219,0.58929,0.04072
00010220,0.34733,0.02748
00010221,0.54448,0.03163
00010222,0.21015,0.02473
00010223,0.72628,0.05265
00010224,2.49445,0.27175
00010225,0.68544,0.05257
00010226,0.99181,0.07362
00010227,0.61376,0.04815
00010228,0.94784,0.06892
00010229,0.39436,0.02915
00010230,0.94959,0.08265
00010231,0.59609,0.03635
00010232,1.35177,0.11174
00010233,0.28726,0.03471
00010234,0.62380,0.04647
00010235,0.58066,0.03763
00010236,0.50492,0.03557
00010237,0.96684,0.07360
00010238,0.64693,0.05544
00010239,0.71747,0.06272
00010240,0.59915,0.05709
00010241,1.25265,0.11799
00010242,0.51832,0.03195
00010243,0.45704,0.04495
00010244,0.50615,0.04747
00010245,0.58000,0.04562
00010246,0.42350,0.02852
00010247,0.34475,0.04996
00010248,0.35488,0.02976
00010249,0.95873,0.07002
00010250,0.64842,0.04913
00010251,0.50401,0.03459
00010252,0.65788,0.05431
00010253,0.53236,0.05244
00010254,0.43153,0.03071
00010255,2.69929,0.31093
00010256,0.62844,0.07005
00010257,1.06667,0.08669
00010258,0.66486,0.05347
00010259,1.77265,0.20357
00010260,0.47905,0.03568
00010261,0.59711,0.04232
00010262,1.08592,0.15075
00010263,0.50028,0.04163
00010264,0.51802,0.04679
00010265,0.96564,0.09797
00010266,1.95406,0.24814
00010267,0.41761,0.04377
00010268,0.42156,0.04401
00010269,0.58476,0.04213
00010270,0.58968,0.04611
00010271,0.31550,0.02890
00010272,0.61120,0.06145
00010273,1.14130,0.10292
00010274,0.90242,0.07423
00010275,0.25157,0.02742
00010276,0.46789,0.04055
00010277,0.69932,0.05422
00010278,0.48537,0.03940
00010279,0.71565,0.05450
00010280,0.26867,0.03366
00010281,0.20161,0.03078
00010282,2.50900,0.32919
00010283,2.27598,0.30477
00010284,0.45456,0.03467
00010285,0.55276,0.04823
00010286,2.56679,0.33471
00010287,1.28649,0.13461
00010288,1.18313,0.11634
00010289,1.31541,0.15711
00010290,0.59592,0.04301
00010291,0.20245,0.02364
00010292,0.21163,0.02409
00010293,0.51634,0.04062
00010294,0.48044,0.04483
00010295,1.11824,0.09266
00010296,0.44763,0.03201
00010297,0.61577,0.03684
00010298,0.51921,0.03965
00010299,0.52793,0.03924
00010300,0.75398,0.06016
00010301,1.12819,0.12461
00010302,1.13224,0.10813
00010303,2.20893,0.26023
00010304,0.50964,0.03463
00010305,0.56770,0.03786
00010306,0.61046,0.08239
00010307,0.94866,0.07626
00010308,0.79100,0.06655
00010310,1.20046,0.11409
00010311,0.29849,0.02611
00010312,1.03720,0.09638
00010313,2.03663,0.34836
00010314,0.83653,0.07073
00010315,0.72066,0.04954
00010316,1.82545,0.19558
00010317,0.86219,0.07443
00010318,0.42149,0.02809
00010319,0.47316,0.03261
00010320,0.72679,0.04971
00010321,0.44366,0.04264
00010322,0.24517,0.02841
00010323,0.59511,0.08152
00010324,0.35036,0.03620
00010325,1.75224,0.16819
00010326,0.25736,0.02615
00010327,0.36042,0.02784
00010328,0.39882,0.02819
00010329,1.89428,0.22767
00010330,0.80222,0.07347
00010331,0.83174,0.05567
00010332,0.31104,0.05558
00010333,0.29775,0.02782
00010334,0.80184,0.05125
00010335,1.29755,0.34540
00010336,0.43377,0.02984
00010337,0.93108,0.08728
00010338,0.74191,0.08464
00010339,0.82367,0.07195
00010340,0.70530,0.07114
00010341,0.49876,0.03442
00010342,0.82783,0.08246
00010343,0.64165,0.05341
00010344,0.40971,0.03148
00010345,0.76687,0.05675
00010346,2.59089,0.29528
00010347,0.70432,0.04708
00010348,0.64965,0.04415
00010349,1.10412,0.09491
00010350,1.11262,0.10435
00010351,0.50733,0.04529
00010352,0.55834,0.03746
00010353,0.77222,0.05992
00010354,0.72872,0.04827
00010355,0.95752,0.07771
00010356,0.35917,0.03357
00010357,0.66980,0.04089
00010358,0.86165,0.05986
00010359,1.01998,0.09062
00010360,0.57216,0.05127
00010361,1.77817,0.21739
00010362,0.90086,0.13923
00010363,2.47480,0.48626
00010364,0.75545,0.05259
00010365,0.27925,0.03711
00010366,0.89975,0.08752
00010367,0.52965,0.03704
00010368,1.22916,0.10996
00010369,0.62587,0.04080
00010370,0.26495,0.02648
00010371,0.53382,0.04058
00010372,0.48501,0.07900
00010373,0.40778,0.02745
00010374,1.12799,0.11240
00010375,0.55739,0.04094
00010376,0.68596,0.06212
00010377,0.47264,0.03495
00010378,0.47564,0.03217
00010379,0.83677,0.05741
00010380,1.13024,0.18394
00010381,0.35885,0.02458
00010382,0.37527,0.03727
00010383,1.18145,0.11454
00010384,0.22273,0.03150
00010385,0.76993,0.06094
00010386,0.25550,0.02629
00010387,0.40628,0.02954
00010388,1.46423,0.14911
00010389,0.57351,0.04504
00010390,0.60240,0.05312
00010391,0.69362,0.05300
00010392,0.29368,0.02787
00010393,0.21633,0.02810
00010394,1.03610,0.08792
00010395,0.18234,0.02526
00010396,0.64573,0.04249
00010397,0.54812,0.04266
00010398,2.21610,0.24324
00010399,1.32189,0.12326
00010400,0.62425,0.05048
00010401,2.25380,0.25390
00010402,2.39693,0.30118
00010403,1.14181,0.09078
00010404,0.39702,0.04320
00010405,0.53364,0.04051
00010406,0.44010,0.03338
00010407,0.48181,0.03863
00010408,0.64917,0.17657
00010409,0.43595,0.03231
00010410,2.75327,0.38995
00010411,0.47418,0.04181
00010412,0.54580,0.04341
00010413,0.77232,0.06276
00010414,0.42292,0.04784
00010415,0.32216,0.03034
00010416,0.53387,0.03708
00010417,0.64832,0.03978
00010418,0.39350,0.02919
00010419,0.69501,0.05232
00010420,0.90310,0.07904
00010421,0.66971,0.04147
00010422,0.60214,0.05327
00010423,0.77108,0.08429
00010424,0.45435,0.03335
00010425,0.41559,0.03779
00010426,0.85191,0.06240
00010427,0.80556,0.05957
00010428,0.46141,0.02916
00010429,0.70900,0.04381
00010430,0.39402,0.03568
00010431,0.21762,0.02545
00010432,0.63925,0.04462
00010433,0.20137,0.03684
00010434,0.88945,0.08405
00010435,0.45431,0.07071
00010436,0.36016,0.03566
00010437,0.55909,0.03527
00010438,1.13001,0.10472
00010439,0.39766,0.03769
00010440,0.56875,0.04459
00010441,0.55112,0.03837
00010442,0.55003,0.04202
00010443,0.59311,0.04895
00010444,0.93379,0.07426
00010445,0.71146,0.04942
00010446,0.76140,0.05274
00010447,0.65727,0.06427
00010448,0.73824,0.05418
00010449,1.49466,0.14264
00010450,0.44555,0.03473
00010451,1.86876,0.19744
00010452,0.35432,0.04947
00010453,1.05435,0.16015
00010454,0.29454,0.03358
00010455,0.61383,0.04000
00010456,0.60482,0.04573
00010457,0.26942,0.04062
00010458,1.33460,0.13307
00010459,1.10430,0.08752
00010460,0.91054,0.07508
00010461,0.40681,0.03774
00010462,0.19247,0.02607
00010463,0.77348,0.07036
00010464,1.01696,0.08181
00010465,0.80978,0.06141
00010466,0.46076,0.02851
00010467,1.22008,0.13292
00010468,0.83284,0.05888
00010469,0.65428,0.04602
00010470,0.92266,0.08439
00010471,0.51139,0.04610
00010472,0.26882,0.02968
00010473,0.63233,0.04589
00010474,0.20666,0.02615
00010475,0.67659,0.05909
00010476,0.51470,0.03434
00010477,1.59430,0.18345
00010478,0.76465,0.09168
00010479,2.79462,0.34982
00010480,1.02009,0.08961
00010481,2.56259,0.33082
00010482,1.16475,0.13236
00010483,0.36690,0.04584
00010484,0.83056,0.06343
00010485,0.35014,0.03447
00010486,0.25367,0.02961
00010487,0.53204,0.04273
00010488,0.66713,0.04633
00010489,0.56690,0.05824
00010490,0.31028,0.03002
00010491,0.90819,0.06968
00010492,0.62115,0.05734
00010493,1.62981,0.14959
00010494,0.46667,0.03662
00010495,0.47451,0.03475
00010496,1.20279,0.12851
00010497,0.36338,0.03574
00010498,1.16139,0.10091
00010499,0.41631,0.03992
00010500,0.58164,0.04937
00010501,1.68644,0.19183
00010502,0.35955,0.03479
00010503,0.71354,0.04626
00010504,0.22771,0.02598
00010505,0.29417,0.02620
00010506,0.27388,0.02742
00010507,0.35977,0.02594
00010508,0.57815,0.04883
00010509,0.67218,0.05732
00010510,0.59420,0.04452
00010511,0.39639,0.04649
00010512,0.48407,0.03908
00010513,0.77668,0.05984
00010514,0.41562,0.03349
00010515,0.81652,0.08224
00010516,0.53256,0.04204
00010517,0.67609,0.04367
00010518,0.38855,0.03201
00010519,0.19245,0.02551
00010520,1.14061,0.10340
00010521,0.76263,0.04817
00010522,0.46366,0.03673
00010523,1.03702,0.09960
00010524,0.83943,0.12409
00010525,0.69125,0.04868
00010526,1.03959,0.10995
00010527,0.95317,0.06381
00010528,0.47372,0.03610
00010529,0.77149,0.05466
00010530,1.59840,0.16671
00010531,0.87210,0.07666
00010532,0.70310,0.05252
00010533,0.89403,0.06969
00010534,0.44583,0.03902
00010535,0.84712,0.08801
00010536,0.67848,0.04730
00010537,0.58775,0.03744
00010538,0.61725,0.04657
00010539,0.89254,0.06698
00010540,0.65644,0.05425
00010541,0.29057,0.02724
00010542,0.51439,0.11716
00010543,0.30975,0.03237
00010544,0.39990,0.03469
00010545,0.55792,0.03944
00010546,0.22063,0.02639
00010547,0.50494,0.03315
00010548,1.15750,0.10172
00010549,0.79706,0.05832
00010550,0.68916,0.07243
00010551,0.68054,0.06286
00010552,0.38527,0.03408
00010553,0.64463,0.05452
00010554,0.88372,0.08010
00010555,0.58659,0.08521
00010556,0.83987,0.06800
00010557,1.04854,0.11874
00010558,1.63554,0.16631
00010559,0.59991,0.04533
00010560,1.13882,0.09548
00010561,0.69776,0.04515
00010562,1.76615,0.17261
00010563,0.55755,0.03996
00010564,0.63002,0.04688
00010565,0.64282,0.03848
00010566,0.60051,0.04753
00010567,0.35641,0.02702
00010568,2.12183,0.75875
00010569,0.46354,0.03589
00010570,0.45075,0.03940
00010571,1.11188,0.11837
00010572,0.49786,0.03557
00010573,0.84683,0.06530
00010574,0.66992,0.15898
00010575,0.41384,0.02977
00010576,0.76015,0.05952
00010577,0.51580,0.03767
00010578,0.43242,0.03579
00010579,0.70869,0.05834
00010580,0.63683,0.05162
00010581,0.88053,0.06086
00010582,0.60358,0.04348
00010583,0.65763,0.04636
00010584,0.25766,0.03160
00010585,0.56967,0.03769
00010586,0.96950,0.09605
00010587,1.75748,0.19004
00010588,0.37857,0.02926
00010589,0.37905,0.04766
00010590,0.76832,0.33579
00010591,1.49314,0.15296
00010592,0.25882,0.02410
00010593,1.22732,0.14473
00010594,1.09191,0.12114
00010595,0.48765,0.03685
00010596,0.69936,0.04624
00010597,0.55860,0.04674
00010598,0.75307,0.07524
00010599,1.23976,0.13632
00010600,0.90179,0.12757
00010601,0.93462,0.09331
00010602,0.48053,0.03756
00010603,0.51663,0.03820
00010604,0.46891,0.03257
00010605,0.62288,0.09606
00010606,1.80159,0.19370
00010607,1.12143,0.10954
00010608,1.06665,0.08277
00010609,1.67972,0.17854
00010610,0.49383,0.03634
00010611,0.24899,0.02805
00010612,0.67673,0.05663
00010613,0.66356,0.04281
00010614,0.54565,0.04821
00010615,1.41191,0.13052
00010616,0.60266,0.04229
00010617,0.66263,0.04989
00010618,0.80498,0.05021
00010619,0.65919,0.05948
00010620,0.52681,0.03439
00010621,1.09538,0.12018
00010622,0.56846,0.08668
00010623,0.49683,0.03997
00010624,1.29203,0.42451
00010625,0.37991,0.02955
00010626,0.89727,0.07881
00010627,1.05918,0.08305
00010628,0.80043,0.07484
00010629,0.84592,0.06255
00010630,1.28652,0.14859
00010631,0.93280,0.07171
00010632,0.26892,0.04830
00010633,0.25770,0.11042
00010634,0.32178,0.04470
00010635,0.52271,0.04626
00010636,0.58006,0.04958
00010637,0.57269,0.05175
00010638,0.46880,0.03421
00010639,1.40038,0.13145
00010640,0.72101,0.04815
00010641,1.09277,0.16048
00010642,0.33902,0.03025
00010643,1.71763,0.21231
00010644,0.61047,0.04593
00010645,0.48476,0.04417
00010646,0.36224,0.04342
00010647,0.47544,0.03004
00010648,0.57619,0.04045
00010649,0.56344,0.03810
00010650,0.45473,0.03014
00010651,0.51801,0.03723
00010652,0.72134,0.05865
00010653,0.42734,0.03266
00010654,0.48099,0.03302
00010655,0.83723,0.06958
00010656,0.40293,0.03031
00010657,0.97904,0.07486
00010658,0.60291,0.03687
00010659,0.42282,0.03991
00010660,0.71699,0.10733
00010661,0.48985,0.03243
00010662,0.80321,0.06915
00010663,1.01369,0.07622
00010664,1.08461,0.08712
00010665,0.53532,0.04062
00010666,1.20703,0.11309
00010667,0.28007,0.04425
00010668,1.34600,0.13566
00010669,1.81767,0.19561
00010670,0.70242,0.04905
00010671,0.60330,0.03974
00010672,0.74720,0.05381
00010673,2.25699,0.31884
00010674,0.72052,0.05265
00010675,2.18238,0.26601
00010676,1.28656,0.15228
00010677,0.76974,0.05923
00010678,0.39631,0.04483
00010679,1.65013,0.16614
00010680,0.42984,0.03012
00010681,1.92768,0.26813
00010682,0.31033,0.02902
00010683,0.19007,0.04182
00010684,0.83777,0.07540
00010685,1.14145,0.11266
00010686,1.44725,0.14018
00010687,0.33472,0.03044
00010688,0.44155,0.04298
00010689,0.30607,0.02885
00010690,0.56679,0.03880
00010691,0.71028,0.05592
00010692,0.71601,0.05170
00010693,0.45617,0.03964
00010694,0.45438,0.05347
00010695,0.51766,0.03260
00010696,0.59393,0.04719
00010697,0.73924,0.04579
00010698,0.49559,0.04498
00010699,1.30870,0.16427
00010700,1.86682,0.22585
00010701,0.37017,0.03255
00010702,1.56380,0.19460
00010703,0.57793,0.04495
00010704,0.54039,0.03891
00010705,0.83238,0.05394
00010706,0.83729,0.06443
00010707,0.23114,0.02461
00010708,0.67786,0.12230
00010709,2.44776,0.35771
00010710,0.23535,0.02789
00010711,0.56033,0.04176
00010712,1.02142,0.08172
00010713,0.26063,0.02793
00010714,0.37153,0.03101
00010715,0.49724,0.03113
00010716,0.49063,0.03280
00010717,0.82558,0.07347
00010718,1.03465,0.09473
00010719,0.60138,0.04375
00010720,0.51018,0.03847
00010721,0.64133,0.04893
00010722,0.53256,0.04394
00010723,0.93156,0.08052
00010724,0.26390,0.02530
00010725,1.02148,0.08846
00010726,1.51404,0.17356
00010727,0.53131,0.03320
00010728,0.70622,0.07314
00010729,0.49769,0.03815
00010730,0.65851,0.06367
00010731,1.91535,0.19432
00010732,0.51431,0.03509
00010733,0.67722,0.04814
00010734,0.65364,0.04408
00010735,1.02754,0.11330
00010736,0.63627,0.04360
00010737,1.31913,0.12046
00010738,1.56231,0.18362
00010739,1.00760,0.11585
00010740,0.51589,0.03311
00010741,0.70905,0.04879
00010742,0.83339,0.09855
00010743,0.40074,0.04791
00010744,0.70889,0.05736
00010745,0.36187,0.03681
00010746,0.59128,0.04954
00010747,0.32699,0.02945
00010748,0.45356,0.03431
00010749,1.64646,0.18494
00010750,0.33829,0.03016
00010751,0.29086,0.02705
00010752,0.69960,0.05767
00010753,0.53005,0.05335
00010754,1.45372,0.14716
00010755,1.76407,0.20944
00010756,2.44311,0.44761
00010757,0.68195,0.05063
00010758,0.46162,0.03221
00010759,0.55681,0.05410
00010760,0.65734,0.04253
00010761,0.34085,0.02944
00010762,1.44466,0.14136
00010763,0.22649,0.03787
00010764,1.33236,0.12243
00010765,0.45855,0.05993
00010766,0.54817,0.04343
00010767,0.47704,0.03632
00010768,0.29313,0.02827
00010769,0.27300,0.03077
00010770,1.24343,0.10559
00010771,1.01544,0.07136
00010772,0.40107,0.03425
00010773,0.80228,0.10269
00010774,0.63861,0.04896
00010775,0.58298,0.05085
00010776,0.36467,0.02787
00010777,0.52885,0.04121
00010778,0.50278,0.03602
00010779,0.45609,0.03759
00010780,0.26543,0.02931
00010781,0.38651,0.02887
00010782,0.81857,0.07058
00010783,1.11066,0.10534
00010784,0.77887,0.05308
00010785,0.80736,0.05605
00010786,0.20765,0.02721
00010787,1.16544,0.11531
00010788,0.38459,0.04238
00010789,1.28660,0.10963
00010790,1.83206,0.21214
00010791,0.89582,0.06387
00010792,0.67311,0.05193
00010793,1.34568,0.24775
00010794,1.34635,0.18934
00010795,0.17472,0.02597
00010796,0.48561,0.05369
00010797,0.55074,0.04281
00010798,0.66408,0.04826
00010799,0.57810,0.04235
00010800,0.71778,0.05673
00010801,0.85471,0.06613
00010802,0.39270,0.02740
00010803,0.80332,0.05627
00010804,0.95134,0.08893
00010805,0.26487,0.02888
00010806,0.58003,0.03742
00010807,2.81832,0.41624
00010808,0.52197,0.03313
00010809,0.47222,0.03332
00010810,0.70069,0.05925
00010811,0.23611,0.03986
00010812,0.70293,0.05266
00010813,0.65689,0.05000
00010814,0.56059,0.04983
00010815,0.26244,0.02433
00010816,2.05993,0.35005
00010817,0.59334,0.04403
00010818,1.80554,0.20586
00010819,0.78308,0.05255
00010820,0.46680,0.03476
00010821,0.34380,0.03155
00010822,0.70787,0.04630
00010823,0.93907,0.07481
00010824,0.77531,0.05959
00010825,0.42604,0.03197
00010826,0.65735,0.05345
00010827,0.66089,0.04322
00010828,0.52179,0.04171
00010829,1.43753,0.13695
00010830,0.66813,0.04688
00010831,0.38770,0.03028
00010832,1.59969,0.15440
00010833,0.53583,0.05657
00010834,0.60670,0.04280
00010835,0.31370,0.02934
00010836,0.34038,0.02757
00010837,0.58277,0.04596
00010838,0.74946,0.05811
00010839,1.39964,0.17319
00010840,0.43024,0.03444
00010841,0.35267,0.02738
00010842,0.40861,0.04514
00010843,0.25422,0.06778
00010844,0.46124,0.03678
00010845,0.82113,0.06708
00010846,0.95310,0.07809
00010848,0.56621,0.04570
00010849,0.49605,0.03930
00010850,1.31798,0.11247
00010851,2.02062,0.29357
00010852,0.84605,0.09501
00010853,1.28945,0.15513
00010854,0.72683,0.04656
00010855,0.64636,0.04974
00010856,1.27859,0.11675
00010857,0.43325,0.03053
00010858,1.29934,0.13455
00010859,2.57384,0.36643
00010860,0.32978,0.02932
00010861,0.68573,0.05541
00010862,0.44532,0.03331
00010863,0.35059,0.03440
00010864,0.60882,0.13544
00010865,1.49950,0.16440
00010866,0.77384,0.05045
00010867,0.88124,0.06281
00010868,0.87024,0.06371
00010869,0.66514,0.06256
00010870,0.41869,0.09104
00010871,1.79292,0.25274
00010872,1.21650,0.24905
00010873,0.57608,0.04119
00010874,0.70910,0.05272
00010875,0.44655,0.03153
00010876,0.61568,0.05351
00010877,0.41768,0.03413
00010878,0.61116,0.05423
00010879,0.60552,0.04235
00010880,0.67787,0.05157
00010881,0.45555,0.05068
00010882,0.88200,0.09387
00010883,0.26351,0.02634
00010884,0.96147,0.13359
00010885,0.40994,0.02987
00010886,0.45221,0.05320
00010887,0.65655,0.04712
00010888,0.31433,0.03601
00010889,1.05599,0.08392
00010890,0.94606,0.08164
00010891,0.60930,0.04915
00010892,0.97417,0.12269
00010893,2.49882,0.32385
00010894,0.47372,0.04364
00010895,0.73539,0.12998
00010896,2.61456,0.29612
00010897,1.24225,0.12714
00010898,0.86170,0.05619
00010899,0.57828,0.04102
00010900,0.54543,0.04582
00010901,0.52940,0.04262
00010902,0.68405,0.05645
00010903,0.83780,0.06924
00010904,1.03835,0.08485
00010905,2.22327,0.29741
00010906,2.64654,0.30072
00010907,0.82351,0.07169
00010908,0.47533,0.03172
00010909,0.49030,0.03603
00010910,0.66216,0.07612
00010911,2.11840,0.23926
00010912,0.56499,0.04037
00010913,2.43615,0.26307
00010914,0.82805,0.06403
00010915,1.91537,0.26600
00010916,0.28504,0.02630
00010917,0.59294,0.03787
00010918,0.40023,0.03871
00010919,0.48550,0.04128
00010920,0.49071,0.04832
00010921,0.51680,0.03290
00010922,0.71688,0.05768
00010923,0.51203,0.03769
00010924,0.59601,0.04291
00010925,0.63982,0.06047
00010926,1.02440,0.08883
00010927,1.25349,0.14185
00010928,0.43918,0.03029
00010929,0.75845,0.06961
00010930,0.37773,0.03478
00010931,0.46265,0.03380
00010932,0.32030,0.03658
00010933,0.66417,0.05891
00010934,0.60242,0.04231
00010935,0.79881,0.06818
00010936,1.26289,0.12260
00010937,1.39124,0.11791
00010938,0.97579,0.08856
00010939,0.83896,0.07741
00010940,0.57730,0.05714
00010941,0.85467,0.05928
00010942,0.51357,0.03769
00010943,0.42775,0.02941
00010944,1.52698,0.15360
00010945,1.02824,0.10038
00010946,0.41171,0.02758
00010947,0.36618,0.03118
00010948,1.08426,0.08807
00010949,0.43546,0.03192
00010950,0.52367,0.03986
00010951,0.49156,0.04651
00010952,0.71485,0.06316
00010953,0.53029,0.03452
00010954,0.43696,0.03012
00010955,0.73618,0.05667
00010956,0.29142,0.02921
00010957,0.56006,0.03923
00010958,0.83129,0.06047
00010959,0.58669,0.04359
00010960,0.99823,0.07932
00010961,0.32218,0.03683
00010962,0.84185,0.06386
00010963,0.54710,0.04424
00010964,1.04978,0.09740
00010965,0.89132,0.07740
00010966,1.37002,0.13077
00010967,1.17848,0.13878
00010968,0.54084,0.04240
00010969,0.68148,0.08086
00010970,0.28968,0.02556
00010971,0.83518,0.06125
00010972,1.31063,0.13779
00010973,0.25010,0.03476
00010974,0.72818,0.05441
00010975,0.43543,0.04342
00010976,0.36957,0.03414
00010978,1.13551,0.14523
00010979,0.97828,0.07709
00010980,0.42223,0.03048
00010981,0.22444,0.02538
00010982,0.55242,0.04421
00010983,0.80418,0.05843
00010984,1.29526,0.15967
00010985,2.46769,0.30393
00010986,0.49184,0.03942
00010987,0.80913,0.05799
00010988,0.59473,0.04386
00010989,0.38802,0.03721
00010990,1.15477,0.10252
00010991,0.54664,0.03665
00010992,0.58280,0.04348
00010993,0.36987,0.03416
00010994,0.66926,0.05859
00010995,0.20401,0.02586
00010996,0.54670,0.05167
00010997,0.34905,0.03218
00010998,0.90929,0.14218
00010999,0.29063,0.02871
00011000,0.27560,0.02648
00011001,0.36305,0.03103
00011002,1.49042,0.19140
00011003,0.99006,0.08373
00011004,0.44957,0.04847
00011005,0.46307,0.03344
00011006,0.84278,0.15041
00011007,0.90761,0.07554
00011008,0.73400,0.06710
00011009,1.90904,0.23329
00011010,0.36950,0.04406
00011011,0.25630,0.03865
00011012,0.32804,0.02560
00011013,0.68067,0.06360
00011014,0.67024,0.08858
00011015,0.94568,0.10069
00011016,0.38670,0.03874
00011017,0.41636,0.03554
00011018,1.79238,0.17096
00011019,0.46395,0.04198
00011020,0.39973,0.03870
00011021,1.64188,0.20592
00011022,1.47606,0.20193
00011023,0.27912,0.02838
00011024,0.58310,0.04332
00011025,0.96897,0.09293
00011026,0.46211,0.03945
00011027,1.43257,0.12803
00011028,1.65417,0.24064
00011029,0.61339,0.04240
00011030,0.57690,0.03986
00011031,0.45506,0.03576
00011032,0.81345,0.06125
00011033,1.58167,0.14922
00011034,0.70876,0.07979
00011035,0.19673,0.03432
00011036,0.28768,0.03946
00011037,1.17414,0.15856
00011038,0.90116,0.10028
00011039,0.57724,0.04345
00011040,0.50694,0.04579
00011041,0.25956,0.02438
00011042,0.76228,0.07807
00011043,0.43630,0.04043
00011044,0.43152,0.03548
00011045,0.59203,0.04790
00011046,1.37970,0.18051
00011047,1.33097,0.11866
00011048,0.74075,0.04664
00011049,0.64645,0.04298
00011050,0.68913,0.04816
00011051,0.92401,0.06334
00011052,1.29471,0.11790
00011053,0.48498,0.04671
00011054,0.70167,0.05649
00011055,2.63072,0.38157
00011056,0.57437,0.03852
00011057,0.78839,0.05568
00011058,0.47062,0.04843
00011059,0.19958,0.02542
00011060,0.39204,0.03454
00011061,0.47589,0.04455
00011062,0.46709,0.03310
00011063,0.50946,0.03498
00011064,1.49936,0.15902
00011065,0.58446,0.04682
00011066,1.16188,0.11301
00011067,0.99720,0.11129
00011068,1.57418,0.14931
00011069,0.50592,0.03409
00011070,0.54529,0.04756
00011071,1.03297,0.10100
00011072,0.56809,0.04347
00011073,0.54110,0.03738
00011074,1.14686,0.12233
00011075,1.00637,0.17042
00011076,0.50574,0.03388
00011077,0.20137,0.04455
00011078,0.47719,0.03788
00011079,1.00766,0.07749
00011080,0.29407,0.02730
00011081,1.46287,0.17255
00011082,0.36240,0.03725
00011083,0.45910,0.05141
00011084,0.42118,0.03698
00011085,0.45039,0.03943
00011086,1.00782,0.08416
00011087,0.68441,0.06255
00011088,0.20035,0.05902
00011089,0.33106,0.02993
00011090,0.76996,0.05651
00011091,0.56152,0.04842
00011092,0.85686,0.13394
