ID,theta_E,theta_E_sigma
00000000,0.55472,0.19233
00000001,0.67903,0.03549
00000002,0.80662,0.05769
00000003,0.49788,0.02417
00000004,2.96341,0.34865
00000005,1.62680,0.19788
00000006,0.48871,0.02250
00000007,0.86008,0.04549
00000008,0.34941,0.02967
00000009,0.72475,0.04070
00000010,0.43031,0.02877
00000011,0.45963,0.03400
00000012,0.53654,0.04009
00000013,0.66740,0.03426
00000014,0.72645,0.04940
00000015,1.77108,0.16704
00000016,0.91506,0.05128
00000017,0.49842,0.03775
00000018,0.79017,0.04955
00000019,1.10225,0.08809
00000020,0.75830,0.04714
00000021,1.04635,0.11066
00000022,0.89553,0.05675
00000023,0.33315,0.02292
00000024,0.45869,0.03611
00000025,0.45705,0.03222
00000026,1.28512,0.47414
00000027,0.84435,0.04749
00000028,0.42547,0.03653
00000029,0.42220,0.02337
00000030,0.34980,0.02056
00000031,0.49918,0.02402
00000032,1.24565,0.18167
00000033,0.61279,0.03661
00000034,0.41377,0.03810
00000035,0.98900,0.05665
00000036,1.28804,0.10591
00000037,0.63757,0.03830
00000038,0.67127,0.05378
00000039,0.40321,0.02528
00000040,0.42172,0.03238
00000041,0.93330,0.05613
00000042,0.21903,0.02206
00000043,0.57137,0.03585
00000044,0.51895,0.02802
00000045,0.38009,0.02568
00000046,0.80076,0.07277
00000047,0.71109,0.05136
00000048,0.70821,0.04134
00000049,2.17822,0.44884
00000050,0.69162,0.05912
00000051,0.43473,0.02531
00000052,0.82496,0.06259
00000053,0.39986,0.02903
00000054,0.70061,0.03063
00000055,0.51128,0.03750
00000056,1.25546,0.09589
00000057,0.50562,0.03690
00000058,0.59261,0.05570
00000059,0.61083,0.03787
00000060,0.43785,0.02486
00000061,1.13690,0.12617
00000062,0.31753,0.07043
00000063,0.33419,0.02605
00000064,0.72693,0.03894
00000065,0.94206,0.08285
00000066,0.62846,0.04297
00000067,0.58362,0.03483
00000068,0.90935,0.08822
00000069,0.58297,0.04611
00000070,1.37159,0.09729
00000071,0.59383,0.03738
00000072,0.23832,0.03014
00000073,0.89492,0.08168
00000074,0.39676,0.02093
00000075,0.59194,0.03797
00000076,0.94320,0.05578
00000077,0.64950,0.04768
00000078,0.39809,0.02704
00000079,0.38251,0.02963
00000080,1.19893,0.09399
00000081,0.56665,0.03767
00000082,0.98176,0.06993
00000083,0.95370,0.09436
00000084,1.45648,0.10290
00000085,0.95379,0.06186
00000086,0.56833,0.02856
00000087,1.18626,0.10369
00000088,2.53902,0.29701
00000089,0.85636,0.06309
00000090,0.27946,0.02767
00000091,0.90053,0.10588
00000092,0.62705,0.05856
00000093,1.04663,0.06178
00000094,0.75599,0.07629
00000095,0.22484,0.02051
00000096,0.97904,0.06156
00000097,1.12179,0.09085
00000098,0.69910,0.03510
00000099,0.50895,0.02939
00000100,1.48659,0.60175
00000101,0.64000,0.09794
00000102,0.44247,0.02904
00000103,0.69352,0.17497
00000104,0.59106,0.03209
00000105,1.76617,0.18902
00000106,0.28040,0.03993
00000107,0.76321,0.04007
00000108,0.77504,0.05292
00000109,0.25733,0.03603
00000110,0.56688,0.02869
00000111,0.23363,0.05375
00000112,0.99924,0.09328
00000113,0.71780,0.20431
00000114,0.49070,0.04329
00000115,0.60034,0.05001
00000116,0.22929,0.02085
00000117,0.50964,0.05070
00000118,1.15078,0.08471
00000119,0.71807,0.05995
00000120,0.60069,0.03916
00000121,0.46574,0.03001
00000122,0.62159,0.03765
00000123,0.37795,0.03422
00000124,0.56381,0.03430
00000125,1.20173,0.11295
00000126,0.61466,0.04718
00000127,0.69652,0.03606
00000128,0.79182,0.04258
00000129,0.56158,0.06483
00000130,0.24671,0.02143
00000131,0.84838,0.06536
00000132,0.60816,0.04129
00000133,1.62405,0.17645
00000134,0.98530,0.07841
00000135,0.47850,0.02931
00000136,0.46649,0.02790
00000137,0.22801,0.02610
00000138,0.62506,0.03078
00000139,0.78957,0.04619
00000140,0.66861,0.03888
00000141,0.54396,0.03536
00000142,1.00551,0.09961
00000143,0.46149,0.02530
00000144,0.39835,0.02428
00000145,2.42394,0.31569
00000146,0.63617,0.03563
00000147,0.42189,0.02844
00000148,0.40653,0.02144
00000149,0.83854,0.06748
00000150,0.45237,0.03621
00000151,0.46966,0.02504
00000152,0.75772,0.04427
00000153,0.58564,0.06424
00000154,0.48746,0.03463
00000155,0.93959,0.07013
00000156,1.13234,0.07663
00000157,1.50583,0.20989
00000158,0.56621,0.03271
00000159,1.63711,0.13407
00000160,0.61601,0.04047
00000161,0.22482,0.02144
00000162,0.31877,0.02612
00000163,0.38957,0.02154
00000165,0.71318,0.05797
00000166,0.91391,0.06554
00000167,0.52893,0.02742
00000168,1.00341,0.07594
00000169,0.54055,0.04799
00000170,1.68672,0.15138
00000171,0.36928,0.03868
00000172,0.34040,0.03327
00000173,1.20322,0.10688
00000174,0.51940,0.10997
00000175,1.11855,0.21229
00000176,0.26027,0.02696
00000177,1.64299,0.15199
00000178,0.49010,0.03165
00000179,0.46468,0.35154
00000180,1.08363,0.08301
00000181,1.78065,0.14744
00000182,1.65913,0.15506
00000183,0.50642,0.03556
00000184,2.14253,0.24897
00000185,0.79483,0.05678
00000186,1.07475,0.07687
00000187,0.29920,0.02283
00000188,0.55669,0.02820
00000189,0.52692,0.02755
00000190,0.41570,0.02381
00000191,0.62069,0.03248
00000192,0.91231,0.17936
00000193,0.57389,0.03175
00000194,0.58071,0.03764
00000195,1.41282,0.11814
00000196,0.51432,0.02686
00000197,1.04789,0.07727
00000198,0.63516,0.03654
00000199,0.77166,0.08785
00000200,0.48901,0.03278
00000201,2.42085,0.24386
00000202,0.48594,0.03903
00000203,2.33276,0.37887
00000204,1.00212,0.05795
00000205,1.34686,0.14020
00000206,0.47609,0.03149
00000207,0.94422,0.09486
00000208,0.62247,0.03759
00000209,0.91395,0.05335
00000210,0.61934,0.02999
00000211,0.74613,0.06882
00000212,0.84677,0.05566
00000213,2.33860,0.25319
00000214,0.64364,0.03222
00000215,2.48041,0.30036
00000216,0.96337,0.05800
00000217,0.92779,0.06809
00000218,0.45752,0.02526
00000219,0.76005,0.03915
00000220,0.93633,0.06546
00000221,0.47065,0.03687
00000222,1.20157,0.08119
00000223,0.53320,0.03155
00000224,1.44015,0.10734
00000225,0.33286,0.01994
00000226,0.25178,0.02095
00000227,0.60348,0.03731
00000228,0.59202,0.03281
00000229,0.34794,0.02112
00000230,0.55648,0.04195
00000231,0.55508,0.03829
00000232,0.94104,0.05797
00000233,0.53938,0.03156
00000234,1.21438,0.09096
00000235,0.62214,0.03681
00000236,0.89807,0.05445
00000237,0.68916,0.03634
00000238,1.07973,0.09019
00000239,1.69639,0.16770
00000240,0.28963,0.02614
00000241,0.52711,0.02889
00000242,0.68304,0.03626
00000243,0.66597,0.04173
00000244,0.63743,0.05389
00000245,1.38002,0.09161
00000246,0.49580,0.03383
00000247,0.49865,0.03282
00000248,0.40758,0.02391
00000249,0.98658,0.06588
00000250,0.97877,0.09611
00000251,0.88067,0.04761
00000252,0.94269,0.12390
00000253,0.44559,0.02164
00000254,0.59102,0.03603
00000255,1.57412,0.13828
00000256,1.51036,0.20373
00000257,0.42402,0.03067
00000258,1.00164,0.07535
00000259,0.45041,0.03135
00000260,0.43670,0.04237
00000261,0.48117,0.02782
00000262,2.13089,0.26954
00000263,0.34743,0.03305
00000264,1.16397,0.08514
00000265,0.61211,0.03479
00000266,0.97224,0.09914
00000267,0.55051,0.03607
00000268,0.73537,0.05138
00000269,1.08020,0.24628
00000270,0.57506,0.03780
00000271,0.53075,0.04831
00000272,0.70748,0.04807
00000273,0.66031,0.03526
00000274,0.58098,0.03440
00000275,0.52486,0.03244
00000276,0.73687,0.05214
00000277,0.27991,0.01987
00000278,0.50261,0.02910
00000279,0.51521,0.03042
00000280,0.53184,0.02735
00000281,0.58031,0.03379
00000282,0.35073,0.02374
00000283,0.55428,0.06285
00000284,0.40761,0.02312
00000285,0.81186,0.05129
00000286,0.48537,0.03406
00000287,0.75740,0.05928
00000288,0.39251,0.02415
00000289,0.29813,0.01945
00000290,2.34426,0.36682
00000291,0.51271,0.03589
00000292,0.66839,0.04956
00000293,0.52478,0.03536
00000294,0.59881,0.03807
00000295,0.79597,0.04985
00000296,0.74805,0.05452
00000297,0.51951,0.03126
00000298,0.83415,0.07227
00000299,0.34337,0.02778
00000300,0.86058,0.05180
00000301,0.57054,0.03447
00000302,1.83432,0.19067
00000303,1.01297,0.06522
00000304,0.52411,0.05617
00000305,1.00362,0.07698
00000306,0.23441,0.01836
00000307,0.61829,0.03751
00000308,0.95886,0.06272
00000309,1.13312,0.08648
00000310,0.79477,0.04737
00000311,0.45911,0.04284
00000312,0.42552,0.02741
00000313,0.53874,0.03739
00000314,1.38159,0.14247
00000315,0.29216,0.02145
00000316,0.35395,0.02253
00000317,1.08475,0.07952
00000318,0.47240,0.03658
00000319,0.57606,0.02852
00000320,0.59949,0.04428
00000321,0.54421,0.02781
00000322,0.53593,0.07804
00000323,2.26250,0.29075
00000324,0.29089,0.02331
00000325,0.56112,0.04101
00000326,0.73695,0.04440
00000327,0.42273,0.02384
00000328,0.70917,0.04317
00000329,1.20305,0.07548
00000330,1.00006,0.08374
00000331,0.98856,0.07249
00000332,0.70441,0.03776
00000333,0.42592,0.02610
00000334,0.18063,0.01977
00000335,0.33817,0.02507
00000336,0.86718,0.08207
00000337,0.76047,0.04824
00000338,0.69573,0.04384
00000339,0.73173,0.04682
00000340,0.30207,0.02094
00000341,0.64079,0.05745
00000342,0.65940,0.03472
00000343,1.18144,0.10657
00000344,0.51219,0.03518
00000345,0.98222,0.07114
00000346,1.25385,0.14474
00000347,1.20725,0.09307
00000348,0.91382,0.08086
00000349,0.41157,0.02441
00000350,1.07778,0.06663
00000351,0.52429,0.03643
00000352,0.93519,0.07061
00000353,0.39367,0.02100
00000354,0.77153,0.04572
00000355,0.83494,0.05353
00000356,0.96158,0.05482
00000357,0.94512,0.08357
00000358,0.51939,0.03500
00000359,0.49136,0.03049
00000360,0.58864,0.03960
00000361,0.76608,0.04603
00000362,0.49638,0.03944
00000363,0.69492,0.04529
00000364,1.05515,0.07944
00000365,0.84569,0.04091
00000366,0.39902,0.01997
00000367,0.70448,0.03587
00000368,0.61286,0.06250
00000369,0.45261,0.02324
00000370,1.24539,0.09116
00000371,0.88141,0.06177
00000372,2.49659,0.26917
00000373,1.86225,0.20280
00000374,0.78566,0.07265
00000375,1.23539,0.10210
00000376,0.50471,0.02947
00000377,0.91490,0.06631
00000378,1.03046,0.08534
00000379,0.47753,0.03005
00000380,2.10145,0.20463
00000381,0.61345,0.04154
00000382,0.43269,0.03455
00000383,0.82052,0.06110
00000384,0.67181,0.07375
00000385,0.35217,0.02340
00000386,0.69437,0.04298
00000388,0.64701,0.03746
00000389,0.85031,0.08748
00000390,0.60357,0.04241
00000391,1.63103,0.17533
00000392,1.74266,0.19470
00000393,1.09323,0.07347
00000394,0.24498,0.06991
00000395,1.02881,0.08604
00000396,0.71003,0.04900
00000397,0.38198,0.05361
00000398,0.38417,0.02052
00000399,0.66193,0.04058
00000400,0.42280,0.02947
00000401,0.79505,0.06353
00000402,0.25908,0.01904
00000403,0.65462,0.03694
00000404,0.52748,0.03312
00000405,0.92364,0.07782
00000406,0.36964,0.02465
00000407,2.11942,0.21003
00000408,1.13716,0.10355
00000409,0.65747,0.04071
00000410,0.56144,0.03540
00000411,0.55406,0.03046
00000412,0.63823,0.04348
00000413,0.65172,0.03956
00000414,0.47967,0.02813
00000415,0.37110,0.02422
00000416,1.00821,0.12837
00000417,0.83746,0.04995
00000418,0.58735,0.02982
00000419,0.96404,0.05598
00000420,0.50307,0.02704
00000421,0.26351,0.02014
00000422,0.60894,0.03695
00000423,1.47013,0.11245
00000424,1.01988,0.06214
00000425,0.45765,0.02391
00000426,0.72930,0.05000
00000427,0.61040,0.04583
00000428,0.73805,0.04868
00000429,0.72098,0.04251
00000430,0.25960,0.02411
00000431,2.25192,0.20547
00000432,0.73161,0.04161
00000433,0.41527,0.02478
00000434,0.18377,0.01819
00000435,1.63175,0.12200
00000436,1.71983,0.18487
00000437,1.06029,0.10861
00000438,0.53406,0.03808
00000439,0.76876,0.05881
00000440,0.88241,0.07602
00000441,0.70516,0.03971
00000442,0.28917,0.02371
00000443,0.48172,0.03360
00000444,1.45275,0.09750
00000445,0.45718,0.02991
00000446,2.74674,0.29128
00000447,0.78004,0.04695
00000448,0.99639,0.06451
00000449,0.89369,0.08903
00000450,0.84507,0.04732
00000451,0.40450,0.01958
00000452,1.91850,0.21703
00000453,1.28074,0.09561
00000454,0.39123,0.02043
00000455,0.27608,0.02518
00000456,1.00624,0.07566
00000457,0.52031,0.04468
00000458,0.58040,0.03700
00000459,0.69087,0.03965
00000460,1.02015,0.05998
00000461,0.28991,0.02620
00000462,0.19437,0.02056
00000463,0.95175,0.06893
00000464,0.29736,0.02998
00000465,1.98722,0.41706
00000466,1.09653,0.09375
00000467,0.28009,0.02295
00000468,0.68216,0.03709
00000469,0.62544,0.04414
00000470,0.20021,0.02433
00000471,0.60975,0.04549
00000472,0.57802,0.04367
00000473,0.35730,0.02722
00000474,0.66920,0.16199
00000475,0.73318,0.04482
00000476,1.05754,0.08276
00000477,1.16892,0.07652
00000478,0.95378,0.06232
00000479,0.65679,0.04441
00000480,0.28718,0.01908
00000481,0.27574,0.02173
00000482,0.90245,0.05981
00000483,0.54214,0.02545
00000484,0.51057,0.03935
00000485,0.50037,0.02634
00000486,0.33105,0.03552
00000487,0.74850,0.05966
00000488,0.62613,0.06551
00000489,1.64999,0.15519
00000490,1.17599,0.12435
00000491,0.37869,0.02351
00000492,0.58421,0.02796
00000493,0.29890,0.03039
00000494,0.79673,0.04729
00000495,0.69940,0.06772
00000496,0.45850,0.03625
00000497,0.41752,0.02753
00000498,1.31794,0.15063
00000499,0.93624,0.12456
00000500,0.46051,0.03129
00000501,0.44994,0.06587
00000502,1.13740,0.07826
00000503,0.55452,0.04019
00000504,0.59696,0.03222
00000505,0.29439,0.02500
00000506,0.90032,0.33190
00000507,0.89846,0.05576
00000508,0.91369,0.05077
00000509,0.94565,0.06219
00000510,0.63087,0.03903
00000511,0.73396,0.04359
00000512,0.40094,0.02455
00000513,1.29749,0.11281
00000514,0.44727,0.02576
00000515,0.94181,0.05599
00000516,0.78396,0.04120
00000517,1.60378,0.12461
00000518,0.58395,0.03593
00000519,1.84922,0.35478
00000520,0.48323,0.03324
00000521,0.41199,0.02788
00000522,2.19176,0.20025
00000523,0.48365,0.02583
00000524,0.47024,0.02877
00000525,1.27240,0.07766
00000526,1.76288,0.14226
00000527,0.48915,0.03242
00000528,0.44307,0.02351
00000529,1.32373,0.11589
00000530,0.42872,0.02783
00000531,1.26163,0.08705
00000532,1.02354,0.09024
00000533,1.42508,0.12266
00000534,0.56923,0.06099
00000535,0.43428,0.02338
00000536,1.24798,0.10069
00000537,0.91428,0.13040
00000538,0.85283,0.05325
00000539,0.61102,0.03818
00000540,0.42115,0.02883
00000541,0.82232,0.20448
00000542,0.45120,0.02616
00000543,0.62730,0.04321
00000544,0.47011,0.03433
00000545,0.86742,0.09907
00000546,0.43906,0.02686
00000547,0.22844,0.01879
00000548,0.52063,0.02598
00000549,0.40124,0.03684
00000550,0.47283,0.04045
00000551,0.52068,0.02677
00000552,0.98205,0.06410
00000553,0.23084,0.01913
00000554,0.32271,0.01981
00000555,0.40066,0.03817
00000556,0.69926,0.05297
00000557,0.43105,0.02494
00000558,1.03360,0.14226
00000559,0.77665,0.03939
00000560,0.83288,0.06351
00000561,0.56042,0.02997
00000562,2.28380,0.27052
00000563,0.41473,0.03781
00000564,0.28058,0.01975
00000565,1.39832,0.09619
00000566,0.48084,0.04944
00000567,0.49008,0.02940
00000568,0.83613,0.04787
00000569,0.80221,0.07099
00000570,0.47352,0.05345
00000571,0.81652,0.04858
00000572,0.69340,0.05351
00000573,0.54122,0.03522
00000574,0.51628,0.03191
00000575,1.40450,0.14334
00000576,0.67468,0.04315
00000577,0.77742,0.05494
00000578,1.61865,0.14085
00000579,0.44004,0.03736
00000580,0.50617,0.02662
00000581,0.62745,0.03500
00000582,0.49315,0.02549
00000583,0.43267,0.02796
00000584,0.64351,0.03201
00000585,0.72372,0.05920
00000586,0.37220,0.02393
00000587,1.17147,0.08040
00000588,0.41656,0.03053
00000589,0.62226,0.03470
00000590,0.79816,0.05728
00000591,0.42060,0.02816
00000592,0.68724,0.04121
00000593,0.50953,0.02306
00000594,0.49800,0.03058
00000595,0.69623,0.05136
00000596,1.90304,0.17272
00000597,0.70844,0.04967
00000598,0.96396,0.08635
00000599,0.80266,0.05962
00000600,0.44189,0.02178
00000601,0.56706,0.03301
00000602,0.44667,0.02541
00000603,0.72209,0.03538
00000604,0.47316,0.03295
00000605,1.05029,0.10747
00000606,1.10400,0.09951
00000607,0.97238,0.06365
00000608,0.31664,0.02823
00000609,0.51729,0.03100
00000610,0.68025,0.04290
00000611,0.94682,0.06101
00000612,0.86980,0.06781
00000613,0.84597,0.10021
00000614,0.34936,0.02046
00000615,0.80792,0.04796
00000616,0.45770,0.03618
00000617,1.05549,0.09826
00000618,1.06873,0.12819
00000619,0.42221,0.02456
00000620,0.51989,0.03670
00000621,0.58032,0.06546
00000622,0.59558,0.04916
00000623,0.61985,0.04627
00000624,0.35822,0.02604
00000625,1.05323,0.06635
00000626,1.10463,0.08097
00000627,1.05814,0.09707
00000628,0.83545,0.04905
00000629,0.26872,0.01898
00000630,0.40169,0.02973
00000631,0.66883,0.04901
00000632,1.08485,0.10361
00000633,0.46599,0.03476
00000634,0.24413,0.02220
00000635,1.12374,0.12189
00000636,0.61064,0.03652
00000637,0.91244,0.06837
00000638,0.49008,0.04046
00000639,0.49547,0.04031
00000640,0.43885,0.03270
00000641,0.38635,0.02422
00000642,0.24120,0.01944
00000643,0.45636,0.02360
00000644,0.41553,0.02218
00000645,1.01686,0.11138
00000646,1.61244,0.28687
00000647,0.64696,0.03540
00000648,0.45224,0.02869
00000649,0.70878,0.04108
00000650,0.48614,0.03110
00000651,0.27625,0.01999
00000652,0.35428,0.02486
00000653,1.02623,0.07495
00000654,0.56595,0.03830
00000655,0.69389,0.04820
00000656,1.07029,0.09122
00000657,0.30593,0.02139
00000658,0.55415,0.03899
00000659,0.48830,0.04544
00000660,0.27153,0.02256
00000661,0.44756,0.02413
00000662,0.66985,0.05150
00000663,1.17103,0.09942
00000664,0.25625,0.01960
00000665,0.58152,0.03496
00000666,0.86888,0.07955
00000667,0.71168,0.05128
00000668,0.92503,0.06089
00000669,1.20289,0.11463
00000670,0.50984,0.03663
00000671,0.48632,0.02482
00000672,0.45385,0.02545
00000673,0.65774,0.04116
00000674,0.96136,0.08590
00000675,0.81453,0.14961
00000676,0.88531,0.05472
00000677,0.28133,0.02202
00000678,0.81638,0.04322
00000679,0.17350,0.01884
00000680,0.22584,0.02129
00000681,0.52727,0.02765
00000682,0.23849,0.02690
00000683,0.53368,0.04373
00000684,0.48104,0.02371
00000685,1.33923,0.12746
00000686,2.66600,0.33243
00000687,1.06638,0.11791
00000688,0.43797,0.02667
00000689,0.98310,0.07099
00000690,0.57993,0.03455
00000691,1.56772,0.11890
00000692,0.43236,0.03053
00000693,0.26401,0.02946
00000694,0.78602,0.05270
00000695,0.35991,0.02708
00000696,0.83089,0.06655
00000697,0.49012,0.02620
00000698,1.21854,0.12052
00000699,1.05608,0.07090
00000700,0.48653,0.03206
00000701,0.68946,0.03635
00000702,1.49519,0.16934
00000703,0.75942,0.05197
00000704,0.55941,0.03508
00000705,1.59079,0.11711
00000706,0.39417,0.02516
00000707,0.43617,0.02306
00000708,0.65935,0.04811
00000709,0.65194,0.03187
00000710,1.79730,0.16971
00000711,0.85825,0.05178
00000712,0.41125,0.02562
00000713,0.37260,0.02540
00000714,1.58343,0.12598
00000715,0.34165,0.03637
00000716,0.25156,0.02629
00000717,0.24320,0.02286
00000718,0.26785,0.02044
00000719,0.55982,0.03133
00000720,0.71860,0.07355
00000721,3.04075,0.29806
00000722,1.70248,0.32690
00000723,0.92763,0.05389
00000724,0.56730,0.04638
00000725,2.24724,0.22171
00000726,0.29031,0.02185
00000727,0.61508,0.03823
00000728,0.95631,0.11153
00000729,0.33583,0.02310
00000730,1.46565,0.10846
00000731,1.06223,0.10231
00000732,0.23244,0.01856
00000733,0.50679,0.03071
00000734,1.03646,0.08654
00000735,1.16415,0.09849
00000736,0.38987,0.02053
00000737,0.58192,0.03858
00000738,0.60988,0.04898
00000739,0.85116,0.05156
00000740,0.65062,0.04717
00000741,0.39756,0.03422
00000742,0.87574,0.08292
00000743,0.29151,0.04176
00000744,1.79306,0.18997
00000745,0.50362,0.03811
00000746,0.97524,0.06880
00000747,0.51706,0.03517
00000748,0.68079,0.04882
00000749,0.86742,0.05224
00000750,2.00224,0.31505
00000751,1.04012,0.07167
00000752,0.83671,0.05204
00000753,0.42977,0.02790
00000754,1.02957,0.07545
00000755,0.54291,0.03800
00000756,0.71369,0.08310
00000757,0.55394,0.02884
00000758,0.53536,0.03339
00000759,0.56555,0.03466
00000760,0.72453,0.04818
00000761,2.54914,0.29838
00000762,0.19633,0.02248
00000763,0.94567,0.06468
00000764,0.19869,0.01985
00000765,0.65983,0.08827
00000766,1.42931,0.12930
00000767,1.05332,0.08628
00000768,0.61477,0.03487
00000769,0.67762,0.03590
00000770,0.48430,0.03898
00000772,0.72976,0.04906
00000773,0.88904,0.06979
00000774,1.30646,0.08860
00000775,0.74207,0.05874
00000776,0.60289,0.04146
00000777,0.70698,0.04617
00000778,2.01111,0.18291
00000779,1.38487,0.10564
00000780,1.16441,0.10620
00000781,0.47623,0.02440
00000782,0.52626,0.03480
00000783,0.50657,0.02769
00000784,1.04534,0.06623
00000785,0.35379,0.02361
00000786,0.68778,0.04698
00000787,0.91447,0.05560
00000788,1.16963,0.08246
00000789,0.54543,0.04364
00000790,0.58343,0.03481
00000791,1.36564,0.15726
00000792,1.37857,0.11350
00000793,2.09993,0.24702
00000794,0.33009,0.02293
00000795,1.06287,0.07942
00000796,0.68477,0.04095
00000797,0.25086,0.01894
00000798,0.56956,0.03964
00000799,0.23525,0.03599
00000800,1.37589,0.11765
00000801,0.76748,0.06101
00000802,1.31682,0.11680
00000803,0.43760,0.02332
00000804,0.41080,0.02421
00000805,1.68755,0.15411
00000806,0.45037,0.02722
00000807,0.41038,0.02408
00000808,0.80286,0.04715
00000809,0.58950,0.02918
00000810,0.71048,0.03208
00000811,0.22154,0.02179
00000812,0.86202,0.06164
00000813,0.40255,0.02986
00000814,1.53266,0.14471
00000815,1.07308,0.09052
00000816,0.59852,0.03987
00000817,0.90631,0.07288
00000818,1.03267,0.06733
00000819,0.77027,0.05250
00000820,0.35683,0.02483
00000821,1.55910,0.11418
00000822,0.62061,0.03691
00000823,0.73896,0.05208
00000824,0.53125,0.03580
00000825,0.72400,0.04182
00000826,1.34759,0.15880
00000827,0.94292,0.09518
00000828,1.06705,0.08301
00000829,0.78023,0.04937
00000830,1.30765,0.08719
00000831,0.43830,0.02812
00000832,2.32101,0.23873
00000833,0.26964,0.03417
00000834,0.40653,0.03484
00000835,0.65689,0.03690
00000836,0.78369,0.05485
00000837,0.42405,0.02325
00000838,0.76809,0.04842
00000839,0.36262,0.02939
00000840,2.11681,0.20762
00000841,1.09976,0.09791
00000842,1.12978,0.10053
00000843,0.28937,0.02043
00000844,0.68526,0.06739
00000845,1.28210,0.10266
00000846,1.73637,0.15215
00000847,0.57986,0.03644
00000848,0.50105,0.03197
00000849,0.51830,0.04373
00000850,0.57102,0.02786
00000851,0.67323,0.05081
00000852,0.70164,0.03806
00000853,0.60798,0.03407
00000854,1.14863,0.07123
00000855,0.34759,0.02875
00000856,0.35979,0.02195
00000857,0.47044,0.02717
00000858,0.23416,0.02502
00000859,0.71577,0.04700
00000860,0.39087,0.02308
00000861,1.11721,0.07501
00000862,0.31403,0.03589
00000863,0.43177,0.02786
00000864,0.22780,0.02058
00000865,0.74678,0.06950
00000866,0.40874,0.02970
00000867,0.57174,0.03609
00000868,1.22833,0.09084
00000869,0.78690,0.04612
00000870,0.39753,0.03068
00000871,0.84418,0.05192
00000872,0.46943,0.03565
00000873,0.95616,0.07129
00000874,0.47915,0.03105
00000875,2.32404,0.28893
00000876,0.68616,0.05497
00000877,0.65834,0.03855
00000878,2.11008,0.38422
00000879,0.70609,0.05932
00000880,0.57866,0.03417
00000881,0.40040,0.02731
00000882,0.55591,0.03571
00000883,0.91237,0.11067
00000884,0.45212,0.02742
00000885,1.16180,0.08613
00000886,0.26676,0.02279
00000887,0.39469,0.02352
00000888,0.80343,0.04860
00000889,0.21495,0.01886
00000890,0.60394,0.03778
00000891,0.43981,0.02662
00000892,1.07970,0.12351
00000893,0.51462,0.04445
00000894,0.22105,0.02068
00000895,0.88539,0.07067
00000896,0.28845,0.02805
00000897,0.49412,0.02837
00000898,0.62092,0.03622
00000899,1.48802,0.11270
00000900,2.58850,0.40627
00000901,0.37281,0.07020
00000902,0.38333,0.02100
00000903,0.74542,0.04868
00000904,1.07060,0.08026
00000905,0.24660,0.02117
00000906,1.31723,0.12761
00000907,1.22880,0.08497
00000908,0.96520,0.09595
00000909,0.30433,0.02495
00000910,0.55239,0.03455
00000911,0.28347,0.02369
00000912,0.72312,0.06772
00000913,1.51509,0.11155
00000914,0.54889,0.02598
00000915,0.90813,0.09185
00000916,1.38484,0.16125
00000917,1.31041,0.09192
00000918,0.32117,0.03063
00000919,0.57118,0.03442
00000920,0.90752,0.16350
00000921,0.63087,0.03213
00000922,0.73222,0.08056
00000923,0.58612,0.03849
00000924,0.44551,0.03977
00000925,0.61092,0.03028
00000926,0.93286,0.09609
00000927,0.47545,0.02806
00000928,1.65559,0.13231
00000929,1.80810,0.14011
00000930,0.68044,0.03753
00000931,0.40906,0.02301
00000932,0.37766,0.02752
00000933,1.23519,0.19798
00000934,0.29462,0.02290
00000935,0.42214,0.02754
00000936,0.60746,0.03666
00000937,1.09323,0.06412
00000938,0.49285,0.03204
00000939,0.44825,0.03388
00000940,0.22821,0.05938
00000941,0.82298,0.05877
00000942,0.48686,0.03064
00000943,0.46527,0.02730
00000944,0.58672,0.03487
00000945,1.07521,0.13447
00000946,0.47837,0.02528
00000947,0.82762,0.04624
00000948,0.45827,0.02424
00000949,0.27564,0.02508
00000950,1.73664,0.15215
00000951,0.59863,0.04364
00000952,0.74532,0.10553
00000953,0.89112,0.06762
00000954,0.25459,0.01841
00000955,1.00221,0.07536
00000956,0.31986,0.01900
00000957,1.14298,0.06889
00000958,0.76010,0.05560
00000959,0.42649,0.04000
00000960,1.94974,0.48359
00000961,1.28362,0.11000
00000962,0.50796,0.03480
00000963,1.06240,0.07031
00000964,0.77261,0.06136
00000965,0.82451,0.05105
00000966,0.90139,0.06712
00000967,0.38240,0.02476
00000968,0.86400,0.05024
00000969,0.41592,0.02647
00000970,0.99507,0.07670
00000971,0.51418,0.03101
00000972,0.66325,0.03803
00000973,0.61708,0.04680
00000974,0.42479,0.02365
00000975,0.56725,0.03147
00000976,0.51729,0.03274
00000977,0.63092,0.04539
00000978,0.66681,0.03918
00000979,0.58284,0.03250
00000980,0.61759,0.03391
00000981,0.23060,0.02346
00000982,0.68085,0.03818
00000983,0.27688,0.02196
00000984,2.01090,0.26410
00000985,0.48161,0.03112
00000986,0.38349,0.02460
00000987,0.52418,0.04529
00000988,0.65474,0.04293
00000989,0.91859,0.05657
00000990,0.80826,0.06238
00000991,0.64330,0.03615
00000992,0.66210,0.04130
00000993,0.55779,0.03450
00000994,0.53162,0.03906
00000995,0.48417,0.02862
00000996,0.31611,0.02481
00000997,1.33410,0.09327
00000998,0.77191,0.05615
00000999,0.88866,0.09769
00001000,0.55410,0.02738
00001001,0.28377,0.02128
00001002,0.46198,0.02938
00001003,1.36441,0.16787
00001004,0.67074,0.04789
00001005,1.02480,0.13634
00001006,0.35282,0.02631
00001007,1.21166,0.11673
00001008,0.54507,0.03570
00001009,0.37887,0.02376
00001010,0.52487,0.03938
00001011,0.48936,0.02445
00001012,0.56056,0.03025
00001013,0.37982,0.02444
00001014,0.55073,0.03186
00001015,0.36262,0.02134
00001016,1.83008,0.20916
00001017,0.47998,0.02858
00001018,0.32375,0.02411
00001019,0.55234,0.04048
00001020,0.82815,0.04681
00001021,0.58699,0.03443
00001022,0.50740,0.02707
00001023,0.95717,0.09758
00001024,0.61597,0.03128
00001025,2.77377,0.30026
00001026,0.44388,0.02306
00001027,0.31000,0.02062
00001028,0.90966,0.12826
00001029,0.58104,0.03369
00001030,1.11663,0.08782
00001031,2.13633,0.22510
00001032,0.36601,0.03361
00001033,0.47617,0.03582
00001034,0.51397,0.02666
00001035,0.49170,0.02656
00001036,0.93792,0.25142
00001037,0.42735,0.03982
00001038,1.36657,0.11805
00001039,0.56577,0.05124
00001040,0.84926,0.05521
00001041,0.26148,0.02235
00001042,0.41713,0.04409
00001043,0.32614,0.02456
00001044,0.95040,0.07991
00001045,0.29146,0.02527
00001046,1.53050,0.14164
00001047,0.49532,0.02182
00001048,0.28683,0.02462
00001049,1.44761,0.11174
00001050,0.91526,0.05887
00001051,0.42589,0.03674
00001052,0.30262,0.02151
00001053,0.35508,0.03394
00001054,0.52439,0.03031
00001055,0.65977,0.05623
00001056,0.61531,0.04438
00001057,1.20094,0.09258
00001058,0.39961,0.02161
00001059,0.75608,0.04917
00001060,0.60828,0.06827
00001061,0.73178,0.05939
00001062,0.58854,0.04805
00001063,0.55096,0.03597
00001064,0.35781,0.02386
00001065,0.92481,0.05607
00001066,0.52534,0.03477
00001067,1.82464,0.16666
00001068,0.34334,0.03520
00001069,1.22124,0.08572
00001070,0.27567,0.02345
00001071,0.43991,0.03328
00001072,1.12216,0.08789
00001073,0.60984,0.03554
00001074,1.94783,0.17586
00001075,0.75366,0.03816
00001076,0.30785,0.02649
00001077,0.87252,0.14910
00001078,0.56592,0.03148
00001079,0.24398,0.02228
00001080,0.39273,0.02429
00001081,0.88711,0.07823
00001082,0.57298,0.03261
00001083,0.56416,0.04445
00001084,0.49304,0.04209
00001085,0.27051,0.02934
00001086,1.80125,0.19531
00001087,0.48537,0.03698
00001088,0.35586,0.05741
00001089,0.61053,0.04152
00001090,0.60266,0.03879
00001091,0.81665,0.05265
00001092,0.70119,0.03272
00001093,2.03811,0.52481
00001094,0.90049,0.05319
00001095,2.28279,0.23460
00001096,0.49557,0.02691
00001097,0.32453,0.02470
00001098,0.55917,0.03153
00001099,0.76631,0.05409
00001100,1.56504,0.11515
00001101,0.53779,0.03249
00001102,0.61950,0.03468
00001103,1.00741,0.09514
00001104,1.02841,0.09727
00001105,0.50391,0.03633
00001106,0.54687,0.03257
00001107,0.55775,0.03176
00001108,2.82039,0.28607
00001109,0.55779,0.04772
00001110,0.36959,0.03462
00001111,0.33574,0.05645
00001112,0.31878,0.04461
00001113,2.16933,0.23355
00001114,0.89085,0.06610
00001115,0.47044,0.03190
00001116,0.52691,0.02844
00001117,0.80103,0.06122
00001118,0.63873,0.05267
00001119,0.42209,0.06051
00001120,0.54141,0.03428
00001121,0.52194,0.02799
00001122,0.91659,0.07314
00001123,0.53804,0.03192
00001124,0.36956,0.03137
00001125,0.23454,0.02483
00001126,0.34701,0.02724
00001127,1.61292,0.13950
00001128,0.53401,0.03098
00001129,0.58094,0.04331
00001131,0.57361,0.03062
00001132,0.47528,0.03014
00001133,0.62784,0.03360
00001134,0.21162,0.02800
00001135,0.79837,0.05094
00001136,1.85003,0.14946
00001137,0.34221,0.01971
00001138,1.45724,0.12552
00001139,2.35745,0.24882
00001140,2.43772,0.24315
00001141,0.27128,0.02889
00001142,1.91094,0.17002
00001143,0.73322,0.05315
00001144,0.35669,0.02940
00001145,0.69144,0.03809
00001146,1.47899,0.12199
00001147,0.65664,0.03611
00001148,1.77102,0.14026
00001149,1.02040,0.11189
00001150,0.79367,0.05746
00001151,0.70502,0.04443
00001152,1.33265,0.10924
00001153,0.52620,0.02501
00001154,1.45195,0.25117
00001155,0.37130,0.02366
00001156,0.49765,0.03062
00001157,0.54171,0.04879
00001158,2.13800,0.21107
00001159,0.25842,0.02049
00001160,0.65233,0.03500
00001161,1.06840,0.07297
00001162,0.59468,0.03244
00001163,1.08524,0.07200
00001164,0.41029,0.02656
00001165,0.47852,0.03001
00001166,0.66686,0.04742
00001167,0.42831,0.03620
00001168,0.75972,0.04180
00001169,0.82136,0.05686
00001170,1.49372,0.11501
00001171,0.67189,0.03966
00001172,0.48841,0.03042
00001173,0.91127,0.06108
00001174,0.62896,0.03842
00001175,0.53541,0.03376
00001176,0.29601,0.02345
00001177,0.31914,0.02712
00001178,0.68605,0.04176
00001179,0.80966,0.04519
00001180,0.48591,0.02882
00001181,1.29414,0.09251
00001182,1.34273,0.09977
00001183,0.31747,0.02157
00001184,0.42853,0.02576
00001185,1.96621,0.19476
00001186,0.45002,0.02974
00001187,1.11684,0.08297
00001188,0.21241,0.02230
00001189,0.44592,0.03122
00001190,0.77765,0.05537
00001191,0.79207,0.14860
00001192,0.79315,0.05052
00001193,1.51298,0.14621
00001194,0.74357,0.06384
00001195,0.62145,0.03884
00001196,1.62926,0.21997
00001197,1.33865,0.12070
00001198,0.34151,0.02516
00001199,0.80147,0.04517
00001200,0.49407,0.02666
00001201,0.54863,0.07481
00001202,0.41480,0.02667
00001203,0.38225,0.04001
00001204,0.72715,0.03779
00001205,0.85903,0.06859
00001206,0.74135,0.04705
00001207,1.88077,0.15134
00001208,0.22728,0.03988
00001209,0.65476,0.03710
00001210,0.77316,0.04092
00001211,1.06586,0.08318
00001212,0.60859,0.04329
00001213,0.34569,0.02698
00001214,0.30624,0.02881
00001215,1.07065,0.07371
00001216,0.32827,0.02331
00001217,0.77894,0.04401
00001218,0.40513,0.02543
00001219,0.49289,0.03399
00001220,0.47707,0.02610
00001221,0.43045,0.03012
00001222,0.65695,0.03084
00001223,0.27469,0.02018
00001224,0.74982,0.03681
00001225,1.04769,0.07259
00001226,2.31662,0.26834
00001227,1.56850,0.34160
00001228,0.71812,0.04207
00001229,0.47910,0.02203
00001230,0.57078,0.06109
00001231,0.61323,0.03195
00001232,0.62546,0.03977
00001233,0.38492,0.02371
00001234,0.22045,0.02355
00001235,1.03553,0.10752
00001236,0.60019,0.04382
00001237,0.50778,0.02504
00001238,0.66771,0.12919
00001239,0.44176,0.03087
00001240,2.22072,0.21027
00001241,1.21015,0.10442
00001242,0.40965,0.03705
00001243,0.42646,0.03776
00001244,0.28768,0.01861
00001245,0.89485,0.06475
00001246,0.46809,0.02290
00001247,0.94246,0.06901
00001248,0.79186,0.05914
00001249,2.64372,0.32489
00001250,0.43266,0.02658
00001251,0.55432,0.03721
00001252,0.69572,0.07439
00001253,1.14415,0.08777
00001254,0.41919,0.02728
00001255,0.27359,0.02093
00001256,1.09413,0.08941
00001257,0.96761,0.06514
00001258,0.40124,0.02669
00001259,2.44092,0.26851
00001260,0.44279,0.03733
00001261,0.70755,0.04563
00001262,2.13276,0.38532
00001263,0.37824,0.02227
00001264,0.19622,0.02139
00001265,2.62684,0.23295
00001266,0.49526,0.02439
00001267,0.47715,0.02456
00001268,1.06530,0.07302
00001269,0.55370,0.02946
00001270,0.59839,0.09875
00001271,1.03572,0.09957
00001272,0.38967,0.02586
00001273,1.44171,0.15492
00001274,0.34424,0.02479
00001275,1.03334,0.16781
00001276,0.68660,0.03475
00001277,0.70635,0.04762
00001278,0.18700,0.01888
00001279,0.52145,0.02813
00001280,0.52242,0.03530
00001281,0.42861,0.02250
00001282,0.99115,0.06044
00001283,0.37975,0.02975
00001284,0.29018,0.02228
00001285,0.60137,0.04417
00001286,0.48819,0.04094
00001287,0.27761,0.05968
00001288,1.68002,0.13427
00001289,0.76070,0.04916
00001290,0.38620,0.03202
00001291,0.87319,0.10102
00001292,0.65697,0.04360
00001293,0.95828,0.05914
00001294,0.49205,0.02991
00001295,0.20211,0.02406
00001296,0.27039,0.02193
00001297,0.34083,0.03035
00001298,0.50607,0.02417
00001299,0.58395,0.03704
00001300,2.59139,0.27841
00001301,0.86969,0.05668
00001302,0.47340,0.03119
00001303,0.46848,0.02511
00001304,0.69291,0.04060
00001305,2.79142,0.35162
00001306,0.86992,0.11703
00001307,0.39211,0.03124
00001308,0.43582,0.03111
00001309,0.90167,0.05660
00001310,0.69850,0.04092
00001311,0.78252,0.07561
00001312,0.70738,0.04544
00001313,0.65588,0.03776
00001314,0.64349,0.03358
00001315,0.40754,0.02040
00001316,0.63366,0.04939
00001317,0.22480,0.03347
00001318,0.83897,0.07265
00001319,1.05654,0.12362
00001320,0.45639,0.02550
00001321,0.61289,0.04417
00001322,0.53514,0.04419
00001323,0.54456,0.02810
00001324,1.25114,0.10525
00001325,1.01486,0.09180
00001326,0.36541,0.02170
00001327,1.85998,0.20373
00001328,1.09349,0.07338
00001329,0.69584,0.08607
00001330,0.40271,0.02754
00001331,0.27818,0.02099
00001332,0.54661,0.03131
00001333,1.32333,0.14317
00001334,0.55105,0.03397
00001335,0.46845,0.03115
00001336,0.46182,0.03302
00001337,0.57646,0.03618
00001338,0.52451,0.02933
00001339,0.48124,0.02844
00001340,0.77061,0.07613
00001341,0.26465,0.02093
00001342,0.19753,0.01942
00001343,1.01076,0.08658
00001344,0.46810,0.03239
00001345,1.46833,0.17175
00001346,0.98166,0.06360
00001347,0.58816,0.04159
00001348,0.79309,0.05103
00001349,0.64543,0.03161
00001350,1.38704,0.13378
00001351,1.49933,0.48731
00001352,0.51816,0.02995
00001353,0.88374,0.07064
00001354,0.57642,0.03644
00001355,0.39460,0.02590
00001356,0.67333,0.04075
00001357,0.65655,0.03391
00001358,1.28958,0.09805
00001359,1.24147,0.09331
00001360,0.39435,0.03272
00001361,0.47573,0.03044
00001362,0.62568,0.06681
00001363,0.39932,0.02507
00001364,1.09378,0.08985
00001365,0.74125,0.06122
00001366,0.53965,0.03100
00001367,0.54475,0.03181
00001368,0.57607,0.04094
00001369,0.44205,0.02102
00001370,0.99335,0.09796
00001371,0.65089,0.03573
00001372,0.27061,0.03168
00001373,1.30401,0.12421
00001374,0.57872,0.03153
00001375,0.49335,0.02424
00001376,2.15257,0.21316
00001377,1.06943,0.06840
00001378,0.33868,0.03181
00001379,0.22691,0.02445
00001380,0.44255,0.02536
00001381,0.32137,0.02182
00001382,0.57389,0.03693
00001383,1.62763,0.14403
00001384,0.42313,0.04384
00001385,0.27979,0.10807
00001386,0.61995,0.04115
00001387,0.67696,0.04606
00001388,0.79646,0.05264
00001389,0.61023,0.03301
00001390,1.70786,0.13756
00001391,1.02786,0.06946
00001392,0.84434,0.06900
00001393,1.38569,0.10058
00001394,1.74048,0.14632
00001395,1.52367,0.18286
00001396,0.51549,0.02534
00001397,0.51724,0.03017
00001398,0.47368,0.03189
00001399,0.86491,0.07089
00001400,0.39268,0.03507
00001401,0.96951,0.09731
00001402,1.34985,0.24524
00001403,0.56344,0.03705
00001404,0.52903,0.03342
00001405,0.56523,0.03340
00001406,0.37262,0.02262
00001407,2.24034,0.24191
00001408,0.51506,0.04616
00001409,1.40059,0.18444
00001410,0.62400,0.03543
00001411,0.55216,0.03218
00001412,0.49473,0.03107
00001413,0.70651,0.03728
00001414,0.27622,0.02438
00001415,1.64198,0.20602
00001416,0.66191,0.04179
00001417,0.49647,0.03636
00001418,0.91787,0.06463
00001419,0.19301,0.01992
00001420,0.70328,0.04403
00001421,0.81206,0.05378
00001422,0.64262,0.05616
00001423,0.80027,0.05522
00001424,0.59611,0.03769
00001425,0.86997,0.10399
00001426,1.23793,0.09235
00001427,0.75019,0.04091
00001428,0.88162,0.04990
00001429,0.24929,0.02012
00001430,0.38636,0.04210
00001431,1.30675,0.16935
00001432,1.04675,0.07036
00001433,0.53401,0.03578
00001434,0.42561,0.02197
00001435,0.37189,0.02200
00001436,0.99552,0.08807
00001437,0.70133,0.04141
00001438,0.38315,0.02594
00001439,0.42727,0.02572
00001440,1.60479,0.16080
00001441,1.97316,0.17292
00001442,0.34366,0.04738
00001443,0.55568,0.03286
00001444,0.78267,0.04654
00001445,0.63856,0.04285
00001446,0.66617,0.06528
00001447,1.19295,0.08245
00001448,0.52306,0.02375
00001449,0.60300,0.03538
00001450,0.37335,0.02698
00001451,0.73425,0.06098
00001452,0.88126,0.05982
00001453,0.97939,0.07686
00001454,0.28206,0.01931
00001455,1.71332,0.14099
00001456,0.47535,0.02359
00001457,1.13477,0.08648
00001458,0.74065,0.04138
00001459,0.47373,0.02971
00001460,0.48250,0.03175
00001461,0.91791,0.07610
00001462,0.43330,0.02028
00001463,0.57780,0.03345
00001464,0.42875,0.02327
00001465,0.32443,0.04186
00001466,0.58044,0.03040
00001467,0.99314,0.07956
00001468,0.40764,0.03196
00001469,0.66298,0.03764
00001470,0.72160,0.06001
00001471,0.50828,0.02926
00001472,0.54514,0.05054
00001473,0.35216,0.02639
00001474,1.05692,0.07301
00001475,0.67334,0.03412
00001476,0.90734,0.06993
00001477,1.63757,0.14445
00001478,0.73732,0.05541
00001479,0.71900,0.04946
00001480,0.32129,0.02179
00001481,1.11624,0.19865
00001482,0.41882,0.02790
00001483,0.63665,0.03356
00001484,0.34591,0.02475
00001485,0.39043,0.03080
00001486,1.16483,0.08024
00001487,0.67382,0.03656
00001488,0.58588,0.03289
00001489,0.34090,0.02921
00001490,1.15371,0.08832
00001491,0.44462,0.02872
00001492,0.85741,0.06144
00001493,1.57745,0.13457
00001494,2.09464,0.21367
00001495,1.40076,0.15602
00001496,0.82470,0.05858
00001497,1.45965,0.11669
00001499,0.42445,0.03481
00001500,0.71289,0.05415
00001501,1.08347,0.08476
00001502,1.03282,0.06952
00001503,0.63918,0.03670
00001504,0.43598,0.03433
00001505,0.53976,0.02720
00001506,0.81184,0.04210
00001507,0.90041,0.07500
00001508,0.40454,0.02227
00001509,0.90525,0.05943
00001510,0.77955,0.04258
00001511,0.56579,0.03294
00001512,1.28037,0.09857
00001513,1.38141,0.17138
00001514,0.64253,0.04259
00001515,0.29647,0.03251
00001516,0.89622,0.08112
00001517,1.38792,0.20441
00001518,0.31456,0.02161
00001519,0.81435,0.07668
00001520,0.26735,0.03053
00001521,2.45925,0.70436
00001522,0.37199,0.02778
00001523,2.03859,0.19723
00001524,0.42447,0.02798
00001525,0.71196,0.08317
00001526,0.48992,0.06788
00001527,0.20744,0.02432
00001528,0.45795,0.02857
00001529,0.21245,0.02819
00001530,0.63103,0.03894
00001531,0.35315,0.03807
00001532,2.38607,0.22593
00001533,1.16493,0.09225
00001534,0.91610,0.06695
00001535,1.27294,0.08664
00001536,1.82215,0.20254
00001537,1.56108,0.13127
00001538,0.58664,0.03313
00001539,0.74062,0.04405
00001540,0.43379,0.02971
00001541,1.04985,0.07456
00001542,0.25425,0.02004
00001543,0.25608,0.02157
00001544,0.43826,0.02976
00001545,0.69092,0.04589
00001546,0.71273,0.03817
00001547,0.44497,0.02214
00001548,0.61764,0.09469
00001549,1.22733,0.15727
00001550,0.19893,0.01874
00001551,1.35143,0.10480
00001552,0.35273,0.02551
00001553,0.89811,0.06209
00001554,0.31661,0.02856
00001555,0.74835,0.04586
00001556,1.48714,0.18198
00001557,0.52091,0.03239
00001558,0.48159,0.02600
00001559,0.82828,0.04888
00001560,0.35732,0.02168
00001561,0.27067,0.02483
00001562,0.95206,0.06060
00001563,1.14553,0.07364
00001564,1.54287,0.13651
00001565,0.42956,0.02320
00001566,1.12887,0.08856
00001567,0.23532,0.02631
00001568,1.28274,0.09414
00001569,0.77920,0.06356
00001570,1.27835,0.08668
00001571,0.60775,0.04513
00001572,0.94342,0.06828
00001573,0.88299,0.10502
00001574,0.33259,0.01902
00001575,0.61059,0.04146
00001576,0.91689,0.07044
00001577,0.67924,0.03189
00001578,0.36612,0.02046
00001579,0.80161,0.04837
00001580,0.68134,0.04747
00001581,0.95883,0.12835
00001582,0.21440,0.02157
00001583,1.25526,0.09024
00001584,1.32736,0.10453
00001585,0.31282,0.02329
00001586,0.37005,0.02822
00001587,0.32960,0.01966
00001588,1.12889,0.07947
00001589,1.71265,0.15007
00001590,0.40068,0.02362
00001591,0.66976,0.04679
00001592,0.45925,0.03220
00001593,0.88551,0.07285
00001594,0.41371,0.03892
00001595,0.28927,0.02388
00001596,1.11814,0.07145
00001597,0.68591,0.04878
00001598,0.69617,0.03888
00001599,0.58743,0.03424
00001600,0.64749,0.03869
00001601,1.20726,0.08055
00001602,0.42130,0.03396
00001603,0.83259,0.05780
00001604,0.43329,0.02596
00001605,1.01884,0.06957
00001606,1.34279,0.09844
00001607,0.46323,0.03312
00001608,0.55698,0.02816
00001609,1.50164,0.23299
00001610,0.47511,0.02292
00001611,0.57590,0.03528
00001612,0.29073,0.02136
00001613,1.10296,0.07705
00001614,0.72353,0.05827
00001615,1.41629,0.11806
00001616,0.88298,0.05751
00001617,0.51923,0.03276
00001618,1.24759,0.08730
00001619,0.27148,0.02263
00001620,0.27194,0.02595
00001621,2.67854,0.31060
00001622,0.89119,0.05094
00001623,0.64746,0.04422
00001624,0.60926,0.03825
00001625,0.52034,0.06254
00001626,1.83111,0.25048
00001627,0.96600,0.07770
00001628,1.06231,0.06436
00001629,0.96769,0.08342
00001630,0.81069,0.05937
00001631,0.35240,0.03553
00001632,1.57572,0.16403
00001633,0.52236,0.03371
00001634,0.61420,0.03937
00001635,0.51738,0.04262
00001636,0.43312,0.05691
00001637,1.23586,0.08776
00001638,0.52346,0.03470
00001639,1.75727,0.15873
00001640,0.24202,0.02041
00001641,1.32975,0.10907
00001642,0.20246,0.02065
00001643,0.48558,0.02746
00001644,0.45287,0.03233
00001645,1.66969,0.13487
00001646,0.37723,0.02684
00001647,0.55851,0.03580
00001648,0.42911,0.02477
00001649,0.34704,0.05088
00001650,0.65528,0.05470
00001651,0.25403,0.03103
00001652,0.25447,0.02374
00001653,0.49335,0.02806
00001654,0.32345,0.02024
00001655,2.84780,0.32325
00001656,0.51584,0.02365
00001657,0.67860,0.05862
00001658,0.48233,0.02144
00001659,0.52003,0.03130
00001660,1.10014,0.11924
00001661,0.43824,0.03233
00001662,0.37075,0.02719
00001663,0.21016,0.04233
00001664,0.72976,0.05272
00001665,0.31045,0.02219
00001666,1.72955,0.14544
00001667,0.61114,0.07276
00001668,0.70265,0.04154
00001669,0.49061,0.03164
00001670,1.19278,0.14431
00001671,0.35381,0.02028
00001672,0.36228,0.03091
00001673,0.44415,0.02562
00001674,0.40757,0.02818
00001675,1.20843,0.09223
00001676,0.56869,0.04478
00001677,0.93299,0.08952
00001678,1.25647,0.09331
00001679,0.71459,0.04078
00001680,0.29538,0.02764
00001681,1.22874,0.14005
00001682,0.43643,0.03184
00001683,0.36335,0.02227
00001684,0.34064,0.02470
00001685,2.43166,0.23314
00001686,0.43685,0.24090
00001687,1.09722,0.08065
00001688,1.19208,0.11715
00001689,0.38057,0.02345
00001690,0.28255,0.02604
00001691,0.50860,0.03027
00001692,0.60099,0.05711
00001693,0.84886,0.04697
00001694,0.39167,0.03056
00001695,1.66062,0.14768
00001696,1.25040,0.11019
00001697,1.63551,0.12836
00001698,0.69926,0.04049
00001699,1.26214,0.11159
00001700,0.80866,0.05380
00001701,0.41980,0.02988
00001702,0.33100,0.02300
00001703,1.22902,0.10678
00001704,0.71443,0.06029
00001705,1.23680,0.09741
00001706,1.03881,0.11123
00001707,0.38610,0.02246
00001708,1.09001,0.06918
00001709,0.20442,0.01868
00001710,0.39686,0.03316
00001711,0.28761,0.02249
00001712,1.02574,0.06399
00001713,0.25926,0.02175
00001714,0.68742,0.03957
00001715,0.27966,0.02255
00001716,0.79570,0.04813
00001717,0.61142,0.03621
00001718,0.43333,0.09148
00001719,0.23630,0.01945
00001720,0.59057,0.02875
00001721,0.60939,0.03581
00001722,0.45849,0.02864
00001723,0.35782,0.08482
00001724,0.39496,0.03090
00001725,0.47638,0.02197
00001726,0.94574,0.10057
00001727,0.53875,0.03278
00001728,0.76955,0.05170
00001729,0.88544,0.05093
00001730,0.49786,0.02534
00001731,0.33525,0.02998
00001732,0.75404,0.05392
00001733,0.94285,0.07381
00001734,0.25130,0.02169
00001735,0.80109,0.04440
00001736,0.64540,0.04437
00001737,0.34196,0.02527
00001738,0.51647,0.10556
00001739,0.52189,0.02884
00001740,0.39981,0.15004
00001741,1.21987,0.07822
00001742,0.67735,0.07060
00001743,0.43576,0.03660
00001744,0.44861,0.04193
00001745,0.95056,0.13861
00001746,0.85541,0.07385
00001747,0.63349,0.04844
00001748,0.42201,0.02789
00001749,0.58537,0.03499
00001750,0.56414,0.03434
00001751,0.79244,0.06371
00001752,0.58705,0.03669
00001753,0.44612,0.04644
00001754,0.46131,0.02572
00001755,0.82293,0.04437
00001756,1.27641,0.09156
00001757,0.82073,0.04235
00001758,1.19508,0.08803
00001759,1.37431,0.10945
00001760,0.38341,0.03102
00001761,0.36764,0.02694
00001762,0.63755,0.03706
00001763,1.86431,0.59099
00001764,0.43839,0.02511
00001765,0.37328,0.02097
00001766,0.83830,0.32228
00001767,0.73154,0.05214
00001768,0.34816,0.02606
00001769,2.23975,0.23882
00001770,0.19402,0.01904
00001771,1.17864,0.10873
00001772,0.84032,0.06672
00001773,2.10290,0.22585
00001774,0.63201,0.03231
00001775,3.06972,0.41141
00001776,0.77522,0.04635
00001777,0.29032,0.02311
00001778,0.61182,0.04050
00001779,0.81714,0.04119
00001780,0.59045,0.04663
00001781,0.34787,0.02463
00001782,0.41511,0.02390
00001783,1.82752,0.28758
00001784,0.80117,0.04577
00001785,0.60931,0.03513
00001786,0.49625,0.03328
00001787,0.95920,0.06591
00001788,0.51705,0.03420
00001789,0.66719,0.03799
00001790,1.44087,0.12620
00001791,1.30110,0.09086
00001792,0.59798,0.03235
00001793,0.59191,0.03894
00001794,1.66785,0.14074
00001795,0.91023,0.09511
00001796,0.99865,0.07627
00001797,1.27560,0.10817
00001798,0.73175,0.06507
00001799,0.36108,0.02648
00001800,0.87730,0.27773
00001801,0.55255,0.04392
00001802,1.17691,0.09169
00001803,0.21843,0.02015
00001804,1.07401,0.06344
00001805,0.59956,0.03460
00001806,0.90997,0.07451
00001807,0.62916,0.03186
00001808,0.72342,0.04409
00001809,0.81125,0.04758
00001810,0.54441,0.03921
00001811,1.25276,0.10955
00001812,1.28646,0.10371
00001813,0.82912,0.06210
00001814,0.41943,0.02982
00001815,0.49691,0.03057
00001816,0.47043,0.02297
00001817,0.82370,0.04807
00001818,0.81297,0.06759
00001819,0.18947,0.02009
00001820,0.20732,0.02170
00001821,0.39419,0.03046
00001822,0.41766,0.02317
00001823,2.64400,0.26125
00001824,0.53124,0.04576
00001825,2.25418,0.25019
00001826,0.39097,0.03058
00001827,1.02139,0.08994
00001828,1.45548,0.13763
00001829,0.79712,0.05213
00001830,0.84208,0.09896
00001831,0.76523,0.03722
00001832,0.18673,0.02070
00001833,0.46535,0.03679
00001834,1.00264,0.06613
00001835,0.84517,0.17925
00001836,0.57019,0.03797
00001837,1.54539,0.16325
00001838,0.18759,0.02295
00001839,0.47952,0.02580
00001840,0.45724,0.02331
00001841,0.88167,0.07030
00001842,0.93379,0.05784
00001843,0.35074,0.02582
00001844,0.51681,0.02819
00001845,0.58140,0.03721
00001846,1.45572,0.15264
00001847,0.65854,0.03860
00001848,0.68371,0.04871
00001849,0.98882,0.08844
00001850,0.48016,0.02722
00001851,0.48426,0.03414
00001852,0.44053,0.02247
00001853,0.43616,0.04679
00001854,1.56754,0.15739
00001855,0.62148,0.04012
00001856,2.31059,0.20189
00001857,0.29713,0.02707
00001858,0.78149,0.05398
00001859,0.96704,0.07553
00001860,1.75452,0.16196
00001861,0.23147,0.02044
00001862,0.38771,0.02484
00001863,0.41702,0.02498
00001864,0.42789,0.02241
00001865,0.91248,0.05009
00001866,0.30868,0.03030
00001867,1.21482,0.12767
00001868,0.43775,0.02440
00001869,0.19324,0.01891
00001870,1.51725,0.18555
00001871,1.17072,0.07423
00001872,0.44081,0.02635
00001873,1.84780,0.16879
00001874,0.40946,0.02317
00001875,0.43162,0.02854
00001876,0.55376,0.03235
00001877,0.77271,0.06013
00001878,0.75927,0.04865
00001879,0.46244,0.03050
00001880,0.97452,0.06647
00001881,0.23154,0.02108
00001882,0.83163,0.06781
00001883,0.87348,0.06704
00001884,1.25864,0.19852
00001885,0.51472,0.02834
00001886,0.78512,0.05619
00001887,1.27288,0.07905
00001888,0.77376,0.05695
00001889,0.55084,0.02785
00001890,0.38753,0.02975
00001891,0.29599,0.05350
00001892,0.72125,0.03757
00001893,0.31594,0.02263
00001894,1.49354,0.13685
00001895,1.31253,0.16287
00001896,1.61865,0.16314
00001897,0.39630,0.02337
00001898,1.70495,0.17931
00001899,0.50677,0.03423
00001900,2.75465,0.29261
00001901,0.72963,0.05926
00001902,2.05385,0.20381
00001903,0.53598,0.03105
00001904,0.20800,0.02074
00001905,0.57089,0.04380
00001906,0.31975,0.02670
00001907,0.93222,0.07200
00001908,0.57026,0.03192
00001909,0.68021,0.03710
00001910,0.97801,0.06740
00001911,1.69413,0.19361
00001912,1.25049,0.10455
00001913,0.77710,0.04394
00001914,0.45841,0.02441
00001915,0.28964,0.02273
00001916,0.36655,0.03264
00001917,0.61473,0.06955
00001918,0.41646,0.02637
00001919,1.72937,0.16902
00001920,1.41749,0.11149
00001921,0.33177,0.01969
00001922,0.50475,0.03588
00001923,0.99573,0.07098
00001924,0.33627,0.02625
00001925,0.20541,0.02063
00001926,0.60699,0.03458
00001927,0.47658,0.03754
00001928,0.93588,0.05140
00001929,1.52589,0.33579
00001930,1.00043,0.06527
00001931,0.55929,0.03786
00001932,0.76636,0.04590
00001933,0.58156,0.17104
00001934,1.24315,0.11500
00001935,0.61173,0.03637
00001936,0.44999,0.05495
00001937,0.29492,0.02037
00001938,0.22238,0.02279
00001939,0.80993,0.05431
00001940,0.75341,0.05102
00001941,0.35489,0.02218
00001942,0.75145,0.07518
00001943,0.38825,0.02297
00001944,0.61624,0.03798
00001945,1.50791,0.11994
00001946,0.42782,0.03011
00001947,0.81895,0.05060
00001948,0.73505,0.08087
00001949,0.32697,0.02251
00001950,0.39536,0.02233
00001951,1.62167,0.12723
00001952,0.57606,0.03813
00001953,0.37060,0.02102
00001954,0.64761,0.04593
00001955,0.61096,0.04640
00001956,0.48616,0.02497
00001957,0.53408,0.04358
00001958,0.61695,0.03475
00001959,0.49336,0.02553
00001960,0.42907,0.09622
00001961,0.96715,0.05997
00001962,0.69809,0.05151
00001963,0.84296,0.07966
00001964,1.19007,0.08884
00001965,0.62513,0.04824
00001966,0.43801,0.02763
00001967,0.41480,0.03408
00001968,0.83851,0.05030
00001969,0.55080,0.02924
00001970,0.28636,0.01959
00001971,0.57837,0.04691
00001972,0.52622,0.05109
00001973,2.39318,0.30103
00001974,0.76781,0.04787
00001975,0.34242,0.02356
00001976,0.56478,0.03383
00001977,1.03283,0.08694
00001978,1.16372,0.07698
00001979,0.61194,0.04606
00001980,1.50781,0.16156
00001981,0.94436,0.06746
00001982,0.77303,0.03813
00001983,0.63014,0.04952
00001984,0.51046,0.02786
00001985,1.00826,0.08078
00001986,0.34718,0.03318
00001987,0.48526,0.03934
00001988,0.87237,0.06393
00001989,0.37789,0.02122
00001990,0.38824,0.02631
00001991,0.32224,0.02050
00001992,0.31884,0.02303
00001993,1.12299,0.10101
00001994,0.92975,0.07844
00001995,0.61853,0.03731
00001996,0.33858,0.02853
00001997,0.54489,0.12444
00001998,1.17716,0.08119
00001999,0.41774,0.02382
00002000,1.26180,0.20470
00002001,0.79070,0.05393
00002002,0.99632,0.17024
00002003,0.58390,0.03927
00002004,0.72191,0.04443
00002005,0.73026,0.04778
00002006,0.64581,0.03349
00002007,0.54673,0.28545
00002008,0.56847,0.04708
00002009,0.47641,0.02630
00002010,0.52004,0.03870
00002011,1.37972,0.24853
00002012,0.32885,0.02678
00002013,0.27754,0.03636
00002014,0.69219,0.08199
00002015,0.28843,0.02395
00002016,1.33499,0.10595
00002017,0.67882,0.03696
00002018,0.67655,0.05055
00002019,1.23038,0.26387
00002020,1.66554,0.19963
00002021,0.52459,0.02677
00002022,1.67261,0.15070
00002023,0.21702,0.02313
00002024,0.42199,0.03412
00002025,0.70332,0.04272
00002026,0.86851,0.10070
00002027,0.47707,0.04751
00002028,0.29816,0.02569
00002029,0.45470,0.04653
00002030,0.52789,0.03143
00002031,0.47128,0.03363
00002032,0.88913,0.05373
00002033,0.63410,0.05956
00002034,0.52394,0.04709
00002035,0.41255,0.02926
00002036,0.62539,0.04177
00002037,0.91021,0.13547
00002038,1.40580,0.15591
00002039,0.63927,0.05117
00002040,0.70033,0.03738
00002041,0.73542,0.07425
00002042,0.41451,0.02566
00002043,0.36452,0.03088
00002044,0.62832,0.03605
00002045,0.55865,0.03657
00002046,2.28495,0.19561
00002047,0.31700,0.02067
00002048,0.74616,0.03461
00002049,0.60309,0.04608
00002050,0.34535,0.02538
00002051,1.23579,0.09535
00002052,1.01324,0.07949
00002053,0.29091,0.03194
00002054,0.45285,0.02681
00002055,0.22246,0.01975
00002056,0.46621,0.02870
00002057,0.60071,0.06305
00002058,1.35771,0.11629
00002059,0.74754,0.05842
00002060,0.71608,0.05471
00002061,0.36412,0.03899
00002062,0.58070,0.02958
00002063,0.28302,0.02604
00002064,0.83188,0.04989
00002065,0.53539,0.03659
00002066,0.79318,0.05388
00002067,0.36784,0.02405
00002068,0.76206,0.07114
00002069,1.18391,0.10897
00002070,0.69880,0.04759
00002071,2.28843,0.23817
00002072,0.49364,0.04271
00002073,0.86767,0.05394
00002074,0.80953,0.06255
00002075,0.82332,0.05117
00002076,0.47086,0.02049
00002077,2.04728,0.19303
00002078,1.20850,0.09441
00002079,0.84579,0.05356
00002080,0.51274,0.03383
00002081,1.01655,0.08183
00002082,0.24136,0.02151
00002083,0.44145,0.03028
00002084,0.64718,0.04049
00002085,0.32140,0.03297
00002086,0.60353,0.03485
00002087,0.72214,0.03144
00002088,1.21387,0.08340
00002089,0.63922,0.05794
00002090,0.89424,0.05741
00002091,0.54215,0.03037
00002092,0.59794,0.03011
00002093,0.68864,0.05475
00002094,0.53848,0.04451
00002095,0.41952,0.02863
00002096,2.65227,0.28803
00002097,2.23610,0.21128
00002098,0.33312,0.02518
00002099,0.61379,0.04127
00002100,0.56734,0.03662
00002101,0.66992,0.03943
00002102,0.27419,0.02142
00002103,0.58452,0.03123
00002104,0.49261,0.02984
00002105,0.72796,0.04366
00002106,0.49528,0.08813
00002107,0.68051,0.04031
00002108,0.55705,0.05641
00002109,0.53190,0.10286
00002110,0.19223,0.01870
00002111,0.46677,0.03150
00002112,2.14651,0.22761
00002113,0.65721,0.08410
00002114,1.61054,0.14081
00002115,0.64056,0.05009
00002116,1.47094,0.16805
00002117,0.41267,0.03300
00002118,0.37203,0.02223
00002119,0.70088,0.03905
00002120,0.51924,0.02930
00002121,0.46744,0.02862
00002122,1.37915,0.20007
00002123,1.47883,0.11851
00002124,1.89303,0.17634
00002125,1.02451,0.06835
00002126,2.27394,0.23013
00002127,1.02466,0.08072
00002128,0.17808,0.01801
00002129,0.54480,0.03514
00002130,0.45669,0.02926
00002131,0.40937,0.03310
00002132,0.98811,0.07152
00002133,1.00808,0.07172
00002134,0.49880,0.02661
00002135,0.54528,0.04410
00002136,1.02433,0.07075
00002137,1.11066,0.08184
00002138,0.23606,0.03663
00002139,0.27365,0.02231
00002140,1.83649,0.15016
00002141,0.41955,0.03236
00002142,0.45612,0.02528
00002143,0.55134,0.03005
00002144,0.58182,0.06525
00002145,0.36199,0.02962
00002146,0.49160,0.03480
00002147,0.84446,0.04585
00002148,0.73472,0.05001
00002149,0.29844,0.02116
00002150,1.65255,0.18102
00002151,2.30962,0.22471
00002152,1.36255,0.09507
00002153,1.17433,0.10161
00002154,0.56652,0.03843
00002155,0.43538,0.02716
00002156,0.24995,0.01979
00002157,0.56310,0.03385
00002158,2.05213,0.22363
00002159,1.80730,0.14803
00002160,0.60264,0.03535
00002161,0.38147,0.02696
00002162,0.59789,0.03186
00002163,0.95011,0.06495
00002164,0.47445,0.02272
00002165,1.09328,0.07243
00002166,0.80617,0.05677
00002167,0.55895,0.04386
00002168,1.21411,0.09252
00002169,1.15207,0.09805
00002170,0.57052,0.04419
00002171,1.11263,0.06848
00002172,0.82942,0.05049
00002173,1.02683,0.07387
00002174,0.75295,0.04960
00002175,1.03319,0.06485
00002176,0.60659,0.03744
00002177,0.50916,0.02802
00002178,0.69884,0.03630
00002179,0.84832,0.05846
00002180,0.29233,0.02390
00002181,0.66754,0.04669
00002182,1.75712,0.34388
00002183,1.98656,0.21399
00002184,1.28105,0.09991
00002185,1.06113,0.08808
00002186,0.51714,0.02458
00002187,0.95146,0.13916
00002188,0.98344,0.06745
00002189,0.62614,0.03671
00002190,1.29725,0.35077
00002191,0.63974,0.04004
00002192,0.73676,0.04721
00002193,0.36506,0.02587
00002194,0.63802,0.02712
00002195,0.83410,0.07008
00002196,0.33449,0.03274
00002197,1.78939,0.14322
00002198,0.79215,0.05335
00002199,1.74816,0.18064
00002200,0.57808,0.04126
00002201,0.75483,0.04757
00002202,0.96069,0.06888
00002203,0.70970,0.03372
00002204,0.64350,0.04984
00002205,0.88093,0.04892
00002206,0.19315,0.01856
00002207,0.40836,0.02923
00002208,0.81021,0.05118
00002209,0.98225,0.05674
00002210,1.97188,0.24045
00002211,0.38295,0.02482
00002212,0.60240,0.03503
00002213,1.39015,0.09803
00002214,0.68307,0.03866
00002215,0.28888,0.02490
00002216,0.22427,0.02424
00002217,0.88662,0.06086
00002218,0.96028,0.09428
00002219,0.24140,0.08600
00002220,0.57449,0.03108
00002221,0.72064,0.05522
00002222,0.25005,0.02241
00002223,0.24547,0.02244
00002224,0.33139,0.02626
00002225,0.42929,0.03208
00002226,0.48269,0.02692
00002227,0.58503,0.04432
00002228,1.33728,0.11786
00002229,1.36186,0.10463
00002230,0.58878,0.03340
00002231,0.38584,0.03072
00002232,0.46469,0.02592
00002233,0.30621,0.02317
00002234,0.68178,0.03621
00002235,0.18983,0.01887
00002236,1.26085,0.10258
00002237,0.25784,0.03608
00002238,1.48523,0.10772
00002239,0.77533,0.04658
00002240,0.73770,0.05456
00002241,2.23609,0.36213
00002242,0.48157,0.02876
00002243,1.01079,0.08378
00002244,0.78627,0.04303
00002245,0.69386,0.04644
00002246,0.71423,0.04711
00002247,1.59457,0.17997
00002248,0.61722,0.03611
00002249,0.64382,0.03725
00002250,0.43919,0.03236
00002251,0.39756,0.02838
00002252,0.94726,0.06881
00002253,0.56764,0.03738
00002254,0.59594,0.04080
00002255,0.32509,0.02416
00002256,2.72654,0.34524
00002257,0.88456,0.05667
00002258,0.31932,0.01879
00002259,0.49105,0.05071
00002260,1.26534,0.13113
00002261,0.34452,0.02371
00002262,0.60781,0.04789
00002263,1.39435,0.09516
00002264,1.01697,0.06942
00002265,1.06313,0.07551
00002266,1.52227,0.11195
00002267,0.26316,0.02623
00002268,0.52354,0.03184
00002269,1.40215,0.10602
00002270,0.78598,0.04065
00002271,0.67700,0.04857
00002272,1.21829,0.07584
00002273,1.62703,0.12915
00002274,0.25254,0.01947
00002275,2.03861,0.20842
00002276,0.59177,0.03685
00002277,0.99480,0.07210
00002278,0.56131,0.03486
00002279,0.59175,0.04119
00002280,0.67585,0.03571
00002281,0.80177,0.05636
00002282,0.59867,0.03452
00002283,1.15334,0.07647
00002284,0.65570,0.03045
00002285,0.37906,0.02496
00002286,0.36752,0.02106
00002287,0.72778,0.07112
00002288,0.41672,0.02379
00002289,0.99724,0.07159
00002290,1.12250,0.07476
00002291,0.62112,0.04489
00002292,0.41326,0.02543
00002293,0.96833,0.05576
00002294,1.64693,0.18972
00002295,0.50267,0.02724
00002296,0.36513,0.02203
00002297,0.69523,0.04244
00002298,0.59819,0.04047
00002299,0.47380,0.02772
00002300,0.67829,0.05126
00002301,0.65221,0.03605
00002302,0.60431,0.03900
00002303,0.79484,0.05886
00002304,1.64172,0.13662
00002305,0.52812,0.02534
00002306,0.67063,0.05855
00002307,2.20115,0.21261
00002308,0.96764,0.05968
00002309,1.28024,0.11465
00002310,1.40952,0.10422
00002311,1.38177,0.12559
00002312,0.35707,0.02606
00002313,2.18516,0.20993
00002314,1.18138,0.07137
00002315,0.51050,0.03433
00002316,0.18147,0.01837
00002317,2.34035,0.26501
00002318,1.16062,0.13469
00002319,0.45577,0.02285
00002320,0.61021,0.02938
00002321,1.26222,0.09343
00002322,1.55241,0.12911
00002323,0.69136,0.12253
00002324,1.77910,0.14831
00002325,0.52237,0.03138
00002326,0.24879,0.02381
00002327,0.54703,0.03812
00002328,0.35632,0.02920
00002329,0.48649,0.04497
00002330,0.28236,0.03212
00002331,0.94181,0.12455
00002332,1.26522,0.09548
00002333,0.57692,0.08730
00002334,0.68031,0.04062
00002335,0.71795,0.05985
00002336,0.69918,0.03649
00002337,0.53565,0.03967
00002338,0.64927,0.08238
00002339,0.27155,0.01831
00002340,0.51322,0.07594
00002341,1.19960,0.10785
00002342,0.72714,0.04597
00002343,0.67155,0.03096
00002344,0.40271,0.02478
00002345,0.68310,0.04498
00002346,0.69974,0.04034
00002347,0.77303,0.04222
00002348,0.44093,0.03231
00002349,0.53814,0.02689
00002350,0.79616,0.04897
00002351,0.71579,0.09486
00002352,0.63065,0.03541
00002353,0.78450,0.03972
00002354,0.56360,0.02824
00002355,0.45556,0.03380
00002356,0.66049,0.04504
00002357,1.53763,0.13870
00002358,1.17297,0.08476
00002359,0.96409,0.06691
00002360,0.53091,0.02946
00002361,0.83323,0.06054
00002362,0.30778,0.02623
00002363,1.37097,0.09364
00002364,0.92972,0.06046
00002365,0.59455,0.03167
00002366,0.39453,0.04613
00002367,2.65997,0.27870
00002368,0.98559,0.06415
00002369,0.57876,0.03194
00002370,1.14070,0.10454
00002371,0.72553,0.03977
00002372,1.06895,0.06350
00002373,0.59099,0.03558
00002374,0.24239,0.01910
00002375,1.15528,0.09710
00002376,0.59870,0.03557
00002377,0.81473,0.05541
00002378,0.77835,0.05764
00002379,0.40125,0.03182
00002380,1.23265,0.10639
00002381,0.59163,0.03688
00002382,2.18083,0.26421
00002383,0.63997,0.05214
00002384,0.85761,0.06247
00002385,0.34825,0.02382
00002386,1.07925,0.16424
00002387,1.14769,0.07761
00002388,0.65432,0.05675
00002389,0.79276,0.05322
00002390,0.78387,0.06243
00002391,1.30603,0.21061
00002392,0.54271,0.05225
00002393,0.61696,0.03614
00002394,0.22139,0.02475
00002395,0.46705,0.03257
00002396,0.69476,0.05228
00002397,1.41699,0.18364
00002398,0.28756,0.03377
00002399,0.72630,0.05274
00002400,0.98690,0.27756
00002401,0.83933,0.48653
00002402,0.34341,0.03270
00002403,0.50399,0.02509
00002404,0.50974,0.03902
00002405,1.92847,0.15815
00002406,0.43729,0.03093
00002407,0.37837,0.02502
00002408,0.32491,0.02309
00002409,0.29607,0.02294
00002410,0.43389,0.03189
00002411,1.32769,0.09914
00002412,0.51653,0.03948
00002413,0.37645,0.02756
00002414,1.03915,0.10410
00002415,0.81821,0.04919
00002416,0.93510,0.11335
00002417,1.04228,0.17032
00002418,1.01690,0.11954
00002419,1.51224,0.33054
00002420,0.93943,0.06235
00002421,0.19956,0.02203
00002422,1.16005,0.10586
00002423,0.72076,0.04226
00002424,0.42089,0.02263
00002425,2.14531,0.21668
00002426,0.49143,0.02843
00002427,1.55294,0.15486
00002428,1.03769,0.07508
00002429,0.65201,0.05054
00002430,0.45424,0.03212
00002431,2.94841,0.35618
00002432,0.36656,0.02762
00002433,0.22768,0.02106
00002434,1.44282,0.13967
00002435,0.19972,0.02314
00002436,1.03054,0.07748
00002437,0.55512,0.03834
00002438,0.37838,0.02862
00002439,0.49962,0.04010
00002440,0.67995,0.03477
00002441,0.50574,0.03647
00002442,0.28870,0.02460
00002443,0.63393,0.06503
00002444,0.39307,0.02376
00002445,0.88328,0.05172
00002446,0.50666,0.03027
00002447,0.92748,0.05390
00002448,0.49748,0.02308
00002449,1.03594,0.10086
00002450,0.50598,0.04646
00002451,0.60521,0.02953
00002452,0.53250,0.04244
00002453,0.70279,0.04409
00002454,0.20551,0.02160
00002455,0.42742,0.02562
00002456,1.57540,0.12780
00002457,1.27741,0.09220
00002458,0.42623,0.03174
00002459,0.37158,0.07356
00002460,1.05137,0.07374
00002461,1.12242,0.08741
00002462,0.41638,0.02817
00002463,0.46508,0.02765
00002464,1.23742,0.10722
00002465,0.74342,0.04653
00002466,0.77644,0.09312
00002467,0.46274,0.03109
00002468,0.38875,0.02510
00002469,0.32773,0.02480
00002470,1.77122,0.18508
00002471,0.51796,0.03004
00002472,0.53047,0.02825
00002473,0.58806,0.03190
00002474,0.51717,0.03113
00002475,1.13668,0.07112
00002476,0.97984,0.06727
00002477,0.88291,0.07280
00002478,0.48526,0.04366
00002479,1.75982,0.38653
00002480,0.39224,0.02106
00002481,0.49706,0.08391
00002482,0.51829,0.03633
00002483,0.17944,0.01783
00002484,0.38799,0.02340
00002485,0.90138,0.07866
00002486,0.62498,0.04110
00002487,1.37591,0.11678
00002488,0.97969,0.07363
00002489,0.32665,0.02312
00002490,0.65757,0.10135
00002491,0.34220,0.02165
00002492,0.52529,0.03861
00002493,0.78273,0.05952
00002494,0.92750,0.09494
00002495,0.57667,0.03892
00002496,0.97399,0.07169
00002497,0.32246,0.03648
00002498,1.83576,0.15806
00002499,0.34031,0.04787
00002500,1.98873,0.20151
00002501,0.73851,0.04480
00002502,0.30191,0.02677
00002503,0.76476,0.04610
00002504,0.74628,0.04763
00002505,1.16722,0.08355
00002506,0.85266,0.06861
00002507,0.74030,0.04692
00002508,1.26390,0.08823
00002509,0.54277,0.03632
00002510,0.65685,0.03612
00002511,0.47383,0.02836
00002512,0.68713,0.05729
00002513,0.70404,0.05373
00002514,1.18172,0.07548
00002515,0.39489,0.02848
00002516,1.55195,0.12562
00002517,0.57849,0.03554
00002518,0.69776,0.03590
00002519,0.24255,0.01783
00002520,0.77413,0.04602
00002521,0.65837,0.03566
00002522,0.42557,0.02510
00002523,0.70897,0.05157
00002524,0.88070,0.05805
00002525,0.45562,0.02660
00002526,1.24031,0.08985
00002527,0.61664,0.04058
00002528,0.39206,0.02743
00002529,1.48048,0.13133
00002530,0.55816,0.03537
00002531,1.24438,0.12847
00002532,0.45545,0.02407
00002533,0.46914,0.02797
00002534,0.39297,0.05223
00002535,1.46415,0.11925
00002536,0.43671,0.03093
00002537,0.44930,0.02988
00002538,0.92794,0.08260
00002539,0.76296,0.04683
00002540,0.58949,0.04131
00002541,0.70797,0.04575
00002542,0.85528,0.06004
00002543,0.86052,0.04961
00002544,0.47947,0.02713
00002545,0.84783,0.05096
00002546,0.67855,0.03894
00002547,0.82509,0.04798
00002548,0.26385,0.02389
00002549,0.61654,0.03788
00002550,0.70243,0.04939
00002551,0.41124,0.03186
00002552,0.49567,0.02827
00002553,0.58358,0.03069
00002554,0.29997,0.01955
00002555,0.63799,0.03796
00002556,0.41109,0.02486
00002557,0.60583,0.03868
00002558,0.34261,0.02582
00002560,0.18488,0.01736
00002561,0.76497,0.04135
00002562,0.58954,0.03235
00002563,0.35369,0.02296
00002564,0.32802,0.02787
00002565,0.35106,0.02767
00002566,1.27643,0.08794
00002567,0.25097,0.06357
00002568,0.73201,0.05060
00002569,0.58361,0.03537
00002570,1.44958,0.13438
00002571,1.16154,0.19878
00002572,1.18864,0.09595
00002573,1.12418,0.17608
00002574,1.71322,0.13594
00002575,0.63143,0.03364
00002576,1.36622,0.11853
00002577,0.35821,0.02103
00002578,0.72246,0.03983
00002579,1.51398,0.12430
00002580,0.37866,0.03024
00002581,0.65038,0.03678
00002582,1.06831,0.08074
00002583,1.19529,0.09424
00002584,0.35336,0.02338
00002585,0.95918,0.06272
00002586,0.74859,0.09410
00002587,0.76511,0.04477
00002588,0.45626,0.02254
00002589,0.69423,0.03287
00002590,0.72445,0.04790
00002591,0.66366,0.10007
00002592,1.32015,0.09541
00002593,0.52363,0.04467
00002594,1.30110,0.09042
00002595,1.01182,0.07107
00002596,1.22342,0.08140
00002597,0.93347,0.04996
00002598,2.42628,0.23081
00002599,0.52141,0.03327
00002600,1.14646,0.07490
00002601,0.59198,0.06050
00002602,1.26866,0.16461
00002603,0.55176,0.02850
00002604,1.89283,0.16782
00002605,0.77582,0.04476
00002606,1.01595,0.08886
00002607,0.88738,0.05663
00002608,0.64476,0.03395
00002609,0.45358,0.02814
00002610,0.50827,0.03355
00002611,1.00878,0.05977
00002612,0.37613,0.02204
00002613,0.50673,0.02790
00002614,1.95558,0.15559
00002615,1.17401,0.08685
00002616,1.11255,0.09857
00002617,1.29547,0.12562
00002618,1.06282,0.06976
00002619,0.45117,0.03709
00002620,0.54542,0.03429
00002621,0.47921,0.03408
00002622,1.01080,0.05867
00002623,1.52722,0.14566
00002624,0.80212,0.06565
00002625,0.64218,0.11237
00002626,0.27896,0.02346
00002627,1.30664,0.10324
00002628,0.38482,0.02399
00002629,0.82703,0.04816
00002630,0.36630,0.03339
00002631,1.35142,0.09020
00002632,1.88276,0.16898
00002633,0.30465,0.01908
00002634,1.67265,0.17874
00002635,0.43800,0.03210
00002636,1.45877,0.12106
00002637,0.75336,0.05994
00002638,1.32269,0.11030
00002639,0.46698,0.03574
00002640,0.56982,0.02872
00002641,1.78928,0.36416
00002642,1.93299,0.44224
00002643,0.51438,0.03319
00002644,0.68025,0.04127
00002645,0.42524,0.02742
00002646,0.56279,0.04213
00002647,1.20474,0.08626
00002648,1.01261,0.08805
00002649,0.60132,0.03312
00002650,0.22295,0.02040
00002651,0.85862,0.06485
00002652,0.39862,0.02242
00002653,0.82712,0.06760
00002654,0.39249,0.03461
00002655,0.31438,0.02369
00002656,0.48502,0.02458
00002657,1.01987,0.06628
00002658,0.31743,0.08335
00002659,0.54191,0.14669
00002660,1.16295,0.08630
00002661,0.70758,0.05146
00002662,0.67202,0.04157
00002663,0.61923,0.06891
00002664,0.71386,0.03549
00002665,0.95813,0.09723
00002666,0.72773,0.07870
00002667,0.48184,0.03279
00002668,0.52956,0.09817
00002669,0.65948,0.03976
00002670,0.55262,0.06342
00002671,0.37561,0.02499
00002672,1.13865,0.12830
00002673,0.18987,0.01923
00002674,1.75909,0.15145
00002675,0.60725,0.03783
00002676,0.60486,0.02736
00002677,0.43076,0.02973
00002678,0.95474,0.24960
00002679,0.69357,0.03172
00002680,1.42714,0.13185
00002681,0.74257,0.04341
00002682,0.59267,0.03985
00002683,0.74955,0.05078
00002684,0.58875,0.05024
00002685,0.19450,0.01866
00002686,0.31855,0.02148
00002687,0.60039,0.04913
00002688,0.45227,0.02708
00002689,0.86406,0.04667
00002690,0.99025,0.06437
00002691,1.33596,0.10115
00002692,0.76496,0.06828
00002693,0.19780,0.01909
00002694,0.51499,0.03337
00002695,0.52158,0.02502
00002696,1.78598,0.22253
00002697,1.84282,0.15362
00002698,0.52369,0.03337
00002699,1.22065,0.10084
00002700,0.49870,0.02769
00002701,0.40384,0.02979
00002702,1.64423,0.61489
00002703,0.61309,0.11816
00002704,0.50804,0.03129
00002705,0.48113,0.02206
00002706,0.62383,0.04285
00002707,0.46926,0.02877
00002708,0.76129,0.05122
00002709,0.59566,0.03180
00002710,1.34571,0.09426
00002711,0.68729,0.04540
00002712,1.65860,0.15669
00002713,0.36549,0.02577
00002714,0.62570,0.06248
00002715,1.83908,0.15488
00002716,0.94272,0.08814
00002717,0.27650,0.01981
00002718,0.96590,0.05766
00002719,2.07307,0.20581
00002720,1.11635,0.17851
00002721,0.56860,0.03178
00002722,0.54660,0.02746
00002723,1.35588,0.15939
00002724,0.60446,0.05824
00002725,1.23897,0.10017
00002726,0.67797,0.04397
00002727,0.24364,0.02301
00002728,1.05050,0.06930
00002729,1.11758,0.08141
00002730,0.92557,0.05855
00002731,0.49342,0.04103
00002732,2.12251,0.21253
00002733,0.32365,0.05405
00002735,3.00663,0.31618
00002736,0.60808,0.03231
00002737,0.42778,0.03370
00002738,1.30517,0.09804
00002739,0.75688,0.05224
00002740,0.91392,0.06749
00002741,0.28259,0.02240
00002742,0.95793,0.06707
00002743,0.21994,0.02090
00002744,0.87961,0.05945
00002745,0.47041,0.03824
00002746,0.29969,0.02261
00002747,0.46538,0.03027
00002748,1.81023,0.17638
00002749,1.63140,0.12668
00002750,0.84172,0.05424
00002751,0.57557,0.03471
00002752,0.57903,0.04912
00002753,0.61872,0.04695
00002754,0.80507,0.05352
00002755,0.80104,0.05917
00002756,0.45475,0.03017
00002757,2.26126,0.24487
00002758,0.25944,0.01847
00002759,0.59981,0.06079
00002760,0.80899,0.04354
00002761,1.52566,0.13145
00002762,1.73218,0.17385
00002763,0.43450,0.03381
00002764,0.41576,0.02275
00002765,1.00487,0.05541
00002766,0.21034,0.02243
00002767,0.31462,0.03499
00002768,1.15445,0.20396
00002769,1.74852,0.22579
00002770,0.70791,0.04423
00002771,0.43322,0.02147
00002772,0.55777,0.04203
00002773,1.06090,0.06957
00002774,0.44332,0.02338
00002775,0.35595,0.02848
00002776,1.10067,0.37247
00002777,0.98219,0.07562
00002778,0.64367,0.04221
00002779,0.61116,0.04133
00002780,0.44210,0.02342
00002781,0.67236,0.05061
00002782,0.61582,0.03079
00002783,0.27516,0.02106
00002784,0.40993,0.10959
00002785,0.86615,0.05670
00002786,0.46007,0.03640
00002787,0.34963,0.02671
00002788,0.50597,0.03669
00002789,0.57754,0.03210
00002790,0.32528,0.02841
00002791,0.90678,0.06910
00002792,0.23622,0.02119
00002793,0.58395,0.02609
00002794,0.58729,0.02812
00002795,0.94087,0.07277
00002796,1.02143,0.07957
00002797,1.42497,0.19727
00002798,0.58036,0.03874
00002799,0.93468,0.06046
00002800,1.35260,0.11081
00002801,0.22212,0.03390
00002802,0.41617,0.02144
00002803,0.66489,0.03835
00002804,0.91173,0.16320
00002805,0.52091,0.02573
00002806,0.51820,0.03007
00002807,0.70890,0.04795
00002808,0.55284,0.02957
00002809,1.67702,0.12720
00002810,0.48221,0.02959
00002811,1.98664,0.18058
00002812,0.74713,0.03860
00002813,1.59984,0.13310
00002814,0.40303,0.03319
00002815,0.75846,0.04528
00002816,0.40087,0.06104
00002817,0.91072,0.06828
00002818,0.82962,0.09619
00002819,0.97349,0.09369
00002820,0.35630,0.02537
00002821,0.56259,0.03492
00002822,0.51536,0.02760
00002823,1.45219,0.10527
00002824,2.85108,0.35168
00002825,0.38522,0.02692
00002826,1.26607,0.12021
00002827,0.87275,0.06598
00002828,0.65563,0.04727
00002829,0.61727,0.03231
00002830,0.59942,0.02945
00002831,1.23808,0.08643
00002832,1.11516,0.14362
00002833,0.62454,0.03458
00002834,0.93549,0.06207
00002835,0.52864,0.02926
00002836,0.97526,0.06626
00002837,0.74014,0.04663
00002838,0.71732,0.04558
00002839,0.67902,0.03676
00002840,1.13643,0.17145
00002841,1.33936,0.13542
00002842,0.61825,0.03083
00002843,0.65022,0.04379
00002844,0.53040,0.03239
00002845,0.58084,0.03000
00002846,0.83954,0.05209
00002847,1.48207,0.25857
00002848,1.21101,0.10279
00002849,1.99798,0.19324
00002850,2.02962,0.22201
00002851,1.46859,0.14132
00002852,0.97447,0.06531
00002853,0.94876,0.07797
00002854,0.84153,0.04891
00002855,0.27295,0.02297
00002856,0.49985,0.02807
00002857,0.32914,0.02883
00002858,0.82293,0.04431
00002859,0.92679,0.07339
00002860,0.18757,0.01820
00002861,0.39391,0.02565
00002862,0.95568,0.06508
00002863,1.13404,0.07281
00002864,1.58505,0.16853
00002865,0.51798,0.03145
00002866,1.90507,0.28408
00002867,0.94219,0.05812
00002868,1.04046,0.07675
00002869,1.26047,0.09169
00002870,0.65781,0.03441
00002871,0.58471,0.04034
00002872,0.42328,0.02187
00002873,0.30075,0.02186
00002874,0.72042,0.06233
00002875,0.66283,0.04969
00002876,0.92423,0.05441
00002877,0.73197,0.05860
00002878,1.59273,0.18645
00002879,1.55998,0.17540
00002880,2.01786,0.18866
00002881,0.75031,0.04201
00002882,0.49353,0.03449
00002883,0.80255,0.05185
00002884,1.43314,0.10995
00002885,0.83257,0.05037
00002886,0.59216,0.03082
00002887,0.57063,0.03962
00002888,0.69788,0.06965
00002889,0.42922,0.03229
00002890,0.52987,0.04166
00002891,0.21597,0.04457
00002892,0.21176,0.01920
00002893,1.36273,0.46398
00002894,0.57062,0.05271
00002895,0.45466,0.02481
00002896,0.44412,0.03026
00002897,0.89378,0.06538
00002898,0.67625,0.03315
00002899,0.84793,0.04542
00002900,0.74933,0.05341
00002901,0.76426,0.05146
00002902,1.27502,0.13346
00002903,0.72152,0.05460
00002904,0.66844,0.04552
00002905,0.36454,0.04387
00002906,0.56145,0.02896
00002907,0.86211,0.06466
00002908,0.69324,0.04905
00002909,0.89430,0.05542
00002910,0.73633,0.03522
00002911,0.97527,0.05961
00002912,0.39375,0.02166
00002913,0.67680,0.03585
00002914,2.51488,0.37049
00002915,0.71607,0.05128
00002916,2.49937,0.33392
00002917,0.55488,0.04241
00002918,0.44626,0.02424
00002919,0.35978,0.02481
00002920,0.21586,0.02158
00002921,0.59079,0.03622
00002922,0.98554,0.06963
00002923,0.55297,0.06516
00002924,0.71174,0.10060
00002925,1.98444,0.16103
00002926,0.77938,0.06740
00002927,1.10408,0.09828
00002928,0.82395,0.04449
00002929,0.53750,0.03159
00002930,0.47616,0.02278
00002931,0.63474,0.06727
00002932,0.42098,0.02681
00002933,2.22250,0.82035
00002934,1.61224,0.13773
00002935,0.54277,0.06824
00002936,0.48447,0.02635
00002937,3.20410,0.33438
00002938,2.69885,0.33450
00002939,0.97877,0.06828
00002940,0.25095,0.02229
00002941,0.24418,0.02040
00002942,0.74847,0.04119
00002943,0.40256,0.02144
00002944,0.55481,0.03552
00002945,0.57633,0.03145
00002946,0.21198,0.02583
00002947,0.59894,0.03827
00002948,0.20698,0.02701
00002949,0.19576,0.01931
00002950,0.63052,0.04786
00002951,0.43152,0.03829
00002952,0.84850,0.05629
00002953,0.36247,0.02889
00002954,0.32883,0.02086
00002955,0.56812,0.03846
00002956,0.50985,0.02973
00002957,0.99982,0.12077
00002958,0.51760,0.04548
00002959,0.36066,0.03697
00002961,0.45370,0.02534
00002962,0.91942,0.15252
00002963,0.28827,0.02876
00002964,0.52155,0.02705
00002965,0.41840,0.04354
00002966,1.42055,0.11361
00002967,0.69996,0.03931
00002968,0.63669,0.03828
00002969,1.33595,0.13151
00002970,1.27074,0.11280
00002971,0.35771,0.03689
00002972,1.23366,0.08082
00002973,0.34806,0.02169
00002974,0.40988,0.07750
00002975,0.92597,0.09109
00002976,1.30599,0.09656
00002977,0.75063,0.04460
00002978,1.37083,0.12932
00002979,0.47506,0.02704
00002980,0.62687,0.04225
00002981,0.49061,0.02495
00002982,0.77266,0.03929
00002983,0.61087,0.03077
00002984,1.00410,0.07611
00002985,0.56128,0.04525
00002986,0.77167,0.07046
00002987,0.77136,0.08426
00002988,1.26657,0.09724
00002989,0.46411,0.03969
00002990,0.82701,0.05972
00002991,0.84262,0.06397
00002992,0.48233,0.02469
00002993,1.48455,0.37994
00002994,0.34023,0.02431
00002995,1.18996,0.07926
00002996,0.54843,0.03479
00002997,0.29721,0.01813
00002998,0.22669,0.01905
00002999,0.74844,0.04171
00003000,0.71006,0.03483
00003001,0.23254,0.02196
00003002,0.39969,0.03277
00003003,0.59111,0.04969
00003004,0.62753,0.03164
00003005,0.60589,0.03803
00003006,0.85536,0.06585
00003007,0.31486,0.03494
00003008,0.54043,0.03220
00003009,1.11445,0.07128
00003010,0.37695,0.02104
00003011,0.61427,0.03386
00003012,0.79614,0.04741
00003013,0.63412,0.06595
00003014,1.40916,0.12104
00003015,0.66368,0.10361
00003016,1.34346,0.12333
00003017,0.67035,0.03833
00003018,1.00718,0.06124
00003019,0.43355,0.02999
00003020,0.95955,0.08774
00003021,0.40938,0.02772
00003022,0.49973,0.03912
00003023,0.79484,0.09850
00003024,0.44583,0.02929
00003025,0.81042,0.31885
00003026,0.58473,0.03737
00003027,0.53700,0.04757
00003028,0.85300,0.05107
00003029,0.29012,0.02158
00003030,0.42258,0.05485
00003031,1.29565,0.10390
00003032,0.56490,0.06257
00003033,0.94464,0.06915
00003034,0.25575,0.02366
00003035,0.46344,0.02445
00003036,1.01592,0.07604
00003037,1.08249,0.08453
00003038,0.77838,0.04521
00003039,0.53695,0.04307
00003040,1.50182,0.10877
00003041,0.36795,0.02407
00003042,0.47777,0.05223
00003043,0.48537,0.02986
00003044,0.30756,0.02469
00003045,0.34841,0.02728
00003046,1.08442,0.07878
00003047,0.49939,0.02530
00003048,0.34545,0.02062
00003049,0.36054,0.03027
00003050,0.63504,0.03646
00003051,1.42765,0.14733
00003052,1.00702,0.07580
00003053,0.27772,0.02184
00003054,0.33997,0.02844
00003055,0.53863,0.03309
00003056,0.50239,0.03135
00003057,0.37895,0.03093
00003058,0.95472,0.06137
00003059,0.65462,0.03203
00003060,0.34192,0.02295
00003061,0.52256,0.02898
00003062,0.25582,0.03072
00003063,0.77114,0.05115
00003064,0.68275,0.05225
00003065,0.57851,0.03496
00003066,0.43999,0.03025
00003067,1.03249,0.07450
00003068,0.63376,0.03969
00003069,0.74572,0.05193
00003070,0.65800,0.05334
00003071,1.54044,0.17341
00003072,0.82886,0.04158
00003073,1.74580,0.16471
00003074,1.04260,0.06456
00003075,1.13471,0.07630
00003076,0.40162,0.02124
00003077,1.37517,0.09461
00003078,1.03190,0.08929
00003079,2.74194,0.29748
00003080,0.95986,0.06836
00003081,0.87833,0.05069
00003082,0.53932,0.03481
00003083,0.72786,0.05315
00003084,0.38001,0.02574
00003085,0.40686,0.02363
00003086,2.90435,0.35067
00003087,1.90669,0.17078
00003088,0.43308,0.02459
00003089,0.47362,0.02221
00003090,1.24029,0.08626
00003091,0.31509,0.02556
00003092,0.71909,0.04220
00003093,0.94057,0.06127
00003094,0.72463,0.07308
00003095,0.52958,0.03483
00003096,0.20652,0.02318
00003097,1.03541,0.08551
00003098,0.34040,0.02730
00003099,0.45209,0.03193
00003100,0.89675,0.06655
00003101,0.32982,0.02489
00003102,2.22251,0.24520
00003103,0.95650,0.06455
00003104,1.53018,0.12428
00003105,1.12520,0.10340
00003106,0.40428,0.02344
00003107,1.93485,0.41270
00003108,0.59090,0.02811
00003109,0.58288,0.03746
00003110,0.72487,0.04965
00003111,0.78855,0.06200
00003112,0.17324,0.01884
00003113,0.53786,0.03535
00003114,1.22330,0.10328
00003115,0.44639,0.02732
00003116,1.47209,0.10954
00003117,0.80577,0.06893
00003118,0.86264,0.06666
00003119,1.79386,0.16764
00003120,0.42811,0.02399
00003121,0.39220,0.02835
00003122,0.58151,0.03988
00003123,0.39130,0.02634
00003124,0.65148,0.04748
00003125,1.97873,0.23672
00003126,0.47476,0.02750
00003127,0.56961,0.03227
00003128,0.49636,0.03610
00003129,0.66759,0.04235
00003130,0.51269,0.02907
00003131,0.86557,0.04956
00003132,1.15063,0.10116
00003133,1.08731,0.09359
00003134,0.88482,0.12157
00003135,0.72024,0.03809
00003136,0.44289,0.02393
00003137,0.62138,0.02813
00003138,0.38075,0.02455
00003139,0.54175,0.02710
00003140,0.25364,0.03212
00003141,0.24812,0.01822
00003142,0.22376,0.02210
00003143,0.68778,0.04207
00003144,1.03659,0.06353
00003145,0.20660,0.01970
00003146,0.41873,0.02536
00003147,0.54542,0.03321
00003148,0.53088,0.03365
00003149,0.43694,0.02261
00003150,2.49275,0.24558
00003151,2.62134,0.25314
00003152,0.38310,0.02587
00003153,0.73893,0.06836
00003154,0.43551,0.03765
00003155,0.72923,0.04460
00003156,0.36487,0.02983
00003157,0.65421,0.04935
00003158,0.55889,0.03308
00003159,0.30898,0.01966
00003160,0.50589,0.03492
00003161,0.19486,0.01867
00003162,0.57939,0.03064
00003163,0.82087,0.33766
00003164,2.66733,0.34957
00003165,0.96720,0.06394
00003166,0.26279,0.04744
00003167,0.62387,0.04204
00003168,0.58074,0.03087
00003169,1.52007,0.14599
00003170,0.40998,0.02138
00003171,0.36470,0.02450
00003172,0.68731,0.05374
00003173,1.19148,0.08156
00003174,0.42133,0.02229
00003175,0.34135,0.02403
00003176,0.97751,0.07470
00003177,0.23290,0.01942
00003178,1.95611,0.26039
00003179,0.51336,0.03041
00003180,0.66428,0.03111
00003181,0.76633,0.04976
00003182,0.44865,0.05658
00003183,0.47462,0.03234
00003184,2.25502,0.22808
00003185,0.59819,0.03172
00003186,1.82152,0.14797
00003187,0.38055,0.13429
00003188,0.39470,0.03097
00003189,0.56522,0.03433
00003190,1.48904,0.19080
00003191,1.01985,0.20696
00003192,0.55262,0.03766
00003193,0.27272,0.02218
00003194,0.74315,0.05216
00003195,1.29176,0.09388
00003196,0.34996,0.03366
00003197,0.70819,0.03616
00003198,1.47514,0.17686
00003199,0.68893,0.03928
00003200,0.56949,0.04044
00003201,0.56458,0.03960
00003202,0.53119,0.02754
00003203,0.95880,0.06091
00003204,0.39890,0.02227
00003205,0.89227,0.04924
00003206,0.79550,0.04437
00003207,0.78187,0.06768
00003208,1.24907,0.29125
00003209,1.05653,0.08583
00003210,0.67239,0.03648
00003211,0.38454,0.02389
00003212,0.67742,0.04235
00003213,0.54251,0.03559
00003214,1.13214,0.33703
00003215,0.30360,0.02270
00003216,0.33567,0.02335
00003217,2.37587,0.24353
00003218,2.67552,0.25017
00003219,0.39631,0.02604
00003220,0.49359,0.03336
00003221,0.49690,0.03135
00003222,0.53666,0.03141
00003223,1.03267,0.14941
00003224,0.36680,0.02651
00003225,0.83402,0.05607
00003226,0.45842,0.04307
00003227,0.28693,0.02476
00003228,0.70648,0.04078
00003229,1.25909,0.09577
00003230,0.84176,0.04951
00003231,0.27461,0.02499
00003232,0.96591,0.06610
00003233,0.50106,0.02778
00003234,1.28896,0.09539
00003235,0.49966,0.03368
00003236,0.98881,0.07405
00003237,0.52446,0.03318
00003238,0.80073,0.04307
00003239,0.59417,0.02774
00003240,0.60628,0.09668
00003241,0.72916,0.04690
00003242,0.51633,0.03291
00003243,0.71677,0.04502
00003244,0.43567,0.02804
00003245,0.48592,0.02929
00003246,1.01076,0.06280
00003247,0.36952,0.02934
00003248,0.41782,0.03441
00003249,0.28065,0.02477
00003250,1.65070,0.14539
00003251,0.70901,0.04698
00003252,2.50121,0.22807
00003253,0.39437,0.02702
00003254,0.48530,0.03155
00003255,0.28405,0.02060
00003256,0.39707,0.02165
00003257,0.40984,0.02470
00003258,0.59981,0.03188
00003259,0.53006,0.03421
00003260,0.79366,0.04778
00003261,0.51858,0.06376
00003262,0.25559,0.03767
00003263,0.72283,0.04219
00003265,0.49219,0.02302
00003266,0.54322,0.03464
00003267,1.08180,0.07009
00003268,1.58200,0.11712
00003269,1.18707,0.09325
00003270,0.81797,0.05135
00003271,0.75013,0.03999
00003272,0.86936,0.06194
00003273,1.11625,0.09603
00003274,1.02022,0.08303
00003275,0.48054,0.02431
00003276,0.45352,0.06302
00003277,0.53712,0.03486
00003278,0.55149,0.02697
00003279,0.49022,0.02739
00003280,0.53615,0.03968
00003281,0.31021,0.02398
00003282,1.34287,0.12888
00003283,0.75031,0.04379
00003284,0.48297,0.02853
00003285,0.24787,0.01949
00003286,0.93510,0.08631
00003287,0.74856,0.05393
00003288,0.88979,0.07820
00003289,1.87758,0.16921
00003290,1.48958,0.13576
00003291,0.40866,0.02653
00003292,0.55343,0.03905
00003293,1.51238,0.12114
00003294,0.88584,0.06299
00003295,0.61125,0.03075
00003296,0.64978,0.04240
00003297,0.39679,0.02811
00003298,1.42817,0.11588
00003299,0.21287,0.03546
00003300,0.45954,0.02163
00003301,0.44158,0.02531
00003302,0.70784,0.06809
00003303,0.39210,0.03981
00003304,1.05201,0.07389
00003305,0.58220,0.04208
00003306,0.59045,0.04165
00003307,1.88706,0.21538
00003308,0.51668,0.02555
00003309,0.86480,0.12449
00003310,0.69855,0.05858
00003311,0.21160,0.02714
00003312,0.61753,0.04472
00003313,0.32439,0.04322
00003314,0.67847,0.05209
00003315,0.33544,0.03239
00003316,1.40372,0.17788
00003317,0.20627,0.02517
00003318,0.48077,0.04755
00003319,0.25285,0.02481
00003320,0.84532,0.07653
00003321,1.05490,0.08555
00003322,0.50371,0.05033
00003323,0.82202,0.06676
00003324,0.94958,0.07382
00003325,0.46183,0.02343
00003326,0.52436,0.02976
00003327,0.60349,0.04032
00003328,0.70465,0.03807
00003329,0.45164,0.04004
00003330,0.43563,0.02904
00003331,1.33132,0.11074
00003332,1.28427,0.10174
00003333,0.71054,0.04569
00003334,0.42085,0.02225
00003335,0.47950,0.05526
00003336,1.01945,0.08546
00003337,0.32166,0.02329
00003338,0.34255,0.02412
00003339,0.43024,0.03616
00003340,0.95003,0.06143
00003341,0.57245,0.04305
00003342,1.87108,0.21542
00003343,0.38838,0.02366
00003344,0.45754,0.02961
00003345,0.60637,0.04188
00003346,0.56559,0.03030
00003347,0.79938,0.12546
00003348,0.66984,0.05795
00003349,0.69188,0.06176
00003350,0.89211,0.06157
00003351,0.65497,0.03974
00003352,0.91784,0.06257
00003353,0.47986,0.03816
00003354,0.48475,0.02857
00003355,0.54456,0.03583
00003356,1.10168,0.09362
00003357,0.36212,0.02321
00003358,0.51281,0.04431
00003359,0.82745,0.04361
00003360,0.32712,0.02272
00003361,0.77024,0.08032
00003362,1.15938,0.10636
00003363,0.86665,0.05306
00003364,0.66335,0.05497
00003365,1.09037,0.07626
00003366,0.62472,0.03137
00003367,0.38612,0.03367
00003368,0.84547,0.05601
00003369,1.18810,0.11951
00003370,0.22060,0.07112
00003371,1.16147,0.10763
00003372,0.43391,0.03559
00003373,1.24526,0.10335
00003374,1.30459,0.08224
00003375,2.40924,0.23312
00003376,0.73519,0.05493
00003377,0.35007,0.06389
00003378,0.44510,0.02085
00003379,0.38054,0.02394
00003380,0.83527,0.06679
00003381,0.55414,0.03868
00003382,0.46123,0.02627
00003383,1.12395,0.12006
00003384,0.43498,0.02793
00003385,0.26128,0.02307
00003386,2.01681,0.32661
00003387,0.63073,0.09535
00003388,1.42408,0.16711
00003389,0.50950,0.04394
00003390,1.07955,0.08708
00003391,0.24808,0.02994
00003392,0.23890,0.02306
00003393,1.17929,0.11186
00003394,0.65052,0.04024
00003395,0.66154,0.17172
00003396,0.52622,0.04244
00003397,0.82970,0.05424
00003398,1.01108,0.06508
00003399,1.99100,0.22343
00003400,0.47714,0.02798
00003401,1.00859,0.11061
00003402,0.53431,0.04944
00003403,0.56211,0.03710
00003404,0.36266,0.02827
00003405,0.46769,0.02268
00003406,1.78634,0.18029
00003407,1.67298,0.16384
00003408,0.57493,0.03404
00003409,0.78425,0.05939
00003410,0.55897,0.04399
00003411,0.54139,0.03367
00003412,0.58749,0.04186
00003413,0.87646,0.05478
00003414,0.90644,0.05669
00003415,0.73505,0.06133
00003416,0.42350,0.02187
00003418,0.65490,0.03721
00003419,0.73209,0.04372
00003420,1.17851,0.08369
00003421,0.23567,0.02330
00003422,0.50733,0.03019
00003423,0.95060,0.11556
00003424,1.30826,0.12128
00003425,1.05009,0.08254
00003426,0.53734,0.02766
00003427,0.35864,0.02139
00003428,0.32939,0.02272
00003429,1.37393,0.09864
00003430,1.15342,0.07913
00003431,0.79412,0.05850
00003432,0.63971,0.12517
00003433,0.43146,0.02767
00003434,1.06763,0.08377
00003435,0.39174,0.02468
00003436,0.94207,0.07587
00003437,0.41876,0.02626
00003438,0.49946,0.03703
00003439,0.73226,0.04743
00003440,0.65900,0.03434
00003441,0.78315,0.05758
00003442,0.64122,0.05572
00003443,1.04343,0.08833
00003444,0.48994,0.03127
00003445,0.39952,0.03286
00003446,0.23591,0.05352
00003447,0.28606,0.02115
00003448,0.54411,0.04564
00003449,0.64706,0.03967
00003450,0.27547,0.02436
00003451,0.57168,0.02931
00003452,0.46325,0.02948
00003453,0.49165,0.02905
00003454,0.89090,0.05735
00003455,0.91618,0.10936
00003456,0.60832,0.03642
00003457,0.57847,0.08954
00003458,0.62322,0.02802
00003459,0.41741,0.02967
00003460,0.53832,0.04545
00003461,0.41788,0.03895
00003462,0.48794,0.02840
00003463,0.49076,0.02690
00003464,0.52921,0.03095
00003465,0.88361,0.05850
00003466,0.70681,0.04247
00003467,0.32953,0.02217
00003468,0.22207,0.02000
00003469,0.47906,0.02927
00003470,0.36140,0.02302
00003471,1.65668,0.14543
00003472,1.32269,0.08902
00003473,0.77447,0.04635
00003474,0.77358,0.04993
00003475,0.50462,0.03108
00003476,0.69120,0.04147
00003477,0.54499,0.02843
00003478,0.34120,0.03424
00003479,0.31753,0.02126
00003480,1.37993,0.11056
00003481,0.88067,0.05654
00003482,0.55412,0.03732
00003483,0.42849,0.04202
00003484,0.96785,0.08406
00003485,0.48489,0.05105
00003486,0.45882,0.04260
00003487,0.51163,0.03819
00003488,0.50275,0.02753
00003489,2.35584,0.21888
00003490,2.66630,0.28714
00003491,1.58406,0.20487
00003492,1.10004,0.10136
00003493,0.87459,0.06366
00003494,1.55404,0.18753
00003495,0.51316,0.02391
00003496,0.56723,0.03508
00003497,0.55609,0.05990
00003498,0.36656,0.02642
00003499,0.27278,0.01957
00003500,0.32959,0.02739
00003501,0.22115,0.02005
00003502,1.04128,0.06369
00003503,1.35623,0.16679
00003504,0.67390,0.04745
00003505,0.68475,0.04117
00003506,0.85978,0.05170
00003507,0.70599,0.04444
00003508,0.33365,0.02012
00003509,0.40700,0.02342
00003511,0.20992,0.02074
00003512,0.37264,0.03714
00003513,0.38433,0.02634
00003514,0.43178,0.02338
00003515,0.19950,0.02044
00003516,0.37086,0.02798
00003517,0.94722,0.06881
00003518,0.48508,0.03088
00003519,0.56463,0.02677
00003520,0.43178,0.03057
00003521,1.69876,0.17858
00003522,0.45680,0.02955
00003523,1.16491,0.09283
00003524,0.60836,0.03955
00003525,0.77120,0.05773
00003526,0.48516,0.03354
00003527,0.43005,0.04036
00003528,0.80061,0.06471
00003529,2.31965,0.28342
00003530,0.63605,0.04658
00003531,0.62476,0.05842
00003532,0.49215,0.03265
00003533,0.32672,0.02904
00003534,0.89737,0.11922
00003535,0.66260,0.03188
00003536,2.04628,0.30407
00003537,0.68535,0.04331
00003538,0.29759,0.02196
00003539,1.27037,0.14348
00003540,0.51835,0.02798
00003541,1.83348,0.15917
00003542,0.73785,0.04607
00003543,0.50188,0.03580
00003544,1.65819,0.13559
00003545,0.45646,0.03274
00003546,1.34323,0.10383
00003547,0.69545,0.09546
00003548,0.96029,0.06314
00003549,2.64831,0.31266
00003550,0.75847,0.04845
00003551,0.22625,0.02004
00003552,1.05890,0.06374
00003553,0.41140,0.02868
00003554,0.69191,0.04251
00003555,0.86126,0.05599
00003556,0.29581,0.02017
00003557,0.50065,0.02493
00003558,0.65501,0.06101
00003559,0.32159,0.02200
00003560,1.05142,0.10404
00003561,0.94400,0.06860
00003562,1.05188,0.29607
00003563,0.28966,0.03823
00003564,0.38663,0.03259
00003565,0.44033,0.02326
00003566,2.05452,0.22926
00003567,1.39279,0.10955
00003568,1.35114,0.11164
00003569,0.30987,0.02524
00003570,1.09170,0.18738
00003571,1.18200,0.14559
00003572,1.43888,0.10559
00003573,0.54775,0.03630
00003574,0.64252,0.05684
00003575,0.41301,0.02310
00003576,0.56798,0.04812
00003577,0.29785,0.02036
00003578,0.42950,0.03112
00003579,0.45327,0.03435
00003580,0.79794,0.05744
00003581,0.53849,0.02754
00003582,0.70859,0.04514
00003583,1.20602,0.08654
00003584,1.61815,0.11988
00003585,0.57747,0.04360
00003586,0.44816,0.02986
00003587,0.24918,0.02352
00003588,0.65803,0.09005
00003589,0.86264,0.07007
00003590,0.56661,0.04805
00003591,0.52757,0.03210
00003592,0.99443,0.06066
00003593,1.38630,0.09777
00003594,0.54258,0.03010
00003595,0.80512,0.04403
00003596,1.23519,0.11487
00003597,0.98973,0.07678
00003598,0.41858,0.02886
00003599,0.98859,0.06036
00003600,2.20005,0.21960
00003601,0.54320,0.03517
00003602,1.05938,0.06494
00003603,1.30669,0.11862
00003604,0.70898,0.03980
00003605,0.40624,0.03580
00003606,1.20113,0.12926
00003607,0.62453,0.03634
00003608,0.61599,0.04437
00003609,0.70159,0.04174
00003610,1.57613,0.14638
00003611,0.38208,0.02196
00003612,0.56006,0.05096
00003613,1.72097,0.15765
00003614,0.75902,0.07008
00003615,0.79947,0.05508
00003616,0.63808,0.05148
00003617,1.22106,0.15118
00003618,0.96914,0.07255
00003619,0.45132,0.02278
00003620,0.48494,0.03188
00003621,0.54758,0.03379
00003622,1.22908,0.08276
00003623,1.19983,0.25796
00003624,0.23602,0.02020
00003625,0.64216,0.06697
00003626,0.33675,0.04167
00003627,0.65232,0.03843
00003628,0.64955,0.03213
00003629,0.54285,0.02696
00003630,0.24151,0.02140
00003631,0.34464,0.02564
00003632,0.32530,0.02270
00003633,0.54455,0.03402
00003634,0.26361,0.01936
00003635,0.46454,0.02728
00003636,0.63669,0.04541
00003637,0.61716,0.04339
00003638,0.61045,0.08512
00003639,0.45672,0.02498
00003640,0.79967,0.04231
00003641,0.99568,0.06300
00003642,0.69329,0.22000
00003643,0.71793,0.04627
00003644,1.16911,0.08218
00003645,1.00569,0.07242
00003646,0.37323,0.02692
00003647,1.43135,0.11912
00003648,0.18929,0.02060
00003649,0.29747,0.02220
00003650,0.54632,0.03425
00003651,0.42645,0.03177
00003652,0.40094,0.02120
00003653,0.54161,0.25894
00003654,0.43930,0.02733
00003655,0.53410,0.03151
00003656,0.95336,0.06832
00003657,0.42968,0.02035
00003658,1.33252,0.12064
00003659,0.46245,0.02650
00003660,2.36789,0.41247
00003661,1.17906,0.67690
00003662,0.26997,0.02512
00003663,0.42240,0.02807
00003664,0.36581,0.02780
00003665,1.02950,0.20153
00003666,0.46754,0.03561
00003667,0.94337,0.10360
00003668,1.43887,0.12357
00003669,0.36368,0.06118
00003670,0.51452,0.03267
00003671,0.33723,0.02597
00003672,0.20070,0.01988
00003673,2.08159,0.19789
00003674,0.41343,0.03045
00003675,0.66113,0.04008
00003676,0.57162,0.02712
00003677,1.03203,0.07452
00003678,0.83015,0.05495
00003679,0.49653,0.03032
00003680,0.61273,0.28782
00003681,1.04591,0.06245
00003682,0.63592,0.03188
00003683,0.41280,0.02255
00003684,1.27702,0.18800
00003685,0.37648,0.02398
00003686,0.35197,0.02235
00003687,0.61187,0.03260
00003688,1.28906,0.09290
00003689,0.47617,0.02761
00003690,0.21502,0.01924
00003691,0.29495,0.01972
00003692,0.39117,0.02679
00003693,0.35293,0.03009
00003694,0.55684,0.03669
00003695,1.74636,0.17117
00003696,1.46565,0.11952
00003697,0.60685,0.03293
00003698,0.92194,0.11242
00003699,0.87027,0.05137
00003700,2.53750,0.33234
00003701,0.34909,0.02339
00003702,0.64673,0.04658
00003703,0.36295,0.02822
00003704,0.19403,0.01901
00003705,0.26513,0.13179
00003706,0.40178,0.02263
00003707,2.55536,0.23482
00003709,0.99879,0.05788
00003710,1.11069,0.16625
00003711,2.41966,0.28658
00003712,1.78083,0.24470
00003713,0.27312,0.01865
00003714,0.48292,0.03875
00003715,0.67222,0.04520
00003716,0.55654,0.03292
00003717,0.29403,0.02787
00003718,0.64388,0.04056
00003719,0.87090,0.07085
00003720,0.47074,0.02759
00003721,0.60610,0.03771
00003722,0.42102,0.05377
00003723,0.22657,0.02769
00003724,2.80519,0.32811
00003725,0.88854,0.05307
00003726,1.07374,0.06388
00003727,0.58077,0.04293
00003728,0.20710,0.01933
00003729,0.51635,0.03895
00003730,0.54061,0.03496
00003731,0.88603,0.10528
00003732,1.01314,0.05866
00003733,0.60189,0.04061
00003734,0.45569,0.02607
00003735,0.71996,0.05047
00003736,0.84793,0.06620
00003737,0.79650,0.05298
00003738,0.20444,0.01946
00003739,0.30746,0.01959
00003740,1.05116,0.09198
00003741,0.53201,0.02558
00003742,0.65430,0.03833
00003743,0.74080,0.03993
00003744,0.47584,0.02494
00003745,0.82753,0.07194
00003746,1.13860,0.08592
00003747,0.38419,0.03791
00003748,1.03956,0.07141
00003749,0.46641,0.03574
00003750,0.30701,0.02432
00003751,0.43079,0.02416
00003752,0.88884,0.11035
00003753,1.83842,0.25994
00003754,0.39701,0.02309
00003755,0.36325,0.02661
00003756,1.18102,0.10367
00003757,0.32702,0.02377
00003758,0.77999,0.05293
00003760,0.75605,0.05953
00003761,0.82427,0.06171
00003762,0.99109,0.08394
00003763,0.61019,0.04399
00003764,0.46475,0.03071
00003765,0.47722,0.03731
00003766,0.61010,0.03995
00003767,0.53541,0.02580
00003768,0.46224,0.02641
00003769,0.91519,0.07661
00003770,0.66601,0.03721
00003771,0.29497,0.02081
00003772,0.55969,0.02826
00003773,2.02100,0.18612
00003774,0.54280,0.04175
00003775,1.42470,0.14101
00003776,1.20825,0.10701
00003777,0.37230,0.02512
00003778,0.64047,0.04284
00003779,0.44180,0.02684
00003780,0.37582,0.02777
00003781,1.59686,0.11682
00003782,0.55336,0.02966
00003783,0.84906,0.05259
00003784,1.27674,0.13575
00003785,0.59921,0.02805
00003786,0.51703,0.03111
00003787,1.20081,0.07473
00003788,0.67183,0.05612
00003789,0.42427,0.03388
00003790,1.34186,0.14722
00003791,0.40069,0.03062
00003792,0.45413,0.02837
00003793,0.36778,0.02443
00003794,0.57488,0.03296
00003795,0.39327,0.02482
00003796,0.59634,0.04061
00003797,0.41704,0.03670
00003798,0.38293,0.02610
00003799,0.34991,0.02580
00003800,0.71212,0.07528
00003801,0.83976,0.05928
00003802,0.24905,0.02098
00003803,0.24891,0.04435
00003804,0.78543,0.05050
00003805,0.53142,0.03906
00003806,0.31131,0.02060
00003807,0.47232,0.02485
00003808,0.52442,0.02607
00003809,1.55281,0.20287
00003810,0.43164,0.02411
00003811,0.57581,0.03832
00003812,1.48827,0.14317
00003813,2.40097,0.24788
00003814,0.47568,0.02602
00003815,1.12575,0.08654
00003816,0.46670,0.03393
00003817,1.73379,0.14866
00003818,1.05093,0.06601
00003819,1.08951,0.09170
00003820,1.67424,0.12564
00003821,0.61016,0.04130
00003822,0.58583,0.04008
00003823,0.96450,0.07038
00003824,0.66992,0.03398
00003825,0.41695,0.02495
00003826,0.50493,0.02980
00003827,0.48861,0.02379
00003828,0.77107,0.05411
00003829,0.90079,0.13389
00003830,1.20585,0.08611
00003831,0.25529,0.02033
00003832,0.77524,0.04113
00003833,0.64443,0.03491
00003834,0.93142,0.05500
00003835,0.23362,0.02205
00003836,0.84665,0.05963
00003837,0.35020,0.02824
00003838,1.15109,0.19821
00003839,0.31535,0.02272
00003840,0.29737,0.02357
00003841,0.45600,0.02335
00003842,0.50407,0.03149
00003843,1.15301,0.08927
00003844,0.51385,0.03062
00003845,1.14896,0.13910
00003846,0.48463,0.02547
00003847,0.56287,0.05072
00003848,1.01521,0.07029
00003849,0.60494,0.04140
00003850,0.37516,0.02510
00003851,0.52399,0.02953
00003852,0.58673,0.04125
00003853,0.28493,0.02925
00003854,0.70778,0.07141
00003855,1.80578,0.19557
00003856,0.68894,0.04475
00003857,1.20441,0.09539
00003858,1.31921,0.09588
00003859,0.85025,0.06223
00003860,0.40813,0.04139
00003861,0.41222,0.02808
00003862,0.56337,0.03738
00003863,0.97216,0.05533
00003864,0.25336,0.02003
00003865,0.58356,0.02530
00003866,1.27258,0.12794
00003867,0.28067,0.02206
00003868,0.22323,0.02634
00003869,0.66327,0.03779
00003870,1.86712,0.14311
00003871,0.71267,0.28165
00003872,0.48026,0.02777
00003873,1.06899,0.09262
00003874,0.36467,0.02667
00003875,1.51371,0.11735
00003876,0.37096,0.02009
00003877,0.78566,0.08037
00003878,0.54220,0.02897
00003879,1.03720,0.07184
00003880,1.77733,0.25904
00003881,0.30189,0.02217
00003882,1.76982,0.15401
00003883,0.70854,0.03552
00003884,0.35498,0.02251
00003885,1.24611,0.11841
00003886,0.98079,0.05510
00003887,0.32774,0.01949
00003888,0.82529,0.04404
00003889,0.33625,0.03258
00003890,0.58007,0.03076
00003891,2.14251,0.20448
00003892,0.48308,0.03267
00003893,0.88548,0.06884
00003894,0.91646,0.05489
00003895,0.77684,0.04318
00003896,1.05525,0.07121
00003897,1.39360,0.12209
00003898,0.44446,0.02569
00003899,0.79661,0.07265
00003900,0.81710,0.05475
00003901,0.44122,0.03196
00003902,1.00902,0.06439
00003903,0.53930,0.02920
00003904,0.69645,0.04391
00003905,0.20792,0.02178
00003906,0.94499,0.06182
00003907,0.63655,0.04246
00003908,1.12552,0.07015
00003909,0.88679,0.06976
00003910,2.01285,0.27884
00003911,1.04154,0.07079
00003912,0.68229,0.04265
00003913,0.43068,0.03090
00003914,0.84608,0.04733
00003915,0.79535,0.05062
00003916,0.58713,0.04336
00003917,0.40994,0.02978
00003918,0.25141,0.02231
00003919,0.80798,0.04604
00003920,2.09068,0.20562
00003921,1.24076,0.09380
00003922,0.25137,0.03235
00003923,1.20766,0.09566
00003924,0.54373,0.04039
00003925,1.76164,0.14653
00003926,0.60417,0.05941
00003927,0.45737,0.03683
00003928,0.85510,0.07523
00003929,1.08158,0.07761
00003930,0.96751,0.06568
00003931,0.68525,0.03832
00003932,0.90465,0.05174
00003933,1.14522,0.16049
00003934,0.55551,0.03733
00003935,0.53061,0.03480
00003936,0.41200,0.02427
00003937,0.31622,0.02038
00003938,0.85126,0.06051
00003939,0.55939,0.03311
00003940,0.30174,0.02728
00003941,0.38783,0.03461
00003942,1.68354,0.14652
00003943,2.02236,0.26721
00003944,0.29023,0.02317
00003945,1.05665,0.07486
00003946,0.85478,0.05615
00003947,0.52258,0.03989
00003948,0.74589,0.04491
00003949,0.46159,0.12046
00003950,0.19388,0.02085
00003951,2.70678,0.32641
00003952,0.59271,0.03045
00003953,2.25013,0.22579
00003954,1.59908,0.13680
00003955,0.55977,0.04039
00003956,0.33263,0.02487
00003957,1.54142,0.12304
00003958,0.72523,0.05636
00003959,0.17962,0.01979
00003960,0.41856,0.02544
00003961,0.19613,0.02208
00003962,1.10318,0.08347
00003963,1.50227,0.13391
00003964,0.71483,0.04424
00003965,0.29669,0.03044
00003966,0.47922,0.02844
00003967,0.55123,0.26094
00003968,0.35403,0.02227
00003969,1.33665,0.09335
00003970,1.16267,0.10027
00003971,0.96778,0.05606
00003972,0.45124,0.02341
00003973,0.74275,0.04533
00003974,0.46797,0.02443
00003975,1.42400,0.10452
00003976,0.95129,0.05947
00003977,0.80044,0.15726
00003978,1.20129,0.14772
00003979,0.48892,0.02709
00003980,1.41065,0.10639
00003981,0.70592,0.05120
00003982,0.50461,0.03179
00003983,0.54690,0.03092
00003984,0.25941,0.01941
00003985,0.54988,0.08549
00003986,0.18030,0.01803
00003987,0.63160,0.04299
00003988,0.50785,0.03428
00003989,1.02843,0.07541
00003990,0.46926,0.02629
00003991,0.77853,0.04955
00003992,0.50488,0.02729
00003993,1.01173,0.09318
00003994,0.70612,0.05554
00003995,0.69055,0.04698
00003996,0.24980,0.02298
00003997,0.40642,0.02227
00003998,0.99596,0.10081
00003999,0.89018,0.06428
00004000,0.96204,0.07418
00004001,0.83877,0.06046
00004002,0.53997,0.02897
00004003,0.79288,0.05139
00004004,0.81172,0.05708
00004005,0.94621,0.06966
00004006,0.43458,0.03015
00004007,1.50305,0.11590
00004008,0.64555,0.04837
00004009,0.27735,0.02383
00004010,0.23097,0.04368
00004011,0.56517,0.03202
00004012,0.28882,0.04344
00004013,0.61839,0.04009
00004014,1.10940,0.13087
00004015,0.79741,0.29249
00004016,0.92767,0.09592
00004017,0.66508,0.04610
00004018,0.91803,0.06931
00004019,0.69259,0.05801
00004020,0.51064,0.02695
00004021,0.45777,0.02444
00004022,0.60634,0.02922
00004023,0.94829,0.07511
00004024,0.95137,0.08872
00004025,0.38822,0.02534
00004026,0.39054,0.02939
00004027,0.35785,0.03525
00004028,0.60413,0.03081
00004029,0.94658,0.05314
00004030,0.81042,0.18880
00004031,0.47627,0.03608
00004032,0.40445,0.02764
00004033,1.56017,0.17077
00004034,1.18925,0.08289
00004035,0.44862,0.04287
00004036,0.48649,0.04376
00004037,0.68572,0.03168
00004038,0.94160,0.06006
00004039,0.54089,0.03206
00004040,0.68911,0.04464
00004041,0.80323,0.07213
00004042,0.50481,0.02684
00004043,0.19304,0.01925
00004044,2.09110,0.18183
00004045,1.16406,0.08042
00004046,1.04613,0.07363
00004047,0.42342,0.02306
00004048,0.46424,0.02979
00004049,0.41185,0.02584
00004050,0.48108,0.02647
00004051,1.29148,0.16923
00004052,0.95066,0.06075
00004053,0.58076,0.03333
00004054,0.81323,0.06883
00004055,0.46363,0.02560
00004056,0.97220,0.11585
00004057,0.72032,0.04184
00004058,0.27457,0.02081
00004059,0.19484,0.01948
00004060,0.49563,0.03226
00004061,0.59104,0.02851
00004062,1.25725,0.09628
00004063,2.04889,0.22212
00004064,0.46344,0.02932
00004065,1.75692,0.17865
00004066,0.34333,0.02305
00004067,0.93804,0.06454
00004068,0.25038,0.02839
00004069,3.07547,0.30533
00004070,0.47351,0.02794
00004071,2.56775,0.26709
00004072,0.85699,0.07208
00004073,0.73828,0.04396
00004074,1.32182,0.14377
00004075,0.58816,0.04670
00004076,2.37425,0.25255
00004077,0.24827,0.01998
00004078,0.51146,0.02900
00004079,1.42039,0.12043
00004080,0.20445,0.02134
00004081,0.22286,0.02119
00004082,0.61565,0.03531
00004083,0.59063,0.03546
00004084,0.23835,0.02194
00004085,1.50894,0.11552
00004086,0.75986,0.06440
00004087,0.88614,0.06719
00004088,0.19763,0.02103
00004089,0.36873,0.02426
00004090,0.54273,0.03426
00004091,0.28148,0.02465
00004092,0.59215,0.02789
00004093,0.46908,0.02430
00004094,1.62353,0.14078
00004095,0.36980,0.02843
00004096,1.60698,0.16890
00004097,1.18098,0.11258
00004098,1.34329,0.12916
00004099,1.36412,0.17266
00004100,0.47726,0.02155
00004101,0.78810,0.04592
00004102,2.00704,0.21951
00004103,0.89360,0.06844
00004104,0.76327,0.07216
00004105,0.79536,0.05498
00004106,2.09868,0.19632
00004107,0.99134,0.06151
00004108,0.31022,0.02512
00004109,0.25891,0.02462
00004110,0.46682,0.02769
00004111,0.85421,0.05505
00004112,1.48070,0.14369
00004113,0.36128,0.05024
00004114,0.32571,0.02272
00004115,0.61257,0.03511
00004116,0.46154,0.02596
00004117,0.49523,0.03718
00004118,1.09864,0.06866
00004119,1.05579,0.05970
00004120,0.54721,0.02756
00004121,0.67117,0.04118
00004122,0.93774,0.05775
00004123,0.32174,0.02514
00004124,0.58054,0.03261
00004125,0.42914,0.03141
00004126,2.11187,0.21976
00004127,0.48872,0.03446
00004128,0.52945,0.03132
00004129,0.41622,0.03001
00004130,0.30792,0.02357
00004131,0.37154,0.02127
00004132,0.61280,0.04238
00004133,1.82401,0.18663
00004134,0.43049,0.02345
00004135,0.36544,0.03303
00004136,0.63479,0.03546
00004137,0.74380,0.05662
00004138,1.24191,0.09744
00004139,2.22754,0.22256
00004140,0.50134,0.03150
00004141,0.46789,0.20709
00004142,0.58887,0.02998
00004143,0.81544,0.04863
00004144,1.14756,0.10381
00004145,0.42810,0.03232
00004146,0.30189,0.02306
00004147,0.41865,0.03097
00004148,0.64090,0.05704
00004149,0.43496,0.03160
00004150,1.27017,0.10114
00004151,1.06789,0.08702
00004152,0.42225,0.19335
00004153,0.66792,0.03871
00004154,1.19993,0.13891
00004155,0.63947,0.03417
00004156,0.24335,0.02232
00004157,0.91546,0.06021
00004158,1.85452,0.23080
00004159,0.73012,0.04448
00004160,0.81880,0.04893
00004161,0.73955,0.03904
00004162,0.88717,0.06270
00004163,0.58503,0.04216
00004164,0.36298,0.03110
00004165,2.05915,0.16696
00004166,0.57606,0.03989
00004167,0.46494,0.02794
00004168,2.69135,0.52350
00004169,0.44174,0.02991
00004170,1.44008,0.14429
00004171,0.71410,0.05642
00004172,0.62610,0.04368
00004173,0.40946,0.07804
00004174,0.26053,0.02087
00004175,0.44776,0.03422
00004176,0.26118,0.02309
00004177,0.68812,0.16507
00004178,0.24596,0.01968
00004179,0.69877,0.03870
00004180,0.72368,0.04915
00004181,0.20849,0.03085
00004182,1.04170,0.07728
00004183,1.15783,0.07241
00004184,0.23688,0.01885
00004185,0.92129,0.07686
00004186,0.73677,0.04201
00004187,1.01250,0.06542
00004188,0.38222,0.03091
00004189,0.32401,0.03131
00004190,0.55408,0.03382
00004191,0.46188,0.02657
00004192,0.36554,0.02544
00004193,0.39473,0.02366
00004194,0.76793,0.06394
00004195,0.59744,0.03480
00004196,0.68949,0.03546
00004197,0.45875,0.02156
00004198,1.47919,0.11066
00004199,0.51803,0.03252
00004200,0.43089,0.03234
00004201,0.46998,0.04433
00004202,0.51006,0.10607
00004203,0.37186,0.02647
00004204,0.45087,0.02548
00004205,1.55236,0.23881
00004206,1.27495,0.09011
00004207,0.58540,0.04612
00004208,0.52631,0.02622
00004209,0.33725,0.02955
00004210,0.71876,0.04791
00004211,1.25991,0.08926
00004212,0.60158,0.04786
00004213,0.36546,0.02584
00004214,0.57294,0.02953
00004215,0.97369,0.08394
00004216,1.12340,0.14285
00004217,0.25372,0.03478
00004218,0.47702,0.04792
00004219,1.46627,0.13375
00004220,0.27283,0.02498
00004221,0.68191,0.03563
00004222,0.64905,0.03849
00004223,0.55284,0.03341
00004224,1.58050,0.14330
00004225,2.13760,0.26547
00004226,0.80790,0.04705
00004227,1.70994,0.15369
00004228,0.47898,0.08811
00004229,0.79899,0.11434
00004230,0.83813,0.05084
00004231,0.53757,0.02837
00004232,0.63844,0.03603
00004233,0.41119,0.02918
00004234,0.65559,0.04458
00004235,0.71861,0.04136
00004236,0.56217,0.03580
00004237,0.58083,0.04835
00004238,2.59225,0.24033
00004239,0.92191,0.06115
00004240,0.23465,0.02134
00004241,0.54944,0.03832
00004242,0.64687,0.04065
00004243,0.68326,0.06709
00004244,0.78658,0.04655
00004245,1.88817,0.25612
00004246,0.86181,0.07576
00004247,1.37295,0.12125
00004248,1.46613,0.10742
00004249,0.59496,0.02611
00004250,0.60841,0.03636
00004251,0.49509,0.03838
00004252,1.67052,0.17348
00004253,2.54492,0.23523
00004254,1.78256,0.21754
00004255,0.43858,0.02816
00004256,0.21055,0.02393
00004257,1.78907,0.19971
00004258,1.65051,0.12505
00004259,1.27735,0.09752
00004260,0.25931,0.01973
00004261,0.46341,0.02626
00004262,0.90768,0.06121
00004263,1.36765,0.11925
00004264,0.48953,0.03819
00004265,0.35064,0.02029
00004266,0.70253,0.04506
00004267,0.75578,0.05148
00004268,0.56141,0.03112
00004269,0.32745,0.02556
00004270,0.33006,0.01937
00004271,1.71553,0.16335
00004272,0.36376,0.05061
00004273,0.88823,0.05238
00004274,0.47516,0.03354
00004275,0.67165,0.04362
00004276,0.61619,0.03536
00004277,1.33551,0.09165
00004278,0.94022,0.07788
00004279,0.23698,0.02074
00004280,0.71604,0.05893
00004281,0.26495,0.02896
00004282,1.10053,0.07446
00004283,1.20201,0.11502
00004284,0.65175,0.04630
00004285,0.24230,0.01902
00004286,0.40737,0.02322
00004287,0.51376,0.03384
00004288,0.76478,0.04525
00004289,0.82425,0.05061
00004290,0.40120,0.02868
00004291,0.88598,0.05720
00004292,1.49415,0.14829
00004293,1.59848,0.13157
00004294,0.33302,0.02504
00004295,0.73899,0.03919
00004296,2.54376,0.24093
00004297,0.44186,0.02893
00004298,0.22206,0.02069
00004299,2.32420,0.24729
00004300,0.46713,0.04020
00004301,0.72558,0.04097
00004302,0.47154,0.02926
00004303,0.32459,0.02199
00004304,0.54764,0.03156
00004305,0.30981,0.02216
00004306,0.69771,0.04166
00004307,0.41051,0.02348
00004308,0.25206,0.02430
00004309,0.27765,0.02862
00004310,0.51879,0.03387
00004311,0.73107,0.04661
00004312,1.31807,0.10310
00004313,0.71660,0.04402
00004314,0.41727,0.03081
00004315,0.90292,0.05854
00004316,0.89780,0.05761
00004317,0.85070,0.10709
00004318,0.51225,0.02337
00004319,0.89925,0.05270
00004320,0.37680,0.02323
00004321,0.78187,0.06630
00004322,0.38405,0.02255
00004323,0.74555,0.04673
00004324,0.63364,0.04659
00004325,1.13581,0.13914
00004326,2.13284,0.23071
00004327,2.61013,0.31271
00004328,1.81088,0.15628
00004329,2.72117,0.43161
00004330,2.93131,0.29265
00004331,0.40463,0.02244
00004332,0.18164,0.01759
00004333,0.49027,0.02950
00004334,0.75868,0.04493
00004335,0.31146,0.07372
00004336,0.45056,0.02872
00004337,1.15137,0.08591
00004338,0.85567,0.13355
00004339,1.24259,0.13019
00004340,0.39259,0.02458
00004341,0.79935,0.05184
00004342,0.62654,0.03367
00004343,0.90688,0.05166
00004344,0.28940,0.02075
00004345,0.20515,0.02149
00004346,0.80935,0.04777
00004347,0.37688,0.02082
00004348,2.13701,0.20374
00004349,0.65169,0.03865
00004350,1.26417,0.09594
00004351,0.52788,0.02461
00004352,0.57982,0.03337
00004353,0.83645,0.06339
00004354,0.75636,0.04509
00004355,2.13154,0.20669
00004356,1.35634,0.10101
00004357,1.91054,0.18331
00004358,0.58825,0.02964
00004359,1.58305,0.12659
00004360,1.07792,0.09227
00004361,0.53820,0.04638
00004362,1.19144,0.08382
00004363,0.86823,0.05700
00004364,1.51598,0.16166
00004365,1.33105,0.14623
00004366,0.38765,0.03354
00004367,0.46166,0.02454
00004368,0.57052,0.03887
00004369,0.58649,0.03705
00004370,0.76934,0.05315
00004371,0.45583,0.03786
00004372,0.82259,0.05264
00004373,0.92166,0.06801
00004374,0.66629,0.03632
00004375,1.14220,0.08446
00004376,0.19326,0.02075
00004377,0.77085,0.04811
00004378,0.68958,0.04444
00004379,0.73344,0.04581
00004380,0.55755,0.02610
00004381,0.93155,0.09782
00004382,0.68500,0.04827
00004383,0.60576,0.04220
00004384,0.28850,0.02674
00004385,0.34077,0.03054
00004386,0.76706,0.05025
00004387,0.33998,0.02271
00004388,2.22139,0.24206
00004389,0.24857,0.01869
00004390,0.94835,0.07099
00004391,0.49338,0.03217
00004392,0.28828,0.02624
00004393,0.18504,0.01825
00004394,0.34357,0.02256
00004395,0.25967,0.02231
00004396,0.64145,0.03788
00004397,0.47891,0.02701
00004398,0.17738,0.01958
00004399,0.94098,0.10133
00004400,0.21736,0.02208
00004401,0.33923,0.02317
00004402,0.62680,0.06588
00004403,0.55192,0.03134
00004404,1.03082,0.06624
00004405,0.17845,0.01768
00004406,0.53703,0.22941
00004407,1.66675,0.14064
00004408,0.85577,0.05951
00004409,0.36232,0.02475
00004410,0.46558,0.03567
00004411,0.35337,0.04580
00004412,0.53733,0.03209
00004413,0.45716,0.02374
00004414,0.27850,0.02077
00004415,0.52585,0.03275
00004416,0.86920,0.07475
00004417,0.95132,0.10704
00004418,0.63618,0.03961
00004419,0.88359,0.05032
00004420,1.75345,0.14254
00004421,0.31276,0.02895
00004422,0.56710,0.05278
00004423,0.38448,0.02102
00004424,0.31985,0.03326
00004425,0.60742,0.03578
00004426,0.33887,0.02561
00004427,1.15411,0.07960
00004428,1.31993,0.12357
00004429,2.21435,0.21610
00004430,1.02275,0.15545
00004432,0.94399,0.08059
00004433,0.49315,0.02741
00004434,0.81481,0.04994
00004435,0.71286,0.04291
00004436,0.53150,0.03283
00004437,1.50156,0.12480
00004438,2.42636,0.26175
00004439,0.37711,0.01986
00004440,0.65624,0.03397
00004441,0.52951,0.02510
00004442,0.72155,0.03615
00004443,0.36925,0.02433
00004444,1.43439,0.10509
00004445,0.58138,0.16202
00004446,0.52517,0.02851
00004447,0.49142,0.03460
00004448,0.65521,0.03424
00004449,0.76167,0.04407
00004450,0.79918,0.05327
00004451,1.78229,0.26536
00004452,1.50437,0.12120
00004453,2.35306,0.40065
00004454,0.59941,0.03404
00004455,0.95049,0.08406
00004456,0.42036,0.03004
00004457,0.18153,0.01786
00004458,0.40039,0.02301
00004459,1.36147,0.10944
00004460,0.31834,0.02069
00004461,0.36162,0.02797
00004462,0.68321,0.07070
00004463,0.66137,0.04627
00004464,0.75186,0.05087
00004465,0.45234,0.05173
00004466,0.20713,0.01933
00004467,0.39057,0.02266
00004468,0.29596,0.02376
00004469,0.83405,0.08292
00004470,0.52700,0.05264
00004471,0.65322,0.03465
00004472,0.78827,0.05379
00004473,1.02494,0.06378
00004474,0.59291,0.03954
00004475,0.37345,0.02399
00004476,1.17363,0.15509
00004477,1.27293,0.10329
00004478,0.29198,0.02228
00004479,1.99122,0.18165
00004480,0.51166,0.04340
00004481,0.28978,0.02995
00004482,0.93039,0.06758
00004483,0.92101,0.06965
00004484,2.38625,0.22374
00004485,1.18967,0.13174
00004486,0.32887,0.02013
00004487,0.33082,0.02470
00004488,2.14734,0.23893
00004489,0.50101,0.03156
00004490,0.27540,0.03139
00004491,2.24165,0.19345
00004492,0.89926,0.05193
00004493,0.68088,0.04298
00004494,1.26784,0.09495
00004495,1.28141,0.21676
00004496,0.30472,0.02425
00004497,0.42892,0.02424
00004498,0.35597,0.03201
00004499,0.30028,0.02752
00004500,0.82189,0.04522
00004501,0.61703,0.03347
00004502,0.50737,0.02738
00004503,1.35331,0.13681
00004504,0.86083,0.06055
00004505,0.24990,0.02889
00004506,0.30293,0.02240
00004507,0.36379,0.02253
00004508,0.81079,0.10488
00004509,0.37249,0.02563
00004510,1.17846,0.07909
00004511,1.60401,0.13539
00004512,0.34744,0.02227
00004513,0.46609,0.03504
00004514,1.18227,0.07405
00004515,0.68579,0.04384
00004516,1.10080,0.06897
00004517,0.35389,0.02634
00004518,2.11569,0.22067
00004519,0.87077,0.05049
00004520,0.46267,0.02322
00004521,1.04664,0.11821
00004522,0.34920,0.02591
00004523,0.80375,0.05127
00004524,0.78796,0.05209
00004525,0.97319,0.07820
00004526,0.67077,0.04120
00004527,0.67115,0.04776
00004528,0.91102,0.07216
00004529,0.54311,0.02464
00004530,0.83474,0.07300
00004531,0.43675,0.02183
00004532,0.51818,0.03530
00004533,0.45078,0.05140
00004534,0.24865,0.02197
00004535,1.16670,0.16965
00004536,1.33256,0.10557
00004537,0.31412,0.01928
00004538,1.01674,0.06901
00004539,1.30151,0.10074
00004540,2.22420,0.22674
00004541,0.53555,0.02920
00004542,0.26148,0.02228
00004543,1.27410,0.10078
00004544,0.52195,0.03005
00004545,0.73348,0.04378
00004546,0.91278,0.06359
00004547,1.29694,0.13889
00004548,0.45376,0.02342
00004549,0.57260,0.02927
00004550,1.01481,0.05720
00004551,1.23652,0.13526
00004552,0.45675,0.02199
00004553,0.41947,0.03064
00004554,0.44164,0.03210
00004555,0.50073,0.03055
00004556,1.41335,0.11914
00004557,0.43280,0.03507
00004558,0.62886,0.03953
00004559,0.55955,0.03333
00004560,0.89964,0.07495
00004561,0.75775,0.03913
00004562,0.97617,0.06470
00004563,0.99929,0.06917
00004564,0.60006,0.04090
00004565,0.96833,0.07101
00004566,0.58606,0.07969
00004567,2.15614,0.29391
00004568,0.35082,0.02505
00004569,0.31659,0.02407
00004570,2.40368,0.24589
00004571,0.62098,0.03711
00004572,0.29475,0.02569
00004573,0.42531,0.03352
00004574,0.69859,0.04110
00004575,0.61539,0.03514
00004576,1.01390,0.07750
00004577,0.60027,0.04156
00004578,2.11987,0.20537
00004579,0.78151,0.04484
00004580,0.50088,0.02653
00004581,0.99264,0.07171
00004582,1.38623,0.10880
00004583,2.39727,0.47687
00004584,0.51466,0.02758
00004585,0.86676,0.05105
00004586,0.52779,0.03234
00004587,2.69130,0.25454
00004588,0.72670,0.04196
00004589,1.24457,0.09286
00004590,0.30434,0.02269
00004591,0.46857,0.02699
00004592,2.03481,0.18748
00004593,0.21908,0.01906
00004594,1.39290,0.14690
00004595,0.85260,0.09067
00004596,0.31823,0.02666
00004597,0.63958,0.04875
00004598,0.26093,0.09941
00004599,0.52002,0.03728
00004600,0.87741,0.06537
00004601,0.49383,0.03383
00004602,0.61104,0.05312
00004603,1.31377,0.12296
00004604,1.10670,0.13079
00004605,0.77731,0.06108
00004606,0.62317,0.02942
00004607,1.17810,0.07797
00004608,0.34656,0.02639
00004609,0.81365,0.07903
00004610,0.65312,0.03458
00004611,0.70147,0.05612
00004612,0.64011,0.02929
00004613,0.84203,0.05852
00004614,0.52541,0.02723
00004615,1.31992,0.10557
00004616,0.66048,0.03817
00004617,2.95327,0.31112
00004618,0.56268,0.03930
00004619,0.32183,0.02943
00004620,0.28064,0.01796
00004621,1.09115,0.09893
00004622,0.69617,0.10500
00004623,0.85118,0.05083
00004624,2.28470,0.24544
00004625,0.46198,0.03328
00004626,0.63145,0.04186
00004627,0.35410,0.02561
00004628,0.58627,0.03541
00004629,0.62399,0.04559
00004630,0.24527,0.02038
00004631,0.78062,0.05550
00004632,0.67548,0.04417
00004633,0.94906,0.06341
00004634,0.42588,0.02600
00004635,0.27272,0.02255
00004636,0.79541,0.04488
00004637,0.55270,0.03367
00004638,0.60086,0.04305
00004639,0.71530,0.05106
00004640,0.51299,0.02620
00004641,0.64795,0.03704
00004642,0.70010,0.05371
00004643,0.81248,0.06467
00004644,0.23256,0.02033
00004645,0.30266,0.02066
00004646,0.70269,0.04377
00004648,0.55843,0.03005
00004649,0.64356,0.03148
00004650,1.48871,0.12469
00004651,0.21958,0.02018
00004652,0.57058,0.03216
00004653,0.49977,0.02650
00004654,1.39457,0.11697
00004655,0.63425,0.04114
00004656,0.41163,0.03274
00004657,0.75426,0.04948
00004658,1.54854,0.10706
00004659,0.39043,0.02524
00004660,0.64483,0.04956
00004661,0.40357,0.05428
00004662,0.27295,0.02223
00004663,0.44016,0.02944
00004664,0.72938,0.04129
00004665,0.48060,0.02772
00004666,0.46369,0.02746
00004667,0.94690,0.08740
00004668,0.61033,0.03818
00004669,0.47319,0.02148
00004670,0.38184,0.02573
00004671,0.21306,0.04197
00004672,0.82062,0.05180
00004673,0.87496,0.05007
00004674,0.89338,0.08037
00004675,0.51318,0.02961
00004676,0.58430,0.04142
00004677,0.85913,0.10197
00004678,0.33672,0.02397
00004679,0.63359,0.05332
00004680,0.45008,0.02824
00004681,0.82604,0.05498
00004682,0.28730,0.02257
00004683,0.85023,0.06706
00004684,0.87163,0.13626
00004685,1.56425,0.16118
00004686,0.36157,0.02962
00004687,0.91402,0.05411
00004688,0.49215,0.02352
00004689,1.50106,0.13305
00004690,0.32789,0.01901
00004691,1.37897,0.10946
00004692,0.24520,0.02163
00004693,0.33562,0.02413
00004694,0.46031,0.02358
00004695,0.56033,0.02778
00004696,0.93277,0.06388
00004697,0.46223,0.02597
00004698,0.30826,0.01915
00004699,0.42601,0.03614
00004700,0.38139,0.03246
00004701,0.45017,0.02835
00004702,0.48104,0.02797
00004703,0.33634,0.02400
00004704,0.21714,0.02301
00004705,1.51332,0.11639
00004706,0.75820,0.04707
00004707,1.26718,0.09683
00004708,0.72908,0.04405
00004709,1.60741,0.24233
00004710,1.02613,0.07495
00004711,0.28153,0.08270
00004712,0.68757,0.05312
00004713,0.29451,0.03390
00004714,0.45372,0.04014
00004715,0.90129,0.07936
00004716,0.27259,0.02343
00004717,0.51414,0.03298
00004718,0.66645,0.03556
00004719,0.80027,0.04763
00004720,0.92717,0.07806
00004721,0.58799,0.03158
00004722,0.61622,0.33899
00004723,0.39524,0.03235
00004724,0.72882,0.05295
00004725,0.45223,0.03359
00004726,0.38186,0.02122
00004727,0.86388,0.05621
00004728,1.15688,0.07405
00004729,1.06647,0.08631
00004730,0.73416,0.04176
00004731,0.20720,0.02533
00004732,0.45448,0.03976
00004733,0.32870,0.03098
00004734,0.52704,0.02777
00004735,0.55154,0.03385
00004736,0.70693,0.04052
00004737,0.79076,0.05430
00004738,0.68303,0.04625
00004739,1.49998,0.11089
00004740,0.79920,0.05020
00004741,0.77564,0.05975
00004742,0.44285,0.03429
00004743,0.32275,0.05155
00004744,0.63527,0.03368
00004745,0.33896,0.02191
00004746,0.55764,0.08014
00004747,0.71680,0.04158
00004748,0.82066,0.05256
00004749,0.41369,0.02647
00004750,0.29505,0.05544
00004751,0.28867,0.03804
00004752,0.53856,0.03546
00004753,1.97053,0.25857
00004754,0.83065,0.05246
00004755,1.58193,0.14117
00004756,0.81547,0.04602
00004757,1.31226,0.11252
00004758,0.82152,0.04571
00004759,0.83651,0.05240
00004760,0.90593,0.06536
00004761,1.46630,0.14075
00004762,0.47684,0.02894
00004763,0.34496,0.02489
00004764,0.65575,0.04198
00004765,2.09643,0.19583
00004766,0.78667,0.04694
00004767,0.28020,0.02225
00004768,0.46497,0.04159
00004769,0.50861,0.04793
00004770,1.71046,0.14684
00004771,0.38266,0.02741
00004772,0.35942,0.02747
00004773,0.53926,0.04138
00004774,1.15161,0.07690
00004775,0.40320,0.01980
00004776,0.70006,0.04700
00004777,0.25167,0.02397
00004778,0.48465,0.02579
00004779,0.35202,0.02395
00004780,0.54241,0.03971
00004781,0.72954,0.04470
00004782,0.90591,0.53331
00004783,0.60078,0.03240
00004784,0.39875,0.03064
00004785,0.41168,0.02392
00004786,0.38521,0.02386
00004787,0.46228,0.03268
00004788,0.47730,0.03428
00004789,0.47121,0.02980
00004790,0.31339,0.02672
00004791,0.82737,0.04812
00004792,0.66789,0.03649
00004793,0.44475,0.03427
00004794,0.44911,0.02693
00004795,1.12093,0.07540
00004796,0.52187,0.03205
00004797,0.94145,0.05407
00004798,0.89388,0.05800
00004799,0.78865,0.07774
00004800,0.57384,0.04166
00004801,1.25990,0.19497
00004802,0.26227,0.02700
00004803,0.21705,0.01983
00004804,0.52406,0.03178
00004805,1.15355,0.08420
00004806,0.51647,0.03077
00004807,1.64322,0.12082
00004808,1.04429,0.10752
00004809,1.31937,0.08782
00004810,1.52970,0.13381
00004811,0.62360,0.03088
00004812,0.38458,0.06577
00004813,0.77988,0.04676
00004814,1.13328,0.08519
00004815,0.60955,0.02627
00004816,0.61015,0.03948
00004817,0.57880,0.02810
00004818,0.46454,0.02474
00004819,1.30380,0.22803
00004820,0.37220,0.02284
00004821,1.12093,0.11042
00004822,0.92611,0.06228
00004823,0.90044,0.06051
00004824,2.12930,0.18621
00004825,0.87174,0.06745
00004826,0.27565,0.02357
00004827,1.58810,0.14206
00004828,0.84206,0.04611
00004829,0.49148,0.02509
00004830,0.97629,0.06861
00004831,0.81178,0.06948
00004832,0.64191,0.03875
00004833,0.61183,0.02686
00004834,0.57789,0.03273
00004835,1.23565,0.09921
00004836,0.25213,0.02104
00004837,0.75167,0.03503
00004838,0.73899,0.04387
00004839,1.24237,0.11515
00004840,0.77225,0.03997
00004841,0.46345,0.02643
00004842,0.50359,0.03169
00004843,0.52526,0.03040
00004844,0.87071,0.07889
00004845,0.73919,0.06211
00004846,0.65294,0.06380
00004847,0.86955,0.16169
00004848,0.58884,0.03530
00004849,0.25695,0.02308
00004850,0.45496,0.03527
00004851,1.97368,0.19827
00004852,0.93418,0.05954
00004853,0.26804,0.02858
00004854,0.49726,0.02349
00004855,0.30481,0.02145
00004856,0.29247,0.02267
00004857,0.74092,0.04546
00004858,0.44164,0.07287
00004859,0.77205,0.05473
00004860,0.43328,0.02210
00004861,0.91231,0.08745
00004862,0.93859,0.05924
00004863,0.23359,0.02103
00004864,0.37494,0.04447
00004865,0.25816,0.02608
00004866,0.56221,0.02646
00004867,0.95552,0.06681
00004868,0.82714,0.06500
00004869,2.73513,0.28060
00004870,1.37051,0.14341
00004871,0.50871,0.02807
00004872,0.77775,0.04131
00004873,0.31606,0.02250
00004874,0.69652,0.03923
00004875,1.55561,0.31037
00004876,0.36705,0.03429
00004877,0.56628,0.02714
00004878,0.83537,0.05832
00004879,0.36758,0.02722
00004880,0.73101,0.04905
00004881,0.48698,0.02611
00004882,0.48427,0.03616
00004883,0.50202,0.03014
00004884,0.36422,0.03115
00004885,0.63095,0.04232
00004886,0.56275,0.03729
00004887,0.58825,0.04498
00004888,0.85585,0.05426
00004889,1.87371,0.19302
00004890,0.56623,0.03786
00004891,1.69680,0.12516
00004892,0.76748,0.04171
00004893,1.08739,0.16198
00004894,0.33049,0.02815
00004895,0.46204,0.02791
00004896,0.53220,0.03512
00004897,2.20445,0.22174
00004898,0.27570,0.02197
00004899,0.27613,0.02728
00004900,1.30983,0.11926
00004901,0.46026,0.03393
00004902,1.14529,0.08583
00004903,1.49422,0.10818
00004904,0.90647,0.08261
00004905,1.46345,0.14238
00004906,0.58587,0.02910
00004907,0.78888,0.05222
00004908,0.70571,0.05092
00004909,0.41889,0.02635
00004910,0.66532,0.06296
00004911,1.91792,0.15714
00004912,0.47339,0.02446
00004913,0.90744,0.08177
00004914,0.86003,0.05880
00004915,0.61808,0.03732
00004916,0.28788,0.02270
00004917,0.57837,0.05315
00004918,0.28786,0.02138
00004919,0.36064,0.02760
00004920,1.28828,0.08507
00004921,0.43673,0.02984
00004922,0.41537,0.03458
00004923,0.39934,0.02999
00004924,0.37469,0.02540
00004925,0.49021,0.03403
00004926,0.80164,0.04947
00004927,0.92072,0.05074
00004928,0.87938,0.09124
00004929,0.64424,0.04974
00004930,1.69242,0.14303
00004931,0.67089,0.03445
00004932,1.81567,0.14655
00004933,0.53404,0.02575
00004934,1.73864,0.14322
00004935,1.09735,0.11996
00004936,0.84455,0.06041
00004937,2.33035,0.20443
00004938,1.11532,0.08358
00004939,0.75780,0.04132
00004940,0.50264,0.02742
00004941,0.62677,0.06599
00004942,0.83635,0.04965
00004943,0.31367,0.02626
00004944,0.23065,0.02353
00004945,1.35531,0.10519
00004946,1.95595,0.40736
00004947,0.86040,0.05811
00004948,0.44245,0.02958
00004949,0.26397,0.02420
00004950,0.50847,0.03509
00004951,0.28971,0.02862
00004952,0.88648,0.06813
00004953,0.43941,0.02543
00004954,0.81305,0.05914
00004955,0.72405,0.04461
00004956,0.52574,0.02646
00004957,0.57808,0.02750
00004958,0.44131,0.02514
00004959,1.28065,0.09158
00004960,0.28627,0.02110
00004961,1.42399,0.10538
00004962,0.72106,0.03407
00004963,0.86699,0.05138
00004964,1.24498,0.09987
00004965,0.71442,0.04450
00004966,0.52601,0.02392
00004967,1.14856,0.08750
00004968,0.36165,0.02791
00004969,0.29557,0.02280
00004970,0.85300,0.04992
00004971,0.83231,0.04777
00004972,0.33895,0.02770
00004973,0.91005,0.07401
00004974,0.36775,0.02459
00004975,0.70560,0.03564
00004976,2.79678,0.27733
00004977,1.36608,0.09476
00004978,2.13215,0.21555
00004979,0.54980,0.05287
00004980,0.39391,0.02232
00004981,2.73722,0.30026
00004982,0.45740,0.02520
00004983,1.37859,0.11400
00004984,1.27351,0.09279
00004985,0.62162,0.03439
00004986,1.00052,0.06485
00004987,0.87708,0.07061
00004988,1.42381,0.11672
00004989,0.59399,0.02955
00004990,0.41988,0.02526
00004991,1.37734,0.30867
00004992,0.57984,0.03406
00004993,0.84758,0.04997
00004994,0.75773,0.04369
00004995,0.56216,0.05767
00004996,0.53907,0.03331
00004997,0.61536,0.03969
00004998,1.11512,0.07991
00004999,0.43440,0.02629
00005000,1.08799,0.07768
00005001,0.69166,0.04363
00005002,1.02369,0.18362
00005003,0.31325,0.02035
00005004,0.48321,0.03732
00005005,0.65906,0.06577
00005006,1.70929,0.15530
00005007,0.39560,0.02409
00005008,0.97262,0.05490
00005009,0.78407,0.05010
00005010,1.50346,0.14342
00005011,0.77748,0.05297
00005012,1.10689,0.08249
00005013,0.57698,0.03450
00005014,0.40057,0.02121
00005015,0.67140,0.03107
00005016,0.47365,0.03069
00005017,0.80948,0.04634
00005018,1.14028,0.07635
00005019,0.66887,0.03888
00005020,0.65373,0.03918
00005021,0.81093,0.03877
00005022,1.19814,0.08793
00005023,0.44257,0.02590
00005024,0.28399,0.02140
00005025,1.55483,0.10908
00005026,0.50925,0.02853
00005027,0.43402,0.03658
00005028,0.77648,0.05910
00005029,0.62993,0.03493
00005030,0.35760,0.02095
00005031,0.42794,0.02181
00005032,0.28811,0.02086
00005033,0.27992,0.02351
00005034,1.08637,0.08465
00005035,0.87366,0.05192
00005036,0.50842,0.02988
00005037,0.97550,0.09043
00005038,1.14965,0.11674
00005039,0.40671,0.02789
00005040,0.68263,0.07927
00005041,0.67601,0.03302
00005042,0.55669,0.02897
00005043,0.24271,0.13546
00005044,0.64917,0.04570
00005045,0.42747,0.03628
00005046,0.38340,0.02287
00005047,0.49385,0.03725
00005048,0.64973,0.05037
00005049,0.51407,0.02934
00005050,0.67705,0.05684
00005051,2.23563,0.22039
00005052,0.83202,0.05356
00005053,2.46047,0.23372
00005054,0.84954,0.06193
00005055,1.01143,0.05982
00005056,0.75773,0.05496
00005057,0.93991,0.16005
00005058,0.42919,0.03624
00005059,0.32747,0.02208
00005060,0.28615,0.02328
00005061,0.39353,0.03000
00005062,0.54723,0.03484
00005063,0.58043,0.04042
00005064,0.41107,0.02233
00005065,0.52955,0.04340
00005066,1.41658,0.11146
00005067,0.83918,0.04966
00005068,1.11891,0.21650
00005069,0.35439,0.02612
00005070,0.54753,0.03582
00005071,0.35813,0.02634
00005072,1.51696,0.34151
00005073,0.23799,0.02265
00005074,0.67003,0.03246
00005075,0.93670,0.11582
00005076,0.37155,0.01934
00005077,0.59993,0.04042
00005078,0.94406,0.10540
00005079,0.46973,0.04900
00005080,1.06716,0.15086
00005081,1.06752,0.06876
00005082,0.64480,0.04108
00005083,0.46808,0.03545
00005084,0.59781,0.04057
00005085,0.20994,0.03285
00005086,0.34550,0.06332
00005087,0.92305,0.05498
00005088,1.45262,0.10866
00005089,1.15350,0.11184
00005090,0.31597,0.02800
00005091,0.57291,0.02832
00005092,0.52851,0.03844
00005093,0.43041,0.02267
00005094,1.14113,0.07094
00005095,0.92046,0.06447
00005096,1.00221,0.25446
00005097,2.86615,0.38636
00005098,1.32450,0.09547
00005099,0.71232,0.03339
00005100,0.47220,0.02435
00005101,0.75305,0.04768
00005102,0.71298,0.04296
00005103,0.56592,0.03197
00005104,0.28093,0.02004
00005105,0.57631,0.02681
00005106,0.84097,0.07522
00005107,0.25838,0.02128
00005108,0.55580,0.05608
00005109,0.50538,0.03165
00005110,0.60051,0.03554
00005111,0.35028,0.02944
00005112,0.81600,0.04304
00005113,2.36489,0.20527
00005114,0.28521,0.02556
00005115,1.44062,0.11559
00005116,0.31022,0.02297
00005117,0.48958,0.04459
00005118,0.69134,0.03535
00005119,0.34834,0.02881
00005120,0.76794,0.04051
00005121,0.31887,0.02652
00005122,0.48448,0.02730
00005123,0.91427,0.06763
00005124,0.40740,0.02451
00005126,0.82430,0.04722
00005127,0.45050,0.03517
00005128,0.93216,0.09618
00005129,1.26520,0.26478
00005130,1.23683,0.08031
00005131,0.65737,0.04278
00005132,1.07845,0.06646
00005133,0.33006,0.02550
00005134,0.89845,0.14764
00005135,0.46353,0.02448
00005136,0.23449,0.01913
00005137,0.96661,0.06481
00005138,0.45828,0.02900
00005139,0.36306,0.02115
00005140,0.87244,0.04747
00005141,0.27434,0.02072
00005142,0.75666,0.05254
00005143,0.49429,0.02678
00005144,0.26015,0.02186
00005145,0.46856,0.03396
00005146,0.40584,0.03012
00005147,0.35921,0.02792
00005148,1.75437,0.16521
00005149,1.30533,0.08708
00005150,0.30832,0.02194
00005151,1.11734,0.07289
00005152,0.38300,0.03049
00005153,0.56186,0.03992
00005154,0.65949,0.03350
00005155,0.73400,0.05804
00005156,2.36284,0.26166
00005157,0.38275,0.02494
00005158,0.76033,0.04475
00005159,1.15504,0.08044
00005160,0.49838,0.03646
00005161,1.20998,0.09294
00005162,0.40284,0.02266
00005163,0.39132,0.03001
00005164,0.42733,0.02674
00005165,0.85397,0.04957
00005166,0.38511,0.02188
00005167,0.70893,0.09160
00005168,0.42286,0.02469
00005169,0.32593,0.02584
00005170,0.65670,0.03838
00005171,0.47287,0.02571
00005172,0.51638,0.04367
00005173,0.67047,0.03947
00005174,0.57174,0.02996
00005175,0.93948,0.07889
00005176,0.43034,0.02203
00005177,0.76182,0.04325
00005178,0.81424,0.06813
00005179,0.43194,0.02402
00005180,0.54007,0.04522
00005181,0.38717,0.02629
00005182,1.15125,0.07419
00005183,0.65354,0.06669
00005184,0.80376,0.06765
00005185,0.77240,0.04712
00005186,0.45765,0.03164
00005187,0.57663,0.33181
00005188,2.09881,0.19802
00005189,1.51209,0.11985
00005190,0.83925,0.06584
00005191,0.28625,0.02545
00005192,0.44507,0.03220
00005193,0.43395,0.02212
00005194,1.74835,0.16795
00005195,0.88842,0.04849
00005196,0.31847,0.02022
00005197,0.42924,0.03260
00005198,0.47928,0.02595
00005199,1.72091,0.18179
00005200,0.99312,0.08911
00005201,0.55294,0.03474
00005202,1.80214,0.17176
00005203,1.16704,0.09345
00005204,0.45317,0.03411
00005205,0.68796,0.04789
00005206,0.96386,0.09319
00005207,0.26808,0.02175
00005208,0.55502,0.04318
00005209,0.61626,0.03522
00005210,0.42669,0.03547
00005211,0.81001,0.04313
00005212,0.38920,0.02996
00005213,1.30913,0.11956
00005214,0.38563,0.02931
00005215,0.52690,0.06615
00005216,0.86162,0.05813
00005217,0.59528,0.02907
00005218,0.70555,0.04025
00005219,0.94391,0.11868
00005220,1.45880,0.10216
00005221,0.88444,0.05834
00005222,0.54489,0.02587
00005223,1.07442,0.27445
00005224,1.68805,0.14666
00005225,1.20004,0.09705
00005226,0.70337,0.06578
00005227,0.25265,0.02284
00005228,0.77130,0.05897
00005229,0.40627,0.11794
00005230,0.48495,0.03266
00005231,0.28741,0.02178
00005232,0.72833,0.05921
00005233,0.27385,0.02525
00005234,0.64117,0.03990
00005235,0.71978,0.05475
00005236,0.60364,0.03410
00005237,0.35749,0.02792
00005238,1.83070,0.22700
00005239,0.69258,0.05599
00005240,0.63609,0.04051
00005241,0.66096,0.03311
00005242,0.22359,0.02584
00005243,0.76009,0.04016
00005244,0.42284,0.02632
00005245,0.31654,0.02466
00005246,0.74176,0.04281
00005247,0.46073,0.03624
00005248,0.73784,0.05185
00005249,0.43538,0.02854
00005250,0.49094,0.03136
00005251,1.81816,0.16511
00005252,0.20522,0.01851
00005253,2.32445,0.25655
00005254,0.97497,0.05958
00005255,0.56330,0.03816
00005256,0.56960,0.04925
00005257,0.59307,0.02909
00005258,1.25431,0.08763
00005259,0.28702,0.02268
00005260,0.65433,0.03561
00005261,0.85549,0.07385
00005262,0.60199,0.04353
00005263,0.69831,0.18000
00005264,0.21340,0.02044
00005265,0.43024,0.02155
00005266,0.79313,0.03928
00005267,0.59108,0.03477
00005268,1.01364,0.08549
00005269,0.32676,0.02290
00005270,0.58974,0.04113
00005271,0.61092,0.03245
00005272,2.17881,0.21137
00005273,0.62392,0.04262
00005274,1.05843,0.14526
00005275,0.64505,0.04951
00005276,0.78000,0.04807
00005277,0.87356,0.05722
00005278,0.30876,0.03019
00005279,0.74391,0.04978
00005280,0.68080,0.08666
00005281,0.41181,0.02536
00005282,1.17620,0.10601
00005283,2.15670,0.22196
00005284,0.19528,0.02057
00005285,0.62822,0.05602
00005286,0.77966,0.04858
00005287,0.33348,0.02549
00005288,1.09702,0.07380
00005289,0.34339,0.18703
00005290,0.87821,0.04732
00005291,1.16920,0.36206
00005292,1.94234,0.16561
00005293,0.66218,0.06607
00005294,0.78454,0.04908
00005295,0.50032,0.03810
00005296,1.25328,0.08558
00005297,0.67993,0.04048
00005298,0.77262,0.05593
00005299,0.87807,0.04677
00005300,0.56830,0.03215
00005301,0.51551,0.02798
00005302,0.63112,0.07768
00005303,0.72838,0.05150
00005304,1.48740,0.12106
00005305,0.59455,0.04400
00005306,0.44321,0.02223
00005307,0.95880,0.05519
00005308,1.48088,0.11532
00005309,0.83266,0.05413
00005310,0.34421,0.02757
00005311,0.21641,0.02352
00005312,0.38234,0.03820
00005313,1.53023,0.11250
00005314,0.33731,0.02042
00005315,0.62859,0.06695
00005316,0.94447,0.09374
00005317,0.35647,0.01981
00005318,0.92330,0.05941
00005319,0.41820,0.02448
00005320,0.41171,0.02691
00005321,0.70426,0.03639
00005322,0.67776,0.04506
00005323,0.22294,0.02163
00005324,1.64700,0.26368
00005325,1.57350,0.42082
00005326,0.49020,0.02539
00005327,0.61479,0.03471
00005328,0.54561,0.03817
00005329,0.24383,0.03563
00005330,0.59496,0.03698
00005331,0.60057,0.04178
00005332,0.40881,0.02202
00005333,0.62396,0.02990
00005334,0.67599,0.03925
00005335,3.07665,0.47842
00005336,1.26753,0.10980
00005337,0.79160,0.05329
00005338,0.91179,0.05484
00005339,0.28984,0.02019
00005340,0.29474,0.01944
00005341,0.84522,0.05708
00005342,0.91690,0.06262
00005343,0.32088,0.02382
00005344,2.51998,0.27028
00005345,0.41743,0.02394
00005346,0.58262,0.03051
00005347,0.91731,0.05530
00005348,0.25310,0.01858
00005349,0.65982,0.03129
00005350,0.44168,0.02927
00005351,0.55131,0.02489
00005352,1.05892,0.08907
00005353,1.28781,0.09371
00005354,1.50139,0.10474
00005355,1.06882,0.07400
00005356,0.58941,0.03001
00005357,2.26520,0.39237
00005358,0.36415,0.02514
00005359,0.92321,0.06999
00005360,0.37971,0.02424
00005361,0.74226,0.04124
00005362,0.60448,0.05401
00005363,1.15314,0.10119
00005364,0.78788,0.04291
00005365,0.65459,0.03274
00005366,1.42997,0.09871
00005367,0.21323,0.01817
00005368,0.35102,0.03101
00005369,0.71556,0.04503
00005370,1.21457,0.08796
00005371,0.71953,0.08311
00005372,0.53765,0.03455
00005373,0.59488,0.04514
00005374,0.36038,0.02447
00005375,2.24680,0.22661
00005376,0.68407,0.07042
00005377,0.73940,0.03982
00005378,0.54868,0.03588
00005379,0.28855,0.02379
00005380,0.43104,0.02509
00005381,0.24796,0.02411
00005382,0.31808,0.02557
00005383,0.38568,0.02720
00005384,1.05856,0.06467
00005385,1.27437,0.09822
00005386,0.57725,0.03650
00005387,1.50076,0.14218
00005388,0.38568,0.03237
00005389,0.35516,0.04007
00005390,0.34616,0.02852
00005391,0.59831,0.03261
00005392,1.53194,0.14730
00005393,0.83948,0.04706
00005394,0.50798,0.03252
00005395,0.44042,0.02263
00005396,1.03525,0.09118
00005397,3.14502,0.38703
00005398,0.55172,0.02914
00005399,0.57683,0.03254
00005400,0.20653,0.01981
00005401,0.29246,0.02593
00005402,0.31776,0.02904
00005403,0.22472,0.01838
00005404,2.09307,0.19606
00005405,0.21461,0.02115
00005406,0.61619,0.11962
00005407,0.29855,0.02359
00005408,0.72186,0.03868
00005409,0.76443,0.05942
00005410,0.22349,0.04045
00005411,0.30483,0.02356
00005412,1.05821,0.06431
00005413,0.89746,0.05779
00005414,0.39329,0.02677
00005415,2.67778,0.40041
00005416,0.77330,0.04804
00005417,1.29483,0.09269
00005418,1.38355,0.10126
00005419,0.65370,0.05099
00005420,0.49969,0.03085
00005421,0.57207,0.03316
00005422,0.61082,0.03173
00005423,1.21435,0.12139
00005424,0.36640,0.02132
00005425,0.75257,0.04541
00005426,0.26118,0.02074
00005427,0.43341,0.02640
00005428,0.36071,0.03439
00005429,0.29235,0.02888
00005430,1.24745,0.09397
00005431,1.32279,0.14224
00005432,0.60742,0.05021
00005433,0.74510,0.04071
00005434,1.00571,0.06619
00005435,0.62765,0.03445
00005436,0.67564,0.05218
00005437,0.28164,0.02049
00005438,0.72375,0.07098
00005439,2.02557,0.22987
00005440,0.65040,0.03688
00005441,1.08120,0.08883
00005442,1.07011,0.07377
00005443,1.53131,0.13013
00005444,0.53072,0.04247
00005445,0.70121,0.03828
00005446,1.47758,0.34636
00005447,0.31089,0.02229
00005448,0.40362,0.02674
00005449,1.65037,0.36264
00005450,0.60659,0.03799
00005451,1.48510,0.13806
00005452,0.29787,0.02342
00005453,0.50094,0.02681
00005454,0.57871,0.03643
00005455,0.93957,0.06195
00005456,2.02473,0.25227
00005457,0.77437,0.04077
00005458,0.41406,0.11460
00005459,0.57617,0.03265
00005460,0.50467,0.02896
00005461,1.78745,0.15618
00005462,0.81442,0.05195
00005463,0.63229,0.04094
00005464,0.53426,0.02797
00005465,1.23110,0.08734
00005466,0.37912,0.02212
00005467,0.58219,0.05203
00005468,0.45126,0.04317
00005469,0.45531,0.03243
00005470,0.24672,0.01855
00005471,0.32764,0.02313
00005472,0.29028,0.02835
00005473,0.84556,0.16351
00005474,0.31229,0.02184
00005475,0.50443,0.03133
00005476,0.68356,0.05740
00005477,0.50159,0.03346
00005478,0.69474,0.04046
00005479,0.51569,0.04332
00005480,0.51204,0.02640
00005481,0.69626,0.03434
00005482,0.21550,0.02021
00005483,0.81649,0.07650
00005484,1.42902,0.11261
00005485,0.52719,0.03283
00005486,0.32802,0.02045
00005487,2.55293,0.33823
00005488,0.55983,0.03421
00005489,0.47849,0.03528
00005490,0.57510,0.03289
00005491,1.04961,0.13599
00005492,0.75956,0.04973
00005493,0.57441,0.03872
00005494,0.71435,0.04285
00005495,1.69275,0.32531
00005496,0.60213,0.03393
00005497,0.50204,0.03543
00005498,1.20469,0.15758
00005499,1.60700,0.12757
00005500,0.22146,0.01848
00005501,0.52986,0.02876
00005502,0.21447,0.01861
00005503,1.39828,0.11623
00005504,0.52571,0.02828
00005505,0.58107,0.04703
00005506,0.20816,0.02107
00005507,0.97681,0.08732
00005508,0.63811,0.03393
00005509,0.28783,0.02704
00005510,0.40315,0.02458
00005511,0.77785,0.07049
00005512,1.19683,0.08473
00005513,0.89371,0.09689
00005514,0.60182,0.05322
00005515,1.29084,0.11740
00005516,0.81764,0.05070
00005517,0.57258,0.03794
00005518,0.84004,0.05722
00005519,1.42189,0.19174
00005520,0.39857,0.04937
00005521,0.55469,0.02769
00005522,1.13363,0.08139
00005523,0.55941,0.04305
00005524,0.44393,0.02587
00005525,0.90894,0.12557
00005526,1.16527,0.11005
00005527,0.30646,0.03868
00005528,0.87010,0.07543
00005529,0.60248,0.03164
00005530,1.12424,0.08959
00005531,1.17708,0.07229
00005532,0.97024,0.08447
00005533,1.13173,0.09201
00005534,0.54516,0.05058
00005535,0.57825,0.04164
00005536,0.62049,0.03989
00005537,1.07706,0.07220
00005538,0.63265,0.10484
00005539,0.26515,0.02280
00005540,0.62209,0.05982
00005541,1.93803,0.25831
00005542,0.76370,0.05573
00005543,0.75700,0.03997
00005544,0.47245,0.02592
00005545,0.36249,0.02954
00005546,0.46382,0.02781
00005547,0.78760,0.05043
00005548,0.56854,0.05975
00005549,0.22194,0.02515
00005550,0.81976,0.08231
00005551,0.80101,0.06922
00005552,0.43107,0.02524
00005553,0.43482,0.03561
00005554,0.44390,0.02940
00005555,2.38770,0.21045
00005556,0.67560,0.06290
00005557,1.26213,0.09697
00005558,0.40416,0.02421
00005559,0.47828,0.03281
00005560,0.48486,0.02718
00005561,0.71139,0.03736
00005562,2.37382,0.20776
00005563,0.23524,0.02054
00005564,0.27728,0.02303
00005565,0.44452,0.03560
00005566,2.04916,0.18179
00005567,0.27676,0.02165
00005568,0.60957,0.03912
00005569,1.38367,0.09499
00005570,0.58566,0.03083
00005571,0.71754,0.04733
00005572,0.54346,0.03111
00005573,0.38224,0.02302
00005574,0.55887,0.03935
00005575,0.59283,0.03059
00005576,0.79005,0.04847
00005577,0.58415,0.03576
00005578,0.58408,0.03852
00005579,0.32195,0.02387
00005580,0.79620,0.06165
00005581,0.78891,0.04782
00005582,0.52685,0.03474
00005583,0.82972,0.08093
00005584,0.50206,0.04028
00005585,0.81992,0.04614
00005586,0.43401,0.03463
00005587,0.20261,0.01993
00005588,1.26887,0.12598
00005589,0.61831,0.04395
00005590,1.13387,0.11490
00005591,0.39581,0.02820
00005592,0.48480,0.02893
00005593,0.39358,0.02484
00005594,0.39498,0.02823
00005595,0.26292,0.01986
00005596,0.43117,0.02528
00005597,0.36606,0.02275
00005598,0.48228,0.02319
00005599,0.49013,0.03181
00005600,0.28052,0.02177
00005601,0.33244,0.02638
00005602,0.33024,0.02562
00005603,1.55100,0.12603
00005604,0.52979,0.05371
00005605,0.54049,0.02554
00005606,1.42644,0.09893
00005607,0.84654,0.06845
00005608,0.67928,0.04522
00005609,0.51138,0.03781
00005610,0.74392,0.05244
00005611,0.66452,0.03724
00005612,0.39347,0.02825
00005613,0.73425,0.04046
00005614,0.31242,0.02189
00005615,0.64967,0.05549
00005616,0.37825,0.03617
00005617,0.45883,0.02704
00005618,1.27215,0.08279
00005619,0.54739,0.03465
00005620,0.49750,0.03629
00005621,0.19196,0.02157
00005622,0.36378,0.03471
00005623,0.93355,0.07505
00005624,1.51182,0.23090
00005625,0.76141,0.05376
00005626,1.03665,0.10805
00005627,0.60690,0.05097
00005628,0.96526,0.07164
00005629,0.70769,0.04544
00005630,0.19980,0.02469
00005631,0.71469,0.05689
00005632,0.40256,0.03241
00005633,0.48373,0.02602
00005634,0.28616,0.02296
00005635,0.33182,0.04393
00005636,1.30864,0.10473
00005637,0.23389,0.02016
00005638,0.24699,0.03283
00005639,0.85951,0.06609
00005640,0.96325,0.06835
00005641,1.15831,0.09041
00005642,1.28328,0.11181
00005643,1.17536,0.07440
00005644,0.89109,0.06692
00005645,0.21272,0.02272
00005646,0.52831,0.03662
00005647,0.50265,0.07186
00005648,0.88264,0.05691
00005649,0.61674,0.04351
00005650,0.49072,0.03191
00005651,1.21365,0.09128
00005652,0.84533,0.05768
00005653,0.44673,0.02989
00005654,1.14041,0.08904
00005655,1.20195,0.19958
00005656,0.66876,0.03294
00005657,0.63422,0.04125
00005658,1.01630,0.06492
00005659,1.22314,0.08118
00005660,0.76413,0.05053
00005661,0.54770,0.03428
00005662,0.29985,0.02643
00005663,0.63176,0.03819
00005664,1.74609,0.16498
00005665,0.20297,0.02113
00005666,0.19032,0.02229
00005667,2.16591,0.54044
00005668,0.22130,0.02328
00005669,0.24044,0.01806
00005670,0.65560,0.06495
00005671,0.64637,0.03164
00005672,0.36523,0.02510
00005673,0.70072,0.03600
00005674,0.46104,0.04094
00005675,0.99054,0.07627
00005676,0.88254,0.08297
00005677,0.82953,0.05495
00005678,0.64126,0.04552
00005679,1.00154,0.08146
00005680,0.70388,0.03912
00005681,0.99917,0.06777
00005682,0.74540,0.04066
00005683,1.19691,0.09461
00005684,0.26756,0.02408
00005685,0.40069,0.03459
00005686,1.07010,0.08049
00005687,0.58349,0.03366
00005688,0.57937,0.03418
00005689,0.91442,0.06078
00005690,0.71938,0.04131
00005691,1.24783,0.10530
00005692,1.45711,0.18991
00005693,0.46097,0.02446
00005694,0.32562,0.03215
00005695,1.53186,0.13385
00005696,1.27046,0.11008
00005697,0.73773,0.04468
00005698,2.21915,0.25305
00005699,0.63981,0.03132
00005700,0.31054,0.02446
00005701,0.97925,0.07459
00005702,0.93567,0.05222
00005703,0.99516,0.11497
00005704,0.46662,0.02224
00005705,0.62472,0.04582
00005706,0.50506,0.04389
00005707,2.27280,0.20550
00005708,0.36908,0.02631
00005709,0.45592,0.03197
00005710,2.95362,0.27612
00005711,0.64034,0.03769
00005712,0.30606,0.02983
00005713,0.66196,0.06133
00005714,0.53703,0.03579
00005715,0.67200,0.03384
00005716,1.49576,0.11971
00005717,0.87223,0.07736
00005718,0.23840,0.02368
00005719,0.55714,0.04364
00005720,0.78502,0.04041
00005721,0.98704,0.08525
00005722,2.05935,0.20864
00005723,0.49603,0.02723
00005724,1.13176,0.11914
00005725,0.31303,0.02358
00005726,1.00468,0.10016
00005727,0.97928,0.05998
00005728,0.66187,0.03871
00005729,0.60358,0.04109
00005730,0.70657,0.04499
00005731,1.96753,0.16616
00005732,1.65216,0.19934
00005733,2.24485,0.21961
00005734,0.98323,0.08664
00005735,0.59139,0.02993
00005736,1.36060,0.09586
00005737,0.52810,0.02739
00005738,0.55535,0.02756
00005739,0.68211,0.03356
00005740,0.63844,0.03397
00005741,1.25662,0.11677
00005742,0.53638,0.02392
00005743,0.25391,0.02382
00005744,0.94596,0.05654
00005745,0.86480,0.06722
00005746,0.57059,0.02781
00005747,0.75530,0.03815
00005748,0.38128,0.03023
00005749,0.62599,0.03167
00005750,0.36399,0.02395
00005751,0.36204,0.02580
00005752,0.68395,0.04195
00005753,0.59980,0.03997
00005754,0.18142,0.02219
00005755,0.41259,0.02975
00005756,0.23236,0.02348
00005757,2.48398,0.25116
00005758,0.49478,0.02495
00005759,0.58852,0.03534
00005760,0.94381,0.06108
00005761,0.32477,0.02328
00005762,0.47767,0.02726
00005763,0.61395,0.05325
00005764,0.88120,0.05884
00005765,0.35685,0.02103
00005766,0.91325,0.21761
00005767,0.38434,0.02363
00005768,0.78240,0.04073
00005769,0.58639,0.04012
00005770,0.79460,0.12421
00005771,0.44742,0.03492
00005772,0.83536,0.25664
00005773,0.48777,0.02578
00005774,0.30922,0.02856
00005775,1.61279,0.60610
00005776,0.59712,0.04403
00005777,0.72825,0.04626
00005778,0.59982,0.03934
00005779,1.42860,0.09994
00005780,0.85130,0.07645
00005781,0.65017,0.03233
00005782,0.50201,0.03021
00005783,0.59697,0.03784
00005784,1.50475,0.15375
00005785,0.99260,0.07877
00005786,0.67784,0.04658
00005787,0.58124,0.03145
00005788,0.33476,0.03383
00005789,0.97427,0.05996
00005790,0.83863,0.05675
00005791,0.63592,0.03784
00005792,0.50441,0.03406
00005793,1.05259,0.14521
00005794,1.89580,0.20212
00005795,1.56985,0.12952
00005796,1.82247,0.23867
00005797,0.50357,0.03081
00005798,0.44285,0.03578
00005799,0.31411,0.02186
00005800,0.67359,0.04278
00005801,1.31906,0.11799
00005802,0.48387,0.03603
00005803,2.46976,0.23714
00005804,0.77631,0.05962
00005805,0.38914,0.02699
00005806,0.45880,0.02212
00005807,0.51820,0.03015
00005808,0.26834,0.03683
00005809,0.42956,0.03408
00005810,0.53519,0.03044
00005811,0.24994,0.02175
00005812,0.83909,0.05903
00005813,0.81766,0.07812
00005814,0.71722,0.05919
00005815,1.04609,0.08838
00005816,0.88024,0.07013
00005817,0.49659,0.03207
00005818,0.99024,0.07132
00005819,0.40839,0.02832
00005820,0.50941,0.02726
00005821,1.41682,0.10653
00005822,0.36320,0.02815
00005823,1.89149,0.17290
00005824,0.75527,0.04476
00005825,0.57444,0.03260
00005826,0.49065,0.02500
00005827,1.20532,0.09656
00005828,0.43492,0.02983
00005829,0.96159,0.06770
00005830,0.51691,0.02573
00005831,0.51613,0.03202
00005832,0.87833,0.06572
00005833,0.93633,0.07886
00005834,0.91592,0.05242
00005835,0.37748,0.02996
00005836,0.35185,0.02483
00005837,0.69921,0.06303
00005838,0.83981,0.05617
00005839,0.84086,0.06062
00005840,0.34137,0.02483
00005841,1.16214,0.11344
00005842,1.52402,0.14830
00005843,0.54510,0.03475
00005844,0.89207,0.06995
00005845,0.64815,0.05723
00005846,0.98320,0.19463
00005847,1.00754,0.06222
00005848,0.68940,0.03373
00005849,0.27345,0.02610
00005851,0.67245,0.03026
00005852,0.65612,0.04771
00005853,0.44193,0.02875
00005854,1.28126,0.09576
00005855,0.51103,0.03862
00005856,0.38199,0.02958
00005857,1.00375,0.07705
00005858,0.50779,0.02783
00005859,0.86681,0.05152
00005860,0.52086,0.03219
00005861,0.51050,0.03783
00005862,0.50907,0.03069
00005863,0.57290,0.03018
00005864,0.40671,0.02953
00005865,0.79307,0.05305
00005866,0.52124,0.03025
00005867,0.73823,0.05756
00005868,0.46931,0.03142
00005869,0.68602,0.05189
00005870,0.46975,0.02550
00005871,0.76436,0.04367
00005872,0.44696,0.02903
00005873,0.49805,0.02908
00005874,0.59847,0.03456
00005875,0.68104,0.05399
00005876,0.34318,0.03099
00005877,1.09285,0.09717
00005878,1.01707,0.07477
00005879,1.47470,0.11798
00005880,0.81728,0.06006
00005881,0.84641,0.05807
00005882,1.46865,0.12607
00005883,0.72473,0.04500
00005884,0.91620,0.06152
00005885,0.98562,0.06032
00005886,0.88902,0.05658
00005887,1.01073,0.21233
00005888,1.06180,0.07114
00005889,0.47673,0.02470
00005890,1.84185,0.17012
00005891,0.58449,0.02955
00005892,0.65228,0.03820
00005893,1.17534,0.08139
00005894,1.29811,0.08904
00005895,1.14951,0.07263
00005896,0.84430,0.05721
00005897,0.53076,0.03154
00005898,0.33766,0.03466
00005899,1.65354,0.24733
00005900,0.23569,0.02230
00005901,0.80489,0.04790
00005902,0.77019,0.06153
00005903,0.60147,0.04035
00005904,0.51677,0.03319
00005905,0.33223,0.02532
00005906,0.37863,0.02271
00005907,1.34332,0.10502
00005908,2.38251,0.28915
00005909,0.72131,0.04675
00005910,0.38562,0.02477
00005911,0.29701,0.03045
00005912,0.23090,0.01800
00005913,0.51656,0.04792
00005914,1.53854,0.15200
00005915,0.47686,0.03093
00005916,0.89157,0.05212
00005917,1.31579,0.10411
00005918,0.33956,0.02446
00005919,0.27976,0.01944
00005920,0.83875,0.04958
00005921,0.62052,0.04129
00005922,0.62828,0.03487
00005923,0.74140,0.04641
00005924,0.75783,0.05559
00005925,0.60427,0.03804
00005926,0.54088,0.02765
00005927,1.88352,0.22047
00005928,0.76863,0.04338
00005929,0.86261,0.04732
00005930,0.32033,0.02876
00005931,0.68394,0.04734
00005932,0.51314,0.11788
00005933,0.67425,0.04429
00005934,0.31412,0.02135
00005935,0.39646,0.02899
00005936,0.23459,0.02168
00005937,0.42818,0.02372
00005938,0.73152,0.05931
00005939,0.51978,0.02577
00005940,0.63011,0.03864
00005941,1.57859,0.13110
00005942,0.57065,0.03097
00005943,0.62818,0.04670
00005944,0.54900,0.02691
00005945,0.64060,0.05436
00005946,0.91293,0.05840
00005947,0.47255,0.04507
00005948,1.64953,0.14530
00005949,1.18156,0.08742
00005950,0.41065,0.03252
00005951,1.18495,0.10302
00005952,0.77153,0.05109
00005953,1.73647,0.16978
00005954,0.54191,0.02802
00005955,0.58523,0.03761
00005956,0.61798,0.04024
00005957,0.76305,0.03787
00005958,0.93382,0.05559
00005959,0.73758,0.04229
00005960,0.62659,0.03655
00005961,1.05662,0.07195
00005962,0.43045,0.02961
00005963,0.24663,0.02033
00005964,0.51678,0.03503
00005965,0.34731,0.02235
00005966,1.48885,0.10170
00005967,0.96471,0.06705
00005968,0.46458,0.03416
00005969,0.43182,0.02652
00005970,0.64446,0.03440
00005971,1.64236,0.13864
00005972,0.99350,0.07131
00005973,0.63055,0.04617
00005974,0.50052,0.03050
00005975,0.42931,0.02642
00005976,0.28310,0.03272
00005977,0.84674,0.05481
00005978,1.20592,0.07733
00005979,0.75832,0.05440
00005980,0.44837,0.02724
00005981,0.41266,0.02225
00005982,0.33285,0.02329
00005983,0.25728,0.02315
00005984,0.96773,0.08398
00005985,0.76928,0.04021
00005986,0.90643,0.06280
00005987,0.79865,0.05602
00005988,0.35969,0.02461
00005989,0.55141,0.03104
00005990,0.52032,0.03250
00005991,1.02904,0.15544
00005992,0.34759,0.02621
00005993,1.07637,0.20319
00005994,0.99800,0.09644
00005995,0.62284,0.05461
00005996,0.60930,0.05548
00005997,0.30817,0.02539
00005998,1.13541,0.07501
00005999,0.44519,0.05423
00006000,0.57677,0.04030
00006001,0.85658,0.06053
00006002,0.46294,0.03308
00006003,1.36238,0.36549
00006004,2.29823,0.30938
00006005,1.24296,0.11449
00006006,0.88304,0.08627
00006007,0.50011,0.02475
00006008,0.41892,0.03918
00006009,0.35166,0.02518
00006010,0.37904,0.02491
00006011,0.52722,0.02974
00006012,0.43182,0.02353
00006013,0.75771,0.09474
00006014,1.28838,0.14621
00006015,0.48241,0.02243
00006016,0.51658,0.02671
00006017,1.03791,0.08664
00006018,0.53652,0.03442
00006019,0.83386,0.05856
00006020,0.33479,0.02706
00006021,0.39237,0.02600
00006022,0.27888,0.02089
00006023,0.86252,0.06103
00006024,0.55874,0.04389
00006025,1.01595,0.06764
00006026,0.23368,0.02233
00006027,0.35370,0.02108
00006028,0.61444,0.04972
00006029,0.52261,0.03586
00006030,0.51193,0.03740
00006031,1.65993,0.14168
00006032,0.83676,0.05452
00006033,0.44898,0.03345
00006034,0.37383,0.02238
00006035,0.61137,0.03774
00006036,0.75665,0.06195
00006037,2.15324,0.22970
00006038,0.91319,0.05430
00006039,0.42956,0.03247
00006040,0.81237,0.04724
00006041,1.21010,0.07729
00006042,0.38807,0.02138
00006043,0.58707,0.04440
00006044,0.21612,0.02118
00006045,0.57660,0.10286
00006046,0.80049,0.04681
00006047,1.67503,0.14281
00006048,0.43229,0.02660
00006049,1.51595,0.13991
00006050,0.41770,0.04009
00006051,1.09356,0.09416
00006052,1.41758,0.12936
00006053,0.41075,0.02978
00006054,1.62639,0.16086
00006055,0.37047,0.02769
00006056,1.30288,0.14124
00006057,0.38802,0.02215
00006058,1.23336,0.08437
00006059,0.87458,0.05777
00006060,1.43971,0.15617
00006061,1.20270,0.08949
00006062,0.37963,0.02341
00006063,0.49922,0.03165
00006064,1.40030,0.11431
00006065,0.99438,0.08062
00006066,1.20498,0.09627
00006067,0.88938,0.05482
00006068,1.73413,0.15455
00006069,0.43329,0.03516
00006070,0.41338,0.03200
00006071,0.71590,0.03941
00006072,0.20298,0.01983
00006073,0.69137,0.03772
00006074,0.90770,0.06460
00006075,0.54985,0.03089
00006076,0.55714,0.03963
00006077,0.64389,0.04323
00006078,0.32178,0.02430
00006079,2.36071,0.25500
00006080,0.77844,0.05279
00006081,0.49451,0.05007
00006082,0.44362,0.03514
00006083,0.38494,0.02747
00006084,0.86463,0.05148
00006085,0.31894,0.02578
00006086,0.34173,0.02903
00006087,0.62638,0.03890
00006088,0.34666,0.02624
00006089,0.41603,0.03629
00006090,2.04053,0.19856
00006091,0.39941,0.02921
00006092,0.65408,0.04659
00006093,0.64669,0.03687
00006094,0.70465,0.05969
00006095,0.57378,0.04194
00006096,1.04020,0.07299
00006097,0.53912,0.04290
00006098,0.58424,0.03028
00006099,0.77924,0.21852
00006100,0.61990,0.03791
00006101,1.20440,0.08444
00006102,0.42797,0.02381
00006103,0.40129,0.02784
00006104,1.68537,0.14047
00006105,0.63687,0.04139
00006106,0.72463,0.06907
00006107,0.86984,0.07280
00006108,0.92038,0.06408
00006109,0.50663,0.03711
00006110,0.39725,0.02620
00006111,1.32626,0.09421
00006112,0.51970,0.03505
00006113,2.23657,0.34609
00006114,1.01089,0.09373
00006115,0.60847,0.04077
00006116,1.06729,0.07328
00006117,1.10115,0.07609
00006118,0.72236,0.04478
00006119,0.35426,0.02072
00006120,1.72843,0.16056
00006121,0.58441,0.03508
00006122,1.69439,0.57032
00006123,0.45359,0.06265
00006124,0.77675,0.04730
00006125,0.62413,0.03595
00006126,0.83232,0.08613
00006127,0.68493,0.03617
00006128,0.95507,0.07386
00006129,1.42692,0.11629
00006130,0.87131,0.04957
00006131,0.56925,0.03421
00006132,0.59379,0.03645
00006133,1.82978,0.18329
00006134,0.27053,0.02521
00006135,0.92924,0.05836
00006136,0.34351,0.02183
00006137,0.51529,0.05532
00006138,0.74726,0.05786
00006139,0.64711,0.04812
00006140,0.29392,0.02719
00006141,0.44081,0.02273
00006142,0.77172,0.05889
00006143,1.06643,0.09536
00006144,0.35085,0.02207
00006145,0.46960,0.33330
00006146,1.26507,0.13546
00006147,0.58212,0.03000
00006148,0.31421,0.02489
00006149,0.43826,0.02307
00006150,0.40782,0.03045
00006151,0.85007,0.05528
00006152,1.94055,0.19834
00006153,0.67471,0.03773
00006154,0.43718,0.02597
00006155,0.73816,0.04286
00006156,0.68087,0.04184
00006157,0.77885,0.05664
00006158,0.47653,0.03191
00006159,0.71824,0.04356
00006160,0.35776,0.02360
00006161,0.49994,0.03492
00006162,0.17826,0.01914
00006163,0.59764,0.03550
00006164,0.53648,0.04716
00006165,0.85266,0.04668
00006166,0.95065,0.07019
00006167,0.58843,0.03581
00006168,0.51597,0.02997
00006169,0.24397,0.02009
00006170,1.63334,0.15823
00006171,0.31246,0.02972
00006172,0.83820,0.07534
00006173,1.24157,0.10347
00006174,0.55471,0.03713
00006175,0.38969,0.02245
00006176,0.21384,0.02220
00006177,0.84026,0.04697
00006178,0.30442,0.02352
00006179,1.18266,0.08512
00006180,0.45881,0.03250
00006181,0.77560,0.04461
00006182,0.43578,0.02914
00006183,1.41348,0.10977
00006184,0.78316,0.06191
00006185,0.22823,0.02260
00006186,0.66854,0.12502
00006187,0.41793,0.03914
00006188,1.07175,0.07579
00006189,1.65438,0.14252
00006190,0.35092,0.01961
00006191,0.75788,0.05128
00006192,0.33738,0.03423
00006193,1.33183,0.11576
00006194,1.03570,0.08117
00006195,0.94809,0.16418
00006196,0.51008,0.02324
00006197,0.63452,0.04342
00006198,0.78975,0.04564
00006199,1.46083,0.18849
00006200,0.76253,0.12691
00006201,0.66188,0.03330
00006202,0.52533,0.02481
00006203,1.59478,0.13674
00006204,0.51590,0.03733
00006205,0.90310,0.06002
00006206,1.66174,0.14281
00006207,2.11445,0.22654
00006208,1.78530,0.14037
00006209,0.61933,0.05738
00006210,0.65111,0.04183
00006211,0.35649,0.03064
00006212,0.60415,0.07499
00006213,0.47209,0.02563
00006214,0.69008,0.09364
00006215,1.53106,0.12029
00006216,0.85385,0.07062
00006217,0.40738,0.04192
00006218,0.28645,0.03156
00006219,0.30994,0.02657
00006220,0.40309,0.03176
00006221,0.98524,0.07133
00006222,0.41970,0.02257
00006223,0.54245,0.03588
00006224,0.22891,0.03811
00006225,1.18422,0.13950
00006226,0.52448,0.03394
00006227,0.61843,0.04295
00006228,0.45993,0.02876
00006229,0.84361,0.06401
00006230,0.84477,0.05706
00006231,0.85760,0.04918
00006232,1.74013,0.16905
00006233,0.27939,0.02311
00006234,2.01538,0.18891
00006235,0.61236,0.03735
00006236,1.34186,0.12429
00006237,1.51760,0.11654
00006238,0.68309,0.03004
00006239,0.26784,0.02287
00006240,0.33854,0.02320
00006241,0.54166,0.02861
00006242,1.32142,0.09268
00006243,0.50618,0.03412
00006244,1.31741,0.09898
00006245,0.51790,0.03384
00006246,0.36778,0.02597
00006247,0.80212,0.04526
00006248,1.02905,0.24158
00006249,0.98221,0.07160
00006250,0.82784,0.05310
00006251,0.58298,0.03421
00006252,0.97944,0.07156
00006253,1.45529,0.19204
00006254,2.14904,0.20259
00006255,0.61166,0.03943
00006256,0.87397,0.05412
00006257,1.99116,0.17120
00006258,0.53856,0.02824
00006259,1.10163,0.10020
00006260,1.47973,0.12361
00006261,0.39838,0.07419
00006262,0.69910,0.03628
00006263,1.13596,0.10612
00006264,0.89537,0.08787
00006265,0.67033,0.03575
00006266,0.39945,0.02486
00006267,0.99063,0.06064
00006268,0.58436,0.02867
00006269,0.72415,0.03498
00006270,1.54330,0.13840
00006271,0.73811,0.05349
00006272,0.46869,0.02692
00006273,0.94064,0.11111
00006274,0.71626,0.05087
00006275,0.54843,0.04880
00006276,1.56705,0.16044
00006277,0.68558,0.03753
00006278,0.65270,0.07146
00006279,0.78875,0.05611
00006280,0.27062,0.02811
00006281,0.70861,0.03755
00006282,1.93408,0.25191
00006283,1.24033,0.09228
00006284,0.52146,0.04615
00006285,1.24925,0.13039
00006286,0.76081,0.04986
00006287,0.51176,0.03484
00006288,0.85230,0.05984
00006289,0.28042,0.02072
00006290,0.26270,0.02514
00006291,0.46522,0.03265
00006292,0.87149,0.07400
00006293,0.41598,0.02299
00006294,0.49236,0.04948
00006295,0.53090,0.02925
00006296,0.44799,0.03196
00006297,1.44512,0.10831
00006298,0.71748,0.04914
00006299,0.38686,0.03103
00006300,1.58850,0.12110
00006301,1.33176,0.12853
00006302,0.57855,0.03480
00006303,0.64703,0.05287
00006304,2.15038,0.33976
00006305,1.95263,0.17489
00006306,0.28364,0.02338
00006307,1.16016,0.10699
00006308,0.69909,0.05815
00006309,1.03600,0.09123
00006310,0.44906,0.02841
00006311,1.20979,0.08882
00006312,0.59464,0.03438
00006313,0.53558,0.04447
00006314,0.51516,0.05384
00006315,0.63992,0.09063
00006316,1.92253,0.19999
00006317,0.98149,0.09008
00006318,1.01754,0.08797
00006319,1.69541,0.17296
00006320,0.33462,0.02214
00006321,0.98451,0.06974
00006322,1.51653,0.11686
00006323,0.59060,0.03562
00006324,0.99238,0.10574
00006325,1.72873,0.20567
00006326,0.81132,0.04857
00006327,1.18560,0.09806
00006328,0.21787,0.02050
00006329,0.58386,0.03159
00006330,0.33530,0.03952
00006331,0.93386,0.06108
00006332,0.91218,0.07666
00006333,0.53356,0.02879
00006334,0.92770,0.06922
00006335,1.12235,0.07361
00006336,0.36026,0.03851
00006337,1.56297,0.15509
00006338,0.36944,0.01968
00006339,0.58512,0.04185
00006340,0.26226,0.02379
00006341,0.42683,0.02987
00006342,0.66334,0.04795
00006343,0.54168,0.03230
00006344,0.67213,0.04099
00006345,0.60206,0.03632
00006346,0.27178,0.02229
00006347,0.39279,0.02434
00006348,0.77843,0.06989
00006349,0.23905,0.02381
00006350,0.30874,0.02075
00006351,1.59043,0.21385
00006352,0.56298,0.02639
00006353,2.66800,0.26608
00006354,0.60558,0.03876
00006355,0.81622,0.04637
00006356,0.61496,0.03458
00006357,0.49394,0.04131
00006358,0.55979,0.02805
00006359,0.51047,0.03302
00006360,0.44560,0.02304
00006361,1.02333,0.06783
00006362,0.58106,0.03515
00006363,0.58767,0.04016
00006364,2.17018,0.24901
00006365,0.84740,0.09121
00006366,0.37452,0.01956
00006367,0.70464,0.04573
00006368,0.69224,0.03309
00006369,0.34495,0.02304
00006370,0.25108,0.01954
00006371,0.58073,0.03248
00006372,2.53235,0.23179
00006373,0.84442,0.12347
00006374,1.03638,0.06208
00006375,0.64687,0.03540
00006376,0.81125,0.04241
00006377,1.33941,0.10566
00006378,1.82339,0.14733
00006379,1.09477,0.10873
00006380,0.87835,0.06623
00006381,0.56721,0.03460
00006382,0.68565,0.04676
00006383,0.80430,0.04954
00006384,0.49649,0.02949
00006385,0.89933,0.10976
00006386,0.96531,0.07979
00006387,0.37567,0.02467
00006388,0.20776,0.02414
00006389,0.79624,0.04639
00006390,0.71887,0.09277
00006391,0.50267,0.03026
00006392,0.49362,0.02384
00006393,0.43626,0.02810
00006394,0.48136,0.02804
00006395,0.64602,0.04355
00006396,0.94952,0.11463
00006397,1.23208,0.08849
00006398,1.09941,0.08219
00006399,1.23608,0.10746
00006400,0.60570,0.03785
00006401,0.61047,0.03636
00006402,0.42444,0.04859
00006403,2.14684,0.20279
00006404,0.98906,0.12408
00006405,1.39326,0.13811
00006406,0.64682,0.03047
00006407,1.37420,0.10381
00006408,1.96609,0.17696
00006409,0.33474,0.02553
00006410,0.59356,0.05235
00006411,1.72526,0.16842
00006412,1.06964,0.06789
00006413,0.45856,0.02288
00006414,0.95335,0.08935
00006415,0.39231,0.03016
00006416,1.09960,0.07630
00006417,2.17212,0.18111
00006418,1.05738,0.07753
00006419,0.85862,0.04613
00006420,0.74013,0.05009
00006421,1.27290,0.08521
00006422,1.75073,0.16686
00006423,0.99195,0.09306
00006424,0.65980,0.04695
00006425,1.00771,0.07843
00006426,0.63995,0.03577
00006427,0.19910,0.01820
00006428,0.58791,0.05372
00006429,0.32131,0.02320
00006430,0.61312,0.04165
00006431,0.49892,0.09603
00006432,0.88336,0.07155
00006433,1.65778,0.20662
00006434,1.81867,0.19232
00006435,0.60691,0.04070
00006436,0.50109,0.02365
00006437,0.91396,0.16859
00006438,0.33089,0.02276
00006439,0.55437,0.03842
00006440,1.04692,0.08132
00006441,0.42800,0.01980
00006442,0.93172,0.05496
00006443,0.90154,0.05182
00006444,0.48752,0.03186
00006445,0.70349,0.04780
00006446,0.80210,0.08127
00006447,0.74797,0.05692
00006448,0.83332,0.06457
00006449,0.45001,0.02878
00006450,2.64881,0.28852
00006451,0.44313,0.03579
00006452,0.36722,0.02396
00006453,0.88138,0.05835
00006454,0.43949,0.03575
00006455,0.24401,0.02559
00006456,1.55942,0.18851
00006457,0.58484,0.03083
00006458,0.58427,0.04616
00006459,0.88078,0.05953
00006460,0.81061,0.05288
00006461,0.50692,0.30105
00006462,1.01283,0.06878
00006463,1.04219,0.09033
00006464,0.37914,0.02422
00006465,0.52861,0.03287
00006466,0.57541,0.03176
00006467,0.27331,0.03627
00006468,1.18060,0.09284
00006469,0.72023,0.06104
00006470,0.50898,0.04811
00006471,1.31446,0.12532
00006472,1.06947,0.10611
00006473,1.50458,0.11565
00006474,0.73925,0.04731
00006475,0.22562,0.01927
00006476,1.14857,0.12653
00006477,1.21553,0.08608
00006478,0.35619,0.02599
00006479,0.30535,0.02288
00006480,0.54662,0.11491
00006481,0.45886,0.02426
00006482,0.54218,0.02499
00006483,0.44837,0.02370
00006484,0.48941,0.02547
00006485,0.53179,0.05283
00006486,0.98136,0.07232
00006487,1.45926,0.17531
00006488,1.06752,0.07815
00006489,0.63782,0.03623
00006490,0.57545,0.02730
00006491,0.60695,0.05938
00006492,0.59121,0.04064
00006493,1.79061,0.18253
00006494,0.32965,0.03347
00006495,0.42733,0.03163
00006496,0.43743,0.02577
00006497,0.39567,0.02103
00006498,0.47022,0.03537
00006499,0.27504,0.03152
00006500,0.32170,0.02647
00006501,0.81007,0.04560
00006502,0.41161,0.02055
00006503,0.47101,0.03175
00006504,0.36068,0.02439
00006505,0.45981,0.03985
00006506,0.77392,0.06118
00006507,0.43148,0.02321
00006508,0.99611,0.13164
00006509,0.80819,0.04122
00006510,0.91362,0.07144
00006511,0.91327,0.07011
00006512,0.40621,0.02274
00006513,0.98189,0.06477
00006514,0.28378,0.03061
00006515,1.31792,0.09384
00006516,0.84418,0.06478
00006517,0.44764,0.03088
00006518,0.38871,0.03786
00006519,0.34414,0.02534
00006520,0.34564,0.02363
00006521,0.30320,0.02631
00006522,0.70138,0.03748
00006523,0.65312,0.04006
00006524,0.63212,0.07713
00006525,0.34259,0.02322
00006526,0.46060,0.03365
00006527,0.87513,0.05650
00006528,2.33650,0.30500
00006529,0.98821,0.08538
00006530,0.95524,0.06745
00006531,0.58912,0.02896
00006532,0.35291,0.02165
00006533,0.73870,0.04727
00006534,0.21066,0.02518
00006535,1.29945,0.10886
00006536,0.68300,0.04085
00006537,0.73242,0.05491
00006538,0.52798,0.03955
00006539,1.08038,0.06626
00006540,1.49973,0.15058
00006541,0.51138,0.02509
00006542,0.63696,0.04683
00006543,0.46109,0.02853
00006544,0.68787,0.03715
00006545,0.26951,0.03097
00006546,0.42141,0.02598
00006547,0.29575,0.02645
00006548,0.68504,0.10717
00006549,0.66278,0.05748
00006550,0.72678,0.04021
00006551,0.77861,0.04862
00006552,2.69656,0.28288
00006553,1.15226,0.08169
00006554,0.93794,0.07955
00006555,0.63013,0.03992
00006556,0.59303,0.03211
00006557,1.13326,0.11014
00006558,0.65004,0.04109
00006559,1.20601,0.11016
00006560,0.47061,0.03488
00006561,0.23216,0.02839
00006562,1.23957,0.08895
00006563,0.30689,0.02326
00006564,0.61274,0.03333
00006565,0.77862,0.04998
00006566,0.69552,0.04226
00006567,0.48500,0.03281
00006568,0.51401,0.04761
00006569,0.24012,0.01996
00006570,0.57915,0.02746
00006571,0.45154,0.02017
00006572,1.32891,0.11558
00006573,0.59103,0.03557
00006574,0.53448,0.02921
00006575,0.51862,0.05394
00006576,0.77256,0.05592
00006577,0.65671,0.03875
00006578,0.82332,0.06085
00006579,1.19556,0.08808
00006580,1.07947,0.07403
00006581,1.11216,0.15103
00006582,0.28389,0.03032
00006584,0.80550,0.07558
00006585,0.87718,0.05958
00006586,0.43660,0.02715
00006587,0.69933,0.03831
00006588,0.73520,0.05104
00006589,0.27137,0.02269
00006590,0.67178,0.05410
00006591,0.67908,0.04957
00006592,0.92612,0.05574
00006593,1.20583,0.13924
00006594,0.93883,0.08720
00006595,0.57561,0.03036
00006596,0.53215,0.02480
00006597,0.37618,0.02724
00006598,1.52056,0.18113
00006599,0.19268,0.02039
00006600,0.75524,0.08072
00006601,0.36847,0.03122
00006602,0.41045,0.03262
00006603,0.55188,0.07872
00006604,0.43183,0.03060
00006605,0.23489,0.03460
00006606,0.67748,0.03364
00006607,0.44552,0.02587
00006608,0.60575,0.03761
00006609,1.26204,0.08861
00006610,0.48438,0.02966
00006611,0.39952,0.02618
00006612,0.35450,0.02778
00006613,0.53087,0.02627
00006614,2.19665,0.21804
00006615,0.65025,0.03630
00006616,0.35065,0.04087
00006617,1.05542,0.06465
00006618,0.32655,0.02519
00006619,0.25191,0.02150
00006620,0.43855,0.04638
00006621,0.36942,0.02117
00006622,0.34946,0.02314
00006623,0.21868,0.01945
00006624,0.61099,0.03297
00006625,0.76330,0.04419
00006626,0.55736,0.04691
00006627,0.46191,0.02665
00006628,1.04074,0.07983
00006629,0.44752,0.03037
00006630,1.07090,0.07569
00006631,0.91884,0.15469
00006632,0.49302,0.03258
00006633,0.57901,0.04199
00006634,0.53022,0.03875
00006635,0.33452,0.02537
00006636,0.50433,0.02819
00006637,1.24850,0.10414
00006638,0.60073,0.03071
00006639,1.05745,0.08833
00006640,0.63988,0.04719
00006641,1.41717,0.10178
00006642,0.40049,0.02203
00006643,0.98669,0.05840
00006644,0.71530,0.04303
00006645,1.38295,0.15351
00006646,0.97962,0.09601
00006647,1.73859,0.17220
00006648,0.57842,0.03223
00006649,0.29822,0.02709
00006650,0.30777,0.02647
00006651,0.83576,0.05030
00006652,0.39235,0.02299
00006653,1.61031,0.16388
00006654,0.47691,0.03424
00006655,0.53486,0.02946
00006656,0.32328,0.04428
00006657,0.29738,0.02226
00006658,0.25665,0.02222
00006659,0.40749,0.02791
00006660,1.16043,0.08696
00006661,0.30409,0.01866
00006662,0.46424,0.04412
00006663,0.33508,0.02222
00006664,0.75491,0.05277
00006665,0.63747,0.06755
00006666,0.74425,0.03763
00006667,1.10330,0.10007
00006668,1.12750,0.07346
00006669,1.22245,0.11944
00006670,0.64983,0.04121
00006671,0.80658,0.05298
00006672,0.29344,0.02910
00006673,0.24357,0.02437
00006674,0.37258,0.02374
00006675,0.26528,0.05037
00006676,0.23589,0.02374
00006677,0.30565,0.02227
00006678,0.54809,0.03714
00006679,0.50976,0.02550
00006680,1.14896,0.09171
00006681,1.92885,0.21553
00006682,0.65019,0.04218
00006683,1.00761,0.11321
00006684,0.25092,0.02226
00006685,0.35310,0.02341
00006686,0.38749,0.04508
00006687,0.84281,0.05106
00006688,0.68763,0.03501
00006689,1.02479,0.06691
00006690,0.42863,0.02960
00006691,1.00596,0.12149
00006692,0.57676,0.03028
00006693,0.61168,0.03777
00006694,0.83830,0.04430
00006695,1.17164,0.08293
00006696,0.57400,0.04106
00006697,0.92035,0.08750
00006698,0.44979,0.03131
00006699,0.34366,0.02611
00006700,0.70308,0.04740
00006701,0.47596,0.03391
00006702,0.78620,0.04566
00006703,0.36718,0.02320
00006704,0.21998,0.02037
00006705,0.24182,0.02149
00006706,0.78166,0.06790
00006707,1.56006,0.15422
00006708,0.44083,0.02483
00006709,0.84505,0.15526
00006710,0.71896,0.05824
00006711,1.20745,0.10507
00006712,1.55722,0.14068
00006713,0.60235,0.03702
00006714,0.52448,0.03219
00006715,1.59510,0.14511
00006716,0.69874,0.03943
00006717,0.66489,0.03616
00006718,0.53765,0.03060
00006719,1.60077,0.14068
00006720,0.71772,0.05934
00006721,0.41684,0.03025
00006722,1.92059,0.23721
00006723,0.80271,0.06975
00006724,0.35147,0.03299
00006725,1.92868,0.18981
00006726,2.16748,0.22472
00006727,1.27433,0.09881
00006728,0.32299,0.02585
00006729,1.03720,0.09074
00006730,0.61640,0.03674
00006731,0.51081,0.05700
00006732,1.30641,0.09205
00006733,1.14394,0.08677
00006734,2.13326,0.24354
00006735,1.14701,0.11767
00006736,0.23422,0.02329
00006737,0.88531,0.04647
00006738,0.64516,0.04428
00006739,0.27101,0.02370
00006740,0.99039,0.06736
00006741,0.95847,0.07422
00006742,0.71842,0.04686
00006743,1.42532,0.10384
00006744,0.41423,0.02378
00006745,0.29835,0.02256
00006746,0.57627,0.04997
00006747,1.48100,0.11752
00006748,1.01370,0.08285
00006749,0.38678,0.02184
00006750,0.55476,0.03534
00006751,0.77862,0.05829
00006752,0.62106,0.04372
00006753,0.41375,0.02354
00006754,0.96939,0.06767
00006755,0.36460,0.02449
00006756,0.81375,0.04703
00006757,0.58906,0.03770
00006758,0.97004,0.09124
00006759,0.30659,0.02324
00006760,1.01223,0.09912
00006761,0.48559,0.03347
00006762,0.62894,0.08665
00006763,0.19368,0.01818
00006764,0.37689,0.02522
00006765,0.30082,0.03353
00006766,1.95802,0.19442
00006767,3.06880,0.33443
00006768,1.19382,0.07863
00006769,0.46392,0.02423
00006770,0.40094,0.03578
00006771,1.37587,0.12428
00006772,1.05641,0.08642
00006773,1.61304,0.18827
00006774,1.63276,0.18883
00006775,0.39355,0.02315
00006776,0.28967,0.02435
00006777,0.46832,0.02358
00006778,0.80300,0.04650
00006779,1.38129,0.11284
00006780,0.50499,0.03612
00006781,0.90277,0.05621
00006782,0.60545,0.03140
00006783,0.44432,0.02156
00006784,1.93161,0.20660
00006785,0.96580,0.06393
00006786,0.25818,0.07447
00006787,0.76077,0.04922
00006788,1.26913,0.08660
00006789,0.45217,0.03267
00006790,0.83622,0.04797
00006791,0.62700,0.04896
00006792,0.49295,0.02788
00006793,0.73617,0.04973
00006794,0.59172,0.03724
00006795,0.39249,0.03120
00006796,0.61368,0.02999
00006797,0.71606,0.04804
00006798,1.55676,0.14726
00006799,0.24438,0.02272
00006800,0.47011,0.02626
00006801,0.37448,0.02790
00006802,0.57139,0.03158
00006803,0.99227,0.12575
00006804,0.64038,0.04296
00006805,1.46541,0.14135
00006806,0.32821,0.02286
00006807,0.77603,0.05141
00006808,0.55703,0.04942
00006809,0.76099,0.04391
00006810,1.12596,0.10126
00006811,1.45035,0.29086
00006812,0.35960,0.02773
00006813,0.71681,0.04783
00006814,0.70443,0.04483
00006815,0.20063,0.02829
00006816,0.97692,0.06076
00006817,0.84649,0.07328
00006818,1.33989,0.09646
00006819,1.26475,0.09828
00006820,1.25360,0.10783
00006821,1.42358,0.14785
00006822,0.34964,0.03561
00006823,0.42828,0.02690
00006824,1.32681,0.10293
00006825,0.54209,0.03306
00006826,0.67468,0.04185
00006827,0.98576,0.06071
00006828,1.26023,0.09835
00006829,2.02504,0.16983
00006830,0.43903,0.03344
00006831,1.89716,0.17760
00006832,0.36396,0.01964
00006833,0.44343,0.03000
00006834,0.41621,0.02600
00006835,1.81395,0.19006
00006836,0.42772,0.02947
00006837,0.75270,0.05845
00006838,0.97672,0.10108
00006839,0.47070,0.03526
00006840,0.97537,0.06133
00006841,0.59056,0.04365
00006842,0.28791,0.02624
00006843,1.38458,0.11111
00006844,0.47120,0.02720
00006845,0.34472,0.02537
00006846,1.30602,0.10304
00006847,0.33125,0.02494
00006848,1.26083,0.08084
00006849,0.88942,0.06351
00006850,0.79252,0.05395
00006851,0.98584,0.11947
00006852,0.45914,0.09277
00006853,0.34603,0.02372
00006854,1.00853,0.06485
00006855,0.26423,0.03390
00006856,0.36640,0.03201
00006857,1.17943,0.12501
00006858,0.65094,0.04108
00006859,0.23486,0.02510
00006860,0.33395,0.02224
00006861,0.64403,0.03366
00006862,0.52433,0.03074
00006863,0.80990,0.05380
00006864,0.63123,0.03850
00006865,1.49809,0.14990
00006866,0.26392,0.02037
00006867,1.00619,0.05878
00006868,0.37511,0.02150
00006869,0.88489,0.06647
00006870,0.23328,0.01987
00006871,1.10569,0.08141
00006872,0.85360,0.06053
00006873,0.60983,0.03685
00006874,0.26211,0.02111
00006875,0.57175,0.03645
00006876,0.55256,0.02397
00006877,0.37855,0.02191
00006878,1.01151,0.17249
00006879,1.22498,0.09502
00006880,0.59078,0.03178
00006881,0.49721,0.03922
00006882,0.55289,0.03987
00006883,0.64852,0.03987
00006884,0.48531,0.03328
00006885,1.19108,0.08144
00006886,0.63703,0.03874
00006887,0.86136,0.05944
00006888,0.85143,0.05999
00006889,0.72272,0.07817
00006890,0.35992,0.01995
00006891,0.45493,0.02503
00006892,0.60187,0.04179
00006893,0.60265,0.03394
00006894,0.32102,0.02191
00006895,0.38053,0.02389
00006896,0.51540,0.05483
00006897,0.58148,0.03733
00006898,0.88848,0.09756
00006899,0.63544,0.05144
00006900,0.67138,0.03840
00006901,0.60091,0.03949
00006902,0.87045,0.05326
00006903,1.00182,0.07089
00006904,0.42546,0.05121
00006905,0.55586,0.14083
00006906,1.09443,0.07641
00006907,0.57629,0.03028
00006908,0.62728,0.06828
00006909,0.69525,0.05655
00006910,0.36032,0.03589
00006911,0.31816,0.02320
00006912,0.94708,0.05195
00006913,0.42989,0.02737
00006914,1.91998,0.19825
00006915,1.54485,0.13804
00006916,0.62163,0.05425
00006917,1.05361,0.07218
00006918,0.22077,0.02185
00006919,0.65809,0.03469
00006920,1.50944,0.14192
00006921,0.40812,0.02581
00006922,1.19967,0.10946
00006923,0.40899,0.02441
00006924,1.25773,0.09091
00006925,0.21545,0.02628
00006926,0.78882,0.04337
00006927,0.42698,0.02909
00006928,1.10576,0.08011
00006929,0.42688,0.02697
00006930,0.77435,0.06159
00006931,0.72932,0.04910
00006932,0.66391,0.04811
00006933,0.85013,0.05375
00006934,0.26801,0.02869
00006935,0.58155,0.03242
00006936,0.46659,0.03297
00006937,0.61554,0.04914
00006938,0.82945,0.05830
00006939,1.61256,0.17818
00006940,1.82890,0.17335
00006941,0.53596,0.02948
00006942,0.77257,0.05284
00006943,0.43982,0.02596
00006944,0.36133,0.02959
00006945,0.58586,0.03417
00006946,1.02558,0.07949
00006947,2.33449,0.26175
00006948,0.59723,0.04415
00006949,0.47427,0.02447
00006950,1.19625,0.08435
00006951,1.44334,0.13895
00006952,1.11804,0.15278
00006953,0.41030,0.02468
00006954,0.26231,0.02154
00006955,1.50673,0.16147
00006956,1.86719,0.17205
00006957,0.48766,0.03447
00006958,1.39621,0.10497
00006959,0.33780,0.02786
00006960,0.39024,0.02656
00006961,0.32582,0.01951
00006962,0.80264,0.05781
00006963,0.87839,0.06373
00006964,1.19363,0.11036
00006965,0.87402,0.05468
00006966,0.96682,0.08156
00006967,1.28752,0.08650
00006968,0.49730,0.02634
00006969,0.39554,0.03002
00006970,1.42305,0.10750
00006971,0.51947,0.05760
00006972,0.99811,0.10588
00006973,0.23375,0.02235
00006974,0.81434,0.05372
00006975,0.39273,0.02259
00006976,0.55323,0.03296
00006977,0.39439,0.05567
00006978,1.45500,0.11881
00006979,0.37852,0.02212
00006980,0.87946,0.12860
00006981,0.30757,0.02939
00006982,1.04396,0.07308
00006983,0.43713,0.02608
00006984,0.23568,0.02134
00006985,0.65579,0.05970
00006986,0.30628,0.03334
00006987,0.49301,0.02850
00006988,0.39804,0.02902
00006989,1.14778,0.07465
00006990,0.62557,0.03258
00006991,0.64155,0.04539
00006992,2.48551,0.80688
00006993,0.31138,0.03613
00006994,0.53750,0.03859
00006995,0.85004,0.07384
00006996,0.31015,0.02061
00006997,0.86238,0.06088
00006998,1.84351,0.17580
00006999,0.74934,0.06202
00007000,0.86521,0.07978
00007001,0.59251,0.03799
00007002,0.86755,0.04583
00007003,0.18308,0.01979
00007004,0.65839,0.04034
00007005,0.67261,0.04159
00007006,1.20907,0.07881
00007007,1.57094,0.12222
00007008,0.35322,0.02739
00007009,0.50124,0.03569
00007010,0.56785,0.03944
00007011,0.44836,0.03936
00007012,0.62242,0.05146
00007013,0.18320,0.01776
00007014,0.54845,0.03646
00007015,0.41096,0.02936
00007016,0.42701,0.02239
00007017,0.51405,0.02859
00007018,1.05298,0.15485
00007019,0.73339,0.07247
00007020,0.86925,0.04743
00007021,0.26711,0.02245
00007022,0.58899,0.03171
00007023,0.58418,0.03803
00007024,0.46710,0.03314
00007025,1.22500,0.08511
00007026,0.45464,0.02835
00007027,0.92939,0.06904
00007028,0.26061,0.02208
00007029,0.39575,0.03657
00007030,0.53999,0.03296
00007031,1.02536,0.20438
00007032,0.30628,0.02032
00007033,0.71328,0.03782
00007034,0.36879,0.03004
00007035,0.49325,0.02586
00007036,0.72362,0.26277
00007037,0.33011,0.02417
00007038,0.95264,0.06230
00007039,1.16884,0.08031
00007040,0.38365,0.02644
00007041,0.85685,0.04786
00007042,0.49709,0.03268
00007043,0.53460,0.03462
00007044,2.37865,0.30098
00007045,0.61701,0.03932
00007046,0.38617,0.03042
00007047,0.93066,0.08680
00007048,0.34649,0.02433
00007049,0.97928,0.05846
00007050,0.70562,0.04765
00007051,0.80798,0.05762
00007052,1.32351,0.15569
00007053,0.65636,0.03366
00007054,0.31118,0.02658
00007055,1.78705,0.23959
00007056,1.21717,0.08076
00007057,0.54552,0.02879
00007058,0.57026,0.02866
00007059,0.76311,0.04914
00007060,1.17623,0.10260
00007061,0.53536,0.03224
00007062,1.02479,0.08693
00007063,0.33392,0.02138
00007064,0.82533,0.04190
00007065,0.35430,0.02656
00007066,0.88092,0.08018
00007067,0.91319,0.05961
00007068,1.06829,0.06655
00007069,0.99808,0.07277
00007070,0.36911,0.02099
00007071,0.73691,0.04247
00007072,1.73646,0.15386
00007073,0.66459,0.03959
00007074,0.34929,0.02463
00007075,0.40267,0.02270
00007076,0.37772,0.03689
00007077,0.37359,0.02184
00007078,0.51517,0.03153
00007079,0.46976,0.05340
00007080,0.56946,0.02874
00007081,0.64277,0.03147
00007082,0.95613,0.07189
00007083,0.48283,0.03899
00007084,0.63280,0.03963
00007085,1.12637,0.09214
00007086,1.28417,0.11044
00007087,0.46177,0.03058
00007088,0.39414,0.02393
00007089,0.27544,0.02577
00007090,1.83049,0.17839
00007091,1.88928,0.17852
00007092,0.94456,0.06782
00007093,1.07706,0.06597
00007094,0.47785,0.02863
00007095,0.55768,0.03842
00007096,2.59882,0.39143
00007097,0.67639,0.05023
00007098,0.53178,0.02993
00007099,0.68326,0.06179
00007100,0.62600,0.03381
00007101,0.35750,0.02485
00007102,0.57278,0.04018
00007103,0.27016,0.15995
00007104,1.21563,0.09640
00007105,0.32893,0.02239
00007106,0.68702,0.03752
00007107,0.72530,0.04831
00007108,0.49187,0.03682
00007109,0.57615,0.06791
00007110,1.03103,0.08600
00007111,0.35963,0.03093
00007112,0.89283,0.06199
00007113,0.62572,0.03466
00007114,0.93954,0.05304
00007115,0.46314,0.02985
00007116,0.31326,0.01963
00007117,0.82482,0.05349
00007118,0.49949,0.02824
00007119,0.24314,0.01988
00007120,0.38484,0.02881
00007121,0.79176,0.05626
00007122,0.46174,0.02491
00007123,0.82964,0.08230
00007124,1.28935,0.09776
00007125,0.58792,0.03890
00007126,0.44056,0.03001
00007127,0.38883,0.02370
00007128,0.31644,0.05328
00007129,0.54665,0.02839
00007130,0.49897,0.03016
00007131,0.54415,0.02752
00007132,2.61575,0.31884
00007133,0.68283,0.03257
00007134,0.56335,0.10408
00007135,0.27764,0.04640
00007136,2.47854,0.24933
00007137,0.63560,0.03668
00007138,2.05608,0.22124
00007139,1.03927,0.06798
00007140,0.86117,0.07707
00007141,1.17788,0.07815
00007142,0.59649,0.04148
00007143,0.59128,0.03130
00007144,0.52637,0.03748
00007145,0.81131,0.05234
00007146,0.45276,0.04235
00007147,1.72041,0.16006
00007148,1.54635,0.26433
00007149,0.23505,0.02636
00007150,0.30244,0.02102
00007151,0.66309,0.05647
00007152,0.59786,0.03986
00007153,0.27653,0.03566
00007154,0.45094,0.03425
00007155,0.87420,0.05603
00007156,0.44076,0.03174
00007157,0.37665,0.02841
00007158,0.51963,0.03049
00007159,0.92532,0.05625
00007160,0.24191,0.04633
00007161,0.80393,0.06381
00007162,0.75153,0.04503
00007163,0.39768,0.03233
00007164,0.46687,0.02873
00007165,0.95891,0.06023
00007166,0.79208,0.06202
00007167,1.62083,0.16254
00007168,1.90466,0.21044
00007169,0.67614,0.04238
00007170,2.85361,0.29659
00007171,0.69220,0.05986
00007172,0.60859,0.03569
00007173,0.53704,0.02694
00007174,0.28303,0.02051
00007175,0.24741,0.02399
00007176,0.52706,0.02538
00007177,0.48029,0.04565
00007178,1.36606,0.10184
00007179,0.53090,0.02741
00007180,0.53245,0.03871
00007181,0.95097,0.06742
00007182,1.10709,0.07555
00007183,0.68048,0.06292
00007184,0.52528,0.02601
00007185,0.72885,0.04514
00007186,2.13723,0.21611
00007187,0.71397,0.03874
00007188,0.28865,0.02581
00007189,0.36884,0.02529
00007190,0.59567,0.05039
00007191,0.47069,0.02866
00007192,1.22414,0.13024
00007193,0.51846,0.02854
00007194,0.57770,0.03141
00007195,0.52243,0.04256
00007196,0.85359,0.05058
00007197,1.28147,0.09612
00007198,0.39812,0.02927
00007199,0.61423,0.04201
00007200,0.67338,0.04269
00007201,1.64103,0.14525
00007202,1.23186,0.10157
00007203,0.86533,0.05905
00007204,1.61282,0.13129
00007205,0.77263,0.11044
00007206,1.75428,0.16688
00007207,0.86800,0.06446
00007208,0.48832,0.02722
00007209,0.42573,0.02448
00007210,2.54630,0.28018
00007211,0.87494,0.07751
00007212,0.85172,0.10933
00007213,0.18727,0.02595
00007214,0.63553,0.03303
00007215,0.64618,0.03883
00007216,0.49388,0.03073
00007217,0.43830,0.02492
00007218,0.63167,0.02892
00007219,0.19426,0.01940
00007220,0.36980,0.02649
00007221,0.61223,0.04216
00007222,0.46727,0.02765
00007223,0.62269,0.03408
00007224,0.83348,0.05683
00007225,0.45403,0.02791
00007226,0.84917,0.07585
00007227,0.41992,0.02455
00007228,0.98691,0.06124
00007229,0.41783,0.02888
00007230,0.42279,0.03417
00007231,0.70577,0.04261
00007232,0.60725,0.03331
00007233,2.83229,0.32227
00007234,0.47377,0.02967
00007235,0.72904,0.06315
00007236,0.94605,0.07827
00007237,0.47385,0.02427
00007238,0.60748,0.04511
00007239,0.48551,0.03347
00007240,0.72052,0.03730
00007241,0.48033,0.02583
00007242,0.39840,0.03100
00007243,0.39943,0.02162
00007244,0.32571,0.02529
00007245,0.73927,0.04627
00007246,0.54657,0.02950
00007247,0.60499,0.03241
00007248,0.41822,0.03541
00007249,0.75109,0.04899
00007250,1.12654,0.07911
00007251,0.66031,0.03758
00007252,0.25634,0.01882
00007253,0.43237,0.02355
00007254,0.94201,0.07643
00007255,0.97337,0.07716
00007256,0.45777,0.03370
00007257,0.51487,0.03779
00007258,1.35481,0.18751
00007259,0.31763,0.02448
00007260,1.25797,0.08821
00007261,0.40895,0.15528
00007262,0.40215,0.02215
00007263,0.91002,0.06627
00007264,0.32381,0.02095
00007265,0.33927,0.02469
00007266,0.66268,0.04110
00007267,0.93782,0.07653
00007268,0.41781,0.02371
00007269,0.58783,0.04089
00007270,1.38597,0.10580
00007271,0.34145,0.02852
00007272,1.90676,0.18695
00007273,1.43745,0.12629
00007274,0.42976,0.02696
00007275,0.37929,0.04078
00007276,0.46206,0.03538
00007277,0.62456,0.03920
00007278,1.73863,0.20296
00007279,0.49487,0.04104
00007280,1.13267,0.09309
00007281,0.70988,0.04619
00007282,1.30820,0.12405
00007283,2.65282,0.25979
00007284,0.74664,0.04112
00007285,0.58173,0.03415
00007286,0.61957,0.04102
00007287,0.28925,0.03016
00007288,0.77820,0.06153
00007289,1.18505,0.09669
00007290,0.62119,0.03290
00007291,0.31243,0.02073
00007292,0.81444,0.10268
00007293,1.22998,0.08259
00007294,0.84375,0.07815
00007295,0.51132,0.03012
00007296,1.04679,0.10016
00007297,0.73696,0.06247
00007298,0.55369,0.03136
00007299,0.51844,0.06295
00007300,2.36965,0.23950
00007301,0.87537,0.05519
00007302,0.31943,0.02329
00007303,0.80277,0.06950
00007304,0.99327,0.07654
00007305,0.38974,0.02699
00007306,1.06477,0.06659
00007307,0.90855,0.05738
00007308,0.36516,0.03449
00007309,0.58094,0.02877
00007310,0.77703,0.06151
00007311,0.72269,0.05004
00007312,1.15802,0.08677
00007313,0.60432,0.03939
00007314,0.70004,0.04577
00007315,0.70736,0.05286
00007316,1.07151,0.07506
00007317,0.33914,0.07401
00007318,0.63096,0.04095
00007319,0.48241,0.02503
00007320,1.05952,0.11396
00007321,1.28791,0.09857
00007322,0.24460,0.02464
00007323,0.56182,0.02962
00007324,0.46853,0.03233
00007325,0.71532,0.04573
00007326,0.40073,0.03084
00007327,0.45003,0.04361
00007328,0.85388,0.05507
00007329,0.99038,0.06316
00007330,0.76354,0.04834
00007331,0.58949,0.03612
00007332,0.43481,0.02749
00007333,0.97932,0.07035
00007334,1.11673,0.07341
00007335,1.26526,0.10184
00007336,1.36113,0.13389
00007337,0.45149,0.02553
00007338,0.98030,0.19208
00007339,0.59991,0.03480
00007340,0.49168,0.06780
00007341,0.56847,0.03089
00007342,0.51083,0.02468
00007343,0.64632,0.03987
00007344,0.61702,0.02992
00007345,0.61071,0.03291
00007346,0.86386,0.05331
00007347,0.47498,0.02740
00007348,0.57474,0.04122
00007349,0.42126,0.02767
00007350,0.29385,0.02007
00007351,0.51336,0.02382
00007352,0.49825,0.03237
00007353,0.46014,0.02997
00007354,0.41277,0.02375
00007355,0.33738,0.02301
00007356,1.34512,0.10410
00007357,0.48080,0.02970
00007358,2.27437,0.20392
00007359,0.47418,0.03088
00007360,0.46032,0.03426
00007361,0.51870,0.03521
00007362,0.81710,0.04817
00007363,0.36235,0.02681
00007364,0.39792,0.03021
00007365,0.87432,0.06275
00007366,0.95827,0.10502
00007367,0.60105,0.05235
00007368,0.59130,0.03728
00007369,0.42778,0.02343
00007370,0.28663,0.01955
00007371,0.48966,0.02626
00007372,0.72649,0.04935
00007373,1.76223,0.19636
00007374,0.72783,0.04438
00007375,1.30794,0.09903
00007376,0.56558,0.02933
00007377,0.58802,0.04180
00007378,0.67605,0.03930
00007379,0.68671,0.03486
00007380,0.85396,0.06091
00007381,1.66722,0.20832
00007382,1.04378,0.06970
00007383,1.29044,0.16845
00007384,0.43718,0.02565
00007385,0.56130,0.06296
00007386,0.35513,0.02483
00007387,1.19751,0.11207
00007388,0.40926,0.02410
00007389,1.21544,0.08347
00007390,0.51510,0.02661
00007391,0.54207,0.03964
00007392,0.86772,0.18998
00007393,0.25746,0.02852
00007394,0.68765,0.03498
00007395,0.55411,0.05336
00007396,0.36404,0.03310
00007397,0.45348,0.02233
00007398,0.27804,0.02745
00007399,0.99551,0.07785
00007400,0.55761,0.03384
00007401,1.32390,0.13416
00007402,1.60804,0.19873
00007403,0.22430,0.02143
00007404,2.28329,0.22612
00007405,0.26111,0.01920
00007406,1.02763,0.05985
00007407,0.23147,0.01931
00007408,2.95571,0.32284
00007409,0.40750,0.02886
00007410,0.28706,0.03069
00007411,0.68049,0.04397
00007412,0.65394,0.04610
00007413,0.28732,0.02105
00007414,0.22198,0.02013
00007415,0.61182,0.03146
00007416,0.25533,0.02450
00007417,0.66518,0.05309
00007418,0.57652,0.05253
00007419,0.95862,0.06195
00007420,0.45531,0.02382
00007421,0.96459,0.07623
00007422,1.45598,0.12236
00007423,0.77564,0.05297
00007424,0.41439,0.02394
00007425,0.49002,0.03134
00007426,0.63701,0.03729
00007427,2.48805,0.24258
00007428,0.71134,0.04905
00007429,0.32009,0.02251
00007430,1.30323,0.08805
00007431,0.27433,0.02238
00007432,0.38059,0.02194
00007433,0.25298,0.02348
00007434,1.14387,0.07293
00007435,1.70427,0.24796
00007436,1.39663,0.41898
00007437,1.67652,0.17952
00007438,0.95113,0.16581
00007439,0.59461,0.03239
00007440,0.87500,0.06713
00007441,0.87737,0.07188
00007442,1.23286,0.10692
00007443,0.32638,0.02346
00007444,0.21709,0.02058
00007445,0.64623,0.04511
00007446,1.69516,0.19480
00007447,0.26626,0.02286
00007448,0.72407,0.06496
00007449,0.88226,0.06205
00007450,0.36579,0.03183
00007451,1.07860,0.08366
00007452,0.47441,0.08551
00007453,0.49764,0.02663
00007454,0.59632,0.05273
00007455,1.17613,0.08316
00007456,0.61019,0.03673
00007457,0.46491,0.02307
00007458,0.50540,0.04941
00007459,1.80343,0.20946
00007460,0.87899,0.07358
00007461,0.25378,0.05683
00007462,0.47467,0.03340
00007463,0.68706,0.05557
00007464,0.37722,0.02235
00007465,0.72197,0.03544
00007466,0.65977,0.04891
00007467,0.42447,0.02072
00007468,1.04397,0.08957
00007469,0.44134,0.02860
00007470,0.69857,0.06567
00007471,0.41953,0.02650
00007472,0.77708,0.03932
00007473,0.66472,0.03518
00007474,1.06183,0.06747
00007475,0.40914,0.03252
00007476,1.15637,0.09016
00007477,0.72559,0.05076
00007478,0.81272,0.05702
00007479,0.24816,0.01873
00007480,0.41543,0.02411
00007481,0.57292,0.02836
00007482,1.41337,0.14677
00007483,0.27822,0.01806
00007484,0.37480,0.02358
00007485,0.91751,0.05019
00007486,1.25704,0.08792
00007487,0.66241,0.04683
00007488,0.91605,0.05833
00007489,0.45421,0.02414
00007490,0.53774,0.03061
00007491,0.50285,0.03859
00007492,0.45880,0.03359
00007493,0.49882,0.05457
00007494,0.72313,0.03473
00007495,0.63693,0.03479
00007496,0.85991,0.04878
00007497,0.38651,0.02303
00007498,1.03998,0.07691
00007499,0.52898,0.03454
00007500,0.65249,0.03138
00007501,1.16886,0.08331
00007502,0.25674,0.02073
00007503,1.73708,0.16465
00007504,0.30171,0.02208
00007505,0.40616,0.02333
00007506,1.23263,0.09433
00007507,0.34362,0.01977
00007508,0.54002,0.03151
00007509,0.21501,0.02424
00007510,1.18127,0.10999
00007511,0.22503,0.02320
00007512,0.64905,0.05074
00007513,0.79324,0.05818
00007514,1.58415,0.12066
00007515,0.77036,0.06094
00007516,0.27704,0.02183
00007517,0.39205,0.04032
00007518,1.52550,0.14704
00007519,0.59789,0.04370
00007520,0.56220,0.03687
00007521,0.68827,0.05079
00007522,0.51085,0.04028
00007523,0.59847,0.03579
00007524,0.42724,0.02653
00007525,0.30580,0.01987
00007526,0.22906,0.02064
00007527,0.53301,0.02698
00007528,0.76172,0.04782
00007529,0.78608,0.04985
00007530,0.53991,0.03326
00007531,0.73658,0.05129
00007532,0.70739,0.03803
00007533,0.30476,0.05715
00007534,0.55200,0.02750
00007535,1.00557,0.06992
00007536,0.72400,0.04190
00007537,0.51343,0.03622
00007538,1.08456,0.07520
00007539,0.55750,0.04009
00007540,1.26101,0.08903
00007541,1.21752,0.16500
00007542,0.50774,0.02381
00007543,0.47298,0.02592
00007544,1.74426,0.16865
00007545,0.78415,0.07072
00007546,0.66271,0.03668
00007547,0.56508,0.04105
00007548,1.12163,0.08061
00007549,0.55440,0.05351
00007550,0.76067,0.08575
00007551,0.52926,0.02922
00007552,0.36655,0.03079
00007553,0.51196,0.03032
00007554,0.39582,0.02492
00007555,1.01229,0.09233
00007556,0.67722,0.03252
00007557,0.72616,0.06864
00007558,0.50685,0.02882
00007559,1.19484,0.08626
00007560,0.42857,0.08363
00007561,0.84259,0.04961
00007562,1.91904,0.28141
00007563,0.32483,0.02173
00007564,0.50777,0.03125
00007565,0.96273,0.07633
00007566,1.67061,0.12758
00007567,1.50174,0.12144
00007568,0.64490,0.04610
00007569,1.12099,0.08089
00007570,0.69236,0.03858
00007571,0.67208,0.04460
00007572,0.34615,0.02945
00007573,1.21245,0.08086
00007574,0.71768,0.04046
00007575,0.74257,0.05880
00007576,1.54716,0.12396
00007577,1.79441,0.14353
00007578,0.90983,0.06466
00007579,0.40313,0.02767
00007580,0.93288,0.09017
00007581,0.60569,0.03655
00007582,0.49832,0.03861
00007583,0.58963,0.03253
00007584,0.35880,0.02843
00007585,0.64241,0.03087
00007586,1.08286,0.07403
00007587,1.03245,0.18112
00007588,0.60711,0.04766
00007589,0.17938,0.01827
00007590,0.75156,0.04243
00007591,1.00590,0.06180
00007592,0.88481,0.05906
00007593,0.75433,0.05825
00007594,1.59832,0.15338
00007595,2.49673,0.29380
00007596,0.28776,0.02236
00007597,2.25782,0.35480
00007598,0.35813,0.03047
00007599,0.27041,0.02177
00007600,0.43415,0.02426
00007601,0.49792,0.03590
00007602,0.38246,0.02617
00007603,0.69886,0.04655
00007604,1.39428,0.20445
00007605,0.70738,0.04912
00007606,0.49330,0.03405
00007607,0.37817,0.02792
00007608,2.85764,0.51271
00007609,0.50399,0.03228
00007610,1.64049,0.16085
00007611,0.79061,0.04428
00007612,0.36087,0.02188
00007613,0.48739,0.02980
00007614,1.03331,0.09553
00007615,0.42125,0.03108
00007616,1.79998,0.16360
00007617,0.82794,0.04859
00007618,0.18007,0.02983
00007619,1.39207,0.10762
00007620,0.49767,0.02411
00007621,0.38482,0.03641
00007622,0.47260,0.03092
00007623,0.51691,0.03669
00007624,1.21048,0.10063
00007625,1.05860,0.11253
00007626,0.63889,0.03477
00007627,0.47499,0.02781
00007628,0.69667,0.04503
00007629,0.55087,0.03239
00007630,1.63651,0.17266
00007631,0.66324,0.04820
00007632,1.91262,0.17839
00007633,0.42137,0.02678
00007634,0.33509,0.02902
00007635,0.21199,0.02328
00007636,0.76573,0.05325
00007637,1.34371,0.11489
00007638,0.49402,0.03099
00007639,0.74279,0.03911
00007640,0.28945,0.02219
00007641,0.69755,0.04426
00007642,0.80354,0.05701
00007643,0.34904,0.02648
00007644,0.18519,0.01758
00007645,0.60125,0.03972
00007646,0.33035,0.02056
00007647,0.57823,0.03451
00007648,0.33843,0.03308
00007649,0.25963,0.02233
00007650,1.47190,0.13912
00007651,0.85827,0.05368
00007652,1.08639,0.07051
00007653,0.27469,0.03679
00007654,0.41572,0.02264
00007655,0.91819,0.34993
00007656,0.73629,0.04760
00007657,0.24841,0.02208
00007658,0.51500,0.04544
00007659,1.07279,0.08940
00007660,0.66375,0.04140
00007661,0.51483,0.03023
00007662,2.65980,0.25062
00007663,0.28903,0.02642
00007664,1.73633,0.15195
00007665,0.72409,0.05185
00007666,0.68494,0.03548
00007667,0.32690,0.02911
00007668,0.68629,0.04294
00007669,0.51893,0.02531
00007670,0.68423,0.04293
00007671,1.18386,0.07739
00007672,0.61712,0.02952
00007673,0.84225,0.10687
00007674,1.07563,0.06521
00007675,0.36963,0.02930
00007676,1.53697,0.12501
00007677,0.22659,0.01989
00007678,0.41984,0.02870
00007679,0.40041,0.02158
00007680,0.47518,0.02435
00007681,0.22889,0.02249
00007682,0.86128,0.08360
00007683,0.28097,0.02474
00007684,2.09780,0.19026
00007685,0.44673,0.03068
00007686,0.41813,0.11795
00007687,0.69850,0.04593
00007688,0.49851,0.02466
00007689,0.55815,0.03765
00007690,1.12211,0.07709
00007691,0.57835,0.03848
00007692,0.60478,0.38389
00007693,0.57767,0.03392
00007694,0.95796,0.07213
00007695,0.90707,0.06077
00007696,0.61246,0.03155
00007697,0.96981,0.09348
00007698,2.78513,0.31566
00007699,0.42946,0.02599
00007700,0.19652,0.01900
00007701,2.06032,0.18856
00007702,0.57513,0.04380
00007703,0.56106,0.04006
00007704,1.09540,0.07192
00007705,0.73814,0.09326
00007706,1.08057,0.07728
00007707,0.71750,0.03849
00007708,0.91267,0.07086
00007709,1.41889,0.11510
00007710,0.39170,0.02636
00007711,0.85635,0.05701
00007712,0.27885,0.02263
00007713,0.84617,0.07417
00007714,1.22405,0.09980
00007715,0.99895,0.09471
00007716,0.70592,0.05003
00007717,0.41258,0.02555
00007718,1.12380,0.10489
00007719,0.61660,0.03428
00007720,0.19523,0.01820
00007721,0.26913,0.02445
00007722,0.69000,0.03375
00007723,0.59224,0.03278
00007724,0.58049,0.03155
00007725,0.45273,0.02406
00007726,1.36339,0.14096
00007727,0.68819,0.04406
00007728,1.45629,0.11015
00007729,1.00063,0.08000
00007730,1.32333,0.13714
00007731,1.93603,0.15034
00007732,0.61074,0.03841
00007733,1.57994,0.19519
00007734,1.35476,0.11458
00007735,1.56116,0.12376
00007736,1.18080,0.07484
00007737,1.85144,0.18490
00007738,0.74893,0.05532
00007739,0.41204,0.03766
00007740,0.36627,0.04285
00007741,1.00067,0.06382
00007742,0.52904,0.03058
00007743,1.07700,0.08703
00007744,0.21821,0.02747
00007746,1.28524,0.10590
00007747,1.70717,0.16125
00007748,0.76146,0.05728
00007749,0.49224,0.02822
00007750,1.11329,0.07706
00007751,0.51394,0.03242
00007752,0.50047,0.03015
00007753,0.56628,0.05328
00007754,0.57790,0.05567
00007755,0.56774,0.03008
00007756,0.58550,0.03459
00007757,0.60116,0.03908
00007758,0.59685,0.03586
00007759,0.85221,0.05570
00007760,0.57420,0.03252
00007761,0.73895,0.05284
00007762,0.63946,0.08817
00007763,0.73978,0.05758
00007764,0.21157,0.02072
00007765,0.87470,0.06084
00007766,1.28950,0.13084
00007767,0.42046,0.02690
00007768,2.21364,0.24580
00007769,0.28772,0.10013
00007770,0.91791,0.13763
00007771,2.09713,0.28265
00007772,0.79374,0.09188
00007773,0.23307,0.01895
00007774,0.67249,0.04546
00007775,0.55461,0.04856
00007776,0.53912,0.03149
00007777,0.81131,0.05321
00007778,0.76393,0.04263
00007779,0.96710,0.08987
00007780,0.37004,0.02287
00007781,2.09945,0.24711
00007782,0.38230,0.02314
00007783,0.39721,0.04579
00007784,0.52754,0.03532
00007785,0.53042,0.02721
00007786,2.89959,0.32897
00007787,0.77214,0.07000
00007788,0.52230,0.02514
00007789,0.51142,0.03057
00007790,0.71536,0.06377
00007791,0.91480,0.08449
00007792,0.36464,0.02249
00007793,0.80812,0.26249
00007794,1.05690,0.10428
00007795,0.67794,0.04056
00007796,0.63066,0.03576
00007797,0.44478,0.02865
00007798,0.99728,0.11663
00007799,0.20298,0.02860
00007800,1.86459,0.16870
00007801,1.18686,0.08647
00007802,0.92594,0.05538
00007803,2.10017,0.33193
00007804,0.93821,0.06566
00007805,0.27350,0.02021
00007806,0.59785,0.03606
00007807,0.69467,0.03356
00007808,0.41674,0.02850
00007809,0.35915,0.02023
00007810,0.50837,0.02816
00007811,0.55445,0.03457
00007812,0.57863,0.03587
00007813,0.47636,0.04345
00007814,0.63823,0.03711
00007815,2.70012,0.26145
00007816,0.66512,0.03490
00007817,0.33692,0.02510
00007818,0.71040,0.03830
00007819,1.32878,0.10802
00007820,0.52059,0.03153
00007821,0.27313,0.03594
00007822,0.50436,0.04166
00007823,0.55397,0.03362
00007824,0.73057,0.06311
00007825,0.41163,0.03297
00007826,0.68102,0.04238
00007827,0.60252,0.03684
00007828,0.36432,0.06966
00007829,1.02838,0.05919
00007830,0.51095,0.04178
00007831,0.53021,0.02699
00007832,0.25698,0.02294
00007834,0.26938,0.03018
00007835,1.02120,0.08171
00007836,0.72799,0.07186
00007837,0.62378,0.03169
00007838,0.43126,0.02964
00007839,0.25189,0.02392
00007840,0.52528,0.02654
00007841,0.30009,0.02178
00007842,0.38159,0.03150
00007843,0.83507,0.05477
00007844,2.16357,0.28224
00007845,0.44994,0.03386
00007846,1.16463,0.09948
00007847,0.27085,0.02992
00007848,0.22754,0.01942
00007849,0.26361,0.02423
00007850,0.64171,0.05423
00007851,0.81200,0.05768
00007852,1.04691,0.07945
00007853,0.48948,0.03399
00007854,1.70138,0.14211
00007855,0.90294,0.09850
00007856,0.64309,0.04002
00007857,0.84115,0.04524
00007858,0.33651,0.02718
00007859,0.49397,0.03510
00007860,0.64493,0.04297
00007861,1.21059,0.11867
00007862,0.58090,0.03546
00007863,1.01498,0.06216
00007864,0.47021,0.03510
00007865,0.47081,0.03618
00007866,0.96034,0.08256
00007867,1.29886,0.10429
00007868,0.84657,0.07246
00007869,0.44848,0.02975
00007870,0.37807,0.02179
00007871,0.53822,0.03487
00007872,0.53436,0.03025
00007873,0.50418,0.03135
00007874,0.50609,0.04502
00007875,0.53080,0.03016
00007876,0.65171,0.04709
00007877,0.61562,0.04331
00007878,0.58446,0.03420
00007879,0.37845,0.01989
00007880,0.78099,0.05695
00007881,0.42942,0.02535
00007882,0.55416,0.05916
00007883,0.90656,0.05297
00007884,0.69555,0.04869
00007885,0.77930,0.07088
00007886,2.07653,0.18311
00007887,1.32606,0.11467
00007888,0.76516,0.05977
00007889,0.86802,0.05915
00007890,0.56977,0.02850
00007891,0.36223,0.03781
00007892,0.62824,0.03765
00007893,0.51265,0.04459
00007894,0.77638,0.05696
00007895,1.14147,0.10311
00007896,1.30166,0.10342
00007897,0.34815,0.02337
00007898,1.93922,0.18086
00007899,0.60054,0.03403
00007900,0.27136,0.02272
00007901,0.50772,0.02540
00007902,0.74131,0.05950
00007903,0.41391,0.02659
00007904,0.75401,0.04844
00007905,0.31530,0.02710
00007906,0.47934,0.03981
00007907,0.65396,0.03940
00007908,1.35299,0.16513
00007909,0.56515,0.03215
00007910,0.79995,0.06092
00007911,0.75907,0.06133
00007912,0.63336,0.04346
00007913,0.17850,0.01877
00007914,0.25208,0.02195
00007915,0.22762,0.01980
00007916,0.73538,0.04886
00007917,1.17594,0.14891
00007918,0.71143,0.04001
00007919,0.40985,0.02651
00007920,0.53307,0.03466
00007921,2.02194,0.18742
00007922,2.83545,0.34816
00007923,1.52142,0.18095
00007924,0.70474,0.03642
00007925,0.67712,0.03993
00007926,0.53397,0.03790
00007927,2.79811,0.40391
00007928,0.93857,0.06159
00007929,0.49804,0.02613
00007930,0.48875,0.03146
00007931,0.38341,0.02122
00007932,0.43043,0.04236
00007933,0.39291,0.02204
00007934,0.81401,0.05625
00007935,0.39315,0.03312
00007936,1.52156,0.18001
00007937,1.21810,0.08683
00007938,0.62787,0.03285
00007939,0.43370,0.02769
00007940,1.13662,0.08670
00007941,0.41266,0.03712
00007942,0.78628,0.05318
00007943,0.24304,0.02361
00007944,0.71000,0.05568
00007945,0.44040,0.02741
00007946,0.47865,0.02957
00007947,0.66976,0.04045
00007948,0.67512,0.03724
00007949,0.27242,0.02859
00007950,0.54454,0.03260
00007951,0.98008,0.05841
00007952,0.89720,0.10719
00007953,0.37529,0.02312
00007954,1.06795,0.06882
00007955,0.90213,0.08547
00007956,0.40061,0.02701
00007957,0.61559,0.08205
00007958,1.13490,0.07425
00007959,0.88892,0.07545
00007960,0.39530,0.03017
00007961,1.46509,0.12750
00007962,0.32998,0.06417
00007963,0.74894,0.04979
00007964,0.73867,0.05286
00007965,0.46447,0.02584
00007966,0.40596,0.02906
00007967,1.53639,0.21204
00007968,0.42725,0.03234
00007969,0.48048,0.04024
00007970,0.83913,0.08057
00007971,0.43982,0.02451
00007972,0.60113,0.05154
00007973,0.45565,0.04860
00007974,0.21727,0.07123
00007975,1.57629,0.12404
00007976,0.35594,0.02816
00007977,1.33297,0.10655
00007978,0.60019,0.04002
00007979,0.54051,0.03441
00007980,0.78607,0.04767
00007981,1.32075,0.09884
00007982,0.27530,0.03004
00007983,0.43467,0.03000
00007984,0.56506,0.03003
00007985,0.69684,0.04543
00007986,0.77843,0.04798
00007987,1.22681,0.09133
00007988,0.82478,0.06000
00007989,0.86126,0.05228
00007990,0.63522,0.04092
00007991,0.86005,0.05554
00007992,0.56603,0.05024
00007993,0.32158,0.02286
00007994,0.99694,0.06878
00007995,0.72920,0.04067
00007996,0.38526,0.02932
00007997,0.41013,0.02575
00007998,1.63816,0.18711
00007999,0.75577,0.10086
00008000,0.63292,0.03384
00008001,0.44014,0.02259
00008002,0.50304,0.04060
00008003,0.62091,0.04984
00008004,1.13772,0.08263
00008005,1.21356,0.14452
00008006,1.07170,0.08707
00008007,0.37166,0.03139
00008008,1.14214,0.08163
00008009,0.75564,0.04221
00008010,0.87081,0.07875
00008011,0.84633,0.06118
00008012,0.87889,0.08530
00008013,0.82764,0.08533
00008014,0.68911,0.04865
00008015,0.55250,0.05139
00008016,0.69199,0.04740
00008017,0.50496,0.03929
00008018,0.29733,0.01833
00008019,0.40186,0.02051
00008020,0.49873,0.03342
00008021,1.12613,0.17853
00008022,0.66081,0.03296
00008023,0.29947,0.02341
00008024,0.50445,0.02449
00008025,0.32905,0.02608
00008026,0.56400,0.03957
00008027,0.43340,0.03122
00008028,1.59955,0.13750
00008029,0.47320,0.02788
00008030,0.81703,0.04591
00008031,0.21612,0.02743
00008032,0.72530,0.03530
00008033,0.44465,0.02730
00008034,0.48743,0.02474
00008035,0.52011,0.05682
00008036,0.25513,0.02592
00008037,0.34561,0.02407
00008038,2.20619,0.23430
00008039,0.87179,0.05447
00008040,0.53953,0.03987
00008041,0.53325,0.02882
00008042,0.48062,0.03170
00008043,0.59356,0.03237
00008044,0.36799,0.02761
00008045,0.95857,0.07498
00008046,0.64883,0.04628
00008047,0.59475,0.03249
00008048,0.86416,0.06775
00008049,0.92603,0.05917
00008050,1.26593,0.10112
00008051,0.44102,0.03174
00008052,0.37561,0.02763
00008053,1.21304,0.08384
00008054,0.97024,0.06214
00008055,1.32189,0.11007
00008056,1.29613,0.09325
00008057,0.66067,0.04540
00008058,0.42897,0.03570
00008059,0.87038,0.18300
00008060,0.86640,0.06736
00008061,0.31219,0.02558
00008062,0.49922,0.02553
00008063,2.64738,0.25076
00008064,0.68900,0.05771
00008065,0.34764,0.03256
00008066,0.28858,0.02316
00008067,0.90078,0.08115
00008068,0.61727,0.02761
00008069,1.62444,0.19678
00008070,0.65781,0.04103
00008071,0.70472,0.05964
00008072,1.38033,0.11737
00008073,1.70311,0.25075
00008074,3.38537,0.41338
00008075,0.39118,0.02347
00008076,0.63616,0.04305
00008077,0.70737,0.04867
00008078,0.75543,0.05238
00008079,0.64040,0.05520
00008080,0.52647,0.03596
00008081,0.45664,0.05829
00008082,0.29585,0.02128
00008083,0.34642,0.01910
00008084,0.79477,0.04045
00008085,0.41473,0.03087
00008086,0.47462,0.02562
00008087,0.75747,0.03691
00008088,0.63752,0.03728
00008089,0.59832,0.06554
00008090,0.36663,0.02846
00008091,0.61838,0.04111
00008092,0.54111,0.03075
00008093,0.21739,0.04100
00008094,0.57863,0.03874
00008095,0.34794,0.03229
00008096,1.03257,0.10459
00008097,1.06492,0.09743
00008098,0.95052,0.06609
00008099,1.50238,0.11243
00008100,0.95965,0.05830
00008101,0.46085,0.02739
00008102,0.78627,0.05019
00008103,0.39803,0.02352
00008104,0.36870,0.03437
00008105,0.22863,0.02094
00008106,0.39341,0.03311
00008107,1.13857,0.07394
00008108,0.38499,0.02170
00008109,1.18523,0.07715
00008110,0.39920,0.02986
00008111,0.35735,0.04104
00008112,1.00008,0.15788
00008113,0.62812,0.05108
00008114,0.52831,0.03402
00008115,0.47995,0.07306
00008116,0.24772,0.09218
00008117,0.45418,0.05080
00008118,0.38954,0.02177
00008119,0.30882,0.02341
00008120,0.89760,0.06660
00008121,0.47266,0.02921
00008122,0.24020,0.02011
00008123,0.66518,0.05852
00008124,0.56102,0.03134
00008125,2.37361,0.26192
00008126,0.41233,0.02486
00008127,0.57909,0.04444
00008128,1.05279,0.06833
00008129,1.21454,0.10363
00008130,0.60583,0.02851
00008131,0.66176,0.03502
00008132,0.66709,0.03493
00008133,0.89659,0.09390
00008134,0.75308,0.04572
00008135,2.53638,0.34247
00008136,0.38393,0.02770
00008137,1.64299,0.13984
00008138,0.45796,0.04547
00008139,1.00484,0.06561
00008140,1.29882,0.08859
00008141,0.52803,0.03017
00008142,0.32841,0.02007
00008143,0.41188,0.02058
00008144,0.21110,0.01993
00008145,0.70387,0.04352
00008146,0.79040,0.05299
00008147,0.33089,0.02172
00008148,0.31291,0.03908
00008149,0.50218,0.06703
00008150,2.40741,0.27263
00008151,0.48279,0.03256
00008152,0.59401,0.03176
00008153,0.91249,0.07971
00008154,0.41128,0.02862
00008155,0.98000,0.05602
00008156,0.47212,0.02885
00008157,0.49114,0.03119
00008158,0.47523,0.06580
00008159,0.69014,0.26366
00008160,0.62365,0.07134
00008161,0.26191,0.02290
00008162,0.78510,0.04779
00008163,0.49333,0.03354
00008164,0.22160,0.02276
00008165,0.51260,0.02813
00008166,0.80086,0.04924
00008167,0.60010,0.05363
00008168,0.72596,0.05928
00008169,1.19801,0.10988
00008170,0.50525,0.03947
00008171,1.22507,0.08223
00008172,0.49446,0.03745
00008173,0.90307,0.06013
00008174,1.56940,0.20261
00008175,0.89624,0.16014
00008176,0.64679,0.04274
00008177,0.90644,0.09714
00008178,0.86959,0.05784
00008179,0.43015,0.03700
00008180,1.62604,0.14051
00008181,0.40054,0.02516
00008182,0.52134,0.03449
00008183,1.09269,0.08938
00008184,1.00131,0.08524
00008185,0.58326,0.03911
00008186,0.92203,0.05602
00008187,0.29130,0.02054
00008188,0.94851,0.09501
00008189,1.96917,0.18506
00008190,3.51024,0.48310
00008191,0.63024,0.05490
00008192,0.56224,0.04591
00008193,0.74617,0.04116
00008194,0.36970,0.02393
00008195,2.31494,0.21565
00008196,0.78098,0.07168
00008197,1.05297,0.10086
00008198,0.33701,0.03970
00008199,0.85523,0.06197
00008200,2.74214,0.29247
00008201,0.96562,0.08345
00008202,0.44818,0.02458
00008203,0.66331,0.04686
00008204,0.58805,0.03892
00008205,0.54453,0.03547
00008206,0.82586,0.04862
00008207,0.83031,0.06836
00008208,0.53358,0.03507
00008209,0.34624,0.02364
00008210,0.33266,0.02337
00008211,0.87414,0.06548
00008212,0.54022,0.02471
00008213,1.02113,0.07378
00008214,0.50481,0.02672
00008215,0.65305,0.05167
00008216,0.42127,0.02505
00008217,0.75278,0.05876
00008218,0.66429,0.03426
00008219,1.30138,0.11157
00008220,1.77413,0.16504
00008221,0.41177,0.03155
00008222,0.26753,0.02179
00008223,0.81541,0.04335
00008224,0.23527,0.02280
00008225,0.89919,0.06140
00008226,1.18330,0.08209
00008227,0.29908,0.02852
00008228,0.82634,0.05532
00008229,0.41674,0.02460
00008230,0.36920,0.02854
00008231,0.48317,0.02511
00008232,0.35753,0.02072
00008233,0.39125,0.02782
00008234,0.20689,0.02376
00008235,1.11700,0.10569
00008236,0.45366,0.03432
00008237,0.32598,0.02199
00008238,0.54644,0.04176
00008239,0.38130,0.02551
00008240,0.46414,0.03423
00008241,0.65944,0.04166
00008242,0.80541,0.04208
00008243,0.31245,0.02611
00008244,0.99186,0.06788
00008245,0.35527,0.02805
00008246,0.42531,0.02829
00008247,0.47088,0.05138
00008248,0.65821,0.03685
00008249,0.60085,0.03579
00008250,0.28129,0.02190
00008251,0.29000,0.02322
00008252,1.65750,0.17107
00008253,0.78839,0.04422
00008254,0.46502,0.04039
00008255,0.39369,0.02384
00008256,0.46821,0.02489
00008257,0.73568,0.04621
00008258,1.76565,0.23250
00008259,0.57249,0.03794
00008260,0.36956,0.02165
00008261,0.64518,0.03615
00008262,0.91848,0.09164
00008263,0.55258,0.04986
00008264,0.43697,0.02830
00008265,0.91021,0.05514
00008266,0.79805,0.06082
00008267,0.37862,0.02918
00008268,0.67350,0.05778
00008269,0.70238,0.04649
00008270,0.70513,0.03965
00008271,0.71801,0.03595
00008272,0.59872,0.03859
00008273,0.45953,0.04295
00008274,0.55440,0.03335
00008275,0.83180,0.06396
00008276,0.67385,0.03997
00008277,0.25281,0.07355
00008278,2.62512,0.25521
00008279,1.62370,0.15767
00008280,0.41382,0.02097
00008281,0.86662,0.05143
00008282,0.48427,0.03278
00008283,1.65541,0.15039
00008284,0.95364,0.05568
00008285,0.30245,0.02680
00008286,0.45033,0.02208
00008287,0.78045,0.04521
00008288,0.69152,0.03334
00008289,1.00234,0.09457
00008290,1.78656,0.15663
00008291,0.53337,0.04215
00008292,0.47282,0.02563
00008293,0.70764,0.03634
00008294,0.85699,0.05059
00008295,1.28692,0.10208
00008296,1.24259,0.09990
00008297,0.21921,0.02361
00008298,1.16051,0.07555
00008299,1.72005,0.20157
00008300,0.52628,0.03204
00008301,0.51646,0.02846
00008302,0.24344,0.01984
00008303,0.26752,0.02446
00008304,0.72304,0.05595
00008305,0.64337,0.03643
00008306,0.72289,0.06149
00008307,0.33807,0.02471
00008308,0.41336,0.02440
00008309,0.29771,0.01989
00008310,2.44745,0.27934
00008311,0.63035,0.03993
00008312,0.54137,0.04297
00008313,0.96019,0.06773
00008314,0.75416,0.06138
00008315,0.32203,0.08244
00008316,0.38674,0.03424
00008317,0.97423,0.06197
00008318,1.25111,0.09231
00008319,0.53385,0.03433
00008320,0.45823,0.02365
00008321,1.74696,0.16544
00008322,0.44844,0.03238
00008323,1.90458,0.26389
00008324,0.52378,0.02719
00008325,0.29399,0.02108
00008326,0.83935,0.06062
00008327,0.64696,0.05605
00008328,1.09912,0.11375
00008329,0.24301,0.02109
00008330,1.00840,0.07589
00008331,0.40646,0.05092
00008332,1.21681,0.08613
00008333,0.83543,0.05363
00008334,0.28873,0.01878
00008335,1.66763,0.13982
00008336,0.76891,0.04108
00008337,0.51489,0.02517
00008338,0.48608,0.03970
00008339,2.97556,0.45018
00008340,0.46495,0.02484
00008341,0.23372,0.02653
00008342,1.06489,0.11778
00008343,1.39693,0.12425
00008344,0.43644,0.02254
00008345,0.58119,0.03024
00008346,0.69150,0.05932
00008347,0.91609,0.06809
00008348,0.43158,0.19825
00008349,0.43141,0.02184
00008350,1.14585,0.07756
00008351,0.54964,0.04655
00008352,0.48035,0.02869
00008353,1.36462,0.10726
00008354,1.49157,0.21096
00008355,0.36344,0.03004
00008356,0.37245,0.01899
00008357,0.89080,0.04914
00008358,0.79779,0.04761
00008359,0.80670,0.05477
00008360,1.19203,0.08029
00008361,0.32716,0.02166
00008362,0.50424,0.02838
00008363,0.75236,0.05204
00008364,0.39909,0.02113
00008365,0.42149,0.02084
00008366,0.89002,0.05465
00008367,0.64636,0.04424
00008368,0.73998,0.04336
00008369,0.62032,0.03794
00008370,1.47328,0.11295
00008371,0.63488,0.04132
00008372,0.69461,0.04931
00008373,0.43254,0.02214
00008374,0.33188,0.01924
00008375,0.42301,0.02907
00008376,0.45335,0.02400
00008377,0.47265,0.02965
00008378,0.70517,0.04145
00008379,0.28903,0.02523
00008380,0.91613,0.07038
00008381,1.28078,0.10119
00008382,0.28236,0.02261
00008383,0.72319,0.05759
00008384,0.54977,0.03810
00008385,0.55419,0.03231
00008386,0.57745,0.02862
00008387,0.58958,0.03253
00008388,0.68624,0.03497
00008389,1.22448,0.08479
00008390,0.24893,0.01782
00008391,0.30350,0.02046
00008392,0.99860,0.12387
00008393,0.23228,0.02028
00008394,1.65809,0.13455
00008395,1.43007,0.11532
00008396,0.45862,0.03066
00008397,2.02066,0.22247
00008398,1.02916,0.07013
00008399,0.57062,0.03491
00008400,1.16249,0.10806
00008401,0.81521,0.05273
00008402,1.34461,0.10930
00008403,1.65793,0.19122
00008404,0.58719,0.04378
00008405,0.63914,0.04941
00008406,0.75244,0.05876
00008407,1.02230,0.06924
00008408,0.18641,0.02051
00008409,0.44277,0.03234
00008410,1.14016,0.07859
00008411,0.36734,0.02171
00008412,0.97299,0.08821
00008413,0.69226,0.04892
00008414,0.21325,0.02061
00008415,1.68211,0.28724
00008416,0.20014,0.02134
00008417,0.92378,0.09179
00008418,0.57585,0.02909
00008419,0.39463,0.02575
00008420,0.48705,0.02342
00008421,0.72207,0.04156
00008422,0.29782,0.02380
00008423,0.31994,0.02406
00008424,0.97147,0.06828
00008425,1.71608,0.15024
00008426,0.48714,0.03346
00008427,1.68398,0.17207
00008428,0.47276,0.03205
00008429,0.60125,0.04817
00008430,0.32291,0.02394
00008431,0.40494,0.03094
00008432,0.41139,0.02421
00008433,0.41840,0.03326
00008434,1.38406,0.16193
00008435,0.32200,0.01990
00008436,0.59683,0.02853
00008437,0.50891,0.03974
00008438,0.50899,0.02571
00008439,1.24669,0.10614
00008440,0.29788,0.02268
00008441,1.66674,0.13261
00008442,0.32723,0.02031
00008443,0.19852,0.02091
00008444,0.80314,0.06415
00008445,0.51389,0.04248
00008446,1.11274,0.07482
00008447,0.26325,0.01959
00008448,0.24210,0.02023
00008449,0.22930,0.01958
00008450,0.89843,0.12169
00008451,0.87750,0.05416
00008452,0.28088,0.02755
00008453,0.92879,0.05603
00008454,2.07552,0.22463
00008455,0.52786,0.02607
00008456,0.69209,0.06840
00008457,0.48947,0.03263
00008458,1.56101,0.15551
00008459,0.56302,0.03266
00008460,0.96394,0.09224
00008461,0.31432,0.02963
00008462,0.37775,0.02754
00008463,0.29899,0.01925
00008464,0.30560,0.01955
00008465,0.82172,0.06436
00008466,0.58492,0.12313
00008467,0.68005,0.03356
00008468,0.70715,0.04151
00008469,0.82279,0.06710
00008470,0.58496,0.03072
00008471,0.84405,0.05960
00008472,0.52691,0.05397
00008473,0.86974,0.05855
00008474,0.37153,0.02007
00008475,0.44015,0.02282
00008476,0.62293,0.03122
00008477,0.45991,0.02929
00008478,0.41040,0.02650
00008479,0.80885,0.04452
00008480,0.38405,0.02741
00008481,0.59950,0.04006
00008482,0.44222,0.03139
00008483,0.83824,0.05990
00008484,2.13809,0.19565
00008485,0.84396,0.05741
00008486,0.27830,0.02335
00008487,0.93567,0.05699
00008488,0.33366,0.02358
00008489,0.33656,0.09955
00008490,0.29326,0.14698
00008491,0.47483,0.03158
00008492,1.00654,0.08345
00008493,0.72744,0.04421
00008494,1.05873,0.07202
00008495,0.39068,0.02160
00008496,0.62908,0.03667
00008497,0.38901,0.03204
00008498,0.89438,0.05791
00008499,1.72975,0.12735
00008500,1.38615,0.12290
00008501,0.74826,0.05001
00008502,0.54556,0.02586
00008503,0.48253,0.17022
00008504,0.33718,0.02462
00008505,0.52735,0.03653
00008506,0.89319,0.06871
00008507,0.37012,0.03165
00008508,0.41095,0.02663
00008509,0.64814,0.05054
00008510,0.36939,0.02766
00008511,0.61818,0.06650
00008512,0.67630,0.06079
00008513,0.47891,0.07417
00008514,0.64715,0.04378
00008515,0.89762,0.09485
00008516,0.94351,0.05459
00008517,2.28120,0.24594
00008518,2.67122,0.44928
00008519,0.48252,0.02434
00008520,1.19943,0.11156
00008521,0.32387,0.02121
00008522,0.57308,0.03131
00008523,1.76682,0.16003
00008524,1.22146,0.12639
00008525,0.45487,0.02528
00008526,0.59585,0.04107
00008527,0.62626,0.03221
00008528,1.04904,0.07011
00008529,0.26751,0.02529
00008530,0.60853,0.04404
00008531,0.73394,0.03991
00008532,1.04512,0.12127
00008533,0.51172,0.03669
00008534,0.51707,0.03496
00008535,0.33196,0.02662
00008536,0.62052,0.03582
00008537,0.73809,0.04767
00008538,0.56400,0.04295
00008539,0.44343,0.04311
00008540,0.68577,0.03615
00008541,0.78946,0.04637
00008542,0.66811,0.05627
00008543,0.99900,0.08110
00008544,0.52802,0.05412
00008545,0.97767,0.06756
00008546,0.22027,0.02021
00008547,1.80720,0.61056
00008548,0.90849,0.05319
00008549,0.37003,0.02063
00008550,0.56420,0.02797
00008551,0.51702,0.03896
00008552,0.80474,0.05082
00008553,1.61748,0.13359
00008554,1.55562,0.11539
00008555,0.51144,0.03210
00008556,0.27899,0.02025
00008557,0.87187,0.05473
00008558,1.16371,0.08891
00008559,1.85782,0.16876
00008560,2.62248,0.26481
00008561,0.21051,0.02851
00008562,0.48963,0.03478
00008563,0.57755,0.03539
00008564,0.49802,0.02413
00008565,1.45801,0.13961
00008566,1.36090,0.09495
00008567,0.46779,0.02179
00008568,0.63258,0.03987
00008569,0.26012,0.03191
00008570,0.88234,0.06103
00008571,0.59234,0.03600
00008572,0.28298,0.02908
00008573,0.68730,0.05296
00008574,0.65339,0.03750
00008575,0.97929,0.08092
00008576,0.54023,0.04049
00008577,0.93646,0.07961
00008578,0.58184,0.04147
00008579,1.29234,0.11141
00008580,0.59267,0.03243
00008581,0.73968,0.04837
00008582,0.87918,0.05895
00008583,0.65946,0.04514
00008584,1.35677,0.09711
00008585,0.59983,0.03061
00008586,0.90044,0.05483
00008587,0.61562,0.04058
00008588,0.44124,0.03035
00008589,0.25719,0.02205
00008590,0.60362,0.03492
00008591,0.35701,0.02379
00008592,1.32187,0.09339
00008593,0.41918,0.03027
00008594,1.22560,0.10528
00008595,0.45770,0.03264
00008596,0.92453,0.06812
00008597,1.55400,0.11235
00008598,0.82394,0.05000
00008599,1.27062,0.08362
00008600,1.18624,0.07877
00008601,1.55342,0.11322
00008602,0.41646,0.03182
00008603,0.82483,0.04343
00008604,0.62031,0.02872
00008605,0.25095,0.02462
00008606,1.37698,0.10417
00008607,0.45071,0.03516
00008608,0.30839,0.02485
00008609,0.95598,0.06590
00008610,0.88672,0.05501
00008611,0.56858,0.04000
00008612,0.42393,0.02351
00008613,0.28094,0.01938
00008614,0.57013,0.03352
00008615,0.46257,0.02692
00008616,0.53256,0.03205
00008617,0.89068,0.05644
00008618,0.59625,0.03780
00008619,1.21970,0.12224
00008620,0.35869,0.03119
00008621,0.25785,0.02778
00008622,0.46550,0.02454
00008623,0.54957,0.02771
00008624,1.31005,0.09905
00008625,0.28137,0.02568
00008626,1.04680,0.06936
00008627,0.36659,0.02883
00008628,1.80821,0.14172
00008629,0.63752,0.05008
00008630,0.51470,0.04922
00008631,2.13246,0.25490
00008632,0.58338,0.03565
00008633,0.41605,0.02666
00008634,0.52359,0.02844
00008635,1.82214,0.17024
00008636,0.40704,0.02832
00008637,0.98249,0.38275
00008638,0.81458,0.05784
00008639,1.12301,0.14833
00008640,0.51424,0.02727
00008641,1.20170,0.11221
00008642,2.07506,0.18394
00008643,0.92294,0.06554
00008644,0.25843,0.02877
00008645,0.87678,0.06274
00008646,0.28887,0.02048
00008647,0.34531,0.01992
00008648,0.47640,0.02488
00008649,0.63195,0.06170
00008650,0.51448,0.02809
00008651,2.04992,0.17679
00008652,0.49988,0.03397
00008653,0.46902,0.03081
00008654,0.54936,0.04009
00008655,0.41933,0.03324
00008656,1.00482,0.20146
00008657,0.37315,0.02091
00008658,1.32390,0.09556
00008659,1.57254,0.13607
00008660,0.79268,0.15636
00008661,0.75716,0.05107
00008662,0.80238,0.05132
00008663,1.19892,0.08450
00008664,0.90045,0.05510
00008665,0.35472,0.02067
00008666,0.42046,0.02349
00008667,1.19130,0.08447
00008668,0.90222,0.09400
00008669,1.79747,0.39031
00008670,0.57512,0.05083
00008671,0.27722,0.02614
00008672,0.74940,0.06318
00008673,0.42233,0.02447
00008674,0.99503,0.08503
00008675,2.13326,0.20166
00008676,0.87091,0.08022
00008678,0.70695,0.03537
00008679,1.11017,0.09787
00008680,1.31274,0.11029
00008681,0.95138,0.06853
00008682,0.75677,0.04418
00008683,1.08206,0.07523
00008684,0.70178,0.04437
00008685,2.27043,0.26186
00008686,0.85928,0.06178
00008687,0.70516,0.04823
00008688,1.39378,0.11240
00008689,0.67287,0.03734
00008690,0.78726,0.04782
00008691,0.30999,0.02624
00008692,0.63030,0.03714
00008693,0.50837,0.04802
00008694,0.33003,0.02020
00008695,0.72426,0.05628
00008696,0.84532,0.04746
00008697,0.62904,0.04552
00008698,0.60568,0.03199
00008699,0.33704,0.02693
00008700,0.68194,0.04575
00008701,0.66082,0.05002
00008702,0.71002,0.04345
00008703,0.43124,0.02721
00008704,0.28695,0.01886
00008705,0.84477,0.05922
00008706,0.28933,0.02086
00008707,1.03925,0.09271
00008708,0.88402,0.06229
00008709,0.57557,0.03958
00008710,0.80595,0.07198
00008711,0.34999,0.02126
00008712,0.66260,0.06757
00008713,1.70907,0.16254
00008714,0.36605,0.02419
00008715,0.35025,0.02658
00008716,0.61967,0.02975
00008717,1.91077,0.18116
00008718,0.20301,0.02162
00008719,0.69147,0.44749
00008720,0.63748,0.04555
00008721,1.42570,0.18123
00008722,0.57506,0.03560
00008723,0.20302,0.02362
00008724,0.71938,0.04795
00008725,0.50854,0.03342
00008726,1.25062,0.07995
00008727,1.47020,0.12516
00008728,0.52828,0.04110
00008729,0.33508,0.01935
00008730,1.55248,0.11750
00008731,0.58851,0.02778
00008732,0.24981,0.01897
00008733,0.51159,0.04392
00008734,0.48944,0.08677
00008735,0.22673,0.02119
00008736,0.30997,0.01976
00008737,1.42944,0.19538
00008738,0.90055,0.07033
00008739,1.29218,0.11149
00008740,0.26433,0.01990
00008741,0.29743,0.02167
00008742,0.37750,0.02146
00008743,0.50696,0.03817
00008744,1.46292,0.14656
00008745,1.04276,0.06682
00008746,0.25348,0.01866
00008747,1.45896,0.09983
00008748,0.46464,0.02774
00008749,0.50703,0.03946
00008750,0.73657,0.04391
00008751,0.87537,0.04857
00008752,0.85937,0.05136
00008753,0.20864,0.01968
00008755,0.77883,0.04749
00008756,0.38700,0.02737
00008757,0.72792,0.04600
00008758,0.51876,0.03136
00008759,0.59230,0.05194
00008760,1.04756,0.07513
00008761,0.89215,0.05503
00008762,0.66929,0.04967
00008763,0.49328,0.02651
00008764,0.23049,0.02043
00008765,0.56641,0.05192
00008766,0.24650,0.02156
00008767,0.53369,0.05072
00008768,0.59454,0.03590
00008769,0.27375,0.02214
00008770,0.94425,0.06150
00008771,0.57200,0.07280
00008772,1.19416,0.09486
00008773,0.41959,0.02184
00008774,1.64375,0.22474
00008775,1.13233,0.07676
00008776,0.40865,0.02866
00008777,0.94633,0.06873
00008778,1.55902,0.12202
00008779,0.40453,0.03754
00008780,0.68440,0.04649
00008781,0.65534,0.05651
00008782,0.64740,0.04209
00008783,0.99830,0.07262
00008784,0.58101,0.03300
00008785,0.62279,0.04406
00008786,2.27435,0.24982
00008787,0.88326,0.18298
00008788,0.75674,0.04512
00008789,0.65775,0.06285
00008790,0.79145,0.04220
00008791,0.90518,0.05981
00008792,0.73961,0.04340
00008793,2.05218,0.20057
00008794,0.22728,0.02364
00008795,0.68431,0.04133
00008796,1.89872,0.15533
00008797,0.50180,0.02530
00008798,0.58176,0.03396
00008799,0.71416,0.05790
00008800,1.06792,0.16454
00008801,0.82809,0.07328
00008802,1.59095,0.13263
00008803,0.52477,0.02608
00008804,0.22582,0.01927
00008805,0.68543,0.04272
00008806,1.55348,0.12615
00008807,0.31824,0.02396
00008808,0.48398,0.03134
00008809,0.86836,0.05889
00008810,0.54331,0.02900
00008811,0.53660,0.05561
00008812,1.15254,0.09138
00008813,0.61796,0.05818
00008814,0.69649,0.04694
00008815,1.21250,0.10827
00008816,0.46055,0.02730
00008817,0.45997,0.02775
00008818,0.77970,0.06128
00008819,0.73577,0.05376
00008820,0.47091,0.02713
00008821,0.66807,0.04024
00008822,0.90951,0.05764
00008823,0.45866,0.02628
00008824,0.54913,0.02658
00008825,0.45678,0.02741
00008826,0.81586,0.04042
00008827,0.49377,0.03681
00008828,0.51016,0.02629
00008829,0.35219,0.02717
00008830,0.91064,0.05410
00008831,0.54614,0.03270
00008832,0.88325,0.06331
00008833,1.09484,0.09796
00008834,0.52706,0.02426
00008835,0.57029,0.03961
00008836,0.73505,0.04118
00008837,1.06337,0.11738
00008838,0.38795,0.03281
00008839,1.75102,0.15742
00008840,0.65165,0.03509
00008841,0.83330,0.07933
00008842,1.00284,0.09498
00008843,2.55140,0.25035
00008844,0.76695,0.04652
00008845,0.28136,0.02353
00008846,0.72599,0.05482
00008847,0.81799,0.05002
00008848,0.36730,0.03354
00008849,1.38618,0.10476
00008850,0.84565,0.06017
00008851,0.34552,0.01974
00008852,0.22753,0.02340
00008853,0.38327,0.03063
00008854,0.88092,0.05375
00008855,2.31617,0.23202
00008856,0.53821,0.03037
00008857,0.76320,0.06766
00008858,0.77154,0.05999
00008859,1.87727,0.17546
00008860,0.90304,0.06053
00008861,0.54097,0.03178
00008862,1.93110,0.15526
00008863,0.67307,0.05970
00008864,1.06592,0.08943
00008865,1.72678,0.41427
00008866,0.74082,0.06604
00008867,0.53737,0.04632
00008868,0.36005,0.02863
00008869,0.61645,0.03000
00008870,0.39785,0.02588
00008871,0.26139,0.02274
00008872,0.59061,0.03660
00008873,0.98676,0.06197
00008874,0.46839,0.02553
00008875,1.00104,0.06581
00008876,0.63061,0.04538
00008877,1.25125,0.07877
00008878,0.48963,0.04635
00008879,0.74132,0.08264
00008880,1.23743,0.07605
00008881,1.63366,0.13249
00008882,0.37548,0.02003
00008883,0.28456,0.02065
00008884,1.02277,0.23862
00008885,0.88591,0.05991
00008886,0.20931,0.02934
00008887,0.70384,0.03642
00008888,1.20970,0.40033
00008889,0.88123,0.05018
00008890,1.84314,0.19868
00008891,1.21344,0.11852
00008892,0.45854,0.02784
00008893,0.52888,0.02824
00008894,0.81814,0.05663
00008895,0.58868,0.04802
00008896,0.45126,0.02731
00008897,0.80503,0.05509
00008898,1.04270,0.07549
00008899,0.63685,0.03860
00008900,1.98756,0.18914
00008901,0.48890,0.03507
00008902,0.22083,0.02375
00008903,0.50278,0.02652
00008904,0.60263,0.04225
00008905,0.36396,0.02494
00008906,0.50279,0.03309
00008907,0.99201,0.08081
00008908,0.50709,0.02571
00008909,0.52793,0.02741
00008910,0.71652,0.04606
00008911,1.35401,0.16544
00008912,0.68431,0.04508
00008913,0.32324,0.02078
00008914,0.65160,0.04590
00008915,0.33013,0.01834
00008916,0.79966,0.05338
00008917,0.44841,0.02733
00008918,0.27142,0.02267
00008919,0.65831,0.06273
00008920,0.51214,0.02960
00008921,0.69503,0.03758
00008922,1.02013,0.06815
00008923,0.74009,0.11217
00008924,0.65706,0.03733
00008925,0.51298,0.02837
00008926,0.68549,0.04722
00008927,0.80459,0.04912
00008928,1.77963,0.16764
00008929,0.18510,0.01877
00008930,0.54035,0.03022
00008931,0.29202,0.02049
00008932,1.01810,0.06767
00008933,2.15585,0.19484
00008934,0.29399,0.02051
00008935,1.95973,0.15448
00008936,0.45625,0.04350
00008937,1.34215,0.09550
00008938,0.30381,0.02616
00008939,1.17525,0.17657
00008940,0.92440,0.09819
00008941,0.70683,0.06950
00008942,0.59882,0.03554
00008943,1.08576,0.09524
00008944,0.67294,0.03736
00008945,0.57858,0.03772
00008946,0.89955,0.05569
00008947,0.42705,0.02318
00008948,1.22763,0.08637
00008949,2.30042,0.26742
00008950,0.25199,0.02174
00008951,0.24945,0.05072
00008952,0.32745,0.02253
00008953,0.94292,0.05447
00008954,2.45851,0.31287
00008955,0.74770,0.06581
00008956,1.08371,0.09745
00008957,0.48136,0.03867
00008958,0.83688,0.04848
00008959,1.69792,0.13244
00008960,0.96734,0.06682
00008961,1.40669,0.15155
00008962,0.37513,0.02372
00008963,1.35132,0.10681
00008964,0.77330,0.05298
00008965,0.95648,0.08920
00008966,0.64292,0.03593
00008967,0.65856,0.04215
00008968,0.26779,0.02531
00008969,3.15418,0.35690
00008970,0.65914,0.04247
00008971,0.30768,0.02674
00008972,1.04620,0.11309
00008973,1.09591,0.06796
00008974,0.42866,0.02223
00008975,1.59823,0.13813
00008976,0.59841,0.04049
00008977,0.47831,0.02600
00008978,0.38251,0.02994
00008979,1.37799,0.10036
00008980,0.51297,0.06221
00008981,0.66683,0.04529
00008982,0.43531,0.02529
00008983,1.47909,0.11104
00008984,1.45734,0.12049
00008985,0.46725,0.02474
00008986,0.99897,0.26487
00008987,1.05673,0.16579
00008988,0.32097,0.02759
00008989,0.52660,0.04594
00008990,1.04519,0.07026
00008991,0.72819,0.03951
00008992,0.54397,0.05990
00008993,0.62686,0.03926
00008994,0.78208,0.04690
00008995,0.49304,0.02986
00008996,0.21959,0.02698
00008997,0.44125,0.02245
00008998,0.50368,0.03155
00008999,1.33049,0.16966
00009000,1.50824,0.18253
00009001,0.27379,0.02887
00009002,0.53171,0.04865
00009003,0.35604,0.02361
00009004,0.60981,0.02962
00009005,0.44884,0.02829
00009006,1.44509,0.12138
00009007,0.60501,0.04247
00009008,0.41835,0.02919
00009009,0.56738,0.04830
00009010,0.74182,0.03755
00009011,0.56427,0.03114
00009012,0.63913,0.03796
00009013,0.70334,0.03878
00009014,0.70865,0.04393
00009015,1.14968,0.11099
00009016,0.49209,0.02615
00009017,0.75356,0.05555
00009018,0.59240,0.03167
00009019,0.56010,0.02760
00009020,0.65359,0.03521
00009021,0.43940,0.03278
00009022,0.53170,0.16828
00009023,2.11402,0.19212
00009024,0.63333,0.04030
00009025,0.66309,0.03982
00009026,0.26941,0.02177
00009027,0.56682,0.04342
00009028,0.52179,0.02533
00009029,0.74678,0.04056
00009030,0.44271,0.02450
00009031,0.89136,0.05884
00009032,0.69847,0.03392
00009033,0.47952,0.03191
00009034,0.25159,0.02160
00009035,0.42383,0.02312
00009036,1.70615,0.18474
00009037,0.43088,0.02403
00009038,0.26499,0.02022
00009039,2.54702,0.28897
00009040,1.32112,0.09263
00009041,1.29293,0.09908
00009042,0.50176,0.03699
00009043,0.43544,0.03303
00009044,0.55880,0.03427
00009045,0.72536,0.04314
00009046,0.36223,0.01967
00009047,1.04079,0.07492
00009048,0.30154,0.01968
00009049,1.18734,0.11938
00009050,0.95030,0.07351
00009051,0.46608,0.04740
00009052,2.16883,0.18998
00009053,0.96068,0.11080
00009054,0.30339,0.02573
00009055,2.10182,0.22273
00009056,0.26214,0.02009
00009057,0.76621,0.05395
00009058,0.33923,0.03043
00009059,0.64357,0.08476
00009060,0.35954,0.02652
00009061,0.88353,0.13435
00009062,1.38106,0.11659
00009063,0.43945,0.02442
00009064,0.99585,0.08831
00009065,0.86199,0.06098
00009066,0.22521,0.02052
00009067,0.48522,0.02523
00009068,1.39614,0.11824
00009069,0.25594,0.02137
00009070,0.59083,0.03069
00009071,0.26416,0.01894
00009072,0.49284,0.02698
00009073,0.73838,0.04969
00009074,2.99982,0.39389
00009075,0.77831,0.05881
00009076,0.42081,0.04198
00009077,0.38533,0.02348
00009078,0.41367,0.03266
00009079,0.70493,0.13604
00009080,0.51118,0.03249
00009081,0.71482,0.03374
00009082,0.97067,0.07364
00009083,0.60358,0.03250
00009084,0.61749,0.03616
00009085,0.74846,0.04930
00009086,0.54360,0.04119
00009087,0.53203,0.03466
00009088,1.95009,0.32965
00009089,0.59794,0.03304
00009090,0.45098,0.02738
00009091,0.47205,0.03039
00009092,0.55968,0.03122
00009093,0.58936,0.02806
00009094,2.77747,0.31517
00009095,0.42827,0.01984
00009096,0.33080,0.02543
00009097,0.71327,0.04578
00009098,1.35102,0.22245
00009099,0.46197,0.02642
00009100,1.17121,0.08728
00009101,0.36293,0.02105
00009102,0.93886,0.09250
00009103,1.91053,0.17393
00009104,0.75657,0.05674
00009105,0.48584,0.02866
00009106,0.55815,0.03399
00009107,0.69489,0.04282
00009108,0.49974,0.03547
00009109,1.03742,0.19056
00009110,0.28581,0.02073
00009111,0.66433,0.03775
00009112,0.58304,0.04876
00009113,0.82368,0.04556
00009114,1.09002,0.08499
00009115,0.49766,0.02832
00009116,0.73774,0.04578
00009117,0.79763,0.05690
00009118,0.60878,0.03541
00009119,1.36653,0.30676
00009120,0.83084,0.06615
00009121,0.30745,0.02399
00009122,0.70926,0.04351
00009123,1.18656,0.07583
00009124,0.29007,0.02219
00009125,1.15445,0.07977
00009126,0.28826,0.02447
00009127,0.66170,0.03552
00009128,0.42321,0.02458
00009129,0.79604,0.05977
00009130,0.94853,0.06026
00009131,1.74199,0.15962
00009132,1.14760,0.09761
00009133,0.84907,0.07610
00009134,0.83537,0.05334
00009135,0.34013,0.03584
00009136,1.56622,0.11054
00009137,0.33126,0.01983
00009138,1.64083,0.18756
00009139,0.51619,0.03262
00009140,0.75497,0.06900
00009141,0.75454,0.05118
00009142,0.50586,0.03131
00009143,1.88085,0.15051
00009144,0.22852,0.01985
00009145,0.38884,0.02638
00009146,1.35556,0.11153
00009147,0.36623,0.02279
00009148,0.60621,0.03523
00009149,0.24112,0.03122
00009150,0.26628,0.02912
00009151,1.25759,0.08755
00009152,0.47507,0.04449
00009153,0.28855,0.02157
00009154,0.42606,0.02625
00009155,0.61469,0.03194
00009156,1.60685,0.18344
00009157,2.30364,0.22359
00009158,0.35852,0.02639
00009159,0.33928,0.02797
00009160,0.65177,0.04266
00009161,0.80008,0.11061
00009162,0.37714,0.03652
00009163,0.82638,0.04687
00009164,0.69515,0.05085
00009165,0.55058,0.03870
00009166,1.08090,0.08686
00009167,0.60195,0.03351
00009168,0.29205,0.02190
00009169,0.79954,0.04186
00009170,0.47210,0.02598
00009171,0.51050,0.03538
00009172,0.48553,0.02586
00009173,0.29779,0.03396
00009174,0.51389,0.03594
00009175,0.33398,0.02381
00009176,0.51252,0.02664
00009177,0.95363,0.09091
00009178,0.94936,0.06032
00009179,1.09568,0.07292
00009180,0.40515,0.02522
00009181,0.81153,0.04654
00009182,1.56857,0.25378
00009183,0.30907,0.02424
00009184,0.42389,0.02195
00009185,0.50432,0.03669
00009186,0.47606,0.03554
00009187,0.98955,0.07899
00009188,0.77998,0.05272
00009189,0.39963,0.03300
00009190,2.13526,0.23012
00009191,0.94218,0.07188
00009192,0.27806,0.03251
00009193,0.58713,0.04115
00009194,1.19523,0.11202
00009195,1.10347,0.15439
00009196,1.08531,0.11330
00009197,0.77959,0.05874
00009198,0.42523,0.04011
00009199,0.63839,0.07136
00009200,0.31195,0.02260
00009201,0.53932,0.04608
00009202,0.48719,0.03616
00009203,0.50859,0.04594
00009204,2.05672,0.26613
00009205,0.82763,0.05378
00009206,0.47043,0.04184
00009207,0.74569,0.04611
00009208,0.39041,0.02632
00009209,1.12357,0.07875
00009210,0.90423,0.20685
00009211,2.00732,0.23107
00009212,1.54281,0.28603
00009213,0.71649,0.04298
00009214,0.48568,0.02631
00009215,0.46117,0.03117
00009216,0.48458,0.02644
00009217,0.46452,0.02676
00009218,0.77461,0.05711
00009219,0.38376,0.02671
00009220,0.32647,0.04059
00009221,0.44556,0.02224
00009222,0.25425,0.02304
00009223,0.61110,0.04835
00009224,0.69563,0.06244
00009225,0.29802,0.02091
00009226,0.33084,0.02238
00009227,0.41775,0.03446
00009228,0.68446,0.05191
00009229,0.61122,0.04490
00009230,0.42859,0.02664
00009231,1.55124,0.11064
00009232,1.27963,0.08287
00009233,1.77064,0.18982
00009234,0.41171,0.02538
00009235,0.43639,0.02678
00009236,0.32661,0.02145
00009237,0.67850,0.03387
00009238,1.11867,0.08190
00009239,0.24171,0.01967
00009240,0.77321,0.04724
00009241,0.45450,0.09482
00009242,0.22537,0.02364
00009243,1.13000,0.07790
00009244,0.69738,0.05121
00009245,0.68772,0.04808
00009246,0.60632,0.03940
00009247,0.81763,0.04465
00009248,0.24183,0.03249
00009249,0.68497,0.04264
00009250,0.28389,0.02244
00009251,1.06727,0.09172
00009252,0.76577,0.04923
00009253,0.79030,0.04809
00009254,0.95307,0.11598
00009255,2.40500,0.24196
00009256,0.32814,0.02238
00009257,0.25613,0.01972
00009258,1.85235,0.18244
00009259,1.95938,0.19447
00009260,0.24654,0.02158
00009261,0.78961,0.05686
00009262,0.30052,0.02831
00009263,1.93082,0.20623
00009264,0.41940,0.02785
00009265,0.69006,0.03537
00009266,0.48179,0.02623
00009267,0.34293,0.02157
00009268,0.18678,0.01938
00009269,1.75770,0.16295
00009270,0.68057,0.11223
00009271,0.83153,0.05601
00009272,0.94467,0.06528
00009273,0.47834,0.02679
00009274,0.55204,0.03654
00009275,0.88733,0.06289
00009276,0.83628,0.05470
00009277,0.69499,0.06662
00009278,1.46717,0.11568
00009279,0.73096,0.04490
00009280,0.36092,0.01974
00009281,0.45765,0.02820
00009282,0.44044,0.03474
00009283,0.56751,0.03194
00009284,0.36241,0.03019
00009285,0.68500,0.03895
00009286,0.55472,0.04630
00009287,0.55332,0.03876
00009288,0.60006,0.04876
00009289,0.23615,0.02098
00009290,0.55920,0.04165
00009291,0.30849,0.02325
00009292,0.45233,0.03913
00009293,0.49324,0.04444
00009294,0.50536,0.03021
00009295,0.80005,0.06882
00009296,0.47585,0.03313
00009297,0.19010,0.02053
00009298,0.88428,0.11522
00009299,0.63843,0.18727
00009300,1.05817,0.09382
00009301,1.39459,0.09381
00009302,2.33853,0.49272
00009303,0.68278,0.03632
00009304,0.85417,0.06409
00009305,0.52213,0.03904
00009306,0.72867,0.07316
00009307,0.26016,0.02050
00009308,0.62960,0.03684
00009309,0.59409,0.05131
00009310,0.59751,0.03752
00009311,1.15788,0.08146
00009312,0.31594,0.02202
00009313,0.50950,0.03353
00009314,0.37879,0.02945
00009315,0.41052,0.02977
00009316,0.92031,0.06227
00009317,0.24365,0.02134
00009318,0.57700,0.03158
00009319,0.59501,0.03350
00009320,0.33060,0.02363
00009321,0.46752,0.02436
00009322,0.42693,0.02677
00009323,0.22734,0.02704
00009324,1.06413,0.10512
00009325,1.04076,0.06729
00009326,0.42984,0.02586
00009327,1.14245,0.07307
00009328,0.71406,0.04107
00009329,0.64431,0.06755
00009330,0.54548,0.04151
00009331,0.52823,0.02988
00009332,0.67653,0.05055
00009333,0.63011,0.07221
00009334,0.42176,0.02173
00009335,0.87337,0.05212
00009336,0.45752,0.03115
00009337,0.74567,0.05688
00009338,0.48439,0.02707
00009339,0.41669,0.02840
00009340,0.24687,0.02225
00009341,0.25240,0.02520
00009342,0.91122,0.06056
00009343,0.22749,0.02282
00009344,0.42632,0.02287
00009345,0.88258,0.07334
00009346,0.16922,0.01787
00009347,0.34950,0.03209
00009348,1.57283,0.14153
00009349,0.72041,0.05152
00009350,1.32592,0.11198
00009351,0.75890,0.03954
00009352,0.28132,0.03364
00009353,0.26399,0.02176
00009354,0.93175,0.07805
00009355,1.05920,0.07260
00009356,1.26447,0.15709
00009357,0.69874,0.03775
00009358,0.76671,0.04454
00009359,0.54255,0.03937
00009360,1.72727,0.14764
00009361,0.70750,0.04336
00009362,0.44623,0.02633
00009363,1.50837,0.13860
00009364,0.84671,0.07385
00009365,0.92448,0.08820
00009366,0.70140,0.05432
00009367,0.56431,0.03413
00009368,0.67378,0.03518
00009369,0.78639,0.04323
00009370,0.36827,0.02723
00009371,0.44641,0.02621
00009372,0.45102,0.03253
00009373,0.69719,0.03890
00009374,0.66361,0.05545
00009375,0.51774,0.03168
00009376,0.46710,0.09057
00009377,0.27230,0.02044
00009378,0.89768,0.06526
00009379,0.79316,0.04638
00009380,0.54169,0.03562
00009381,1.60151,0.17797
00009382,0.58774,0.04353
00009383,1.40885,0.19976
00009384,0.76195,0.04996
00009385,0.28789,0.01890
00009386,1.22422,0.08567
00009387,0.33765,0.02815
00009388,0.66305,0.03243
00009389,1.63162,0.14715
00009390,0.48010,0.02749
00009391,0.28083,0.02431
00009392,0.55141,0.03361
00009393,0.69743,0.05110
00009394,0.21134,0.02198
00009395,1.11910,0.09357
00009396,0.89693,0.07424
00009397,0.67609,0.06618
00009398,0.55197,0.03399
00009399,0.62067,0.04333
00009400,1.24968,0.17053
00009401,1.78948,0.18805
00009402,0.82265,0.05689
00009403,0.83302,0.06859
00009404,0.51575,0.03523
00009405,0.37319,0.02837
00009406,1.38904,0.11719
00009407,0.50520,0.03030
00009408,0.52387,0.03885
00009409,0.53755,0.02352
00009410,0.84627,0.07598
00009411,0.32853,0.02058
00009412,0.80026,0.05332
00009413,0.40958,0.02875
00009414,0.67263,0.04637
00009415,0.57463,0.05484
00009416,0.91040,0.06276
00009417,1.05157,0.06812
00009418,0.42946,0.02648
00009419,0.32138,0.02198
00009420,1.22985,0.10128
00009421,1.38785,0.12400
00009422,0.37877,0.03064
00009423,0.43863,0.02372
00009424,1.53642,0.17511
00009425,1.29029,0.11052
00009426,0.68122,0.05281
00009427,0.27562,0.02313
00009428,0.58003,0.05967
00009429,0.72277,0.04408
00009430,0.98725,0.08482
00009432,0.31831,0.04315
00009433,0.95594,0.06791
00009434,0.95463,0.12064
00009435,1.17452,0.08039
00009436,0.36095,0.02264
00009437,0.84598,0.08198
00009438,0.69870,0.03710
00009439,1.39448,0.14362
00009440,1.31143,0.10006
00009441,0.40727,0.02370
00009442,0.24890,0.02175
00009443,1.86090,0.22234
00009444,0.39318,0.02479
00009445,0.28016,0.02596
00009446,2.13233,0.22204
00009447,0.56510,0.03994
00009448,0.45003,0.03095
00009449,0.36293,0.02101
00009450,0.59373,0.04657
00009451,0.44923,0.02716
00009452,0.48703,0.02918
00009453,0.91510,0.05369
00009454,0.37964,0.02206
00009455,2.37677,0.25910
00009456,0.70605,0.04368
00009457,1.19836,0.10318
00009458,0.67259,0.05666
00009459,0.51438,0.03243
00009460,1.61848,0.19325
00009461,0.83357,0.05387
00009462,0.20315,0.02635
00009463,0.83600,0.04541
00009464,0.59653,0.03329
00009465,1.57778,0.13777
00009466,0.37643,0.03456
00009467,0.54252,0.03690
00009468,0.26256,0.02900
00009469,0.28600,0.02227
00009470,0.53093,0.04172
00009471,0.34635,0.03343
00009472,0.21248,0.02441
00009473,0.25371,0.02140
00009474,1.05875,0.07972
00009475,1.62065,0.11811
00009476,0.30313,0.02883
00009477,1.24700,0.08430
00009478,0.66784,0.05419
00009479,0.53976,0.03901
00009480,0.34669,0.03025
00009481,0.55843,0.06310
00009482,0.40525,0.02758
00009483,1.05907,0.07059
00009484,0.92018,0.06908
00009485,1.71485,0.22549
00009486,0.73274,0.03883
00009487,0.43630,0.03569
00009488,0.49544,0.03690
00009489,1.10155,0.08379
00009490,0.37061,0.02147
00009491,0.48375,0.02606
00009492,0.78109,0.04664
00009493,0.73922,0.04806
00009494,1.97355,0.15537
00009495,0.39328,0.02681
00009496,0.58665,0.03291
00009497,0.94176,0.06251
00009498,0.43965,0.03940
00009499,1.03204,0.07147
00009500,0.37814,0.02149
00009501,0.98993,0.07920
00009502,0.51342,0.03085
00009503,0.71348,0.05525
00009504,1.84282,0.17181
00009505,0.44206,0.02687
00009506,0.81097,0.04286
00009507,0.61581,0.04979
00009508,1.10295,0.09057
00009509,1.32185,0.10370
00009510,0.60519,0.03310
00009511,0.50225,0.02552
00009512,0.34957,0.02681
00009513,0.27485,0.02328
00009514,0.55547,0.02875
00009515,0.92183,0.07591
00009516,0.36907,0.02431
00009517,0.86154,0.05432
00009518,0.57838,0.04030
00009519,0.79756,0.03946
00009520,0.60484,0.03661
00009521,0.63588,0.03624
00009522,0.48261,0.11203
00009523,1.86249,0.14624
00009524,1.77912,0.17428
00009525,0.74139,0.04979
00009526,0.58718,0.03037
00009527,1.15988,0.09347
00009528,0.60528,0.03881
00009529,0.48213,0.03495
00009530,0.90729,0.07206
00009531,0.33495,0.02785
00009532,2.13797,0.18993
00009533,0.50815,0.03619
00009534,1.02013,0.08369
00009535,2.49468,0.23182
00009536,1.83667,0.14994
00009537,1.12359,0.11314
00009538,0.69636,0.03539
00009539,0.80803,0.05869
00009540,0.53573,0.02720
00009541,1.43227,0.11092
00009542,0.47674,0.03568
00009543,0.43885,0.06455
00009544,0.87062,0.05837
00009545,0.39254,0.02756
00009546,0.31062,0.02112
00009547,0.38524,0.03104
00009548,0.38322,0.02150
00009549,0.77711,0.04265
00009550,0.40140,0.03001
00009551,1.46149,0.10402
00009552,0.68819,0.05786
00009553,1.67560,0.16962
00009554,1.12300,0.08659
00009555,0.80488,0.08022
00009556,0.72062,0.04312
00009557,0.85324,0.08209
00009558,0.45336,0.02504
00009559,1.39287,0.14366
00009560,0.67384,0.06193
00009561,0.59133,0.03483
00009562,0.18956,0.02037
00009563,0.93148,0.07817
00009564,1.11351,0.16100
00009565,0.96933,0.06329
00009566,0.26599,0.01936
00009567,0.44547,0.03066
00009568,0.37746,0.03571
00009569,0.55216,0.04136
00009570,0.69894,0.04125
00009571,0.39390,0.04959
00009572,1.00625,0.06532
00009573,0.25018,0.02014
00009574,0.38983,0.02226
00009575,0.29659,0.02187
00009576,1.04304,0.06456
00009577,1.12801,0.07925
00009578,0.65302,0.03857
00009579,1.35169,0.10251
00009580,1.13733,0.07932
00009581,0.40920,0.02268
00009582,0.18244,0.01840
00009583,0.77624,0.06104
00009584,0.23171,0.02221
00009585,0.84817,0.06126
00009586,1.25432,0.08996
00009587,0.60988,0.04794
00009588,0.49370,0.02646
00009589,0.34304,0.01969
00009590,0.48180,0.03264
00009591,0.29433,0.02241
00009592,0.46317,0.02779
00009593,0.71450,0.05624
00009594,0.75859,0.06103
00009595,0.52161,0.03133
00009596,1.10474,0.07621
00009597,0.70891,0.08171
00009598,0.37704,0.02459
00009599,1.00356,0.09204
00009600,1.19227,0.07976
00009601,0.40926,0.03172
00009602,0.68164,0.03855
00009603,0.44881,0.02416
00009604,0.37017,0.05012
00009605,0.63121,0.03208
00009606,0.31160,0.02066
00009607,0.28620,0.02269
00009608,0.61285,0.03603
00009609,0.48327,0.02455
00009610,0.88221,0.05766
00009611,0.28013,0.03935
00009612,1.43364,0.12414
00009613,0.38292,0.02532
00009614,0.67441,0.05337
00009615,0.75850,0.04204
00009616,1.14280,0.08424
00009617,0.84975,0.05153
00009618,2.00438,0.21051
00009619,0.77867,0.04981
00009620,0.83973,0.04723
00009621,0.62341,0.16487
00009622,0.40883,0.02151
00009623,0.65869,0.04545
00009624,0.52147,0.03645
00009625,0.27424,0.02156
00009626,1.99846,0.18887
00009627,0.44035,0.02923
00009628,0.96145,0.09525
00009629,0.37054,0.02308
00009630,0.40102,0.02593
00009631,0.30911,0.02225
00009632,0.61767,0.03781
00009633,0.87114,0.05530
00009634,0.62856,0.03571
00009635,0.81322,0.04557
00009636,1.25278,0.09368
00009637,0.49149,0.03528
00009638,0.44275,0.02466
00009639,0.41467,0.03345
00009640,1.89273,0.34256
00009641,1.57731,0.11077
00009642,1.07966,0.11203
00009643,0.94664,0.06904
00009644,0.74464,0.06771
00009645,1.33710,0.09968
00009646,0.65312,0.03431
00009647,0.58228,0.03539
00009648,0.65884,0.03576
00009649,1.86185,0.18067
00009650,0.75896,0.03963
00009651,0.46244,0.03118
00009652,1.88841,0.19706
00009653,1.09957,0.08322
00009654,0.54639,0.03816
00009655,0.37435,0.02314
00009656,0.52739,0.03392
00009657,0.85082,0.04944
00009658,0.56009,0.04718
00009659,0.86170,0.06829
00009660,1.29738,0.11540
00009661,0.69682,0.04472
00009662,0.36057,0.02512
00009663,0.71835,0.04199
00009664,0.22688,0.01976
00009665,0.34263,0.02885
00009666,0.40679,0.02803
00009667,1.06264,0.06949
00009668,0.87485,0.07534
00009669,0.98318,0.06310
00009670,0.63235,0.03184
00009671,0.84931,0.05084
00009672,0.32680,0.02796
00009673,0.55673,0.04449
00009674,0.33249,0.04077
00009675,0.58628,0.03596
00009676,0.58269,0.02987
00009677,0.57389,0.02960
00009678,0.40160,0.02222
00009679,1.39251,0.15050
00009680,0.86298,0.04699
00009681,0.45631,0.03052
00009682,0.48444,0.02941
00009683,0.51208,0.02734
00009684,0.73818,0.03708
00009685,0.87297,0.05562
00009686,0.39090,0.02575
00009687,1.72478,0.14092
00009688,0.77791,0.04850
00009689,0.46360,0.02597
00009690,0.70851,0.03376
00009691,0.27688,0.02765
00009692,0.85630,0.06458
00009693,1.09488,0.17286
00009694,0.35201,0.02469
00009695,0.43651,0.04255
00009696,0.96394,0.07967
00009697,0.61227,0.04009
00009698,1.03242,0.07325
00009699,0.27206,0.02363
00009700,0.45756,0.03459
00009701,0.64476,0.03408
00009702,1.10152,0.07809
00009703,0.35713,0.02656
00009704,0.56061,0.03798
00009705,1.15084,0.08237
00009706,1.91463,0.15160
00009707,0.60825,0.03722
00009708,0.53324,0.03181
00009709,0.35428,0.02509
00009710,0.28017,0.02444
00009711,1.08286,0.07710
00009712,0.26112,0.03269
00009713,0.50105,0.02427
00009714,0.39770,0.03960
00009715,0.77408,0.05794
00009716,0.60776,0.03671
00009717,0.22809,0.01965
00009718,0.70708,0.03893
00009719,0.28346,0.02899
00009720,0.78466,0.06706
00009721,0.35873,0.02514
00009722,0.43463,0.02261
00009723,0.73587,0.04939
00009724,1.77624,0.17149
00009725,0.90276,0.06882
00009726,0.76936,0.04437
00009727,0.36740,0.03087
00009728,0.64442,0.04027
00009729,0.66252,0.05599
00009730,0.37060,0.02826
00009731,0.73173,0.03927
00009732,1.30909,0.09902
00009733,0.59252,0.15177
00009734,0.49288,0.02717
00009735,0.84433,0.06453
00009736,0.36967,0.02674
00009737,0.46887,0.04310
00009738,1.46068,0.36558
00009739,0.68598,0.04634
00009740,0.99022,0.07078
00009741,0.98586,0.06494
00009742,0.53210,0.03059
00009743,0.71948,0.05029
00009744,0.66759,0.03453
00009745,2.41013,0.29667
00009746,1.83075,0.15402
00009747,0.53744,0.04585
00009748,2.27298,0.30208
00009749,0.44036,0.02986
00009750,0.29834,0.02015
00009751,0.77957,0.04398
00009752,0.90243,0.05472
00009753,2.20944,0.28701
00009754,0.36062,0.03255
00009755,0.49321,0.02697
00009756,1.14204,0.14423
00009757,0.43861,0.02928
00009758,1.42101,0.10786
00009759,0.88879,0.06910
00009760,0.59842,0.03434
00009761,0.33608,0.02976
00009762,1.05676,0.09608
00009763,0.42580,0.08842
00009764,0.59425,0.04107
00009765,0.55646,0.05690
00009766,0.33316,0.02227
00009767,0.73295,0.04310
00009768,0.67824,0.06305
00009769,0.53741,0.03118
00009770,0.20904,0.02460
00009771,0.62158,0.04750
00009772,0.93177,0.05148
00009773,0.75002,0.05018
00009774,0.60753,0.04271
00009775,0.51637,0.02772
00009776,0.70497,0.03811
00009777,0.33547,0.05195
00009778,0.26698,0.02043
00009779,1.14372,0.10218
00009780,0.27796,0.03297
00009781,2.14645,0.19368
00009782,1.80995,0.19288
00009783,0.61926,0.04185
00009784,1.12545,0.12395
00009785,1.39100,0.12064
00009786,0.91589,0.06547
00009787,0.44598,0.03908
00009788,0.51943,0.03629
00009789,0.72798,0.03758
00009790,0.49920,0.03104
00009791,0.98899,0.07002
00009792,1.70878,0.15998
00009793,1.77121,0.21831
00009794,0.74316,0.04128
00009795,0.64106,0.04189
00009796,0.23021,0.01977
00009797,0.39098,0.03004
00009798,1.12221,0.09691
00009799,1.07511,0.07947
00009800,1.08110,0.07074
00009801,0.43903,0.02396
00009802,0.51865,0.05027
00009803,0.41838,0.03123
00009804,0.36173,0.02403
00009805,0.36301,0.02540
00009806,0.65532,0.03609
00009807,0.37271,0.02176
00009808,0.36705,0.02221
00009809,0.89402,0.08511
00009810,2.34602,0.22569
00009811,0.31983,0.02151
00009812,0.84678,0.05013
00009813,0.36779,0.04109
00009814,0.32974,0.02365
00009815,0.34417,0.02896
00009816,0.83110,0.04649
00009817,1.98921,0.17226
00009818,0.56258,0.03072
00009819,1.04422,0.07326
00009820,0.58603,0.03836
00009821,1.24036,0.10887
00009822,0.69253,0.04030
00009823,1.13551,0.08152
00009824,0.31985,0.02850
00009825,0.69096,0.04171
00009826,0.19183,0.01863
00009827,0.42438,0.02000
00009828,0.24320,0.01832
00009829,0.73116,0.06909
00009830,0.27073,0.03741
00009831,0.50977,0.03167
00009832,0.31538,0.02598
00009833,0.39437,0.02389
00009834,1.78242,0.27332
00009835,2.27588,0.22525
00009836,0.62836,0.03838
00009837,0.79623,0.05442
00009838,0.50951,0.02496
00009839,0.37913,0.03034
00009840,0.84362,0.09935
00009841,0.36806,0.03424
00009842,1.20756,0.08895
00009843,0.35992,0.02294
00009844,1.18115,0.07691
00009845,0.98920,0.08356
00009846,0.40240,0.02326
00009847,0.41772,0.02478
00009848,2.59189,0.24867
00009849,0.91699,0.07253
00009850,0.32344,0.02320
00009851,1.14294,0.07356
00009852,0.72509,0.03535
00009853,1.81564,0.14936
00009854,1.36694,0.10576
00009855,0.88011,0.13447
00009856,1.10449,0.10223
00009857,0.53202,0.02518
00009858,0.46128,0.02581
00009859,0.36349,0.03977
00009860,0.76556,0.05316
00009861,1.12470,0.07572
00009862,0.42435,0.03229
00009863,2.03697,0.19265
00009864,1.55040,0.10721
00009865,0.42222,0.02643
00009866,1.06798,0.33257
00009867,0.65471,0.04465
00009868,0.87508,0.05500
00009869,0.48673,0.03290
00009870,1.84349,0.17740
00009871,0.53022,0.03603
00009872,0.44552,0.03719
00009873,0.76259,0.04080
00009874,0.69426,0.03870
00009875,0.67511,0.03626
00009876,0.78760,0.06299
00009877,0.49914,0.05184
00009878,0.65629,0.03637
00009879,2.63452,0.27441
00009880,0.42716,0.05394
00009881,0.60785,0.04066
00009882,0.57067,0.05000
00009883,0.62624,0.03955
00009884,0.83502,0.04697
00009885,0.22300,0.02276
00009886,0.40952,0.02749
00009887,0.70135,0.03883
00009888,0.37607,0.02542
00009889,0.56055,0.04104
00009890,0.35522,0.04309
00009891,0.73907,0.04898
00009892,0.73192,0.04328
00009893,0.34550,0.02030
00009894,1.14791,0.08974
00009895,0.62600,0.03783
00009896,0.60654,0.11959
00009897,0.74014,0.04042
00009898,0.30662,0.02426
00009899,0.75863,0.05588
00009900,0.55435,0.04407
00009901,0.58128,0.03461
00009902,1.07563,0.08623
00009903,1.28983,0.28995
00009904,0.39158,0.06674
00009905,0.88925,0.07059
00009906,0.98615,0.07874
00009907,0.78557,0.06078
00009908,0.36009,0.03444
00009909,0.62997,0.04787
00009910,0.48245,0.04733
00009911,0.74690,0.04565
00009912,0.24015,0.02253
00009913,0.79371,0.05417
00009914,0.80766,0.16373
00009915,1.35504,0.10018
00009916,0.46582,0.03333
00009917,1.23105,0.08211
00009918,1.04377,0.08210
00009919,0.89183,0.10223
00009920,0.79273,0.04303
00009921,1.10925,0.07493
00009922,2.44361,0.41845
00009923,2.30552,0.20913
00009924,0.49600,0.03427
00009925,1.20800,0.08647
00009926,1.42642,0.13018
00009927,0.71663,0.03526
00009928,0.19504,0.01867
00009929,0.75193,0.07686
00009930,1.34466,0.12715
00009931,2.79421,0.28885
00009932,1.26517,0.10925
00009933,0.75386,0.04760
00009934,0.62709,0.04357
00009935,1.14638,0.07414
00009936,0.43264,0.02634
00009937,0.62150,0.03732
00009938,1.00526,0.07747
00009939,0.90213,0.06921
00009940,0.22639,0.02304
00009941,0.40368,0.02691
00009942,0.68249,0.04246
00009943,0.28840,0.03546
00009944,0.46683,0.03162
00009945,0.23187,0.02220
00009946,1.03175,0.07494
00009947,0.62482,0.05041
00009948,0.43867,0.02611
00009949,0.32372,0.02699
00009950,0.65668,0.04119
00009951,0.47940,0.03089
00009952,0.62727,0.03282
00009953,0.29044,0.03463
00009954,0.35313,0.02585
00009955,1.24007,0.08495
00009956,0.94706,0.06472
00009957,1.85832,0.26415
00009958,0.87759,0.05184
00009959,0.28783,0.02811
00009960,1.16053,0.11568
00009961,0.34552,0.02074
00009962,0.26022,0.02723
00009963,0.57808,0.02917
00009964,2.19598,0.20144
00009965,1.85959,0.14888
00009966,0.86267,0.05529
00009967,0.69989,0.03830
00009968,0.68218,0.09939
00009969,0.29202,0.02121
00009970,0.47223,0.02380
00009971,0.65406,0.05694
00009972,0.53858,0.03923
00009973,1.67861,0.16381
00009974,0.49717,0.02778
00009975,0.41750,0.03377
00009976,0.37416,0.03008
00009977,0.58864,0.03853
00009978,0.89591,0.05945
00009979,0.45244,0.03305
00009980,2.87984,0.62179
00009981,0.31613,0.02154
00009982,0.49857,0.02233
00009983,0.65069,0.05472
00009984,0.24138,0.03636
00009985,1.08148,0.06931
00009986,0.44891,0.02676
00009987,1.87748,0.14405
00009988,0.78988,0.04781
00009989,1.07539,0.10345
00009990,0.91583,0.07920
00009991,0.38806,0.03179
00009992,0.80909,0.05694
00009993,0.42657,0.03666
00009994,1.02914,0.07213
00009995,0.22610,0.02221
00009996,0.26862,0.02484
00009997,2.87833,0.33266
00009998,1.53574,0.13066
00009999,0.61171,0.03041
00010000,1.39651,0.12096
00010001,0.59716,0.03778
00010002,1.31844,0.09819
00010003,0.52265,0.04238
00010004,1.11326,0.07175
00010005,0.90303,0.07030
00010006,2.10703,0.22299
00010007,0.46708,0.02176
00010008,0.29511,0.02082
00010009,0.56959,0.02659
00010010,1.25883,0.09784
00010011,0.27510,0.02075
00010012,0.56505,0.03271
00010013,0.42410,0.02705
00010014,0.60147,0.03988
00010015,0.33808,0.01955
00010016,0.71737,0.04658
00010017,0.45960,0.02489
00010018,0.40151,0.03495
00010019,0.66021,0.03441
00010020,0.30651,0.02152
00010021,0.46539,0.02457
00010022,0.85506,0.05967
00010023,0.38096,0.02947
00010024,0.36070,0.02806
00010025,1.25959,0.21215
00010026,0.50423,0.02847
00010027,0.94165,0.07399
00010028,0.66726,0.04535
00010029,0.33627,0.02316
00010030,0.85049,0.05354
00010031,1.11865,0.11483
00010032,0.37805,0.19744
00010033,0.94241,0.07027
00010034,0.95961,0.06610
00010035,1.14936,0.08373
00010036,0.44587,0.08587
00010037,0.53831,0.13549
00010038,2.71715,0.30531
00010039,0.27456,0.01949
00010040,0.97662,0.06611
00010041,0.66591,0.03719
00010042,0.70405,0.04652
00010043,0.66191,0.03171
00010044,1.33864,0.17885
00010045,0.31948,0.02009
00010046,0.31773,0.02469
00010047,1.49877,0.10330
00010048,0.40510,0.03019
00010049,0.76942,0.05633
00010050,0.96538,0.05703
00010051,0.18449,0.01976
00010052,0.52967,0.04892
00010053,0.57154,0.05064
00010054,0.49319,0.02696
00010055,0.43510,0.03356
00010056,0.62078,0.03689
00010057,0.36861,0.02941
00010058,0.47992,0.02987
00010059,0.64693,0.03899
00010060,0.48132,0.02758
00010061,0.28885,0.02052
00010062,1.47163,0.15488
00010063,1.17191,0.07413
00010064,1.07971,0.08879
00010065,1.28257,0.08713
00010066,0.81058,0.04146
00010067,2.27956,0.23992
00010068,0.83419,0.04857
00010069,0.54694,0.04431
00010070,0.36443,0.02023
00010071,0.74631,0.04552
00010072,0.75602,0.04299
00010073,0.61143,0.02727
00010074,0.37071,0.02255
00010075,0.81156,0.05722
00010076,0.69727,0.03608
00010077,0.74886,0.03841
00010078,1.20117,0.10993
00010079,0.26867,0.02447
00010080,0.63274,0.05155
00010081,0.92773,0.06418
00010082,0.42405,0.02441
00010083,1.11862,0.12281
00010084,0.64850,0.05020
00010085,0.40209,0.02612
00010086,1.03498,0.09927
00010087,0.34872,0.02700
00010088,1.78352,0.17002
00010089,0.58236,0.03315
00010090,0.21292,0.03961
00010091,0.56092,0.03788
00010092,0.52103,0.03498
00010093,0.54521,0.02705
00010094,0.71637,0.06886
00010095,0.37997,0.02300
00010096,0.93933,0.07219
00010097,0.68137,0.03737
00010098,0.40813,0.03088
00010099,0.47854,0.02198
00010100,0.53503,0.06557
00010101,0.42314,0.02612
00010102,0.68413,0.03294
00010103,0.44714,0.04469
00010104,0.98167,0.06448
00010105,0.94307,0.05987
00010106,0.60691,0.04461
00010107,0.31103,0.02449
00010108,0.58171,0.03375
00010109,0.34390,0.02250
00010110,0.38143,0.03074
00010111,0.55210,0.02463
00010112,0.48694,0.05274
00010113,0.36067,0.02639
00010114,0.43509,0.02558
00010115,1.32523,0.09500
00010116,1.05776,0.06913
00010117,0.75239,0.04677
00010118,0.55900,0.02688
00010119,1.27418,0.09764
00010120,0.24820,0.02189
00010121,0.49272,0.03686
00010122,0.88963,0.05631
00010123,0.87395,0.07555
00010124,1.31089,0.11606
00010125,0.76445,0.06527
00010126,0.47947,0.02295
00010127,1.94987,0.25647
00010128,0.57684,0.03031
00010129,0.73634,0.06633
00010130,0.43920,0.02575
00010131,1.34447,0.19467
00010132,0.38425,0.02607
00010133,0.50409,0.03037
00010134,0.58034,0.03194
00010135,0.95918,0.07572
00010136,0.40297,0.03928
00010137,0.44984,0.04173
00010138,1.28422,0.22131
00010139,0.69729,0.03386
00010140,0.39082,0.03712
00010141,0.26551,0.02719
00010142,1.43207,0.12502
00010143,0.46541,0.02920
00010144,1.09172,0.12216
00010145,1.89387,0.19819
00010146,0.44101,0.03907
00010147,0.35123,0.03258
00010148,0.40723,0.02474
00010149,1.70868,0.17418
00010150,0.46408,0.03651
00010151,0.32770,0.02409
00010152,1.23706,0.10484
00010153,1.39178,0.10417
00010154,0.69976,0.03512
00010155,0.61300,0.03291
00010156,0.63580,0.03496
00010157,2.02457,0.17540
00010158,0.43599,0.02585
00010159,0.66188,0.07977
00010160,0.40082,0.04071
00010161,0.18381,0.02845
00010162,0.61767,0.04151
00010163,0.39511,0.02589
00010164,0.25072,0.03190
00010165,0.62877,0.04813
00010166,0.54567,0.03435
00010167,0.60548,0.04725
00010168,0.51708,0.02466
00010169,0.60132,0.03663
00010170,0.44301,0.02640
00010171,1.86490,0.17873
00010172,0.41082,0.02343
00010173,0.70578,0.04421
00010174,0.64148,0.04135
00010175,0.49192,0.03415
00010176,0.39260,0.02656
00010177,1.73189,0.19133
00010178,0.50528,0.03794
00010179,0.80481,0.10068
00010180,0.35094,0.03554
00010181,1.03820,0.11941
00010182,1.24769,0.21072
00010183,1.12633,0.07499
00010184,1.21057,0.11486
00010185,0.46011,0.03100
00010186,0.93742,0.06261
00010187,0.53020,0.02659
00010188,1.05270,0.07397
00010189,0.18132,0.01775
00010190,0.79192,0.06051
00010191,0.44451,0.02160
00010192,1.20515,0.09261
00010193,0.36923,0.02295
00010194,0.39568,0.02576
00010195,0.98465,0.06975
00010196,0.38623,0.02167
00010197,0.41776,0.02093
00010198,1.05876,0.13075
00010199,0.69049,0.03783
00010200,0.42997,0.02809
00010201,0.35185,0.03087
00010202,1.00797,0.06086
00010203,1.01417,0.07899
00010204,1.00077,0.07965
00010205,0.54505,0.03766
00010206,0.67768,0.04353
00010207,1.50133,0.60493
00010208,0.51749,0.03391
00010209,1.28553,0.11287
00010210,0.47069,0.02468
00010211,0.26786,0.02254
00010212,0.75044,0.07190
00010213,0.74325,0.05617
00010214,0.75680,0.04041
00010215,0.46140,0.03442
00010216,0.19301,0.02237
00010217,0.88294,0.08422
00010218,1.34938,0.13588
00010219,0.57936,0.03388
00010220,0.34610,0.02083
00010221,0.52937,0.02422
00010222,0.20334,0.01979
00010223,0.71287,0.04110
00010224,2.48269,0.22751
00010225,0.70208,0.03932
00010226,0.98385,0.05731
00010227,0.64981,0.04381
00010228,0.96511,0.05874
00010229,0.41085,0.02372
00010230,0.94851,0.06180
00010231,0.59129,0.02924
00010232,1.32790,0.09099
00010233,0.30053,0.02614
00010234,0.65062,0.04549
00010235,0.58264,0.02869
00010236,0.50392,0.03105
00010237,0.98051,0.06574
00010238,0.64272,0.04637
00010239,0.73990,0.05430
00010240,0.60278,0.04326
00010241,1.22277,0.08939
00010242,0.52508,0.02402
00010243,0.44866,0.04239
00010244,0.50214,0.03981
00010245,0.58396,0.03942
00010246,0.42368,0.02308
00010247,0.34659,0.03841
00010248,0.35657,0.02301
00010249,0.95107,0.05418
00010250,0.65177,0.03819
00010251,0.49412,0.03017
00010252,0.63703,0.03952
00010253,0.55071,0.04733
00010254,0.43759,0.02945
00010255,2.62086,0.26343
00010256,0.72797,0.19700
00010257,1.08472,0.07413
00010258,0.65603,0.03376
00010259,1.54247,0.30204
00010260,0.47329,0.02741
00010261,0.57987,0.03247
00010262,1.05042,0.08236
00010263,0.51099,0.03329
00010264,0.52511,0.03141
00010265,0.95168,0.07373
00010266,1.96216,0.18881
00010267,0.40706,0.03275
00010268,0.40919,0.03444
00010269,0.56740,0.03744
00010270,0.57222,0.03421
00010271,0.32225,0.02531
00010272,0.61009,0.05077
00010273,1.18986,0.09854
00010274,0.88612,0.05752
00010275,0.25781,0.02131
00010276,0.47334,0.03315
00010277,0.72267,0.04961
00010278,0.48041,0.03024
00010279,0.72403,0.04244
00010280,0.26416,0.02487
00010281,0.19472,0.02108
00010282,2.48435,0.27066
00010283,2.48938,0.32681
00010284,0.47244,0.03092
00010285,0.55226,0.04641
00010286,2.55830,0.32281
00010287,1.27466,0.11243
00010288,1.19259,0.08464
00010289,1.33456,0.12013
00010290,0.62976,0.04937
00010291,0.20819,0.01856
00010292,0.21895,0.02074
00010293,0.50666,0.03253
00010294,0.48623,0.03170
00010295,1.10961,0.07233
00010296,0.44544,0.02755
00010297,0.61718,0.02853
00010298,0.51747,0.03081
00010299,0.53802,0.03054
00010300,0.72476,0.06454
00010301,1.09697,0.11297
00010302,1.13425,0.07531
00010303,2.23815,0.24224
00010304,0.53723,0.03335
00010305,0.57054,0.03006
00010306,0.58306,0.08014
00010307,0.97394,0.06513
00010308,0.77810,0.05698
00010310,1.21284,0.08924
00010311,0.30175,0.02036
00010312,1.07669,0.13540
00010313,2.02720,0.32586
00010314,0.85448,0.06640
00010315,0.71728,0.03635
00010316,1.90180,0.19294
00010317,0.96953,0.11899
00010318,0.41196,0.02176
00010319,0.48603,0.02694
00010320,0.72459,0.03991
00010321,0.44442,0.03401
00010322,0.25119,0.02190
00010323,0.62038,0.05462
00010324,0.36209,0.02602
00010325,1.82030,0.14522
00010326,0.25550,0.02122
00010327,0.35573,0.02109
00010328,0.39926,0.02219
00010329,2.02121,0.21362
00010330,0.80327,0.06121
00010331,0.84865,0.05020
00010332,0.30047,0.03466
00010333,0.29427,0.02023
00010334,0.83284,0.04594
00010335,1.50651,0.26583
00010336,0.43666,0.02437
00010337,0.95313,0.07728
00010338,0.71256,0.06927
00010339,0.77172,0.05851
00010340,0.69330,0.05549
00010341,0.51005,0.03078
00010342,0.83999,0.06118
00010343,0.67442,0.04810
00010344,0.41458,0.02714
00010345,0.73193,0.04139
00010346,2.61109,0.29557
00010347,0.68526,0.03839
00010348,0.65811,0.03275
00010349,1.08427,0.07487
00010350,1.13482,0.08865
00010351,0.53736,0.03968
00010352,0.54999,0.03073
00010353,0.77489,0.04078
00010354,0.73933,0.03802
00010355,0.93634,0.06391
00010356,0.34523,0.02554
00010357,0.65584,0.03242
00010358,0.88210,0.05161
00010359,1.03334,0.08955
00010360,0.55330,0.03775
00010361,2.01585,0.28948
00010362,0.95719,0.10268
00010363,2.22597,0.50997
00010364,0.75333,0.04324
00010365,0.28253,0.02784
00010366,0.88865,0.06078
00010367,0.53896,0.02755
00010368,1.21203,0.09108
00010369,0.61457,0.03008
00010370,0.26544,0.01925
00010371,0.51762,0.03048
00010372,0.55554,0.14186
00010373,0.41173,0.02185
00010374,1.20339,0.12463
00010375,0.56444,0.03081
00010376,0.67637,0.04795
00010377,0.47819,0.02755
00010378,0.45687,0.02416
00010379,0.82670,0.04674
00010380,1.15206,0.13167
00010381,0.36147,0.02082
00010382,0.38031,0.03291
00010383,1.16353,0.08598
00010384,0.22031,0.02014
00010385,0.77988,0.05306
00010386,0.26043,0.02027
00010387,0.40889,0.02428
00010388,1.48667,0.13489
00010389,0.55009,0.03455
00010390,0.61002,0.04088
00010391,0.69309,0.04088
00010392,0.28452,0.02242
00010393,0.20996,0.01949
00010394,1.04064,0.07077
00010395,0.17887,0.01801
00010396,0.65321,0.03288
00010397,0.55077,0.03322
00010398,2.30671,0.20985
00010399,1.28157,0.09801
00010400,0.64828,0.04841
00010401,1.95752,0.37823
00010402,2.43128,0.27730
00010403,1.16305,0.07667
00010404,0.41564,0.03609
00010405,0.54742,0.03232
00010406,0.43794,0.02846
00010407,0.46663,0.03614
00010408,0.52465,0.14290
00010409,0.42905,0.02455
00010410,2.81833,0.34688
00010411,0.48317,0.03814
00010412,0.54621,0.03468
00010413,0.78463,0.05366
00010414,0.42871,0.03366
00010415,0.33183,0.02550
00010416,0.53498,0.03390
00010417,0.64616,0.02849
00010418,0.39242,0.02577
00010419,0.68977,0.03861
00010420,0.86077,0.05944
00010421,0.66696,0.03188
00010422,0.59963,0.04832
00010423,0.77819,0.05186
00010424,0.44472,0.02394
00010425,0.39429,0.03560
00010426,0.87572,0.05576
00010427,0.82320,0.05183
00010428,0.46421,0.02295
00010429,0.71113,0.03679
00010430,0.37387,0.03057
00010431,0.22945,0.01921
00010432,0.63614,0.03619
00010433,0.22019,0.03175
00010434,0.87984,0.06312
00010435,0.51037,0.08901
00010436,0.37509,0.03265
00010437,0.56484,0.02629
00010438,1.15296,0.08858
00010439,0.41474,0.02999
00010440,0.56914,0.03648
00010441,0.56776,0.03209
00010442,0.55914,0.04064
00010443,0.60582,0.03530
00010444,0.97493,0.06812
00010445,0.71208,0.04123
00010446,0.75860,0.04677
00010447,0.65154,0.04406
00010448,0.73107,0.04052
00010449,1.54507,0.12978
00010450,0.44862,0.02594
00010451,1.87509,0.16066
00010452,0.34425,0.03891
00010453,1.07504,0.14425
00010454,0.28743,0.02521
00010455,0.61499,0.03712
00010456,0.62810,0.03870
00010457,0.28505,0.02824
00010458,1.40013,0.12393
00010459,1.11382,0.06864
00010460,0.89247,0.07806
00010461,0.41007,0.02910
00010462,0.18636,0.01930
00010463,0.76753,0.05349
00010464,1.05301,0.07389
00010465,0.81394,0.05026
00010466,0.46409,0.02080
00010467,1.28558,0.11636
00010468,0.81863,0.04731
00010469,0.64177,0.03801
00010470,0.95952,0.07431
00010471,0.50930,0.03680
00010472,0.26358,0.02099
00010473,0.62242,0.03633
00010474,0.21055,0.02120
00010475,0.70827,0.05454
00010476,0.50296,0.02710
00010477,1.62526,0.13437
00010478,0.74146,0.05866
00010479,2.90322,0.30753
00010480,1.04622,0.08025
00010481,2.57337,0.26017
00010482,1.21173,0.10683
00010483,0.38371,0.06431
00010484,0.86162,0.05954
00010485,0.36851,0.03704
00010486,0.24660,0.02376
00010487,0.51514,0.03234
00010488,0.67138,0.03376
00010489,0.58679,0.04417
00010490,0.32275,0.02548
00010491,0.96283,0.07291
00010492,0.60641,0.05472
00010493,1.66098,0.12403
00010494,0.47178,0.03598
00010495,0.50734,0.03861
00010496,1.21218,0.10526
00010497,0.34525,0.03333
00010498,1.18986,0.07874
00010499,0.42711,0.03644
00010500,0.57350,0.04368
00010501,1.69134,0.14495
00010502,0.36722,0.02819
00010503,0.70690,0.03299
00010504,0.22257,0.02156
00010505,0.29333,0.02008
00010506,0.26523,0.02499
00010507,0.35832,0.02026
00010508,0.57449,0.03727
00010509,0.68954,0.05526
00010510,0.58513,0.03815
00010511,0.38646,0.03331
00010512,0.46953,0.03436
00010513,0.79548,0.04847
00010514,0.40972,0.02786
00010515,0.87963,0.08245
00010516,0.52178,0.03475
00010517,0.65953,0.03095
00010518,0.38192,0.02412
00010519,0.20082,0.01967
00010520,1.13908,0.07714
00010521,0.78158,0.03977
00010522,0.47341,0.03352
00010523,1.03617,0.07752
00010524,0.83628,0.08441
00010525,0.72478,0.04000
00010526,1.05726,0.09191
00010527,0.95433,0.05159
00010528,0.47225,0.02831
00010529,0.76122,0.04000
00010530,1.66254,0.16829
00010531,0.84528,0.05841
00010532,0.70889,0.04109
00010533,0.91453,0.05854
00010534,0.45012,0.03359
00010535,0.83003,0.08026
00010536,0.67271,0.03655
00010537,0.60049,0.02954
00010538,0.62607,0.03879
00010539,0.91968,0.05737
00010540,0.65803,0.03424
00010541,0.28902,0.02001
00010542,0.51286,0.12538
00010543,0.31382,0.02611
00010544,0.40945,0.03017
00010545,0.56002,0.03125
00010546,0.22728,0.02236
00010547,0.49976,0.02768
00010548,1.17234,0.08289
00010549,0.78482,0.05087
00010550,0.70064,0.06253
00010551,0.67503,0.04391
00010552,0.38367,0.03114
00010553,0.66116,0.04152
00010554,0.87925,0.06652
00010555,0.58894,0.06516
00010556,0.83194,0.04761
00010557,1.07962,0.12223
00010558,1.67766,0.14938
00010559,0.61256,0.03910
00010560,1.15746,0.08152
00010561,0.69344,0.03634
00010562,1.77274,0.14317
00010563,0.57462,0.03168
00010564,0.66352,0.05433
00010565,0.63858,0.03117
00010566,0.62563,0.04263
00010567,0.35795,0.02024
00010568,1.99428,0.63438
00010569,0.46137,0.03066
00010570,0.46432,0.03124
00010571,1.14191,0.08843
00010572,0.49273,0.02426
00010573,0.87141,0.05697
00010574,0.70750,0.10201
00010575,0.42601,0.02373
00010576,0.73723,0.05041
00010577,0.51847,0.02802
00010578,0.43496,0.02792
00010579,0.70420,0.03913
00010580,0.64129,0.04110
00010581,0.88163,0.04576
00010582,0.60073,0.03326
00010583,0.65381,0.03723
00010584,0.26046,0.02093
00010585,0.58927,0.02986
00010586,0.96977,0.07472
00010587,1.73943,0.13894
00010588,0.37700,0.02438
00010589,0.39713,0.04250
00010590,0.96003,0.22427
00010591,1.46661,0.11753
00010592,0.26914,0.02091
00010593,1.22107,0.09929
00010594,1.18176,0.13517
00010595,0.49112,0.03018
00010596,0.68982,0.03731
00010597,0.55879,0.03756
00010598,0.75388,0.06031
00010599,1.21096,0.12005
00010600,0.93593,0.12464
00010601,0.92426,0.06512
00010602,0.47954,0.02892
00010603,0.52028,0.03166
00010604,0.46394,0.02662
00010605,0.64125,0.08189
00010606,1.85168,0.15022
00010607,1.06668,0.08214
00010608,1.08908,0.07476
00010609,1.70598,0.14597
00010610,0.48421,0.03479
00010611,0.24337,0.02005
00010612,0.66793,0.04563
00010613,0.66816,0.03306
00010614,0.56697,0.04338
00010615,1.47806,0.12102
00010616,0.61287,0.03321
00010617,0.66597,0.03928
00010618,0.79841,0.03936
00010619,0.67143,0.04327
00010620,0.51209,0.02763
00010621,1.04796,0.08685
00010622,0.58488,0.06957
00010623,0.51569,0.03974
00010624,1.32337,0.31118
00010625,0.38530,0.02420
00010626,0.91744,0.06824
00010627,1.04667,0.06029
00010628,0.79582,0.05573
00010629,0.82738,0.04627
00010630,1.27806,0.11536
00010631,0.92873,0.05957
00010632,0.25703,0.02874
00010633,0.36470,0.27522
00010634,0.30570,0.03381
00010635,0.54355,0.03793
00010636,0.58312,0.03262
00010637,0.56968,0.04063
00010638,0.47333,0.03062
00010639,1.41857,0.11662
00010640,0.72330,0.03780
00010641,1.08518,0.11427
00010642,0.32916,0.02298
00010643,1.70678,0.17826
00010644,0.61148,0.03557
00010645,0.50865,0.03965
00010646,0.35649,0.03690
00010647,0.47709,0.02181
00010648,0.58334,0.03619
00010649,0.57046,0.04196
00010650,0.45440,0.02539
00010651,0.51385,0.02713
00010652,0.75023,0.04682
00010653,0.41982,0.02520
00010654,0.47210,0.02963
00010655,0.85648,0.05787
00010656,0.37603,0.02703
00010657,0.99775,0.06120
00010658,0.58924,0.03023
00010659,0.43010,0.03957
00010660,0.71128,0.06428
00010661,0.48040,0.02827
00010662,0.80212,0.05552
00010663,1.03598,0.05991
00010664,1.06434,0.06415
00010665,0.55187,0.03707
00010666,1.22301,0.09609
00010667,0.29056,0.03326
00010668,1.40283,0.13035
00010669,1.79157,0.15356
00010670,0.71266,0.04820
00010671,0.59062,0.02728
00010672,0.74646,0.04133
00010673,2.25742,0.24995
00010674,0.73065,0.05426
00010675,2.22674,0.25070
00010676,1.05427,0.26686
00010677,0.76757,0.05210
00010678,0.38505,0.05249
00010679,1.65332,0.14362
00010680,0.42088,0.02426
00010681,1.89295,0.21074
00010682,0.31118,0.02255
00010683,0.18992,0.02437
00010684,0.79323,0.06470
00010685,1.12203,0.08370
00010686,1.43357,0.10181
00010687,0.33103,0.02395
00010688,0.44405,0.04113
00010689,0.30385,0.02205
00010690,0.56811,0.02857
00010691,0.72247,0.04507
00010692,0.71857,0.04005
00010693,0.46365,0.04049
00010694,0.45809,0.03647
00010695,0.51950,0.02677
00010696,0.60039,0.03838
00010697,0.73022,0.04137
00010698,0.49698,0.03060
00010699,1.27355,0.15774
00010700,1.94967,0.21613
00010701,0.37434,0.02875
00010702,1.57814,0.14876
00010703,0.54751,0.03881
00010704,0.53473,0.02580
00010705,0.83368,0.04378
00010706,0.86587,0.05354
00010707,0.22672,0.01834
00010708,0.70027,0.07879
00010709,2.58820,0.30899
00010710,0.23232,0.02259
00010711,0.55926,0.03491
00010712,1.01215,0.06318
00010713,0.27636,0.02440
00010714,0.36084,0.02826
00010715,0.49542,0.02587
00010716,0.47647,0.02503
00010717,0.83974,0.05733
00010718,1.06901,0.10389
00010719,0.60328,0.03516
00010720,0.50280,0.02863
00010721,0.62613,0.04294
00010722,0.53470,0.03608
00010723,0.93804,0.07121
00010724,0.25964,0.02131
00010725,1.00039,0.06318
00010726,1.45642,0.17212
00010727,0.53514,0.02603
00010728,0.71236,0.05165
00010729,0.50560,0.03095
00010730,0.69941,0.05485
00010731,1.89154,0.15729
00010732,0.52065,0.02795
00010733,0.65433,0.03929
00010734,0.69586,0.04333
00010735,1.05239,0.08846
00010736,0.65838,0.03773
00010737,1.28557,0.08236
00010738,1.55252,0.13400
00010739,1.04355,0.19241
00010740,0.52626,0.02864
00010741,0.72515,0.04299
00010742,0.82713,0.06642
00010743,0.45988,0.09294
00010744,0.71762,0.03942
00010745,0.34764,0.03351
00010746,0.61121,0.03894
00010747,0.32287,0.02655
00010748,0.45396,0.03005
00010749,1.66047,0.15753
00010750,0.34253,0.02676
00010751,0.29325,0.02099
00010752,0.68817,0.04189
00010753,0.48298,0.05800
00010754,1.43205,0.10728
00010755,1.67907,0.14813
00010756,2.49912,0.40905
00010757,0.68471,0.04171
00010758,0.45604,0.02953
00010759,0.56691,0.04264
00010760,0.65888,0.03744
00010761,0.34608,0.02344
00010762,1.47629,0.11921
00010763,0.22069,0.02548
00010764,1.31054,0.10275
00010765,0.47926,0.05607
00010766,0.56095,0.03498
00010767,0.47762,0.02768
00010768,0.29847,0.02016
00010769,0.29185,0.03051
00010770,1.25150,0.08010
00010771,1.00071,0.05688
00010772,0.39377,0.02561
00010773,0.84311,0.07764
00010774,0.62809,0.03820
00010775,0.58156,0.04145
00010776,0.36134,0.02112
00010777,0.52942,0.03080
00010778,0.51042,0.02879
00010779,0.46798,0.03004
00010780,0.26098,0.02542
00010781,0.38821,0.02065
00010782,0.79160,0.04421
00010783,1.14409,0.12070
00010784,0.78977,0.04470
00010785,0.81197,0.04338
00010786,0.20705,0.01972
00010787,1.19980,0.09198
00010788,0.39408,0.02679
00010789,1.30239,0.09060
00010790,1.92053,0.21239
00010791,0.88810,0.05078
00010792,0.67929,0.04305
00010793,1.39585,0.26361
00010794,1.34587,0.15339
00010795,0.18593,0.01979
00010796,0.47750,0.03750
00010797,0.55152,0.03351
00010798,0.67111,0.03830
00010799,0.60016,0.03457
00010800,0.75310,0.05605
00010801,0.83692,0.05131
00010802,0.38785,0.02088
00010803,0.79307,0.03912
00010804,0.99998,0.08858
00010805,0.27121,0.02194
00010806,0.59466,0.03066
00010807,2.83296,0.34842
00010808,0.53379,0.02910
00010809,0.46945,0.02647
00010810,0.70566,0.04887
00010811,0.23122,0.02301
00010812,0.71413,0.04463
00010813,0.67146,0.04390
00010814,0.57027,0.04202
00010815,0.26167,0.01826
00010816,1.49792,0.59992
00010817,0.61174,0.03529
00010818,1.80577,0.17609
00010819,0.78876,0.04377
00010820,0.48302,0.02689
00010821,0.34754,0.02436
00010822,0.71570,0.03751
00010823,0.95149,0.05973
00010824,0.76271,0.04260
00010825,0.41510,0.02708
00010826,0.66785,0.05023
00010827,0.64652,0.03359
00010828,0.51952,0.03133
00010829,1.41805,0.10233
00010830,0.66872,0.03679
00010831,0.37757,0.02586
00010832,1.61862,0.13176
00010833,0.58995,0.06030
00010834,0.61619,0.03277
00010835,0.31792,0.02388
00010836,0.32619,0.02446
00010837,0.60091,0.03631
00010838,0.77014,0.04829
00010839,1.39133,0.14335
00010840,0.42106,0.02323
00010841,0.35865,0.02264
00010842,0.41831,0.03067
00010843,0.25467,0.04943
00010844,0.47900,0.03410
00010845,0.86337,0.06704
00010846,0.99048,0.08157
00010848,0.57427,0.06242
00010849,0.48688,0.02892
00010850,1.32006,0.09126
00010851,2.12724,0.25477
00010852,0.90664,0.08597
00010853,1.29314,0.12243
00010854,0.74375,0.03821
00010855,0.66083,0.06186
00010856,1.27494,0.09403
00010857,0.42922,0.02551
00010858,1.30614,0.10740
00010859,2.66988,0.31904
00010860,0.34185,0.04136
00010861,0.67882,0.04426
00010862,0.46190,0.02761
00010863,0.35028,0.02769
00010864,0.61128,0.11385
00010865,1.48649,0.13061
00010866,0.77316,0.04500
00010867,0.86104,0.04886
00010868,0.88400,0.05270
00010869,0.68979,0.04803
00010870,0.72575,0.46455
00010871,1.71053,0.17292
00010872,1.16942,0.17665
00010873,0.57697,0.03063
00010874,0.70717,0.04451
00010875,0.45684,0.02484
00010876,0.61270,0.03851
00010877,0.41398,0.02783
00010878,0.60369,0.04154
00010879,0.60849,0.03392
00010880,0.68013,0.04695
00010881,0.49103,0.04631
00010882,0.92919,0.08599
00010883,0.26168,0.02042
00010884,0.97610,0.10815
00010885,0.41388,0.02715
00010886,0.45077,0.03963
00010887,0.68321,0.04970
00010888,0.32825,0.02854
00010889,1.06010,0.06833
00010890,0.94801,0.06298
00010891,0.60012,0.03558
00010892,0.95778,0.08983
00010893,2.54748,0.29014
00010894,0.49507,0.04881
00010895,0.74389,0.08081
00010896,2.55595,0.26400
00010897,1.31948,0.14123
00010898,0.85455,0.04186
00010899,0.59414,0.04103
00010900,0.54803,0.02938
00010901,0.55216,0.03742
00010902,0.68873,0.04879
00010903,0.87465,0.08042
00010904,0.99801,0.06688
00010905,2.22421,0.22463
00010906,2.64926,0.24434
00010907,0.83411,0.05988
00010908,0.48900,0.02552
00010909,0.49666,0.03313
00010910,0.64501,0.09274
00010911,2.12867,0.19633
00010912,0.57462,0.03605
00010913,2.46103,0.23172
00010914,0.84056,0.05724
00010915,2.05780,0.28043
00010916,0.27961,0.02038
00010917,0.60060,0.02955
00010918,0.40997,0.03023
00010919,0.47316,0.03224
00010920,0.48837,0.03181
00010921,0.51473,0.02609
00010922,0.70486,0.04970
00010923,0.52076,0.02477
00010924,0.57893,0.03239
00010925,0.63935,0.05058
00010926,1.01200,0.07233
00010927,1.23221,0.10252
00010928,0.45523,0.02731
00010929,0.80825,0.09368
00010930,0.39534,0.02756
00010931,0.48165,0.03248
00010932,0.31239,0.02780
00010933,0.66295,0.05115
00010934,0.59668,0.03757
00010935,0.82574,0.05557
00010936,1.27885,0.10804
00010937,1.39704,0.08955
00010938,0.94099,0.07688
00010939,0.86040,0.06271
00010940,0.56867,0.04282
00010941,0.84731,0.05055
00010942,0.52425,0.03181
00010943,0.42110,0.02391
00010944,1.52996,0.13261
00010945,1.04879,0.07524
00010946,0.41036,0.02576
00010947,0.37061,0.02621
00010948,1.07980,0.07305
00010949,0.43678,0.02821
00010950,0.51439,0.02994
00010951,0.52397,0.04454
00010952,0.72420,0.05488
00010953,0.53650,0.02577
00010954,0.43930,0.02438
00010955,0.73857,0.03967
00010956,0.29341,0.02335
00010957,0.56627,0.03561
00010958,0.83325,0.05170
00010959,0.57213,0.02637
00010960,1.05914,0.09488
00010961,0.33305,0.03421
00010962,0.85171,0.05784
00010963,0.54669,0.03228
00010964,1.01943,0.07502
00010965,0.91901,0.07032
00010966,1.37523,0.10583
00010967,1.17460,0.10638
00010968,0.55765,0.03479
00010969,0.69844,0.07035
00010970,0.30256,0.02329
00010971,0.84991,0.05248
00010972,1.26028,0.15044
00010973,0.24696,0.02540
00010974,0.72070,0.04529
00010975,0.47162,0.04227
00010976,0.37943,0.03615
00010978,1.14271,0.11281
00010979,0.99493,0.06106
00010980,0.42244,0.02515
00010981,0.22584,0.01941
00010982,0.56432,0.03799
00010983,0.81466,0.04960
00010984,1.39651,0.13935
00010985,2.43084,0.28620
00010986,0.46818,0.03642
00010987,0.85316,0.06358
00010988,0.60145,0.03705
00010989,0.40789,0.02822
00010990,1.15659,0.08240
00010991,0.55512,0.02892
00010992,0.57635,0.03484
00010993,0.37239,0.02756
00010994,0.65914,0.04776
00010995,0.20576,0.02073
00010996,0.56361,0.04557
00010997,0.35493,0.08488
00010998,0.93318,0.10559
00010999,0.30177,0.02647
00011000,0.29241,0.02114
00011001,0.36659,0.02170
00011002,1.49297,0.23413
00011003,1.03631,0.08216
00011004,0.45041,0.03288
00011005,0.46094,0.02774
00011006,0.83872,0.10725
00011007,0.92363,0.06616
00011008,0.73826,0.05766
00011009,1.88546,0.17732
00011010,0.38751,0.06815
00011011,0.24783,0.02787
00011012,0.34170,0.02569
00011013,0.67563,0.05455
00011014,0.72573,0.08719
00011015,0.97035,0.08212
00011016,0.40712,0.03469
00011017,0.40500,0.03624
00011018,1.81969,0.13888
00011019,0.49385,0.04494
00011020,0.39456,0.03272
00011021,1.69696,0.17644
00011022,1.58569,0.17470
00011023,0.27336,0.02030
00011024,0.59205,0.04316
00011025,0.95620,0.07654
00011026,0.47206,0.03116
00011027,1.43807,0.10876
00011028,1.80399,0.22782
00011029,0.62305,0.03044
00011030,0.58834,0.03509
00011031,0.45680,0.03005
00011032,0.85223,0.05893
00011033,1.61105,0.12150
00011034,0.70357,0.06003
00011035,0.19858,0.02277
00011036,0.30887,0.03075
00011037,0.89075,0.23020
00011038,0.92640,0.08542
00011039,0.62074,0.05153
00011040,0.51597,0.04425
00011041,0.25953,0.02118
00011042,0.71406,0.05929
00011043,0.43629,0.03229
00011044,0.43386,0.02472
00011045,0.58216,0.03837
00011046,1.36749,0.16594
00011047,1.33263,0.09451
00011048,0.73946,0.03411
00011049,0.64004,0.03341
00011050,0.68100,0.03790
00011051,0.90062,0.05017
00011052,1.30646,0.08505
00011053,0.50385,0.14348
00011054,0.71132,0.04586
00011055,2.54932,0.30710
00011056,0.58087,0.03033
00011057,0.78229,0.04670
00011058,0.48587,0.03877
00011059,0.20500,0.01998
00011060,0.41359,0.03582
00011061,0.46834,0.03826
00011062,0.46840,0.02466
00011063,0.50729,0.02890
00011064,1.56164,0.17058
00011065,0.60561,0.03578
00011066,1.20340,0.09307
00011067,1.02939,0.08360
00011068,1.55247,0.11262
00011069,0.49552,0.03239
00011070,0.57598,0.04321
00011071,1.04024,0.09616
00011072,0.58220,0.03522
00011073,0.55273,0.02938
00011074,1.15842,0.10044
00011075,0.91294,0.08933
00011076,0.50025,0.03012
00011077,0.21455,0.03896
00011078,0.48957,0.03050
00011079,1.02009,0.06386
00011080,0.29189,0.02363
00011081,1.55324,0.19738
00011082,0.36354,0.03116
00011083,0.48997,0.05367
00011084,0.42512,0.02366
00011085,0.44329,0.03240
00011086,1.03227,0.08064
00011087,0.67486,0.04453
00011088,0.21695,0.03343
00011089,0.32676,0.02213
00011090,0.76594,0.04640
00011091,0.57685,0.03609
00011092,0.84828,0.09870
