name,ra_deg,dec_deg,theta_E_pub,q_pub,survey,src_table
G4B_00000,189.17724,26.06448,0.0,0.0,LRGDEFL2B,tierA|vd=251+-11|z=0.223|WFC3UVIS|19550s|P--
G4B_00001,41.64464,-8.44132,0.0,0.0,LRGDEFL2B,tierA|vd=288+-11|z=0.191|WFC3UVIS|19360s|P--
G4B_00002,215.95197,24.08991,0.0,0.0,LRGDEFL2B,tierA|vd=325+-48|z=0.530|WFC3UVIS|16970s|P--
G4B_00003,215.94948,24.07846,0.0,0.0,LRGDEFL2B,tierA|vd=297+-39|z=0.546|WFC3UVIS|16970s|P--
G4B_00004,116.34854,39.51186,0.0,0.0,LRGDEFL2B,tierA|vd=284+-23|z=0.375|ACSWFC|15874s|P--
G4B_00005,208.39211,5.22661,0.0,0.0,LRGDEFL2B,tierA|vd=331+-21|z=0.262|WFC3UVIS|14720s|P15642
G4B_00006,219.52362,34.30934,0.0,0.0,LRGDEFL2B,tierA|vd=260+-25|z=0.546|ACSWFC|11485s|P--
G4B_00007,197.88617,-1.33293,0.0,0.0,LRGDEFL2B,tierA|vd=311+-9|z=0.202|ACSWFC|10740s|P11710
G4B_00008,197.88636,-1.32548,0.0,0.0,LRGDEFL2B,tierA|vd=257+-13|z=0.200|ACSWFC|10740s|P11710
G4B_00009,197.87623,-1.34144,0.0,0.0,LRGDEFL2B,tierA|vd=253+-15|z=0.174|ACSWFC|10740s|P11710
G4B_00010,149.99601,2.47327,0.0,0.0,LRGDEFL2B,tierA|vd=270+-31|z=0.348|ACSWFC|10140s|P--
G4B_00011,203.16005,50.56000,0.0,0.0,LRGDEFL2B,tierA|vd=323+-17|z=0.279|ACSWFC|10000s|P--
G4B_00012,9.26626,9.17475,0.0,0.0,LRGDEFL2B,tierA|vd=301+-20|z=0.261|ACSWFC|9620s|P--
G4B_00013,9.26482,9.17234,0.0,0.0,LRGDEFL2B,tierA|vd=297+-16|z=0.247|ACSWFC|9620s|P--
G4B_00014,9.27851,9.15670,0.0,0.0,LRGDEFL2B,tierA|vd=290+-16|z=0.249|ACSWFC|9620s|P--
G4B_00015,39.97136,-1.58222,0.0,0.0,LRGDEFL2B,tierA|vd=371+-46|z=0.373|ACSWFC|9600s|P11591
G4B_00016,139.47291,51.73371,0.0,0.0,LRGDEFL2B,tierA|vd=308+-12|z=0.225|ACSWFC|9120s|P--
G4B_00017,139.47258,51.72710,0.0,0.0,LRGDEFL2B,tierA|vd=282+-11|z=0.217|ACSWFC|9120s|P--
G4B_00018,139.45352,51.73612,0.0,0.0,LRGDEFL2B,tierA|vd=264+-31|z=0.210|ACSWFC|9120s|P--
G4B_00019,139.48088,51.71632,0.0,0.0,LRGDEFL2B,tierA|vd=255+-14|z=0.222|ACSWFC|9120s|P--
G4B_00020,137.78297,17.78209,0.0,0.0,LRGDEFL2B,tierA|vd=272+-41|z=0.506|ACSWFC|8825s|P--
G4B_00021,158.50925,51.96069,0.0,0.0,LRGDEFL2B,tierA|vd=263+-30|z=0.503|WFC3UVIS|8140s|P--
G4B_00022,219.58887,34.32112,0.0,0.0,LRGDEFL2B,tierA|vd=286+-43|z=0.538|ACSWFC|8000s|P11597
G4B_00023,218.52806,33.60895,0.0,0.0,LRGDEFL2B,tierA|vd=252+-31|z=0.326|ACSWFC|7970s|P12608
G4B_00024,356.60669,12.83479,0.0,0.0,LRGDEFL2B,tierA|vd=363+-48|z=0.503|ACSWFC|7671s|P9367
G4B_00025,145.22376,7.74037,0.0,0.0,LRGDEFL2B,tierA|vd=330+-31|z=0.337|ACSWFC|7526s|P--
G4B_00026,189.05364,28.98302,0.0,0.0,LRGDEFL2B,tierA|vd=253+-18|z=0.225|ACSWFC|6908s|P10119
G4B_00027,135.01163,22.56766,0.0,0.0,LRGDEFL2B,tierA|vd=263+-44|z=0.488|WFC3UVIS|5598s|P11602
G4B_00028,135.00772,22.58987,0.0,0.0,LRGDEFL2B,tierA|vd=255+-32|z=0.487|WFC3UVIS|5598s|P11602
G4B_00029,135.34322,18.24232,0.0,0.0,LRGDEFL2B,tierA|vd=442+-42|z=0.346|WFC3UVIS|5592s|P11602
G4B_00030,177.13810,19.50089,0.0,0.0,LRGDEFL2B,tierA|vd=258+-42|z=0.445|WFC3UVIS|5592s|P--
G4B_00031,186.71297,21.83120,0.0,0.0,LRGDEFL2B,tierA|vd=333+-22|z=0.438|ACSWFC|5520s|P--
G4B_00032,145.74177,46.98674,0.0,0.0,LRGDEFL2B,tierA|vd=304+-45|z=0.412|ACSWFC|5464s|P--
G4B_00033,145.77160,46.99733,0.0,0.0,LRGDEFL2B,tierA|vd=296+-40|z=0.406|ACSWFC|5464s|P--
G4B_00034,165.92133,18.05627,0.0,0.0,LRGDEFL2B,tierA|vd=294+-35|z=0.398|ACSWFC|5435s|P--
G4B_00035,29.95560,-8.83299,0.0,0.0,LRGDEFL2B,tierA|vd=339+-32|z=0.405|WFC3UVIS|5320s|P--
G4B_00036,29.96247,-8.81960,0.0,0.0,LRGDEFL2B,tierA|vd=257+-35|z=0.407|WFC3UVIS|5320s|P--
G4B_00037,247.82263,12.78292,0.0,0.0,LRGDEFL2B,tierA|vd=264+-48|z=0.532|ACSWFC|5200s|P12549
G4B_00038,184.97003,47.22296,0.0,0.0,LRGDEFL2B,tierA|vd=253+-21|z=0.317|ACSWFC|5146s|P16743
G4B_00039,203.22178,50.50811,0.0,0.0,LRGDEFL2B,tierA|vd=284+-21|z=0.330|ACSWFC|5000s|P12253
G4B_00040,7.60659,5.84627,0.0,0.0,LRGDEFL2B,tierA|vd=265+-39|z=0.419|ACSWFC|5000s|P9403
G4B_00041,249.21905,41.04403,0.0,0.0,LRGDEFL2B,tierA|vd=310+-23|z=0.428|ACSWFC|4760s|P9761
G4B_00042,207.68351,38.03986,0.0,0.0,LRGDEFL2B,tierA|vd=282+-36|z=0.541|ACSWFC|4602s|P--
G4B_00043,186.92342,12.42514,0.0,0.0,LRGDEFL2B,tierA|vd=365+-51|z=0.526|WFC3UVIS|4574s|P17528
G4B_00044,39.87356,-1.50416,0.0,0.0,LRGDEFL2B,tierA|vd=279+-21|z=0.325|ACSWFC|4387s|P16278
G4B_00045,209.97091,62.49686,0.0,0.0,LRGDEFL2B,tierA|vd=284+-20|z=0.329|ACSWFC|4360s|P11591
G4B_00046,42.01413,-3.52923,0.0,0.0,LRGDEFL2B,tierA|vd=386+-22|z=0.189|ACSWFC|4243s|P--
G4B_00047,179.32217,33.61093,0.0,0.0,LRGDEFL2B,tierA|vd=301+-13|z=0.214|ACSWFC|4240s|P--
G4B_00048,144.10211,30.20589,0.0,0.0,LRGDEFL2B,tierA|vd=385+-68|z=0.527|WFC3UVIS|4200s|P--
G4B_00049,197.75747,-3.17771,0.0,0.0,LRGDEFL2B,tierA|vd=333+-53|z=0.492|ACSWFC|4126s|P--
G4B_00050,197.76313,-3.18483,0.0,0.0,LRGDEFL2B,tierA|vd=323+-40|z=0.496|ACSWFC|4126s|P--
G4B_00051,260.61327,32.13257,0.0,0.0,LRGDEFL2B,tierA|vd=388+-19|z=0.223|ACSWFC|4099s|P--
G4B_00052,260.59770,32.11416,0.0,0.0,LRGDEFL2B,tierA|vd=278+-14|z=0.226|ACSWFC|4099s|P--
G4B_00053,158.56720,51.85446,0.0,0.0,LRGDEFL2B,tierA|vd=295+-38|z=0.432|WFC3UVIS|4070s|P12549
G4B_00054,149.58221,2.83479,0.0,0.0,LRGDEFL2B,tierA|vd=251+-26|z=0.349|ACSWFC|4056s|P--
G4B_00055,120.23677,36.05656,0.0,0.0,LRGDEFL2B,tierA|vd=336+-19|z=0.287|ACSWFC|4046s|P--
G4B_00056,233.22409,30.34983,0.0,0.0,LRGDEFL2B,tierA|vd=308+-30|z=0.362|ACSWFC|4018s|P--
G4B_00057,168.94307,1.49427,0.0,0.0,LRGDEFL2B,tierA|vd=324+-50|z=0.356|ACSWFC|3999s|P--
G4B_00058,260.06990,35.60736,0.0,0.0,LRGDEFL2B,tierA|vd=314+-41|z=0.387|ACSWFC|3988s|P--
G4B_00059,322.41320,0.08600,0.0,0.0,LRGDEFL2B,tierA|vd=334+-13|z=0.235|ACSWFC|3933s|P--
G4B_00060,322.41649,0.08921,0.0,0.0,LRGDEFL2B,tierA|vd=287+-20|z=0.234|ACSWFC|3933s|P--
G4B_00061,351.97594,-2.16974,0.0,0.0,LRGDEFL2B,tierA|vd=262+-43|z=0.457|ACSWFC|3884s|P10846
G4B_00062,211.31825,55.76958,0.0,0.0,LRGDEFL2B,tierA|vd=314+-54|z=0.524|ACSWFC|3470s|P--
G4B_00063,147.46583,17.11957,0.0,0.0,LRGDEFL2B,tierA|vd=326+-37|z=0.383|WFC3UVIS|3330s|P--
G4B_00064,147.47078,17.12115,0.0,0.0,LRGDEFL2B,tierA|vd=311+-21|z=0.382|WFC3UVIS|3330s|P--
G4B_00065,204.35415,8.96568,0.0,0.0,LRGDEFL2B,tierA|vd=265+-49|z=0.545|ACSWFC|3210s|P15654
G4B_00066,36.31986,0.19171,0.0,0.0,LRGDEFL2B,tierA|vd=273+-17|z=0.358|WFC3UVIS|3086s|P--
G4B_00067,36.31640,0.18782,0.0,0.0,LRGDEFL2B,tierA|vd=265+-47|z=0.358|WFC3UVIS|3086s|P--
G4B_00068,217.24907,34.55273,0.0,0.0,LRGDEFL2B,tierA|vd=259+-20|z=0.359|ACSWFC|3050s|P--
G4B_00069,217.23150,34.01831,0.0,0.0,LRGDEFL2B,tierA|vd=329+-35|z=0.328|ACSWFC|3025s|P--
G4B_00070,217.25868,34.03211,0.0,0.0,LRGDEFL2B,tierA|vd=253+-45|z=0.496|ACSWFC|3025s|P--
G4B_00071,210.66696,63.34598,0.0,0.0,LRGDEFL2B,tierA|vd=300+-34|z=0.444|ACSWFC|2940s|P--
G4B_00072,181.41795,49.17879,0.0,0.0,LRGDEFL2B,tierA|vd=290+-29|z=0.434|ACSWFC|2808s|P--
G4B_00073,149.48303,68.81521,0.0,0.0,LRGDEFL2B,tierA|vd=284+-16|z=0.194|WFC3UVIS|2798s|P--
G4B_00074,249.52999,42.86394,0.0,0.0,LRGDEFL2B,tierA|vd=285+-47|z=0.516|WFC3UVIS|2692s|P--
G4B_00075,345.21231,0.37793,0.0,0.0,LRGDEFL2B,tierA|vd=254+-25|z=0.466|ACSWFC|2644s|P--
G4B_00076,222.87587,-2.65835,0.0,0.0,LRGDEFL2B,tierA|vd=299+-35|z=0.521|ACSWFC|2532s|P--
G4B_00077,355.11896,29.79642,0.0,0.0,LRGDEFL2B,tierA|vd=301+-37|z=0.485|WFC3UVIS|2504s|P14230
G4B_00078,217.91214,-0.82499,0.0,0.0,LRGDEFL2B,tierA|vd=295+-35|z=0.396|WFC3UVIS|2489s|P15939
G4B_00079,229.84836,20.53568,0.0,0.0,LRGDEFL2B,tierA|vd=277+-40|z=0.376|WFC3UVIS|2442s|P15105
G4B_00080,212.28346,51.23921,0.0,0.0,LRGDEFL2B,tierA|vd=285+-22|z=0.318|ACSWFC|2439s|P16890
G4B_00081,260.89236,34.20059,0.0,0.0,LRGDEFL2B,tierA|vd=341+-29|z=0.443|ACSWFC|2433s|P14362
G4B_00082,260.90067,34.19946,0.0,0.0,LRGDEFL2B,tierA|vd=330+-37|z=0.442|ACSWFC|2433s|P14362
G4B_00083,223.96650,57.04495,0.0,0.0,LRGDEFL2B,tierA|vd=263+-36|z=0.476|WFC3UVIS|2424s|P13003
G4B_00084,223.99798,57.04166,0.0,0.0,LRGDEFL2B,tierA|vd=259+-37|z=0.485|WFC3UVIS|2424s|P13003
G4B_00085,186.85861,23.80004,0.0,0.0,LRGDEFL2B,tierA|vd=252+-22|z=0.222|WFC3UVIS|2420s|P--
G4B_00086,8.04951,18.14361,0.0,0.0,LRGDEFL2B,tierA|vd=285+-32|z=0.366|ACSWFC|2417s|P--
G4B_00087,116.85390,50.95160,0.0,0.0,LRGDEFL2B,tierA|vd=251+-31|z=0.460|ACSWFC|2416s|P--
G4B_00088,53.26545,-6.87592,0.0,0.0,LRGDEFL2B,tierA|vd=353+-19|z=0.288|WFC3UVIS|2400s|P--
G4B_00089,219.77340,12.14699,0.0,0.0,LRGDEFL2B,tierA|vd=345+-44|z=0.434|WFC3UVIS|2400s|P--
G4B_00090,1.21337,-1.04284,0.0,0.0,LRGDEFL2B,tierA|vd=338+-40|z=0.454|WFC3UVIS|2400s|P13003
G4B_00091,162.00202,15.26824,0.0,0.0,LRGDEFL2B,tierA|vd=313+-13|z=0.213|WFC3UVIS|2400s|P--
G4B_00092,179.02275,19.18686,0.0,0.0,LRGDEFL2B,tierA|vd=306+-39|z=0.545|WFC3UVIS|2400s|P--
G4B_00093,219.79076,12.14045,0.0,0.0,LRGDEFL2B,tierA|vd=305+-47|z=0.427|WFC3UVIS|2400s|P--
G4B_00094,354.41555,0.27137,0.0,0.0,LRGDEFL2B,tierA|vd=285+-18|z=0.277|ACSWFC|2400s|P--
G4B_00095,161.99754,15.26470,0.0,0.0,LRGDEFL2B,tierA|vd=276+-11|z=0.213|WFC3UVIS|2400s|P--
G4B_00096,179.02680,19.19911,0.0,0.0,LRGDEFL2B,tierA|vd=273+-37|z=0.541|WFC3UVIS|2400s|P--
G4B_00097,354.42345,0.27345,0.0,0.0,LRGDEFL2B,tierA|vd=259+-19|z=0.278|ACSWFC|2400s|P--
G4B_00098,194.14406,32.45454,0.0,0.0,LRGDEFL2B,tierA|vd=255+-36|z=0.524|WFC3UVIS|2400s|P--
G4B_00099,149.40437,5.15356,0.0,0.0,LRGDEFL2B,tierA|vd=253+-48|z=0.451|WFC3UVIS|2400s|P--
G4B_00100,178.99902,19.17459,0.0,0.0,LRGDEFL2B,tierA|vd=251+-24|z=0.325|WFC3UVIS|2400s|P--
G4B_00101,194.96036,27.82870,0.0,0.0,LRGDEFL2B,tierA|vd=261+-26|z=0.515|ACSWFC|2396s|P14182
G4B_00102,138.91258,38.44958,0.0,0.0,LRGDEFL2B,tierA|vd=301+-37|z=0.396|WFC3UVIS|2388s|P13003
G4B_00103,248.03382,35.00908,0.0,0.0,LRGDEFL2B,tierA|vd=276+-45|z=0.471|WFC3UVIS|2388s|P13003
G4B_00104,132.91261,33.52020,0.0,0.0,LRGDEFL2B,tierA|vd=266+-35|z=0.370|WFC3UVIS|2380s|P13003
G4B_00105,132.90199,33.51564,0.0,0.0,LRGDEFL2B,tierA|vd=252+-21|z=0.375|WFC3UVIS|2380s|P13003
G4B_00106,30.33915,32.47491,0.0,0.0,LRGDEFL2B,tierA|vd=258+-20|z=0.396|WFC3UVIS|2372s|P17458
G4B_00107,119.48626,43.23201,0.0,0.0,LRGDEFL2B,tierA|vd=314+-47|z=0.467|ACSWFC|2312s|P--
G4B_00108,174.51838,3.25657,0.0,0.0,LRGDEFL2B,tierA|vd=308+-29|z=0.449|ACSWFC|2296s|P9744
G4B_00109,259.27872,29.52251,0.0,0.0,LRGDEFL2B,tierA|vd=268+-26|z=0.278|ACSWFC|2286s|P15670
G4B_00110,183.72467,36.22615,0.0,0.0,LRGDEFL2B,tierA|vd=316+-48|z=0.426|ACSWFC|2280s|P10915
G4B_00111,185.45023,38.10937,0.0,0.0,LRGDEFL2B,tierA|vd=315+-17|z=0.181|ACSWFC|2255s|P--
G4B_00112,130.74012,36.36695,0.0,0.0,LRGDEFL2B,tierA|vd=331+-20|z=0.283|ACSWFC|2255s|P--
G4B_00113,130.72568,36.35152,0.0,0.0,LRGDEFL2B,tierA|vd=252+-22|z=0.284|ACSWFC|2255s|P--
G4B_00114,197.73478,21.96572,0.0,0.0,LRGDEFL2B,tierA|vd=322+-22|z=0.282|ACSWFC|2250s|P15670
G4B_00115,189.48748,62.34994,0.0,0.0,LRGDEFL2B,tierA|vd=323+-42|z=0.484|ACSWFC|2246s|P12443
G4B_00116,188.98425,62.27161,0.0,0.0,LRGDEFL2B,tierA|vd=292+-22|z=0.296|ACSWFC|2236s|P12444
G4B_00117,188.91007,62.24305,0.0,0.0,LRGDEFL2B,tierA|vd=267+-42|z=0.509|ACSWFC|2236s|P12445
G4B_00118,179.92203,-0.13335,0.0,0.0,LRGDEFL2B,tierA|vd=297+-34|z=0.511|ACSWFC|2204s|P--
G4B_00119,179.92772,-0.10125,0.0,0.0,LRGDEFL2B,tierA|vd=273+-49|z=0.463|ACSWFC|2204s|P--
G4B_00120,200.25475,16.71008,0.0,0.0,LRGDEFL2B,tierA|vd=272+-35|z=0.449|ACSWFC|2194s|P14667
G4B_00121,350.87701,-1.01144,0.0,0.0,LRGDEFL2B,tierA|vd=292+-51|z=0.510|ACSWFC|2180s|P14608
G4B_00122,17.57586,19.63859,0.0,0.0,LRGDEFL2B,tierA|vd=307+-11|z=0.313|ACSWFC|2156s|P10152
G4B_00123,126.53775,26.41847,0.0,0.0,LRGDEFL2B,tierA|vd=300+-40|z=0.357|ACSWFC|2156s|P10490
G4B_00124,169.32200,17.74968,0.0,0.0,LRGDEFL2B,tierA|vd=295+-16|z=0.245|ACSWFC|2156s|P--
G4B_00125,17.57600,19.64854,0.0,0.0,LRGDEFL2B,tierA|vd=256+-20|z=0.319|ACSWFC|2156s|P10152
G4B_00126,352.21792,14.87873,0.0,0.0,LRGDEFL2B,tierA|vd=377+-63|z=0.499|ACSWFC|2152s|P--
G4B_00127,141.65277,12.71780,0.0,0.0,LRGDEFL2B,tierA|vd=310+-35|z=0.492|ACSWFC|2152s|P10152
G4B_00128,170.79550,14.14363,0.0,0.0,LRGDEFL2B,tierA|vd=303+-31|z=0.341|ACSWFC|2152s|P10152
G4B_00129,326.52298,4.38698,0.0,0.0,LRGDEFL2B,tierA|vd=450+-49|z=0.524|ACSWFC|2148s|P10152
G4B_00130,208.57170,-2.36638,0.0,0.0,LRGDEFL2B,tierA|vd=357+-42|z=0.548|ACSWFC|2148s|P--
G4B_00131,326.51515,4.39979,0.0,0.0,LRGDEFL2B,tierA|vd=293+-37|z=0.533|ACSWFC|2148s|P10152
G4B_00132,326.52234,4.37918,0.0,0.0,LRGDEFL2B,tierA|vd=289+-36|z=0.539|ACSWFC|2148s|P10152
G4B_00133,153.52061,38.83771,0.0,0.0,LRGDEFL2B,tierA|vd=264+-17|z=0.203|ACSWFC|2146s|P--
G4B_00134,217.49493,41.10435,0.0,0.0,LRGDEFL2B,tierA|vd=358+-37|z=0.287|ACSWFC|2128s|P10886
G4B_00135,135.81225,41.27144,0.0,0.0,LRGDEFL2B,tierA|vd=286+-40|z=0.432|ACSWFC|2128s|P10886
G4B_00136,135.79981,41.25234,0.0,0.0,LRGDEFL2B,tierA|vd=267+-25|z=0.433|ACSWFC|2128s|P10886
G4B_00137,203.83372,41.00115,0.0,0.0,LRGDEFL2B,tierA|vd=362+-13|z=0.228|ACSWFC|2123s|P--
G4B_00138,231.27299,33.44761,0.0,0.0,LRGDEFL2B,tierA|vd=260+-10|z=0.124|ACSWFC|2108s|P10886
G4B_00139,211.53433,25.11417,0.0,0.0,LRGDEFL2B,tierA|vd=336+-29|z=0.438|WFC3UVIS|2100s|P14178
G4B_00140,215.20254,53.10664,0.0,0.0,LRGDEFL2B,tierA|vd=276+-38|z=0.355|ACSWFC|2100s|P10134
G4B_00141,215.18044,52.99604,0.0,0.0,LRGDEFL2B,tierA|vd=267+-18|z=0.351|ACSWFC|2100s|P10134
G4B_00142,211.51695,25.14412,0.0,0.0,LRGDEFL2B,tierA|vd=257+-13|z=0.163|WFC3UVIS|2100s|P14178
G4B_00143,214.96749,52.92632,0.0,0.0,LRGDEFL2B,tierA|vd=294+-41|z=0.463|ACSWFC|2096s|P12063
G4B_00144,186.11848,11.81970,0.0,0.0,LRGDEFL2B,tierA|vd=294+-18|z=0.507|ACSWFC|2088s|P17267
G4B_00145,143.99987,9.21646,0.0,0.0,LRGDEFL2B,tierA|vd=283+-15|z=0.191|ACSWFC|2088s|P10886
G4B_00146,29.50873,-0.92423,0.0,0.0,LRGDEFL2B,tierA|vd=268+-53|z=0.545|ACSWFC|2088s|P10886
G4B_00147,355.27748,-0.00193,0.0,0.0,LRGDEFL2B,tierA|vd=267+-14|z=0.189|ACSWFC|2088s|P--
G4B_00148,144.01253,9.23429,0.0,0.0,LRGDEFL2B,tierA|vd=266+-10|z=0.130|ACSWFC|2088s|P10886
G4B_00149,152.87291,1.72316,0.0,0.0,LRGDEFL2B,tierA|vd=253+-17|z=0.331|ACSWFC|2088s|P10831
G4B_00150,355.27431,-0.00368,0.0,0.0,LRGDEFL2B,tierA|vd=251+-13|z=0.190|ACSWFC|2088s|P--
G4B_00151,212.22069,53.81699,0.0,0.0,LRGDEFL2B,tierA|vd=309+-30|z=0.511|WFC3UVIS|2053s|P--
G4B_00152,259.25163,59.62738,0.0,0.0,LRGDEFL2B,tierA|vd=303+-9|z=0.119|ACSWFC|2040s|P9753
G4B_00153,34.39943,-3.80172,0.0,0.0,LRGDEFL2B,tierA|vd=264+-18|z=0.292|ACSWFC|2030s|P17172
G4B_00154,150.23336,2.47624,0.0,0.0,LRGDEFL2B,tierA|vd=394+-39|z=0.374|ACSWFC|2028s|P9822
G4B_00155,149.75632,2.79470,0.0,0.0,LRGDEFL2B,tierA|vd=371+-52|z=0.493|ACSWFC|2028s|P10092
G4B_00156,150.12732,2.62245,0.0,0.0,LRGDEFL2B,tierA|vd=347+-69|z=0.517|ACSWFC|2028s|P9822
G4B_00157,149.96413,1.68033,0.0,0.0,LRGDEFL2B,tierA|vd=332+-28|z=0.372|ACSWFC|2028s|P10092
G4B_00158,149.63385,2.11577,0.0,0.0,LRGDEFL2B,tierA|vd=332+-27|z=0.310|ACSWFC|2028s|P10092
G4B_00159,149.88264,2.44834,0.0,0.0,LRGDEFL2B,tierA|vd=331+-37|z=0.359|ACSWFC|2028s|P9822
G4B_00160,150.14337,2.68681,0.0,0.0,LRGDEFL2B,tierA|vd=329+-35|z=0.345|ACSWFC|2028s|P10092
G4B_00161,150.08063,2.39030,0.0,0.0,LRGDEFL2B,tierA|vd=327+-35|z=0.352|ACSWFC|2028s|P9822
G4B_00162,149.53903,1.72237,0.0,0.0,LRGDEFL2B,tierA|vd=293+-38|z=0.502|ACSWFC|2028s|P10092
G4B_00163,150.18692,2.78241,0.0,0.0,LRGDEFL2B,tierA|vd=289+-23|z=0.305|ACSWFC|2028s|P10092
G4B_00164,150.68691,1.67083,0.0,0.0,LRGDEFL2B,tierA|vd=282+-21|z=0.363|ACSWFC|2028s|P10092
G4B_00165,150.58049,2.29266,0.0,0.0,LRGDEFL2B,tierA|vd=280+-28|z=0.439|ACSWFC|2028s|P9822
G4B_00166,150.09074,2.00000,0.0,0.0,LRGDEFL2B,tierA|vd=279+-15|z=0.219|ACSWFC|2028s|P9822
G4B_00167,149.87403,2.83985,0.0,0.0,LRGDEFL2B,tierA|vd=278+-30|z=0.358|ACSWFC|2028s|P10092
G4B_00168,150.72529,2.24172,0.0,0.0,LRGDEFL2B,tierA|vd=277+-32|z=0.467|ACSWFC|2028s|P10092
G4B_00169,150.32485,2.48405,0.0,0.0,LRGDEFL2B,tierA|vd=275+-20|z=0.349|ACSWFC|2028s|P9822
G4B_00170,150.17996,1.76887,0.0,0.0,LRGDEFL2B,tierA|vd=275+-40|z=0.346|ACSWFC|2028s|P10092
G4B_00171,150.09560,2.66141,0.0,0.0,LRGDEFL2B,tierA|vd=272+-26|z=0.347|ACSWFC|2028s|P9822
G4B_00172,150.11784,2.68426,0.0,0.0,LRGDEFL2B,tierA|vd=271+-26|z=0.349|ACSWFC|2028s|P10092
G4B_00173,150.19857,2.06852,0.0,0.0,LRGDEFL2B,tierA|vd=268+-15|z=0.185|ACSWFC|2028s|P9822
G4B_00174,149.60008,2.82118,0.0,0.0,LRGDEFL2B,tierA|vd=266+-26|z=0.345|ACSWFC|2028s|P10092
G4B_00175,149.99849,2.76911,0.0,0.0,LRGDEFL2B,tierA|vd=266+-11|z=0.166|ACSWFC|2028s|P10092
G4B_00176,150.18977,1.65737,0.0,0.0,LRGDEFL2B,tierA|vd=264+-19|z=0.221|ACSWFC|2028s|P10092
G4B_00177,149.65295,1.65853,0.0,0.0,LRGDEFL2B,tierA|vd=262+-23|z=0.467|ACSWFC|2028s|P10092
G4B_00178,150.51980,2.57282,0.0,0.0,LRGDEFL2B,tierA|vd=262+-34|z=0.361|ACSWFC|2028s|P9822
G4B_00179,150.37770,2.41226,0.0,0.0,LRGDEFL2B,tierA|vd=257+-22|z=0.349|ACSWFC|2028s|P9822
G4B_00180,149.79785,1.70203,0.0,0.0,LRGDEFL2B,tierA|vd=256+-27|z=0.350|ACSWFC|2028s|P10092
G4B_00181,150.19829,1.98628,0.0,0.0,LRGDEFL2B,tierA|vd=255+-31|z=0.438|ACSWFC|2028s|P9822
G4B_00182,150.68032,2.58104,0.0,0.0,LRGDEFL2B,tierA|vd=254+-39|z=0.521|ACSWFC|2028s|P10092
G4B_00183,150.00328,2.40753,0.0,0.0,LRGDEFL2B,tierA|vd=252+-24|z=0.349|ACSWFC|2028s|P9822
G4B_00184,149.85844,2.59192,0.0,0.0,LRGDEFL2B,tierA|vd=250+-28|z=0.358|ACSWFC|2028s|P9822
G4B_00185,18.80935,-1.44234,0.0,0.0,LRGDEFL2B,tierA|vd=285+-40|z=0.482|ACSWFC|1980s|P12975
G4B_00186,27.50357,27.42673,0.0,0.0,LRGDEFL2B,tierA|vd=282+-22|z=0.306|WFC3UVIS|1980s|P--
G4B_00187,39.86709,-1.53803,0.0,0.0,LRGDEFL2B,tierA|vd=274+-30|z=0.423|ACSWFC|1978s|P13459
G4B_00188,225.83193,3.89289,0.0,0.0,LRGDEFL2B,tierA|vd=312+-30|z=0.453|WFC3UVIS|1976s|P--
G4B_00189,232.79416,34.24028,0.0,0.0,LRGDEFL2B,tierA|vd=444+-58|z=0.335|WFC3UVIS|1964s|P--
G4B_00190,232.79612,34.24123,0.0,0.0,LRGDEFL2B,tierA|vd=316+-48|z=0.329|WFC3UVIS|1964s|P--
G4B_00191,218.85106,33.09297,0.0,0.0,LRGDEFL2B,tierA|vd=311+-13|z=0.352|ACSWFC|1960s|P10890
G4B_00192,219.36132,34.27178,0.0,0.0,LRGDEFL2B,tierA|vd=292+-57|z=0.398|ACSWFC|1960s|P10890
G4B_00193,155.89089,42.18068,0.0,0.0,LRGDEFL2B,tierA|vd=264+-16|z=0.264|ACSWFC|1957s|P15930
G4B_00194,183.07920,27.56463,0.0,0.0,LRGDEFL2B,tierA|vd=308+-22|z=0.358|ACSWFC|1934s|P15959
G4B_00195,183.07701,27.54865,0.0,0.0,LRGDEFL2B,tierA|vd=290+-22|z=0.351|ACSWFC|1934s|P15959
G4B_00196,211.84037,55.08464,0.0,0.0,LRGDEFL2B,tierA|vd=395+-29|z=0.327|ACSWFC|1930s|P--
G4B_00197,165.21705,10.74483,0.0,0.0,LRGDEFL2B,tierA|vd=251+-23|z=0.442|WFC3UVIS|1912s|P13755
G4B_00198,8.41337,2.72254,0.0,0.0,LRGDEFL2B,tierA|vd=326+-60|z=0.470|WFC3UVIS|1900s|P14170
G4B_00199,8.39717,2.71723,0.0,0.0,LRGDEFL2B,tierA|vd=251+-25|z=0.478|WFC3UVIS|1900s|P14170
G4B_00200,149.48362,28.86169,0.0,0.0,LRGDEFL2B,tierA|vd=284+-45|z=0.517|WFC3UVIS|1800s|P11905
G4B_00201,220.19350,53.48779,0.0,0.0,LRGDEFL2B,tierA|vd=283+-53|z=0.527|WFC3UVIS|1800s|P13556
G4B_00202,133.61914,50.45270,0.0,0.0,LRGDEFL2B,tierA|vd=281+-13|z=0.180|WFC3UVIS|1800s|P12342
G4B_00203,152.42582,30.02360,0.0,0.0,LRGDEFL2B,tierA|vd=267+-47|z=0.372|WFC3UVIS|1800s|P11905
G4B_00204,165.78955,36.35483,0.0,0.0,LRGDEFL2B,tierA|vd=267+-34|z=0.493|WFC3UVIS|1800s|P12689
G4B_00205,139.82995,55.31789,0.0,0.0,LRGDEFL2B,tierA|vd=261+-24|z=0.225|WFC3UVIS|1800s|P12342
G4B_00206,10.90328,0.87700,0.0,0.0,LRGDEFL2B,tierA|vd=267+-46|z=0.386|ACSWFC|1760s|P--
G4B_00207,39.93475,-1.55227,0.0,0.0,LRGDEFL2B,tierA|vd=314+-23|z=0.367|ACSWFC|1640s|P16757
G4B_00208,149.59681,2.14980,0.0,0.0,LRGDEFL2B,tierA|vd=251+-24|z=0.283|ACSWFC|1639s|P13641
G4B_00209,190.43720,32.28179,0.0,0.0,LRGDEFL2B,tierA|vd=300+-28|z=0.398|WFC3UVIS|1600s|P--
G4B_00210,163.15454,36.68583,0.0,0.0,LRGDEFL2B,tierA|vd=384+-37|z=0.369|WFC3UVIS|1560s|P--
G4B_00211,163.15649,36.68343,0.0,0.0,LRGDEFL2B,tierA|vd=369+-64|z=0.372|WFC3UVIS|1560s|P--
G4B_00212,162.97213,15.99696,0.0,0.0,LRGDEFL2B,tierA|vd=276+-8|z=0.097|WFC3UVIS|1460s|P--
G4B_00213,8.60825,2.42366,0.0,0.0,LRGDEFL2B,tierA|vd=400+-28|z=0.382|ACSWFC|1440s|P12884
G4B_00214,186.66169,21.88964,0.0,0.0,LRGDEFL2B,tierA|vd=385+-65|z=0.434|ACSWFC|1440s|P12166
G4B_00215,194.51501,47.03580,0.0,0.0,LRGDEFL2B,tierA|vd=379+-43|z=0.334|ACSWFC|1440s|P12166
G4B_00216,151.72167,32.00309,0.0,0.0,LRGDEFL2B,tierA|vd=369+-59|z=0.399|ACSWFC|1440s|P12166
G4B_00217,223.23958,58.04865,0.0,0.0,LRGDEFL2B,tierA|vd=367+-32|z=0.321|ACSWFC|1440s|P12166
G4B_00218,223.11400,8.58844,0.0,0.0,LRGDEFL2B,tierA|vd=353+-33|z=0.397|ACSWFC|1440s|P10626
G4B_00219,200.89214,30.38033,0.0,0.0,LRGDEFL2B,tierA|vd=351+-40|z=0.462|ACSWFC|1440s|P--
G4B_00220,8.74085,2.55883,0.0,0.0,LRGDEFL2B,tierA|vd=347+-39|z=0.384|ACSWFC|1440s|P12884
G4B_00221,323.80107,-1.04826,0.0,0.0,LRGDEFL2B,tierA|vd=344+-67|z=0.328|ACSWFC|1440s|P12884
G4B_00222,227.80154,10.02232,0.0,0.0,LRGDEFL2B,tierA|vd=337+-59|z=0.416|ACSWFC|1440s|P10626
G4B_00223,245.34925,38.17905,0.0,0.0,LRGDEFL2B,tierA|vd=334+-38|z=0.462|ACSWFC|1440s|P12166
G4B_00224,199.80066,-2.11974,0.0,0.0,LRGDEFL2B,tierA|vd=330+-50|z=0.473|ACSWFC|1440s|P10626
G4B_00225,131.36570,3.46080,0.0,0.0,LRGDEFL2B,tierA|vd=328+-24|z=0.329|ACSWFC|1440s|P12166
G4B_00226,151.72783,32.02545,0.0,0.0,LRGDEFL2B,tierA|vd=327+-29|z=0.398|ACSWFC|1440s|P12166
G4B_00227,27.58864,-10.09181,0.0,0.0,LRGDEFL2B,tierA|vd=324+-44|z=0.365|ACSWFC|1440s|P12884
G4B_00228,341.36561,28.15022,0.0,0.0,LRGDEFL2B,tierA|vd=324+-15|z=0.344|ACSWFC|1440s|P12884
G4B_00229,175.60325,58.53488,0.0,0.0,LRGDEFL2B,tierA|vd=310+-11|z=0.322|ACSWFC|1440s|P--
G4B_00230,200.91084,30.37146,0.0,0.0,LRGDEFL2B,tierA|vd=308+-32|z=0.464|ACSWFC|1440s|P--
G4B_00231,175.61124,58.52912,0.0,0.0,LRGDEFL2B,tierA|vd=306+-41|z=0.321|ACSWFC|1440s|P--
G4B_00232,341.35035,28.15520,0.0,0.0,LRGDEFL2B,tierA|vd=306+-26|z=0.346|ACSWFC|1440s|P12884
G4B_00233,151.73209,31.99302,0.0,0.0,LRGDEFL2B,tierA|vd=292+-19|z=0.397|ACSWFC|1440s|P12166
G4B_00234,175.60941,58.54535,0.0,0.0,LRGDEFL2B,tierA|vd=285+-21|z=0.334|ACSWFC|1440s|P--
G4B_00235,8.73653,2.55527,0.0,0.0,LRGDEFL2B,tierA|vd=284+-21|z=0.385|ACSWFC|1440s|P12884
G4B_00236,139.03764,-0.37398,0.0,0.0,LRGDEFL2B,tierA|vd=283+-27|z=0.330|ACSWFC|1440s|P12166
G4B_00237,221.85843,8.47365,0.0,0.0,LRGDEFL2B,tierA|vd=281+-23|z=0.375|ACSWFC|1440s|P12884
G4B_00238,139.03846,-0.40449,0.0,0.0,LRGDEFL2B,tierA|vd=280+-31|z=0.329|ACSWFC|1440s|P12166
G4B_00239,341.33817,28.11845,0.0,0.0,LRGDEFL2B,tierA|vd=280+-24|z=0.340|ACSWFC|1440s|P12884
G4B_00240,139.07315,-0.40155,0.0,0.0,LRGDEFL2B,tierA|vd=279+-28|z=0.318|ACSWFC|1440s|P--
G4B_00241,8.75116,2.54118,0.0,0.0,LRGDEFL2B,tierA|vd=277+-34|z=0.455|ACSWFC|1440s|P12884
G4B_00242,227.79441,10.03698,0.0,0.0,LRGDEFL2B,tierA|vd=275+-31|z=0.417|ACSWFC|1440s|P10626
G4B_00243,228.27775,6.19206,0.0,0.0,LRGDEFL2B,tierA|vd=275+-9|z=0.174|ACSWFC|1440s|P--
G4B_00244,175.59597,58.51234,0.0,0.0,LRGDEFL2B,tierA|vd=272+-19|z=0.324|ACSWFC|1440s|P--
G4B_00245,142.08832,36.77450,0.0,0.0,LRGDEFL2B,tierA|vd=271+-37|z=0.393|ACSWFC|1440s|P10626
G4B_00246,323.80063,-1.05587,0.0,0.0,LRGDEFL2B,tierA|vd=266+-23|z=0.337|ACSWFC|1440s|P12884
G4B_00247,189.23928,63.18772,0.0,0.0,LRGDEFL2B,tierA|vd=263+-25|z=0.299|ACSWFC|1440s|P12166
G4B_00248,175.61577,58.50898,0.0,0.0,LRGDEFL2B,tierA|vd=260+-15|z=0.321|ACSWFC|1440s|P12166
G4B_00249,175.59652,58.51518,0.0,0.0,LRGDEFL2B,tierA|vd=259+-22|z=0.327|ACSWFC|1440s|P--
G4B_00250,17.52998,32.18019,0.0,0.0,LRGDEFL2B,tierA|vd=258+-15|z=0.333|ACSWFC|1440s|P--
G4B_00251,340.48249,17.56231,0.0,0.0,LRGDEFL2B,tierA|vd=257+-20|z=0.322|ACSWFC|1440s|P12884
G4B_00252,8.62462,2.44252,0.0,0.0,LRGDEFL2B,tierA|vd=256+-32|z=0.389|ACSWFC|1440s|P12884
G4B_00253,245.37529,38.16436,0.0,0.0,LRGDEFL2B,tierA|vd=255+-38|z=0.455|ACSWFC|1440s|P12166
G4B_00254,340.46453,17.54563,0.0,0.0,LRGDEFL2B,tierA|vd=253+-17|z=0.315|ACSWFC|1440s|P12884
G4B_00255,25.01337,-5.92266,0.0,0.0,LRGDEFL2B,tierA|vd=251+-27|z=0.451|ACSWFC|1440s|P12884
G4B_00256,190.84178,32.49717,0.0,0.0,LRGDEFL2B,tierA|vd=300+-25|z=0.341|ACSWFC|1410s|P--
G4B_00257,194.80098,27.92263,0.0,0.0,LRGDEFL2B,tierA|vd=258+-19|z=0.515|ACSWFC|1400s|P12918
G4B_00258,195.11719,28.06969,0.0,0.0,LRGDEFL2B,tierA|vd=252+-28|z=0.391|ACSWFC|1400s|P10861
G4B_00259,150.34841,69.11082,0.0,0.0,LRGDEFL2B,tierA|vd=294+-26|z=0.269|ACSWFC|1380s|P--
G4B_00260,350.53726,19.72333,0.0,0.0,LRGDEFL2B,tierA|vd=278+-26|z=0.521|ACSWFC|1370s|P9744
G4B_00261,168.29437,23.94431,0.0,0.0,LRGDEFL2B,tierA|vd=310+-19|z=0.336|ACSWFC|1356s|P14362
G4B_00262,120.05438,8.20233,0.0,0.0,LRGDEFL2B,tierA|vd=302+-19|z=0.314|ACSWFC|1350s|P14362
G4B_00263,355.70285,-1.34237,0.0,0.0,LRGDEFL2B,tierA|vd=286+-41|z=0.527|WFC3UVIS|1350s|P16734
G4B_00264,175.27440,32.42249,0.0,0.0,LRGDEFL2B,tierA|vd=319+-54|z=0.500|WFC3UVIS|1310s|P--
G4B_00265,192.40615,44.36989,0.0,0.0,LRGDEFL2B,tierA|vd=273+-44|z=0.502|WFC3UVIS|1264s|P18061
G4B_00266,205.97617,60.67682,0.0,0.0,LRGDEFL2B,tierA|vd=253+-36|z=0.512|ACSWFC|1244s|P--
G4B_00267,30.04938,28.82417,0.0,0.0,LRGDEFL2B,tierA|vd=319+-49|z=0.476|ACSWFC|1226s|P10210
G4B_00268,26.65787,26.81233,0.0,0.0,LRGDEFL2B,tierA|vd=284+-16|z=0.372|ACSWFC|1226s|P--
G4B_00269,203.11069,25.12711,0.0,0.0,LRGDEFL2B,tierA|vd=276+-17|z=0.333|ACSWFC|1218s|P13750
G4B_00270,187.03964,22.29538,0.0,0.0,LRGDEFL2B,tierA|vd=315+-22|z=0.372|ACSWFC|1210s|P13750
G4B_00271,137.29595,36.53645,0.0,0.0,LRGDEFL2B,tierA|vd=415+-55|z=0.442|ACSWFC|1200s|P--
G4B_00272,350.25802,29.19641,0.0,0.0,LRGDEFL2B,tierA|vd=382+-46|z=0.495|ACSWFC|1200s|P16670
G4B_00273,168.82193,53.31847,0.0,0.0,LRGDEFL2B,tierA|vd=372+-41|z=0.470|ACSWFC|1200s|P10875
G4B_00274,227.09365,57.90798,0.0,0.0,LRGDEFL2B,tierA|vd=363+-64|z=0.537|ACSWFC|1200s|P14098
G4B_00275,212.83550,52.20276,0.0,0.0,LRGDEFL2B,tierA|vd=340+-59|z=0.462|ACSWFC|1200s|P--
G4B_00276,224.31296,22.34288,0.0,0.0,LRGDEFL2B,tierA|vd=340+-21|z=0.258|ACSWFC|1200s|P--
G4B_00277,168.81187,53.33177,0.0,0.0,LRGDEFL2B,tierA|vd=333+-28|z=0.466|ACSWFC|1200s|P10875
G4B_00278,7.64180,26.30254,0.0,0.0,LRGDEFL2B,tierA|vd=318+-43|z=0.498|ACSWFC|1200s|P14098
G4B_00279,350.24641,29.21685,0.0,0.0,LRGDEFL2B,tierA|vd=317+-29|z=0.501|ACSWFC|1200s|P16670
G4B_00280,215.51331,4.59766,0.0,0.0,LRGDEFL2B,tierA|vd=311+-58|z=0.544|ACSWFC|1200s|P15279
G4B_00281,148.73469,39.55426,0.0,0.0,LRGDEFL2B,tierA|vd=311+-11|z=0.198|WFC3UVIS|1200s|P--
G4B_00282,132.53528,36.09340,0.0,0.0,LRGDEFL2B,tierA|vd=308+-26|z=0.376|ACSWFC|1200s|P15843
G4B_00283,172.79194,35.90527,0.0,0.0,LRGDEFL2B,tierA|vd=307+-32|z=0.513|ACSWFC|1200s|P--
G4B_00284,225.34604,42.34449,0.0,0.0,LRGDEFL2B,tierA|vd=307+-29|z=0.291|ACSWFC|1200s|P16670
G4B_00285,350.24420,29.21327,0.0,0.0,LRGDEFL2B,tierA|vd=306+-36|z=0.511|ACSWFC|1200s|P16670
G4B_00286,350.26729,29.19292,0.0,0.0,LRGDEFL2B,tierA|vd=305+-46|z=0.485|ACSWFC|1200s|P16670
G4B_00287,132.53002,36.07263,0.0,0.0,LRGDEFL2B,tierA|vd=305+-29|z=0.381|ACSWFC|1200s|P15843
G4B_00288,132.53166,36.05895,0.0,0.0,LRGDEFL2B,tierA|vd=305+-26|z=0.384|ACSWFC|1200s|P15843
G4B_00289,313.86087,1.08643,0.0,0.0,LRGDEFL2B,tierA|vd=304+-29|z=0.406|ACSWFC|1200s|P16670
G4B_00290,16.71052,1.06971,0.0,0.0,LRGDEFL2B,tierA|vd=302+-13|z=0.253|ACSWFC|1200s|P16670
G4B_00291,319.02105,-2.42975,0.0,0.0,LRGDEFL2B,tierA|vd=302+-41|z=0.458|ACSWFC|1200s|P16670
G4B_00292,16.70578,1.05622,0.0,0.0,LRGDEFL2B,tierA|vd=296+-39|z=0.254|ACSWFC|1200s|P16670
G4B_00293,7.65523,26.31197,0.0,0.0,LRGDEFL2B,tierA|vd=294+-47|z=0.511|ACSWFC|1200s|P14098
G4B_00294,319.03591,-2.43962,0.0,0.0,LRGDEFL2B,tierA|vd=289+-25|z=0.459|ACSWFC|1200s|P16670
G4B_00295,168.80250,53.31017,0.0,0.0,LRGDEFL2B,tierA|vd=288+-49|z=0.473|ACSWFC|1200s|P10875
G4B_00296,349.18863,12.80555,0.0,0.0,LRGDEFL2B,tierA|vd=287+-20|z=0.461|ACSWFC|1200s|P--
G4B_00297,212.80823,52.19388,0.0,0.0,LRGDEFL2B,tierA|vd=287+-41|z=0.452|ACSWFC|1200s|P--
G4B_00298,134.04090,37.94092,0.0,0.0,LRGDEFL2B,tierA|vd=284+-32|z=0.418|ACSWFC|1200s|P16670
G4B_00299,134.04458,37.91819,0.0,0.0,LRGDEFL2B,tierA|vd=283+-25|z=0.411|ACSWFC|1200s|P16670
G4B_00300,132.53971,36.05479,0.0,0.0,LRGDEFL2B,tierA|vd=281+-33|z=0.368|ACSWFC|1200s|P15843
G4B_00301,331.89191,-3.03848,0.0,0.0,LRGDEFL2B,tierA|vd=281+-34|z=0.531|ACSWFC|1200s|P14098
G4B_00302,167.23154,9.08522,0.0,0.0,LRGDEFL2B,tierA|vd=280+-27|z=0.455|ACSWFC|1200s|P15843
G4B_00303,229.56698,29.45371,0.0,0.0,LRGDEFL2B,tierA|vd=279+-16|z=0.237|ACSWFC|1200s|P13671
G4B_00304,123.39254,22.10785,0.0,0.0,LRGDEFL2B,tierA|vd=277+-21|z=0.389|ACSWFC|1200s|P16670
G4B_00305,132.55360,36.07294,0.0,0.0,LRGDEFL2B,tierA|vd=275+-26|z=0.383|ACSWFC|1200s|P15843
G4B_00306,16.70081,1.05924,0.0,0.0,LRGDEFL2B,tierA|vd=269+-14|z=0.244|ACSWFC|1200s|P16670
G4B_00307,172.80785,35.89626,0.0,0.0,LRGDEFL2B,tierA|vd=269+-30|z=0.524|ACSWFC|1200s|P--
G4B_00308,200.60346,46.76648,0.0,0.0,LRGDEFL2B,tierA|vd=267+-24|z=0.372|ACSWFC|1200s|P13024
G4B_00309,220.78687,1.04047,0.0,0.0,LRGDEFL2B,tierA|vd=267+-41|z=0.523|ACSWFC|1200s|P--
G4B_00310,227.09160,57.92080,0.0,0.0,LRGDEFL2B,tierA|vd=264+-51|z=0.539|ACSWFC|1200s|P14098
G4B_00311,176.08154,10.73276,0.0,0.0,LRGDEFL2B,tierA|vd=263+-37|z=0.443|ACSWFC|1200s|P15279
G4B_00312,167.23068,9.10043,0.0,0.0,LRGDEFL2B,tierA|vd=262+-50|z=0.463|ACSWFC|1200s|P15843
G4B_00313,172.82057,35.90121,0.0,0.0,LRGDEFL2B,tierA|vd=260+-29|z=0.509|ACSWFC|1200s|P--
G4B_00314,200.57280,46.77523,0.0,0.0,LRGDEFL2B,tierA|vd=259+-28|z=0.371|ACSWFC|1200s|P13024
G4B_00315,192.05557,7.70008,0.0,0.0,LRGDEFL2B,tierA|vd=258+-23|z=0.427|ACSWFC|1200s|P--
G4B_00316,350.26108,29.21686,0.0,0.0,LRGDEFL2B,tierA|vd=257+-36|z=0.499|ACSWFC|1200s|P16670
G4B_00317,201.09503,4.31519,0.0,0.0,LRGDEFL2B,tierA|vd=257+-23|z=0.408|ACSWFC|1200s|P16670
G4B_00318,350.23365,29.19177,0.0,0.0,LRGDEFL2B,tierA|vd=256+-41|z=0.484|ACSWFC|1200s|P16670
G4B_00319,201.08198,4.31862,0.0,0.0,LRGDEFL2B,tierA|vd=255+-27|z=0.263|ACSWFC|1200s|P16670
G4B_00320,147.49655,48.54807,0.0,0.0,LRGDEFL2B,tierA|vd=255+-39|z=0.491|ACSWFC|1200s|P13024
G4B_00321,200.61159,46.77505,0.0,0.0,LRGDEFL2B,tierA|vd=253+-30|z=0.372|ACSWFC|1200s|P13024
G4B_00322,135.76829,27.67505,0.0,0.0,LRGDEFL2B,tierA|vd=253+-38|z=0.492|ACSWFC|1200s|P16670
G4B_00323,135.76378,27.68357,0.0,0.0,LRGDEFL2B,tierA|vd=252+-38|z=0.493|ACSWFC|1200s|P16670
G4B_00324,237.67909,11.34609,0.0,0.0,LRGDEFL2B,tierA|vd=251+-29|z=0.434|ACSWFC|1200s|P16016
G4B_00325,157.66064,51.54288,0.0,0.0,LRGDEFL2B,tierA|vd=251+-35|z=0.523|ACSWFC|1200s|P13671
G4B_00326,177.41337,22.36576,0.0,0.0,LRGDEFL2B,tierA|vd=256+-40|z=0.534|ACSWFC|1179s|P15117
G4B_00327,184.52793,56.80146,0.0,0.0,LRGDEFL2B,tierA|vd=311+-47|z=0.318|ACSWFC|1156s|P13661
G4B_00328,159.29459,37.15718,0.0,0.0,LRGDEFL2B,tierA|vd=265+-37|z=0.510|WFC3UVIS|1150s|P--
G4B_00329,212.07300,55.21267,0.0,0.0,LRGDEFL2B,tierA|vd=260+-28|z=0.408|ACSWFC|1150s|P13682
G4B_00330,159.31604,37.15722,0.0,0.0,LRGDEFL2B,tierA|vd=254+-18|z=0.266|WFC3UVIS|1150s|P--
G4B_00331,192.19928,47.18495,0.0,0.0,LRGDEFL2B,tierA|vd=261+-23|z=0.527|ACSWFC|1124s|P13661
G4B_00332,211.08196,53.28838,0.0,0.0,LRGDEFL2B,tierA|vd=285+-46|z=0.503|ACSWFC|1122s|P14796
G4B_00333,138.44023,42.62523,0.0,0.0,LRGDEFL2B,tierA|vd=294+-45|z=0.395|ACSWFC|1102s|P13661
G4B_00334,149.93195,11.65100,0.0,0.0,LRGDEFL2B,tierA|vd=282+-18|z=0.197|WFC3UVIS|1087s|P13324
G4B_00335,211.27799,28.50215,0.0,0.0,LRGDEFL2B,tierA|vd=252+-42|z=0.487|WFC3UVIS|1080s|P--
G4B_00336,171.30486,30.97372,0.0,0.0,LRGDEFL2B,tierA|vd=315+-50|z=0.450|ACSWFC|1050s|P--
G4B_00337,135.34544,20.44224,0.0,0.0,LRGDEFL2B,tierA|vd=252+-7|z=0.096|ACSWFC|1038s|P--
G4B_00338,187.56957,42.89910,0.0,0.0,LRGDEFL2B,tierA|vd=289+-50|z=0.442|ACSWFC|1030s|P14636
G4B_00339,217.36183,34.88567,0.0,0.0,LRGDEFL2B,tierA|vd=256+-13|z=0.099|ACSWFC|1028s|P10809
G4B_00340,149.76444,36.03235,0.0,0.0,LRGDEFL2B,tierA|vd=273+-40|z=0.542|ACSWFC|1015s|P17480
G4B_00341,36.54438,0.56491,0.0,0.0,LRGDEFL2B,tierA|vd=262+-18|z=0.474|ACSWFC|1010s|P10532
G4B_00342,168.22709,13.43584,0.0,0.0,LRGDEFL2B,tierA|vd=277+-14|z=0.168|WFC3UVIS|1009s|P--
G4B_00343,195.09894,27.66313,0.0,0.0,LRGDEFL2B,tierA|vd=259+-29|z=0.378|ACSWFC|1006s|P17519
G4B_00344,44.64672,-3.27488,0.0,0.0,LRGDEFL2B,tierA|vd=255+-39|z=0.533|ACSWFC|997s|P17759
G4B_00345,229.78216,2.00904,0.0,0.0,LRGDEFL2B,tierA|vd=290+-41|z=0.517|ACSWFC|983s|P16289
G4B_00346,157.47077,40.33327,0.0,0.0,LRGDEFL2B,tierA|vd=268+-7|z=0.067|WFC3UVIS|960s|P--
G4B_00347,24.50955,14.98060,0.0,0.0,LRGDEFL2B,tierA|vd=270+-32|z=0.438|ACSWFC|940s|P17480
G4B_00348,16.79232,14.14184,0.0,0.0,LRGDEFL2B,tierA|vd=270+-32|z=0.386|ACSWFC|937s|P--
G4B_00349,123.36227,25.75127,0.0,0.0,LRGDEFL2B,tierA|vd=322+-6|z=0.081|ACSWFC|935s|P9744
G4B_00350,190.12685,-0.47676,0.0,0.0,LRGDEFL2B,tierA|vd=252+-31|z=0.358|ACSWFC|932s|P--
G4B_00351,20.51560,-1.02617,0.0,0.0,LRGDEFL2B,tierA|vd=258+-16|z=0.367|WFC3UVIS|900s|P15215
G4B_00352,130.39617,1.03227,0.0,0.0,LRGDEFL2B,tierA|vd=257+-16|z=0.111|WFC3UVIS|900s|P--
G4B_00353,16.23370,2.26928,0.0,0.0,LRGDEFL2B,tierA|vd=294+-37|z=0.447|WFC3UVIS|865s|P17833
G4B_00354,207.08138,25.76564,0.0,0.0,LRGDEFL2B,tierA|vd=444+-50|z=0.428|ACSWFC|830s|P13695
G4B_00355,20.09787,14.76507,0.0,0.0,LRGDEFL2B,tierA|vd=277+-41|z=0.545|ACSWFC|830s|P13695
G4B_00356,204.35226,62.13038,0.0,0.0,LRGDEFL2B,tierA|vd=260+-15|z=0.295|ACSWFC|830s|P13695
G4B_00357,135.27757,51.26821,0.0,0.0,LRGDEFL2B,tierA|vd=259+-10|z=0.205|ACSWFC|830s|P--
G4B_00358,225.13466,16.08664,0.0,0.0,LRGDEFL2B,tierA|vd=254+-25|z=0.454|ACSWFC|830s|P13695
G4B_00359,213.47632,-3.03925,0.0,0.0,LRGDEFL2B,tierA|vd=269+-24|z=0.485|ACSWFC|824s|P--
G4B_00360,30.02817,19.34772,0.0,0.0,LRGDEFL2B,tierA|vd=261+-24|z=0.384|ACSWFC|824s|P--
G4B_00361,42.23529,-1.76322,0.0,0.0,LRGDEFL2B,tierA|vd=261+-11|z=0.228|ACSWFC|824s|P--
G4B_00362,202.11988,47.06159,0.0,0.0,LRGDEFL2B,tierA|vd=253+-35|z=0.419|ACSWFC|824s|P--
G4B_00363,1.11160,-10.17339,0.0,0.0,LRGDEFL2B,tierA|vd=294+-31|z=0.547|ACSWFC|800s|P--
G4B_00364,16.38047,2.08924,0.0,0.0,LRGDEFL2B,tierA|vd=263+-19|z=0.349|ACSWFC|791s|P17833
G4B_00365,140.31073,64.24289,0.0,0.0,LRGDEFL2B,tierA|vd=278+-26|z=0.521|ACSWFC|780s|P--
G4B_00366,159.61129,47.70222,0.0,0.0,LRGDEFL2B,tierA|vd=269+-20|z=0.233|ACSWFC|780s|P--
G4B_00367,211.41443,28.44621,0.0,0.0,LRGDEFL2B,tierA|vd=285+-41|z=0.547|ACSWFC|765s|P13297
G4B_00368,187.78945,42.11490,0.0,0.0,LRGDEFL2B,tierA|vd=335+-22|z=0.274|ACSWFC|760s|P--
G4B_00369,344.92294,16.77431,0.0,0.0,LRGDEFL2B,tierA|vd=258+-17|z=0.239|ACSWFC|760s|P15922
G4B_00370,232.61735,27.28061,0.0,0.0,LRGDEFL2B,tierA|vd=308+-13|z=0.195|WFC3UVIS|750s|P--
G4B_00371,231.75761,35.96321,0.0,0.0,LRGDEFL2B,tierA|vd=272+-17|z=0.266|ACSWFC|750s|P10592
G4B_00372,184.74943,14.42122,0.0,0.0,LRGDEFL2B,tierA|vd=446+-37|z=0.267|WFC3UVIS|748s|P12118
G4B_00373,181.76243,43.09005,0.0,0.0,LRGDEFL2B,tierA|vd=252+-41|z=0.440|WFC3UVIS|748s|P--
G4B_00374,184.70970,4.78833,0.0,0.0,LRGDEFL2B,tierA|vd=271+-22|z=0.338|WFC3UVIS|736s|P--
G4B_00375,224.60076,-1.10285,0.0,0.0,LRGDEFL2B,tierA|vd=260+-23|z=0.286|WFC3UVIS|736s|P--
G4B_00376,237.47145,7.01239,0.0,0.0,LRGDEFL2B,tierA|vd=268+-36|z=0.504|WFC3UVIS|700s|P--
G4B_00377,191.49604,17.53427,0.0,0.0,LRGDEFL2B,tierA|vd=252+-15|z=0.265|WFC3UVIS|700s|P--
G4B_00378,138.99882,29.42511,0.0,0.0,LRGDEFL2B,tierA|vd=251+-43|z=0.527|WFC3UVIS|700s|P--
G4B_00379,109.45174,40.41417,0.0,0.0,LRGDEFL2B,tierA|vd=446+-62|z=0.514|WFC3UVIS|696s|P18085
G4B_00380,125.95904,14.92370,0.0,0.0,LRGDEFL2B,tierA|vd=347+-22|z=0.347|WFC3UVIS|696s|P18085
G4B_00381,207.91216,0.47777,0.0,0.0,LRGDEFL2B,tierA|vd=320+-43|z=0.461|WFC3UVIS|696s|P18085
G4B_00382,145.34379,5.30664,0.0,0.0,LRGDEFL2B,tierA|vd=315+-18|z=0.343|WFC3UVIS|696s|P18085
G4B_00383,207.90460,0.46782,0.0,0.0,LRGDEFL2B,tierA|vd=313+-57|z=0.457|WFC3UVIS|696s|P18085
G4B_00384,137.77803,7.30889,0.0,0.0,LRGDEFL2B,tierA|vd=308+-54|z=0.508|WFC3UVIS|696s|P18085
G4B_00385,115.76083,32.14226,0.0,0.0,LRGDEFL2B,tierA|vd=296+-22|z=0.290|WFC3UVIS|696s|P18085
G4B_00386,208.06335,33.83480,0.0,0.0,LRGDEFL2B,tierA|vd=287+-28|z=0.541|WFC3UVIS|696s|P18085
G4B_00387,194.53446,3.53576,0.0,0.0,LRGDEFL2B,tierA|vd=282+-25|z=0.428|WFC3UVIS|696s|P18085
G4B_00388,164.18662,16.30703,0.0,0.0,LRGDEFL2B,tierA|vd=274+-20|z=0.304|WFC3UVIS|696s|P18085
G4B_00389,208.07528,33.84351,0.0,0.0,LRGDEFL2B,tierA|vd=270+-41|z=0.538|WFC3UVIS|696s|P18085
G4B_00390,227.66777,2.59047,0.0,0.0,LRGDEFL2B,tierA|vd=263+-22|z=0.220|WFC3UVIS|696s|P18085
G4B_00391,192.46992,3.15918,0.0,0.0,LRGDEFL2B,tierA|vd=260+-32|z=0.356|WFC3UVIS|696s|P18085
G4B_00392,132.23962,-1.31099,0.0,0.0,LRGDEFL2B,tierA|vd=253+-41|z=0.367|WFC3UVIS|696s|P18085
G4B_00393,38.64854,-8.77473,0.0,0.0,LRGDEFL2B,tierA|vd=267+-41|z=0.483|ACSWFC|679s|P15444
G4B_00394,38.66758,-8.80350,0.0,0.0,LRGDEFL2B,tierA|vd=254+-35|z=0.484|ACSWFC|679s|P15444
G4B_00395,250.19028,19.54922,0.0,0.0,LRGDEFL2B,tierA|vd=378+-10|z=0.195|ACSWFC|674s|P17308
G4B_00396,139.81639,55.44906,0.0,0.0,LRGDEFL2B,tierA|vd=332+-35|z=0.498|ACSWFC|674s|P15444
G4B_00397,349.13683,6.17787,0.0,0.0,LRGDEFL2B,tierA|vd=325+-30|z=0.380|ACSWFC|674s|P17308
G4B_00398,33.22425,0.58007,0.0,0.0,LRGDEFL2B,tierA|vd=291+-36|z=0.481|ACSWFC|674s|P17308
G4B_00399,33.20663,0.58020,0.0,0.0,LRGDEFL2B,tierA|vd=285+-31|z=0.164|ACSWFC|674s|P17308
G4B_00400,208.61038,13.48177,0.0,0.0,LRGDEFL2B,tierA|vd=278+-26|z=0.374|ACSWFC|674s|P15444
G4B_00401,202.93889,51.57542,0.0,0.0,LRGDEFL2B,tierA|vd=270+-22|z=0.289|ACSWFC|674s|P15445
G4B_00402,156.60104,12.76199,0.0,0.0,LRGDEFL2B,tierA|vd=257+-10|z=0.142|WFC3UVIS|641s|P--
G4B_00403,333.41602,12.70537,0.0,0.0,LRGDEFL2B,tierA|vd=254+-10|z=0.127|WFC3UVIS|641s|P17177
G4B_00404,211.36149,53.59179,0.0,0.0,LRGDEFL2B,tierA|vd=268+-31|z=0.393|ACSWFC|600s|P13364
G4B_00405,131.95907,23.35240,0.0,0.0,LRGDEFL2B,tierA|vd=263+-17|z=0.152|ACSWFC|600s|P--
G4B_00406,358.42099,30.54164,0.0,0.0,LRGDEFL2B,tierA|vd=257+-16|z=0.278|ACSWFC|600s|P15279
G4B_00407,118.15807,45.93863,0.0,0.0,LRGDEFL2B,tierA|vd=351+-61|z=0.454|ACSWFC|572s|P15444
G4B_00408,186.29317,14.74644,0.0,0.0,LRGDEFL2B,tierA|vd=303+-45|z=0.511|WFC3UVIS|500s|P15133
G4B_00409,187.14607,17.08698,0.0,0.0,LRGDEFL2B,tierA|vd=273+-9|z=0.112|WFC3UVIS|500s|P--
G4B_00410,185.91138,16.74400,0.0,0.0,LRGDEFL2B,tierA|vd=272+-10|z=0.115|WFC3UVIS|500s|P--
G4B_00411,126.89815,20.15378,0.0,0.0,LRGDEFL2B,tierA|vd=264+-26|z=0.331|WFC3UVIS|470s|P13031
G4B_00412,119.92054,50.84327,0.0,0.0,LRGDEFL2B,tierA|vd=254+-44|z=0.425|WFC3UVIS|470s|P12903
G4B_00413,121.94830,51.02894,0.0,0.0,LRGDEFL2B,tierA|vd=408+-69|z=0.496|ACSWFC|450s|P15170
G4B_00414,215.94945,33.68031,0.0,0.0,LRGDEFL2B,tierA|vd=370+-57|z=0.538|ACSWFC|450s|P16025
G4B_00415,234.08489,22.58702,0.0,0.0,LRGDEFL2B,tierA|vd=255+-30|z=0.475|ACSWFC|450s|P15170
G4B_00416,180.29524,14.08786,0.0,0.0,LRGDEFL2B,tierA|vd=321+-56|z=0.519|ACSWFC|430s|P9353
G4B_00417,181.19303,3.97746,0.0,0.0,LRGDEFL2B,tierA|vd=399+-21|z=0.316|ACSWFC|420s|P--
G4B_00418,174.75000,11.58456,0.0,0.0,LRGDEFL2B,tierA|vd=352+-55|z=0.471|ACSWFC|420s|P12210
G4B_00419,135.69660,51.95210,0.0,0.0,LRGDEFL2B,tierA|vd=328+-42|z=0.466|ACSWFC|420s|P12210
G4B_00420,223.07839,-0.95540,0.0,0.0,LRGDEFL2B,tierA|vd=327+-22|z=0.313|ACSWFC|420s|P10587
G4B_00421,192.14508,44.96418,0.0,0.0,LRGDEFL2B,tierA|vd=324+-30|z=0.323|ACSWFC|420s|P12210
G4B_00422,152.40860,1.88826,0.0,0.0,LRGDEFL2B,tierA|vd=303+-37|z=0.504|ACSWFC|420s|P12210
G4B_00423,159.77759,5.20977,0.0,0.0,LRGDEFL2B,tierA|vd=297+-16|z=0.068|ACSWFC|420s|P--
G4B_00424,181.20102,3.98553,0.0,0.0,LRGDEFL2B,tierA|vd=297+-18|z=0.242|ACSWFC|420s|P--
G4B_00425,183.25006,29.49079,0.0,0.0,LRGDEFL2B,tierA|vd=295+-46|z=0.534|ACSWFC|420s|P12210
G4B_00426,128.15462,13.57810,0.0,0.0,LRGDEFL2B,tierA|vd=292+-33|z=0.402|ACSWFC|420s|P12210
G4B_00427,178.02197,0.90920,0.0,0.0,LRGDEFL2B,tierA|vd=291+-53|z=0.510|ACSWFC|420s|P10587
G4B_00428,118.59384,19.45459,0.0,0.0,LRGDEFL2B,tierA|vd=285+-26|z=0.461|ACSWFC|420s|P12210
G4B_00429,249.00647,47.11866,0.0,0.0,LRGDEFL2B,tierA|vd=285+-12|z=0.225|ACSWFC|420s|P--
G4B_00430,140.21887,30.46120,0.0,0.0,LRGDEFL2B,tierA|vd=278+-36|z=0.293|ACSWFC|420s|P12210
G4B_00431,169.93309,13.96391,0.0,0.0,LRGDEFL2B,tierA|vd=273+-6|z=0.069|ACSWFC|420s|P12210
G4B_00432,174.74597,11.56900,0.0,0.0,LRGDEFL2B,tierA|vd=273+-17|z=0.300|ACSWFC|420s|P12210
G4B_00433,148.34436,22.80799,0.0,0.0,LRGDEFL2B,tierA|vd=273+-13|z=0.198|ACSWFC|420s|P12210
G4B_00434,160.35333,1.18360,0.0,0.0,LRGDEFL2B,tierA|vd=272+-23|z=0.189|ACSWFC|420s|P12210
G4B_00435,148.36433,22.80807,0.0,0.0,LRGDEFL2B,tierA|vd=268+-20|z=0.202|ACSWFC|420s|P12210
G4B_00436,152.63472,31.40928,0.0,0.0,LRGDEFL2B,tierA|vd=266+-20|z=0.206|ACSWFC|420s|P12210
G4B_00437,157.85494,30.44022,0.0,0.0,LRGDEFL2B,tierA|vd=259+-17|z=0.248|ACSWFC|420s|P12210
G4B_00438,149.21385,55.68223,0.0,0.0,LRGDEFL2B,tierA|vd=255+-14|z=0.224|ACSWFC|420s|P12210
G4B_00439,194.60066,37.07267,0.0,0.0,LRGDEFL2B,tierA|vd=254+-34|z=0.527|ACSWFC|420s|P12210
G4B_00440,148.34899,22.78793,0.0,0.0,LRGDEFL2B,tierA|vd=253+-38|z=0.427|ACSWFC|420s|P12210
G4B_00441,140.15469,36.07615,0.0,0.0,LRGDEFL2B,tierA|vd=253+-36|z=0.538|ACSWFC|420s|P12210
G4B_00442,159.77959,5.22134,0.0,0.0,LRGDEFL2B,tierA|vd=252+-27|z=0.477|ACSWFC|420s|P--
G4B_00443,33.53388,-5.59271,0.0,0.0,LRGDEFL2B,tierA|vd=367+-63|z=0.445|ACSWFC|400s|P--
G4B_00444,157.15262,39.88675,0.0,0.0,LRGDEFL2B,tierA|vd=277+-30|z=0.476|WFC3UVIS|400s|P12468
G4B_00445,196.55003,-2.06574,0.0,0.0,LRGDEFL2B,tierA|vd=271+-39|z=0.477|WFC3UVIS|400s|P12468
G4B_00446,133.70865,-1.36311,0.0,0.0,LRGDEFL2B,tierA|vd=250+-20|z=0.353|ACSWFC|400s|P10876
G4B_00447,194.68635,52.63337,0.0,0.0,LRGDEFL2B,tierA|vd=252+-14|z=0.273|WFC3UVIS|325s|P12903
G4B_00448,120.97682,25.51800,0.0,0.0,LRGDEFL2B,tierA|vd=267+-15|z=0.284|WFC3UVIS|300s|P--
G4B_00449,138.55334,37.87591,0.0,0.0,LRGDEFL2B,tierA|vd=264+-17|z=0.206|WFC3UVIS|300s|P14649
G4B_00450,120.98117,25.52153,0.0,0.0,LRGDEFL2B,tierA|vd=251+-22|z=0.284|WFC3UVIS|300s|P--
G4B_00451,13.13542,8.25716,0.0,0.0,LRGDEFL2B,tierA|vd=304+-32|z=0.420|WFC3UVIS|242s|P15648
G4B_00452,159.89750,9.42646,0.0,0.0,LRGDEFL2B,tierA|vd=281+-21|z=0.301|WFC3UVIS|242s|P15648
G4B_00453,17.96044,5.02120,0.0,0.0,LRGDEFL2B,tierA|vd=271+-10|z=0.165|WFC3UVIS|242s|P15648
G4B_00454,20.67288,5.22236,0.0,0.0,LRGDEFL2B,tierA|vd=268+-52|z=0.531|WFC3UVIS|242s|P15648
G4B_00455,30.42833,14.65773,0.0,0.0,LRGDEFL2B,tierA|vd=267+-26|z=0.252|WFC3UVIS|242s|P15648
G4B_00456,159.88696,9.42118,0.0,0.0,LRGDEFL2B,tierA|vd=257+-27|z=0.507|WFC3UVIS|242s|P15648
G4B_00457,22.31118,8.36705,0.0,0.0,LRGDEFL2B,tierA|vd=256+-50|z=0.547|WFC3UVIS|242s|P15648
G4B_00458,141.51460,12.72602,0.0,0.0,LRGDEFL2B,tierA|vd=258+-11|z=0.187|WFC3UVIS|212s|P12903
G4B_00459,196.83862,23.95122,0.0,0.0,LRGDEFL2B,tierA|vd=319+-54|z=0.456|WFC3UVIS|180s|P15500
G4B_00460,14.23666,1.44511,0.0,0.0,LRGDEFL2B,tierA|vd=282+-31|z=0.405|WFC3UVIS|129s|P11644
G4B_00461,14.21503,1.46631,0.0,0.0,LRGDEFL2B,tierA|vd=280+-22|z=0.425|WFC3UVIS|129s|P11644
G4B_00462,169.83838,4.42493,0.0,0.0,LRGDEFL2B,tierA|vd=274+-52|z=0.518|WFC3UVIS|129s|P11644
G4B_00463,353.30223,-9.65375,0.0,0.0,LRGDEFL2B,tierA|vd=254+-17|z=0.259|WFC3UVIS|129s|P11644
G4B_00464,218.41111,33.49413,0.0,0.0,LRGDEFL2B,tierB|vd=285+-63|z=0.543|ACSWFC|11455s|P--
G4B_00465,127.71584,19.20107,0.0,0.0,LRGDEFL2B,tierB|vd=260+-56|z=0.505|ACSWFC|10173s|P11738
G4B_00466,203.16568,50.55400,0.0,0.0,LRGDEFL2B,tierB|vd=310+-68|z=0.276|ACSWFC|10000s|P--
G4B_00467,189.28463,62.18222,0.0,0.0,LRGDEFL2B,tierB|vd=273+-89|z=0.422|ACSWFC|8336s|P12442
G4B_00468,186.70491,21.83401,0.0,0.0,LRGDEFL2B,tierB|vd=275+-65|z=0.431|ACSWFC|5520s|P--
G4B_00469,15.87256,21.91004,0.0,0.0,LRGDEFL2B,tierB|vd=292+-102|z=0.513|WFC3UVIS|5250s|P13738
G4B_00470,231.17324,9.95959,0.0,0.0,LRGDEFL2B,tierB|vd=254+-53|z=0.517|ACSWFC|4332s|P--
G4B_00471,229.82429,2.01390,0.0,0.0,LRGDEFL2B,tierB|vd=267+-54|z=0.144|ACSWFC|4139s|P--
G4B_00472,168.96624,1.49856,0.0,0.0,LRGDEFL2B,tierB|vd=328+-78|z=0.352|ACSWFC|3999s|P--
G4B_00473,260.07720,35.62014,0.0,0.0,LRGDEFL2B,tierB|vd=320+-66|z=0.386|ACSWFC|3988s|P--
G4B_00474,351.91445,-2.00126,0.0,0.0,LRGDEFL2B,tierB|vd=380+-87|z=0.545|ACSWFC|3614s|P13177
G4B_00475,166.76195,4.28408,0.0,0.0,LRGDEFL2B,tierB|vd=380+-136|z=0.467|WFC3UVIS|2508s|P--
G4B_00476,186.68960,21.78170,0.0,0.0,LRGDEFL2B,tierB|vd=346+-82|z=0.460|WFC3UVIS|2330s|P12368
G4B_00477,248.01206,37.64151,0.0,0.0,LRGDEFL2B,tierB|vd=258+-57|z=0.418|ACSWFC|2240s|P--
G4B_00478,169.35493,7.70110,0.0,0.0,LRGDEFL2B,tierB|vd=270+-68|z=0.484|ACSWFC|2148s|P10152
G4B_00479,214.28690,52.40826,0.0,0.0,LRGDEFL2B,tierB|vd=278+-87|z=0.451|ACSWFC|2100s|P--
G4B_00480,212.21399,53.82681,0.0,0.0,LRGDEFL2B,tierB|vd=278+-58|z=0.511|WFC3UVIS|2053s|P--
G4B_00481,149.68161,2.23963,0.0,0.0,LRGDEFL2B,tierB|vd=318+-125|z=0.359|ACSWFC|2028s|P9822
G4B_00482,149.70565,2.50560,0.0,0.0,LRGDEFL2B,tierB|vd=269+-61|z=0.491|ACSWFC|2028s|P10092
G4B_00483,178.33026,7.93252,0.0,0.0,LRGDEFL2B,tierB|vd=393+-115|z=0.430|ACSWFC|1972s|P17431
G4B_00484,178.32743,7.95241,0.0,0.0,LRGDEFL2B,tierB|vd=323+-66|z=0.429|ACSWFC|1972s|P17431
G4B_00485,208.25537,60.17665,0.0,0.0,LRGDEFL2B,tierB|vd=381+-83|z=0.357|ACSWFC|1924s|P--
G4B_00486,28.74979,-7.20759,0.0,0.0,LRGDEFL2B,tierB|vd=268+-65|z=0.550|ACSWFC|1924s|P17815
G4B_00487,8.42434,2.69876,0.0,0.0,LRGDEFL2B,tierB|vd=270+-71|z=0.480|WFC3UVIS|1900s|P14170
G4B_00488,160.68970,34.44729,0.0,0.0,LRGDEFL2B,tierB|vd=339+-87|z=0.181|WFC3UVIS|1680s|P--
G4B_00489,168.80853,52.92095,0.0,0.0,LRGDEFL2B,tierB|vd=282+-95|z=0.339|WFC3UVIS|1450s|P14178
G4B_00490,8.74751,2.54859,0.0,0.0,LRGDEFL2B,tierB|vd=268+-76|z=0.383|ACSWFC|1440s|P12884
G4B_00491,181.96269,31.56806,0.0,0.0,LRGDEFL2B,tierB|vd=317+-65|z=0.525|ACSWFC|1234s|P--
G4B_00492,157.66422,51.54880,0.0,0.0,LRGDEFL2B,tierB|vd=396+-80|z=0.523|ACSWFC|1200s|P13671
G4B_00493,135.76529,27.65442,0.0,0.0,LRGDEFL2B,tierB|vd=370+-80|z=0.497|ACSWFC|1200s|P16670
G4B_00494,172.81695,35.89896,0.0,0.0,LRGDEFL2B,tierB|vd=365+-94|z=0.515|ACSWFC|1200s|P--
G4B_00495,115.01199,32.71946,0.0,0.0,LRGDEFL2B,tierB|vd=349+-95|z=0.515|ACSWFC|1200s|P--
G4B_00496,130.01180,44.36581,0.0,0.0,LRGDEFL2B,tierB|vd=298+-88|z=0.312|ACSWFC|1200s|P--
G4B_00497,137.27409,36.55362,0.0,0.0,LRGDEFL2B,tierB|vd=295+-62|z=0.449|ACSWFC|1200s|P--
G4B_00498,171.75476,45.25552,0.0,0.0,LRGDEFL2B,tierB|vd=285+-73|z=0.455|ACSWFC|1200s|P15279
G4B_00499,172.79006,35.90594,0.0,0.0,LRGDEFL2B,tierB|vd=283+-78|z=0.512|ACSWFC|1200s|P--
G4B_00500,212.86423,52.19209,0.0,0.0,LRGDEFL2B,tierB|vd=278+-61|z=0.457|ACSWFC|1200s|P--
G4B_00501,220.78880,1.01801,0.0,0.0,LRGDEFL2B,tierB|vd=277+-57|z=0.527|ACSWFC|1200s|P--
G4B_00502,162.65233,35.83307,0.0,0.0,LRGDEFL2B,tierB|vd=276+-88|z=0.505|ACSWFC|1200s|P15843
G4B_00503,135.76328,27.65815,0.0,0.0,LRGDEFL2B,tierB|vd=259+-54|z=0.490|ACSWFC|1200s|P16670
G4B_00504,25.40209,24.85950,0.0,0.0,LRGDEFL2B,tierB|vd=254+-58|z=0.510|WFC3UVIS|1200s|P17484
G4B_00505,177.43137,22.36121,0.0,0.0,LRGDEFL2B,tierB|vd=254+-71|z=0.541|ACSWFC|1179s|P15117
G4B_00506,212.01616,54.38661,0.0,0.0,LRGDEFL2B,tierB|vd=284+-70|z=0.477|ACSWFC|1122s|P14796
G4B_00507,346.19160,12.22161,0.0,0.0,LRGDEFL2B,tierB|vd=305+-84|z=0.470|ACSWFC|1060s|P14606
G4B_00508,192.95747,21.72953,0.0,0.0,LRGDEFL2B,tierB|vd=253+-51|z=0.483|ACSWFC|1030s|P14636
G4B_00509,175.01268,3.12761,0.0,0.0,LRGDEFL2B,tierB|vd=388+-114|z=0.445|ACSWFC|932s|P--
G4B_00510,115.36022,40.08685,0.0,0.0,LRGDEFL2B,tierB|vd=407+-110|z=0.508|ACSWFC|900s|P12546
G4B_00511,136.84901,16.63314,0.0,0.0,LRGDEFL2B,tierB|vd=357+-86|z=0.548|WFC3UVIS|876s|P--
G4B_00512,136.86048,16.65636,0.0,0.0,LRGDEFL2B,tierB|vd=297+-86|z=0.452|WFC3UVIS|876s|P--
G4B_00513,27.29017,29.94478,0.0,0.0,LRGDEFL2B,tierB|vd=270+-67|z=0.539|WFC3UVIS|876s|P--
G4B_00514,20.10561,14.76953,0.0,0.0,LRGDEFL2B,tierB|vd=355+-78|z=0.527|ACSWFC|830s|P13695
G4B_00515,124.12296,58.21100,0.0,0.0,LRGDEFL2B,tierB|vd=272+-94|z=0.508|ACSWFC|824s|P16711
G4B_00516,358.39810,2.53062,0.0,0.0,LRGDEFL2B,tierB|vd=311+-78|z=0.233|ACSWFC|794s|P15643
G4B_00517,204.54232,48.27942,0.0,0.0,LRGDEFL2B,tierB|vd=266+-69|z=0.396|ACSWFC|780s|P--
G4B_00518,190.91423,53.95272,0.0,0.0,LRGDEFL2B,tierB|vd=357+-77|z=0.398|ACSWFC|760s|P--
G4B_00519,237.46891,7.02831,0.0,0.0,LRGDEFL2B,tierB|vd=256+-53|z=0.501|WFC3UVIS|700s|P--
G4B_00520,137.75661,7.30356,0.0,0.0,LRGDEFL2B,tierB|vd=301+-61|z=0.508|WFC3UVIS|696s|P18085
G4B_00521,185.22050,45.73569,0.0,0.0,LRGDEFL2B,tierB|vd=301+-77|z=0.265|ACSWFC|520s|P13364
G4B_00522,19.05227,3.49770,0.0,0.0,LRGDEFL2B,tierB|vd=304+-62|z=0.454|WFC3UVIS|480s|P16056
G4B_00523,232.80147,6.88405,0.0,0.0,LRGDEFL2B,tierB|vd=371+-90|z=0.512|ACSWFC|420s|P12210
G4B_00524,124.02118,43.07401,0.0,0.0,LRGDEFL2B,tierB|vd=262+-78|z=0.547|WFC3UVIS|400s|P--
G4B_00525,153.49659,11.51169,0.0,0.0,LRGDEFL2B,tierB|vd=313+-91|z=0.532|WFC3UVIS|242s|P15648
G4B_00526,188.98062,62.18097,0.0,0.0,LRGDEFL2B,tierA|vd=231+-30|z=0.409|WFC3UVIS|19505s|P17922
G4B_00527,250.28406,46.67640,0.0,0.0,LRGDEFL2B,tierA|vd=224+-14|z=0.224|ACSWFC|18675s|P--
G4B_00528,178.96995,55.32085,0.0,0.0,LRGDEFL2B,tierA|vd=173+-26|z=0.270|WFC3UVIS|18130s|P--
G4B_00529,240.86606,43.35773,0.0,0.0,LRGDEFL2B,tierA|vd=223+-14|z=0.131|ACSWFC|17840s|P--
G4B_00530,34.44064,-3.77979,0.0,0.0,LRGDEFL2B,tierA|vd=153+-15|z=0.291|ACSWFC|17779s|P--
G4B_00531,188.69571,2.12500,0.0,0.0,LRGDEFL2B,tierA|vd=188+-13|z=0.080|ACSWFC|17340s|P--
G4B_00532,185.79131,11.90670,0.0,0.0,LRGDEFL2B,tierA|vd=178+-22|z=0.545|WFC3UVIS|16800s|P--
G4B_00533,122.27471,6.72384,0.0,0.0,LRGDEFL2B,tierA|vd=232+-13|z=0.141|ACSWFC|15525s|P--
G4B_00534,150.29782,55.90966,0.0,0.0,LRGDEFL2B,tierA|vd=225+-38|z=0.504|ACSWFC|15040s|P--
G4B_00535,150.31512,55.90713,0.0,0.0,LRGDEFL2B,tierA|vd=184+-27|z=0.357|ACSWFC|15040s|P--
G4B_00536,150.02772,2.37388,0.0,0.0,LRGDEFL2B,tierA|vd=203+-13|z=0.222|ACSWFC|14880s|P--
G4B_00537,208.39577,5.19829,0.0,0.0,LRGDEFL2B,tierA|vd=231+-10|z=0.075|WFC3UVIS|14720s|P15642
G4B_00538,351.80115,-2.00184,0.0,0.0,LRGDEFL2B,tierA|vd=205+-11|z=0.187|ACSWFC|14711s|P--
G4B_00539,188.62504,2.13081,0.0,0.0,LRGDEFL2B,tierA|vd=176+-8|z=0.144|ACSWFC|14134s|P--
G4B_00540,259.05905,60.05451,0.0,0.0,LRGDEFL2B,tierA|vd=214+-40|z=0.428|ACSWFC|13948s|P--
G4B_00541,23.76578,31.21569,0.0,0.0,LRGDEFL2B,tierA|vd=229+-27|z=0.424|ACSWFC|12955s|P9837
G4B_00542,328.47214,17.58181,0.0,0.0,LRGDEFL2B,tierA|vd=169+-7|z=0.115|ACSWFC|12630s|P--
G4B_00543,255.34805,64.23662,0.0,0.0,LRGDEFL2B,tierA|vd=248+-27|z=0.452|ACSWFC|12520s|P10581
G4B_00544,230.96502,-0.09689,0.0,0.0,LRGDEFL2B,tierA|vd=240+-18|z=0.323|ACSWFC|12200s|P--
G4B_00545,186.85369,23.72759,0.0,0.0,LRGDEFL2B,tierA|vd=150+-19|z=0.426|WFC3UVIS|12100s|P--
G4B_00546,151.81700,15.98953,0.0,0.0,LRGDEFL2B,tierA|vd=144+-12|z=0.145|ACSWFC|11940s|P--
G4B_00547,49.77120,41.47020,0.0,0.0,LRGDEFL2B,tierA|vd=146+-9|z=0.052|WFC3UVIS|11862s|P--
G4B_00548,186.67940,31.26344,0.0,0.0,LRGDEFL2B,tierA|vd=233+-6|z=0.061|ACSWFC|11536s|P--
G4B_00549,187.27395,3.65799,0.0,0.0,LRGDEFL2B,tierA|vd=181+-23|z=0.434|ACSWFC|11522s|P--
G4B_00550,219.53684,34.32787,0.0,0.0,LRGDEFL2B,tierA|vd=239+-33|z=0.542|ACSWFC|11485s|P--
G4B_00551,186.82535,9.45191,0.0,0.0,LRGDEFL2B,tierA|vd=159+-13|z=0.303|ACSWFC|10962s|P13691
G4B_00552,197.85571,-1.34359,0.0,0.0,LRGDEFL2B,tierA|vd=176+-11|z=0.192|ACSWFC|10740s|P11710
G4B_00553,149.83333,30.75492,0.0,0.0,LRGDEFL2B,tierA|vd=233+-15|z=0.190|ACSWFC|10215s|P15911
G4B_00554,127.71337,19.22957,0.0,0.0,LRGDEFL2B,tierA|vd=162+-13|z=0.168|ACSWFC|10173s|P11738
G4B_00555,150.02319,2.49715,0.0,0.0,LRGDEFL2B,tierA|vd=136+-9|z=0.109|ACSWFC|10140s|P--
G4B_00556,139.07048,29.81758,0.0,0.0,LRGDEFL2B,tierA|vd=220+-40|z=0.539|WFC3UVIS|10106s|P--
G4B_00557,214.25903,43.51430,0.0,0.0,LRGDEFL2B,tierA|vd=155+-13|z=0.137|ACSWFC|10080s|P9361
G4B_00558,203.17069,50.56286,0.0,0.0,LRGDEFL2B,tierA|vd=230+-18|z=0.279|ACSWFC|10000s|P--
G4B_00559,203.14564,50.54376,0.0,0.0,LRGDEFL2B,tierA|vd=181+-16|z=0.280|ACSWFC|10000s|P--
G4B_00560,203.14372,50.55514,0.0,0.0,LRGDEFL2B,tierA|vd=178+-17|z=0.283|ACSWFC|10000s|P--
G4B_00561,203.18096,50.55799,0.0,0.0,LRGDEFL2B,tierA|vd=176+-13|z=0.285|ACSWFC|10000s|P--
G4B_00562,203.18738,50.56828,0.0,0.0,LRGDEFL2B,tierA|vd=139+-21|z=0.288|ACSWFC|10000s|P--
G4B_00563,202.92583,35.07572,0.0,0.0,LRGDEFL2B,tierA|vd=185+-34|z=0.546|ACSWFC|9886s|P--
G4B_00564,190.47381,32.54976,0.0,0.0,LRGDEFL2B,tierA|vd=136+-20|z=0.321|ACSWFC|9705s|P--
G4B_00565,9.26392,9.15830,0.0,0.0,LRGDEFL2B,tierA|vd=195+-20|z=0.241|ACSWFC|9620s|P--
G4B_00566,9.29719,9.17250,0.0,0.0,LRGDEFL2B,tierA|vd=191+-16|z=0.255|ACSWFC|9620s|P--
G4B_00567,9.27403,9.18438,0.0,0.0,LRGDEFL2B,tierA|vd=174+-31|z=0.247|ACSWFC|9620s|P--
G4B_00568,9.28807,9.17103,0.0,0.0,LRGDEFL2B,tierA|vd=169+-14|z=0.254|ACSWFC|9620s|P--
G4B_00569,39.95315,-1.57602,0.0,0.0,LRGDEFL2B,tierA|vd=243+-25|z=0.368|ACSWFC|9600s|P11591
G4B_00570,231.66634,2.05446,0.0,0.0,LRGDEFL2B,tierA|vd=166+-7|z=0.061|WFC3UVIS|9592s|P--
G4B_00571,231.64022,2.03456,0.0,0.0,LRGDEFL2B,tierA|vd=130+-9|z=0.106|WFC3UVIS|9592s|P--
G4B_00572,29.03783,31.31963,0.0,0.0,LRGDEFL2B,tierA|vd=175+-24|z=0.320|ACSWFC|9554s|P14268
G4B_00573,34.42110,-3.80166,0.0,0.0,LRGDEFL2B,tierA|vd=180+-21|z=0.289|ACSWFC|9451s|P--
G4B_00574,351.78916,-2.15161,0.0,0.0,LRGDEFL2B,tierA|vd=231+-11|z=0.188|ACSWFC|9240s|P--
G4B_00575,139.47635,51.73229,0.0,0.0,LRGDEFL2B,tierA|vd=231+-14|z=0.221|ACSWFC|9120s|P--
G4B_00576,139.51022,51.73069,0.0,0.0,LRGDEFL2B,tierA|vd=210+-11|z=0.221|ACSWFC|9120s|P--
G4B_00577,139.51907,51.72907,0.0,0.0,LRGDEFL2B,tierA|vd=210+-15|z=0.225|ACSWFC|9120s|P--
G4B_00578,139.48611,51.72089,0.0,0.0,LRGDEFL2B,tierA|vd=191+-20|z=0.213|ACSWFC|9120s|P--
G4B_00579,139.47920,51.74054,0.0,0.0,LRGDEFL2B,tierA|vd=188+-27|z=0.214|ACSWFC|9120s|P--
G4B_00580,139.45026,51.72315,0.0,0.0,LRGDEFL2B,tierA|vd=181+-16|z=0.215|ACSWFC|9120s|P--
G4B_00581,218.53348,33.51352,0.0,0.0,LRGDEFL2B,tierA|vd=232+-12|z=0.129|WFC3UVIS|8696s|P--
G4B_00582,179.28262,55.24017,0.0,0.0,LRGDEFL2B,tierA|vd=186+-22|z=0.449|WFC3UVIS|8134s|P17079
G4B_00583,138.98065,52.83412,0.0,0.0,LRGDEFL2B,tierA|vd=249+-14|z=0.190|WFC3UVIS|8100s|P--
G4B_00584,157.32461,26.39991,0.0,0.0,LRGDEFL2B,tierA|vd=249+-21|z=0.323|ACSWFC|8010s|P--
G4B_00585,143.66099,17.10228,0.0,0.0,LRGDEFL2B,tierA|vd=247+-20|z=0.398|WFC3UVIS|8000s|P14224
G4B_00586,143.65456,17.10868,0.0,0.0,LRGDEFL2B,tierA|vd=170+-5|z=0.052|WFC3UVIS|8000s|P14224
G4B_00587,334.45377,0.17492,0.0,0.0,LRGDEFL2B,tierA|vd=133+-12|z=0.058|ACSWFC|8000s|P12527
G4B_00588,247.91579,12.74627,0.0,0.0,LRGDEFL2B,tierA|vd=204+-26|z=0.506|WFC3UVIS|7984s|P15182
G4B_00589,143.71869,17.03392,0.0,0.0,LRGDEFL2B,tierA|vd=136+-11|z=0.140|ACSWFC|7914s|P14224
G4B_00590,331.01199,18.85599,0.0,0.0,LRGDEFL2B,tierA|vd=246+-37|z=0.416|ACSWFC|7897s|P--
G4B_00591,148.65008,69.29215,0.0,0.0,LRGDEFL2B,tierA|vd=234+-28|z=0.273|ACSWFC|7777s|P17513
G4B_00592,184.47159,14.79254,0.0,0.0,LRGDEFL2B,tierA|vd=198+-19|z=0.253|ACSWFC|7714s|P10562
G4B_00593,357.87699,26.34666,0.0,0.0,LRGDEFL2B,tierA|vd=139+-5|z=0.056|WFC3UVIS|7420s|P14268
G4B_00594,161.75499,11.84190,0.0,0.0,LRGDEFL2B,tierA|vd=148+-5|z=0.054|ACSWFC|7204s|P13691
G4B_00595,210.27824,2.87213,0.0,0.0,LRGDEFL2B,tierA|vd=241+-14|z=0.256|ACSWFC|7200s|P--
G4B_00596,210.25220,2.86381,0.0,0.0,LRGDEFL2B,tierA|vd=240+-17|z=0.279|ACSWFC|7200s|P--
G4B_00597,210.25863,2.87847,0.0,0.0,LRGDEFL2B,tierA|vd=217+-18|z=0.252|ACSWFC|7200s|P--
G4B_00598,210.27739,2.84871,0.0,0.0,LRGDEFL2B,tierA|vd=199+-13|z=0.250|ACSWFC|7200s|P--
G4B_00599,192.06446,17.87462,0.0,0.0,LRGDEFL2B,tierA|vd=239+-39|z=0.493|WFC3UVIS|7177s|P--
G4B_00600,357.90079,26.44752,0.0,0.0,LRGDEFL2B,tierA|vd=237+-17|z=0.384|ACSWFC|7100s|P14268
G4B_00601,213.02442,-1.05610,0.0,0.0,LRGDEFL2B,tierA|vd=237+-23|z=0.182|WFC3UVIS|7047s|P--
G4B_00602,189.08360,28.98568,0.0,0.0,LRGDEFL2B,tierA|vd=246+-15|z=0.229|ACSWFC|6908s|P10119
G4B_00603,163.21991,57.13160,0.0,0.0,LRGDEFL2B,tierA|vd=152+-15|z=0.163|ACSWFC|6900s|P--
G4B_00604,163.24323,57.15687,0.0,0.0,LRGDEFL2B,tierA|vd=124+-19|z=0.363|ACSWFC|6900s|P--
G4B_00605,185.43410,4.49244,0.0,0.0,LRGDEFL2B,tierA|vd=204+-17|z=0.332|ACSWFC|6408s|P--
G4B_00606,250.83060,39.34086,0.0,0.0,LRGDEFL2B,tierA|vd=229+-33|z=0.344|WFC3UVIS|6400s|P--
G4B_00607,146.17587,67.49703,0.0,0.0,LRGDEFL2B,tierA|vd=143+-13|z=0.165|WFC3UVIS|6388s|P--
G4B_00608,6.73182,17.03348,0.0,0.0,LRGDEFL2B,tierA|vd=212+-12|z=0.214|ACSWFC|6358s|P10504
G4B_00609,214.30276,52.51678,0.0,0.0,LRGDEFL2B,tierA|vd=235+-20|z=0.354|ACSWFC|6300s|P--
G4B_00610,250.29381,46.74994,0.0,0.0,LRGDEFL2B,tierA|vd=219+-40|z=0.478|ACSWFC|6167s|P10504
G4B_00611,250.28810,46.73563,0.0,0.0,LRGDEFL2B,tierA|vd=188+-11|z=0.225|ACSWFC|6167s|P10504
G4B_00612,334.34873,0.28122,0.0,0.0,LRGDEFL2B,tierA|vd=149+-12|z=0.300|ACSWFC|6144s|P10405
G4B_00613,334.34466,0.35242,0.0,0.0,LRGDEFL2B,tierA|vd=146+-16|z=0.095|ACSWFC|6144s|P10405
G4B_00614,194.73007,-1.76466,0.0,0.0,LRGDEFL2B,tierA|vd=191+-8|z=0.082|ACSWFC|6120s|P12937
G4B_00615,194.68421,-1.69427,0.0,0.0,LRGDEFL2B,tierA|vd=140+-11|z=0.091|WFC3UVIS|5940s|P--
G4B_00616,135.03459,22.55336,0.0,0.0,LRGDEFL2B,tierA|vd=211+-28|z=0.486|WFC3UVIS|5598s|P11602
G4B_00617,135.01678,22.58501,0.0,0.0,LRGDEFL2B,tierA|vd=208+-30|z=0.487|WFC3UVIS|5598s|P11602
G4B_00618,145.73437,46.98669,0.0,0.0,LRGDEFL2B,tierA|vd=246+-29|z=0.403|ACSWFC|5464s|P--
G4B_00619,145.72735,46.97685,0.0,0.0,LRGDEFL2B,tierA|vd=212+-28|z=0.407|ACSWFC|5464s|P--
G4B_00620,145.76181,46.98985,0.0,0.0,LRGDEFL2B,tierA|vd=189+-32|z=0.401|ACSWFC|5464s|P--
G4B_00621,145.73213,46.99228,0.0,0.0,LRGDEFL2B,tierA|vd=154+-28|z=0.409|ACSWFC|5464s|P--
G4B_00622,145.74649,46.97015,0.0,0.0,LRGDEFL2B,tierA|vd=154+-28|z=0.402|ACSWFC|5464s|P--
G4B_00623,145.77679,46.99016,0.0,0.0,LRGDEFL2B,tierA|vd=150+-24|z=0.458|ACSWFC|5464s|P--
G4B_00624,347.09939,-2.19351,0.0,0.0,LRGDEFL2B,tierA|vd=216+-22|z=0.289|WFC3UVIS|5320s|P--
G4B_00625,347.08263,-2.20784,0.0,0.0,LRGDEFL2B,tierA|vd=188+-36|z=0.477|WFC3UVIS|5320s|P--
G4B_00626,172.87333,2.30553,0.0,0.0,LRGDEFL2B,tierA|vd=184+-6|z=0.075|WFC3UVIS|5264s|P15182
G4B_00627,177.89077,34.05786,0.0,0.0,LRGDEFL2B,tierA|vd=213+-40|z=0.451|ACSWFC|5260s|P14652
G4B_00628,0.77146,16.14883,0.0,0.0,LRGDEFL2B,tierA|vd=229+-25|z=0.239|ACSWFC|5215s|P--
G4B_00629,0.77744,16.13088,0.0,0.0,LRGDEFL2B,tierA|vd=229+-15|z=0.152|ACSWFC|5215s|P--
G4B_00630,128.80918,24.91678,0.0,0.0,LRGDEFL2B,tierA|vd=125+-10|z=0.113|ACSWFC|5215s|P--
G4B_00631,10.38863,-9.24906,0.0,0.0,LRGDEFL2B,tierA|vd=160+-5|z=0.059|WFC3UVIS|5044s|P--
G4B_00632,132.77637,63.20080,0.0,0.0,LRGDEFL2B,tierA|vd=194+-23|z=0.089|WFC3UVIS|5031s|P14734
G4B_00633,194.27124,28.40344,0.0,0.0,LRGDEFL2B,tierA|vd=194+-13|z=0.312|ACSWFC|5012s|P--
G4B_00634,195.23832,26.99039,0.0,0.0,LRGDEFL2B,tierA|vd=125+-14|z=0.153|ACSWFC|5011s|P15121
G4B_00635,203.21705,50.52611,0.0,0.0,LRGDEFL2B,tierA|vd=248+-23|z=0.279|ACSWFC|5000s|P12253
G4B_00636,203.19140,50.53464,0.0,0.0,LRGDEFL2B,tierA|vd=174+-18|z=0.267|ACSWFC|5000s|P12253
G4B_00637,202.33933,37.41402,0.0,0.0,LRGDEFL2B,tierA|vd=139+-5|z=0.057|WFC3UVIS|4968s|P--
G4B_00638,202.35219,37.40031,0.0,0.0,LRGDEFL2B,tierA|vd=126+-4|z=0.057|WFC3UVIS|4968s|P--
G4B_00639,335.54674,27.75801,0.0,0.0,LRGDEFL2B,tierA|vd=243+-33|z=0.483|ACSWFC|4944s|P13337
G4B_00640,335.53558,27.77266,0.0,0.0,LRGDEFL2B,tierA|vd=183+-25|z=0.488|ACSWFC|4944s|P13337
G4B_00641,161.96693,12.51257,0.0,0.0,LRGDEFL2B,tierA|vd=187+-11|z=0.176|ACSWFC|4920s|P10413
G4B_00642,216.47938,35.53817,0.0,0.0,LRGDEFL2B,tierA|vd=173+-8|z=0.099|ACSWFC|4890s|P9411
G4B_00643,194.68465,27.75027,0.0,0.0,LRGDEFL2B,tierA|vd=219+-13|z=0.325|ACSWFC|4870s|P--
G4B_00644,214.79281,52.86423,0.0,0.0,LRGDEFL2B,tierA|vd=147+-9|z=0.082|ACSWFC|4825s|P12547
G4B_00645,214.52938,52.69722,0.0,0.0,LRGDEFL2B,tierA|vd=141+-8|z=0.066|ACSWFC|4825s|P12547
G4B_00646,249.18606,40.94528,0.0,0.0,LRGDEFL2B,tierA|vd=141+-25|z=0.477|ACSWFC|4760s|P9761
G4B_00647,187.63974,41.68252,0.0,0.0,LRGDEFL2B,tierA|vd=129+-7|z=0.064|WFC3UVIS|4658s|P--
G4B_00648,139.50628,51.70743,0.0,0.0,LRGDEFL2B,tierA|vd=163+-24|z=0.221|ACSWFC|4640s|P11591
G4B_00649,49.24752,41.32589,0.0,0.0,LRGDEFL2B,tierA|vd=134+-7|z=0.132|ACSWFC|4630s|P--
G4B_00650,216.33753,35.64574,0.0,0.0,LRGDEFL2B,tierA|vd=235+-26|z=0.468|ACSWFC|4500s|P--
G4B_00651,12.70768,35.71220,0.0,0.0,LRGDEFL2B,tierA|vd=247+-22|z=0.487|WFC3UVIS|4440s|P--
G4B_00652,137.65868,42.79603,0.0,0.0,LRGDEFL2B,tierA|vd=233+-14|z=0.178|ACSWFC|4440s|P10152
G4B_00653,133.51147,43.87341,0.0,0.0,LRGDEFL2B,tierA|vd=235+-44|z=0.518|WFC3UVIS|4400s|P--
G4B_00654,195.34809,27.05586,0.0,0.0,LRGDEFL2B,tierA|vd=218+-17|z=0.201|ACSWFC|4400s|P--
G4B_00655,209.96067,62.51812,0.0,0.0,LRGDEFL2B,tierA|vd=246+-31|z=0.327|ACSWFC|4360s|P11591
G4B_00656,209.95605,62.51334,0.0,0.0,LRGDEFL2B,tierA|vd=215+-21|z=0.324|ACSWFC|4360s|P11591
G4B_00657,259.23163,60.30114,0.0,0.0,LRGDEFL2B,tierA|vd=193+-11|z=0.270|ACSWFC|4360s|P--
G4B_00658,231.16705,9.94522,0.0,0.0,LRGDEFL2B,tierA|vd=203+-8|z=0.078|ACSWFC|4332s|P--
G4B_00659,231.16985,9.96932,0.0,0.0,LRGDEFL2B,tierA|vd=196+-12|z=0.078|ACSWFC|4332s|P--
G4B_00660,42.01875,-3.53509,0.0,0.0,LRGDEFL2B,tierA|vd=235+-15|z=0.196|ACSWFC|4243s|P--
G4B_00661,42.01005,-3.53382,0.0,0.0,LRGDEFL2B,tierA|vd=233+-11|z=0.191|ACSWFC|4243s|P--
G4B_00662,42.03451,-3.52751,0.0,0.0,LRGDEFL2B,tierA|vd=203+-14|z=0.191|ACSWFC|4243s|P--
G4B_00663,42.01562,-3.51719,0.0,0.0,LRGDEFL2B,tierA|vd=120+-18|z=0.182|ACSWFC|4243s|P--
G4B_00664,179.32859,33.59860,0.0,0.0,LRGDEFL2B,tierA|vd=228+-28|z=0.440|ACSWFC|4240s|P--
G4B_00665,179.31324,33.61070,0.0,0.0,LRGDEFL2B,tierA|vd=218+-21|z=0.220|ACSWFC|4240s|P--
G4B_00666,179.33327,33.62717,0.0,0.0,LRGDEFL2B,tierA|vd=212+-15|z=0.214|ACSWFC|4240s|P--
G4B_00667,179.30908,33.60535,0.0,0.0,LRGDEFL2B,tierA|vd=205+-14|z=0.211|ACSWFC|4240s|P--
G4B_00668,179.32040,33.60744,0.0,0.0,LRGDEFL2B,tierA|vd=190+-16|z=0.214|ACSWFC|4240s|P--
G4B_00669,179.32989,33.60793,0.0,0.0,LRGDEFL2B,tierA|vd=145+-14|z=0.211|ACSWFC|4240s|P--
G4B_00670,34.39418,-3.78768,0.0,0.0,LRGDEFL2B,tierA|vd=173+-26|z=0.291|ACSWFC|4142s|P17172
G4B_00671,170.62198,34.28499,0.0,0.0,LRGDEFL2B,tierA|vd=229+-24|z=0.358|ACSWFC|4128s|P13014
G4B_00672,197.74534,-3.18329,0.0,0.0,LRGDEFL2B,tierA|vd=199+-28|z=0.434|ACSWFC|4126s|P--
G4B_00673,40.27354,-8.28816,0.0,0.0,LRGDEFL2B,tierA|vd=230+-11|z=0.138|ACSWFC|4092s|P--
G4B_00674,207.75095,38.03556,0.0,0.0,LRGDEFL2B,tierA|vd=183+-14|z=0.162|ACSWFC|4080s|P17140
G4B_00675,120.20871,36.06873,0.0,0.0,LRGDEFL2B,tierA|vd=201+-24|z=0.283|ACSWFC|4046s|P--
G4B_00676,120.25097,36.04291,0.0,0.0,LRGDEFL2B,tierA|vd=199+-14|z=0.283|ACSWFC|4046s|P--
G4B_00677,120.24628,36.06596,0.0,0.0,LRGDEFL2B,tierA|vd=199+-22|z=0.286|ACSWFC|4046s|P--
G4B_00678,120.22531,36.05598,0.0,0.0,LRGDEFL2B,tierA|vd=184+-16|z=0.291|ACSWFC|4046s|P--
G4B_00679,38.54760,-0.46026,0.0,0.0,LRGDEFL2B,tierA|vd=170+-9|z=0.112|ACSWFC|4010s|P--
G4B_00680,10.48474,-9.38242,0.0,0.0,LRGDEFL2B,tierA|vd=148+-9|z=0.059|WFC3UVIS|4000s|P--
G4B_00681,168.98912,1.50207,0.0,0.0,LRGDEFL2B,tierA|vd=173+-15|z=0.168|ACSWFC|3999s|P--
G4B_00682,260.06188,35.60731,0.0,0.0,LRGDEFL2B,tierA|vd=247+-29|z=0.395|ACSWFC|3988s|P--
G4B_00683,186.66433,0.04497,0.0,0.0,LRGDEFL2B,tierA|vd=238+-16|z=0.340|ACSWFC|3970s|P9902
G4B_00684,13.30282,22.47512,0.0,0.0,LRGDEFL2B,tierA|vd=248+-6|z=0.104|ACSWFC|3950s|P14268
G4B_00685,38.55865,-0.46008,0.0,0.0,LRGDEFL2B,tierA|vd=146+-13|z=0.111|ACSWFC|3950s|P9902
G4B_00686,38.90637,-0.10805,0.0,0.0,LRGDEFL2B,tierA|vd=146+-20|z=0.206|ACSWFC|3950s|P9902
G4B_00687,359.81894,30.67964,0.0,0.0,LRGDEFL2B,tierA|vd=227+-17|z=0.340|WFC3UVIS|3949s|P--
G4B_00688,322.43025,0.08158,0.0,0.0,LRGDEFL2B,tierA|vd=231+-24|z=0.235|ACSWFC|3933s|P--
G4B_00689,322.43129,0.09957,0.0,0.0,LRGDEFL2B,tierA|vd=221+-36|z=0.231|ACSWFC|3933s|P--
G4B_00690,322.40630,0.08291,0.0,0.0,LRGDEFL2B,tierA|vd=206+-11|z=0.234|ACSWFC|3933s|P--
G4B_00691,322.42831,0.09790,0.0,0.0,LRGDEFL2B,tierA|vd=192+-34|z=0.237|ACSWFC|3933s|P--
G4B_00692,322.40354,0.10466,0.0,0.0,LRGDEFL2B,tierA|vd=166+-18|z=0.230|ACSWFC|3933s|P--
G4B_00693,322.43913,0.07885,0.0,0.0,LRGDEFL2B,tierA|vd=164+-17|z=0.239|ACSWFC|3933s|P--
G4B_00694,322.39807,0.08153,0.0,0.0,LRGDEFL2B,tierA|vd=161+-22|z=0.228|ACSWFC|3933s|P--
G4B_00695,351.97384,-2.17217,0.0,0.0,LRGDEFL2B,tierA|vd=226+-32|z=0.457|ACSWFC|3884s|P10846
G4B_00696,158.73187,52.03138,0.0,0.0,LRGDEFL2B,tierA|vd=205+-14|z=0.195|ACSWFC|3725s|P12549
G4B_00697,158.83789,52.00730,0.0,0.0,LRGDEFL2B,tierA|vd=126+-11|z=0.141|ACSWFC|3725s|P12549
G4B_00698,146.17641,9.61912,0.0,0.0,LRGDEFL2B,tierA|vd=184+-14|z=0.207|WFC3UVIS|3494s|P--
G4B_00699,205.11692,40.76067,0.0,0.0,LRGDEFL2B,tierA|vd=231+-18|z=0.279|ACSWFC|3381s|P15275
G4B_00700,150.40412,55.08755,0.0,0.0,LRGDEFL2B,tierA|vd=206+-35|z=0.511|ACSWFC|3369s|P--
G4B_00701,213.98445,23.07328,0.0,0.0,LRGDEFL2B,tierA|vd=171+-11|z=0.138|ACSWFC|3361s|P--
G4B_00702,184.85180,14.47081,0.0,0.0,LRGDEFL2B,tierA|vd=199+-8|z=0.070|ACSWFC|3348s|P15654
G4B_00703,147.46118,17.09875,0.0,0.0,LRGDEFL2B,tierA|vd=222+-22|z=0.394|WFC3UVIS|3330s|P--
G4B_00704,138.95613,29.83396,0.0,0.0,LRGDEFL2B,tierA|vd=248+-15|z=0.185|WFC3UVIS|3319s|P12377
G4B_00705,138.95248,29.83085,0.0,0.0,LRGDEFL2B,tierA|vd=172+-21|z=0.131|WFC3UVIS|3319s|P12377
G4B_00706,180.80145,44.51252,0.0,0.0,LRGDEFL2B,tierA|vd=131+-16|z=0.053|WFC3UVIS|3300s|P--
G4B_00707,187.60876,41.71607,0.0,0.0,LRGDEFL2B,tierA|vd=140+-11|z=0.125|ACSWFC|3208s|P--
G4B_00708,41.69355,-0.57748,0.0,0.0,LRGDEFL2B,tierA|vd=123+-13|z=0.217|ACSWFC|3206s|P15654
G4B_00709,119.55993,26.24204,0.0,0.0,LRGDEFL2B,tierA|vd=247+-17|z=0.163|ACSWFC|3182s|P--
G4B_00710,0.89049,16.00480,0.0,0.0,LRGDEFL2B,tierA|vd=217+-12|z=0.255|ACSWFC|3160s|P10889
G4B_00711,0.79737,16.05765,0.0,0.0,LRGDEFL2B,tierA|vd=201+-17|z=0.115|ACSWFC|3160s|P10889
G4B_00712,150.06298,5.21648,0.0,0.0,LRGDEFL2B,tierA|vd=216+-21|z=0.267|ACSWFC|3158s|P--
G4B_00713,36.30188,0.16588,0.0,0.0,LRGDEFL2B,tierA|vd=161+-18|z=0.357|WFC3UVIS|3086s|P--
G4B_00714,34.39245,-5.22755,0.0,0.0,LRGDEFL2B,tierA|vd=188+-32|z=0.445|ACSWFC|3067s|P13792
G4B_00715,217.25813,34.52194,0.0,0.0,LRGDEFL2B,tierA|vd=224+-12|z=0.311|ACSWFC|3050s|P--
G4B_00716,149.47914,2.56491,0.0,0.0,LRGDEFL2B,tierA|vd=219+-30|z=0.372|ACSWFC|3042s|P--
G4B_00717,217.69510,34.91844,0.0,0.0,LRGDEFL2B,tierA|vd=191+-12|z=0.099|ACSWFC|3025s|P--
G4B_00718,217.70115,34.93503,0.0,0.0,LRGDEFL2B,tierA|vd=188+-9|z=0.084|ACSWFC|3025s|P--
G4B_00719,145.26715,34.73290,0.0,0.0,LRGDEFL2B,tierA|vd=190+-5|z=0.050|WFC3UVIS|2952s|P11620
G4B_00720,145.27355,34.74686,0.0,0.0,LRGDEFL2B,tierA|vd=164+-10|z=0.132|WFC3UVIS|2952s|P11620
G4B_00721,250.72943,31.99866,0.0,0.0,LRGDEFL2B,tierA|vd=133+-6|z=0.054|ACSWFC|2870s|P--
G4B_00722,121.62146,20.12163,0.0,0.0,LRGDEFL2B,tierA|vd=232+-10|z=0.123|WFC3UVIS|2856s|P--
G4B_00723,162.38537,56.66897,0.0,0.0,LRGDEFL2B,tierA|vd=214+-32|z=0.515|WFC3UVIS|2846s|P--
G4B_00724,212.29146,54.06265,0.0,0.0,LRGDEFL2B,tierA|vd=146+-12|z=0.160|WFC3UVIS|2822s|P--
G4B_00725,202.75880,54.93258,0.0,0.0,LRGDEFL2B,tierA|vd=203+-7|z=0.068|ACSWFC|2745s|P11718
G4B_00726,351.38127,28.49020,0.0,0.0,LRGDEFL2B,tierA|vd=127+-15|z=0.347|WFC3UVIS|2739s|P13370
G4B_00727,154.40022,41.01258,0.0,0.0,LRGDEFL2B,tierA|vd=144+-7|z=0.092|WFC3UVIS|2700s|P--
G4B_00728,249.53292,42.86467,0.0,0.0,LRGDEFL2B,tierA|vd=224+-31|z=0.517|WFC3UVIS|2692s|P--
G4B_00729,184.39867,45.76353,0.0,0.0,LRGDEFL2B,tierA|vd=120+-18|z=0.069|WFC3UVIS|2680s|P14786
G4B_00730,222.61339,46.34863,0.0,0.0,LRGDEFL2B,tierA|vd=211+-16|z=0.403|WFC3UVIS|2664s|P--
G4B_00731,248.66079,46.31899,0.0,0.0,LRGDEFL2B,tierA|vd=148+-10|z=0.137|WFC3UVIS|2664s|P--
G4B_00732,34.20551,-8.21612,0.0,0.0,LRGDEFL2B,tierA|vd=241+-29|z=0.543|ACSWFC|2652s|P--
G4B_00733,192.59440,5.40497,0.0,0.0,LRGDEFL2B,tierA|vd=208+-12|z=0.231|ACSWFC|2652s|P--
G4B_00734,36.33446,0.17653,0.0,0.0,LRGDEFL2B,tierA|vd=147+-8|z=0.118|ACSWFC|2648s|P--
G4B_00735,211.45138,54.83378,0.0,0.0,LRGDEFL2B,tierA|vd=201+-31|z=0.328|WFC3UVIS|2629s|P--
G4B_00736,151.05046,32.95845,0.0,0.0,LRGDEFL2B,tierA|vd=127+-21|z=0.137|WFC3UVIS|2612s|P--
G4B_00737,209.96591,14.44456,0.0,0.0,LRGDEFL2B,tierA|vd=146+-9|z=0.099|WFC3UVIS|2578s|P15317
G4B_00738,189.94983,61.60221,0.0,0.0,LRGDEFL2B,tierA|vd=150+-7|z=0.070|WFC3UVIS|2576s|P--
G4B_00739,180.06024,-0.77443,0.0,0.0,LRGDEFL2B,tierA|vd=145+-29|z=0.179|WFC3UVIS|2560s|P15332
G4B_00740,149.50510,1.93552,0.0,0.0,LRGDEFL2B,tierA|vd=198+-39|z=0.536|ACSWFC|2535s|P10092
G4B_00741,149.52782,1.93026,0.0,0.0,LRGDEFL2B,tierA|vd=194+-37|z=0.535|ACSWFC|2535s|P10092
G4B_00742,149.59791,2.34166,0.0,0.0,LRGDEFL2B,tierA|vd=130+-7|z=0.125|ACSWFC|2535s|P--
G4B_00743,190.45443,32.60795,0.0,0.0,LRGDEFL2B,tierA|vd=220+-18|z=0.273|ACSWFC|2532s|P13366
G4B_00744,258.23360,28.30004,0.0,0.0,LRGDEFL2B,tierA|vd=217+-13|z=0.240|WFC3UVIS|2532s|P--
G4B_00745,258.23477,28.27682,0.0,0.0,LRGDEFL2B,tierA|vd=185+-31|z=0.491|WFC3UVIS|2532s|P--
G4B_00746,324.98093,12.14147,0.0,0.0,LRGDEFL2B,tierA|vd=172+-15|z=0.226|WFC3UVIS|2520s|P12019
G4B_00747,210.07085,14.48858,0.0,0.0,LRGDEFL2B,tierA|vd=227+-19|z=0.334|ACSWFC|2516s|P15317
G4B_00748,146.07173,9.50827,0.0,0.0,LRGDEFL2B,tierA|vd=216+-15|z=0.203|WFC3UVIS|2516s|P12019
G4B_00749,210.06630,14.48307,0.0,0.0,LRGDEFL2B,tierA|vd=179+-28|z=0.505|ACSWFC|2516s|P15317
G4B_00750,135.40837,3.21799,0.0,0.0,LRGDEFL2B,tierA|vd=192+-30|z=0.316|WFC3UVIS|2508s|P12272
G4B_00751,176.29502,-2.32592,0.0,0.0,LRGDEFL2B,tierA|vd=189+-9|z=0.130|ACSWFC|2490s|P--
G4B_00752,182.48652,35.37141,0.0,0.0,LRGDEFL2B,tierA|vd=225+-42|z=0.475|WFC3UVIS|2478s|P15228
G4B_00753,177.04516,1.44585,0.0,0.0,LRGDEFL2B,tierA|vd=202+-17|z=0.232|WFC3UVIS|2478s|P--
G4B_00754,212.41601,51.20811,0.0,0.0,LRGDEFL2B,tierA|vd=199+-14|z=0.284|WFC3UVIS|2473s|P16890
G4B_00755,10.51362,-9.47108,0.0,0.0,LRGDEFL2B,tierA|vd=163+-7|z=0.052|ACSWFC|2457s|P--
G4B_00756,5.69395,0.33382,0.0,0.0,LRGDEFL2B,tierA|vd=243+-31|z=0.398|ACSWFC|2450s|P9908
G4B_00757,180.22465,15.46240,0.0,0.0,LRGDEFL2B,tierA|vd=223+-29|z=0.367|WFC3UVIS|2440s|P15105
G4B_00758,124.13213,50.05526,0.0,0.0,LRGDEFL2B,tierA|vd=209+-9|z=0.119|ACSWFC|2440s|P--
G4B_00759,212.27562,51.24010,0.0,0.0,LRGDEFL2B,tierA|vd=249+-20|z=0.318|ACSWFC|2439s|P16890
G4B_00760,212.31175,51.24079,0.0,0.0,LRGDEFL2B,tierA|vd=245+-17|z=0.318|ACSWFC|2439s|P16890
G4B_00761,216.56013,56.53576,0.0,0.0,LRGDEFL2B,tierA|vd=195+-34|z=0.516|ACSWFC|2435s|P15874
G4B_00762,321.11478,11.41850,0.0,0.0,LRGDEFL2B,tierA|vd=150+-29|z=0.075|WFC3UVIS|2434s|P--
G4B_00763,211.43876,54.88614,0.0,0.0,LRGDEFL2B,tierA|vd=226+-16|z=0.284|WFC3UVIS|2425s|P--
G4B_00764,224.00186,57.03963,0.0,0.0,LRGDEFL2B,tierA|vd=214+-38|z=0.486|WFC3UVIS|2424s|P13003
G4B_00765,223.99314,57.05762,0.0,0.0,LRGDEFL2B,tierA|vd=127+-23|z=0.325|WFC3UVIS|2424s|P13003
G4B_00766,186.67726,23.81763,0.0,0.0,LRGDEFL2B,tierA|vd=164+-12|z=0.132|WFC3UVIS|2420s|P12549
G4B_00767,8.05658,18.14837,0.0,0.0,LRGDEFL2B,tierA|vd=246+-45|z=0.357|ACSWFC|2417s|P--
G4B_00768,8.04044,18.12357,0.0,0.0,LRGDEFL2B,tierA|vd=238+-28|z=0.374|ACSWFC|2417s|P--
G4B_00769,8.03426,18.10702,0.0,0.0,LRGDEFL2B,tierA|vd=234+-24|z=0.374|ACSWFC|2417s|P--
G4B_00770,8.04729,18.11648,0.0,0.0,LRGDEFL2B,tierA|vd=208+-22|z=0.380|ACSWFC|2417s|P--
G4B_00771,230.72704,25.57886,0.0,0.0,LRGDEFL2B,tierA|vd=190+-38|z=0.489|WFC3UVIS|2412s|P--
G4B_00772,168.77538,16.76209,0.0,0.0,LRGDEFL2B,tierA|vd=248+-11|z=0.191|WFC3UVIS|2400s|P13003
G4B_00773,354.42332,0.29207,0.0,0.0,LRGDEFL2B,tierA|vd=247+-37|z=0.270|ACSWFC|2400s|P--
G4B_00774,354.40409,0.29248,0.0,0.0,LRGDEFL2B,tierA|vd=236+-21|z=0.278|ACSWFC|2400s|P--
G4B_00775,161.99697,15.26607,0.0,0.0,LRGDEFL2B,tierA|vd=235+-12|z=0.214|WFC3UVIS|2400s|P--
G4B_00776,219.80928,12.13109,0.0,0.0,LRGDEFL2B,tierA|vd=235+-26|z=0.422|WFC3UVIS|2400s|P--
G4B_00777,354.41752,0.27800,0.0,0.0,LRGDEFL2B,tierA|vd=231+-22|z=0.272|ACSWFC|2400s|P--
G4B_00778,219.79140,12.13023,0.0,0.0,LRGDEFL2B,tierA|vd=227+-30|z=0.420|WFC3UVIS|2400s|P--
G4B_00779,149.41330,5.15887,0.0,0.0,LRGDEFL2B,tierA|vd=216+-40|z=0.447|WFC3UVIS|2400s|P--
G4B_00780,168.77424,16.77380,0.0,0.0,LRGDEFL2B,tierA|vd=212+-35|z=0.535|WFC3UVIS|2400s|P13003
G4B_00781,354.43638,0.27788,0.0,0.0,LRGDEFL2B,tierA|vd=210+-18|z=0.288|ACSWFC|2400s|P--
G4B_00782,1.20596,-1.06726,0.0,0.0,LRGDEFL2B,tierA|vd=205+-38|z=0.456|WFC3UVIS|2400s|P13003
G4B_00783,354.39326,0.27820,0.0,0.0,LRGDEFL2B,tierA|vd=192+-18|z=0.273|ACSWFC|2400s|P--
G4B_00784,162.00505,15.24402,0.0,0.0,LRGDEFL2B,tierA|vd=188+-13|z=0.216|WFC3UVIS|2400s|P--
G4B_00785,219.80306,12.12223,0.0,0.0,LRGDEFL2B,tierA|vd=184+-12|z=0.164|WFC3UVIS|2400s|P--
G4B_00786,214.58249,36.49781,0.0,0.0,LRGDEFL2B,tierA|vd=183+-33|z=0.541|ACSWFC|2400s|P9427
G4B_00787,155.82991,4.16075,0.0,0.0,LRGDEFL2B,tierA|vd=172+-18|z=0.296|WFC3UVIS|2400s|P13352
G4B_00788,233.10851,30.37840,0.0,0.0,LRGDEFL2B,tierA|vd=158+-16|z=0.278|WFC3UVIS|2400s|P13352
G4B_00789,354.42154,0.28593,0.0,0.0,LRGDEFL2B,tierA|vd=148+-17|z=0.277|ACSWFC|2400s|P--
G4B_00790,354.41660,0.25974,0.0,0.0,LRGDEFL2B,tierA|vd=148+-22|z=0.280|ACSWFC|2400s|P--
G4B_00791,186.65716,33.51265,0.0,0.0,LRGDEFL2B,tierA|vd=126+-6|z=0.070|ACSWFC|2400s|P10696
G4B_00792,138.91547,38.44882,0.0,0.0,LRGDEFL2B,tierA|vd=177+-29|z=0.399|WFC3UVIS|2388s|P13003
G4B_00793,142.15392,58.98746,0.0,0.0,LRGDEFL2B,tierA|vd=152+-28|z=0.483|ACSWFC|2388s|P10795
G4B_00794,33.10128,0.90965,0.0,0.0,LRGDEFL2B,tierA|vd=236+-13|z=0.307|WFC3UVIS|2382s|P--
G4B_00795,352.07287,14.75255,0.0,0.0,LRGDEFL2B,tierA|vd=174+-9|z=0.150|WFC3UVIS|2370s|P13768
G4B_00796,120.30128,47.47822,0.0,0.0,LRGDEFL2B,tierA|vd=237+-17|z=0.266|ACSWFC|2364s|P12209
G4B_00797,334.35279,0.21158,0.0,0.0,LRGDEFL2B,tierA|vd=193+-32|z=0.509|ACSWFC|2352s|P12527
G4B_00798,185.46104,13.45734,0.0,0.0,LRGDEFL2B,tierA|vd=187+-30|z=0.363|ACSWFC|2336s|P13735
G4B_00799,180.02925,-0.67412,0.0,0.0,LRGDEFL2B,tierA|vd=236+-15|z=0.180|ACSWFC|2324s|P--
G4B_00800,180.05711,-0.70576,0.0,0.0,LRGDEFL2B,tierA|vd=221+-33|z=0.456|ACSWFC|2324s|P--
G4B_00801,116.88248,44.80705,0.0,0.0,LRGDEFL2B,tierA|vd=195+-38|z=0.504|ACSWFC|2312s|P12209
G4B_00802,130.29858,44.02252,0.0,0.0,LRGDEFL2B,tierA|vd=172+-25|z=0.425|ACSWFC|2304s|P--
G4B_00803,45.60900,0.10670,0.0,0.0,LRGDEFL2B,tierA|vd=149+-11|z=0.087|ACSWFC|2296s|P--
G4B_00804,259.27810,29.52120,0.0,0.0,LRGDEFL2B,tierA|vd=193+-23|z=0.276|ACSWFC|2286s|P15670
G4B_00805,143.39296,55.17390,0.0,0.0,LRGDEFL2B,tierA|vd=210+-6|z=0.074|WFC3UVIS|2280s|P--
G4B_00806,141.08820,16.43289,0.0,0.0,LRGDEFL2B,tierA|vd=208+-24|z=0.527|WFC3UVIS|2280s|P--
G4B_00807,125.38657,37.53431,0.0,0.0,LRGDEFL2B,tierA|vd=227+-35|z=0.546|ACSWFC|2272s|P12209
G4B_00808,40.01817,-8.20316,0.0,0.0,LRGDEFL2B,tierA|vd=207+-12|z=0.179|WFC3UVIS|2266s|P--
G4B_00809,164.55959,19.85464,0.0,0.0,LRGDEFL2B,tierA|vd=162+-7|z=0.089|ACSWFC|2260s|P10352
G4B_00810,153.79012,49.54729,0.0,0.0,LRGDEFL2B,tierA|vd=240+-26|z=0.226|ACSWFC|2256s|P10490
G4B_00811,219.23158,35.01722,0.0,0.0,LRGDEFL2B,tierA|vd=125+-12|z=0.122|ACSWFC|2256s|P11663
G4B_00812,130.74175,36.37914,0.0,0.0,LRGDEFL2B,tierA|vd=233+-18|z=0.279|ACSWFC|2255s|P--
G4B_00813,130.75728,36.34606,0.0,0.0,LRGDEFL2B,tierA|vd=222+-17|z=0.285|ACSWFC|2255s|P--
G4B_00814,130.76090,36.36411,0.0,0.0,LRGDEFL2B,tierA|vd=165+-20|z=0.277|ACSWFC|2255s|P--
G4B_00815,189.20425,62.07747,0.0,0.0,LRGDEFL2B,tierA|vd=237+-8|z=0.113|ACSWFC|2236s|P12444
G4B_00816,189.05011,62.19415,0.0,0.0,LRGDEFL2B,tierA|vd=213+-39|z=0.276|ACSWFC|2236s|P12444
G4B_00817,189.13528,62.18488,0.0,0.0,LRGDEFL2B,tierA|vd=195+-39|z=0.518|ACSWFC|2236s|P12444
G4B_00818,188.84539,62.20511,0.0,0.0,LRGDEFL2B,tierA|vd=131+-11|z=0.136|ACSWFC|2236s|P12444
G4B_00819,244.80626,33.69635,0.0,0.0,LRGDEFL2B,tierA|vd=154+-13|z=0.133|ACSWFC|2216s|P14269
G4B_00820,132.06272,44.76552,0.0,0.0,LRGDEFL2B,tierA|vd=202+-39|z=0.488|ACSWFC|2211s|P10825
G4B_00821,234.37357,2.36142,0.0,0.0,LRGDEFL2B,tierA|vd=248+-33|z=0.524|ACSWFC|2204s|P--
G4B_00822,321.30707,4.17827,0.0,0.0,LRGDEFL2B,tierA|vd=248+-45|z=0.511|ACSWFC|2204s|P12209
G4B_00823,345.91467,0.62047,0.0,0.0,LRGDEFL2B,tierA|vd=239+-12|z=0.251|ACSWFC|2204s|P12209
G4B_00824,206.28406,-1.50413,0.0,0.0,LRGDEFL2B,tierA|vd=232+-31|z=0.486|ACSWFC|2204s|P--
G4B_00825,321.27280,4.20270,0.0,0.0,LRGDEFL2B,tierA|vd=122+-8|z=0.090|ACSWFC|2204s|P12209
G4B_00826,218.06060,63.27484,0.0,0.0,LRGDEFL2B,tierA|vd=225+-32|z=0.432|ACSWFC|2200s|P--
G4B_00827,137.30833,1.34728,0.0,0.0,LRGDEFL2B,tierA|vd=205+-14|z=0.227|ACSWFC|2200s|P--
G4B_00828,209.28052,4.32564,0.0,0.0,LRGDEFL2B,tierA|vd=187+-8|z=0.111|ACSWFC|2200s|P9075
G4B_00829,209.29251,4.52548,0.0,0.0,LRGDEFL2B,tierA|vd=154+-30|z=0.512|ACSWFC|2200s|P9075
G4B_00830,209.27297,4.53575,0.0,0.0,LRGDEFL2B,tierA|vd=150+-15|z=0.112|ACSWFC|2200s|P9075
G4B_00831,160.41803,19.95870,0.0,0.0,LRGDEFL2B,tierA|vd=218+-21|z=0.300|ACSWFC|2194s|P--
G4B_00832,214.05689,23.03461,0.0,0.0,LRGDEFL2B,tierA|vd=239+-14|z=0.136|ACSWFC|2187s|P15275
G4B_00833,214.08536,23.03347,0.0,0.0,LRGDEFL2B,tierA|vd=217+-39|z=0.456|ACSWFC|2187s|P15275
G4B_00834,214.06440,23.05951,0.0,0.0,LRGDEFL2B,tierA|vd=175+-13|z=0.137|ACSWFC|2187s|P15275
G4B_00835,215.28064,-1.12385,0.0,0.0,LRGDEFL2B,tierA|vd=154+-20|z=0.129|WFC3UVIS|2186s|P--
G4B_00836,216.98030,-1.37809,0.0,0.0,LRGDEFL2B,tierA|vd=185+-15|z=0.336|ACSWFC|2182s|P14667
G4B_00837,125.18681,3.96523,0.0,0.0,LRGDEFL2B,tierA|vd=136+-7|z=0.072|ACSWFC|2182s|P--
G4B_00838,209.36366,4.60093,0.0,0.0,LRGDEFL2B,tierA|vd=227+-25|z=0.330|ACSWFC|2171s|P14660
G4B_00839,36.15539,-0.04722,0.0,0.0,LRGDEFL2B,tierA|vd=184+-12|z=0.128|ACSWFC|2168s|P--
G4B_00840,36.17364,-0.03593,0.0,0.0,LRGDEFL2B,tierA|vd=125+-11|z=0.107|ACSWFC|2168s|P--
G4B_00841,260.91039,59.27961,0.0,0.0,LRGDEFL2B,tierA|vd=190+-13|z=0.161|ACSWFC|2159s|P11142
G4B_00842,260.66672,58.82492,0.0,0.0,LRGDEFL2B,tierA|vd=174+-12|z=0.152|ACSWFC|2159s|P11142
G4B_00843,258.77369,59.42525,0.0,0.0,LRGDEFL2B,tierA|vd=126+-4|z=0.053|ACSWFC|2159s|P11142
G4B_00844,126.54467,26.42629,0.0,0.0,LRGDEFL2B,tierA|vd=240+-34|z=0.449|ACSWFC|2156s|P10490
G4B_00845,250.65952,39.60316,0.0,0.0,LRGDEFL2B,tierA|vd=238+-26|z=0.353|ACSWFC|2156s|P10152
G4B_00846,179.77906,54.80132,0.0,0.0,LRGDEFL2B,tierA|vd=209+-6|z=0.081|ACSWFC|2156s|P--
G4B_00847,169.31167,17.73324,0.0,0.0,LRGDEFL2B,tierA|vd=207+-30|z=0.540|ACSWFC|2156s|P--
G4B_00848,17.59088,19.64133,0.0,0.0,LRGDEFL2B,tierA|vd=203+-33|z=0.311|ACSWFC|2156s|P10152
G4B_00849,17.58083,19.63829,0.0,0.0,LRGDEFL2B,tierA|vd=199+-23|z=0.318|ACSWFC|2156s|P10152
G4B_00850,179.75472,54.81608,0.0,0.0,LRGDEFL2B,tierA|vd=194+-12|z=0.080|ACSWFC|2156s|P--
G4B_00851,158.13310,53.35993,0.0,0.0,LRGDEFL2B,tierA|vd=187+-12|z=0.133|ACSWFC|2156s|P10886
G4B_00852,179.75898,54.81056,0.0,0.0,LRGDEFL2B,tierA|vd=154+-5|z=0.082|ACSWFC|2156s|P--
G4B_00853,250.66264,39.60305,0.0,0.0,LRGDEFL2B,tierA|vd=151+-27|z=0.353|ACSWFC|2156s|P10152
G4B_00854,153.83154,42.40938,0.0,0.0,LRGDEFL2B,tierA|vd=249+-38|z=0.511|WFC3UVIS|2154s|P15930
G4B_00855,352.21280,14.88967,0.0,0.0,LRGDEFL2B,tierA|vd=215+-31|z=0.494|ACSWFC|2152s|P--
G4B_00856,170.78543,14.16653,0.0,0.0,LRGDEFL2B,tierA|vd=178+-24|z=0.385|ACSWFC|2152s|P10152
G4B_00857,141.64167,12.70668,0.0,0.0,LRGDEFL2B,tierA|vd=149+-15|z=0.129|ACSWFC|2152s|P10152
G4B_00858,190.54196,4.66679,0.0,0.0,LRGDEFL2B,tierA|vd=234+-45|z=0.541|ACSWFC|2150s|P--
G4B_00859,8.81115,1.22186,0.0,0.0,LRGDEFL2B,tierA|vd=181+-31|z=0.541|ACSWFC|2150s|P14706
G4B_00860,208.57994,-2.37035,0.0,0.0,LRGDEFL2B,tierA|vd=242+-31|z=0.544|ACSWFC|2148s|P--
G4B_00861,235.22301,14.76189,0.0,0.0,LRGDEFL2B,tierA|vd=235+-24|z=0.443|ACSWFC|2148s|P10152
G4B_00862,235.22467,14.76567,0.0,0.0,LRGDEFL2B,tierA|vd=226+-30|z=0.440|ACSWFC|2148s|P10152
G4B_00863,153.52877,38.85114,0.0,0.0,LRGDEFL2B,tierA|vd=159+-17|z=0.306|ACSWFC|2146s|P--
G4B_00864,118.35819,15.98633,0.0,0.0,LRGDEFL2B,tierA|vd=191+-13|z=0.186|WFC3UVIS|2130s|P18066
G4B_00865,155.87117,42.49774,0.0,0.0,LRGDEFL2B,tierA|vd=231+-36|z=0.495|ACSWFC|2128s|P--
G4B_00866,235.25117,41.51391,0.0,0.0,LRGDEFL2B,tierA|vd=209+-8|z=0.142|ACSWFC|2128s|P10886
G4B_00867,149.73563,44.26351,0.0,0.0,LRGDEFL2B,tierA|vd=199+-10|z=0.155|ACSWFC|2128s|P10886
G4B_00868,135.78000,41.26411,0.0,0.0,LRGDEFL2B,tierA|vd=197+-27|z=0.432|ACSWFC|2128s|P10886
G4B_00869,155.89444,42.51128,0.0,0.0,LRGDEFL2B,tierA|vd=185+-33|z=0.475|ACSWFC|2128s|P--
G4B_00870,208.19263,-1.02669,0.0,0.0,LRGDEFL2B,tierA|vd=209+-14|z=0.151|ACSWFC|2127s|P12450
G4B_00871,203.81826,41.01316,0.0,0.0,LRGDEFL2B,tierA|vd=219+-21|z=0.238|ACSWFC|2123s|P--
G4B_00872,203.82660,40.99726,0.0,0.0,LRGDEFL2B,tierA|vd=209+-20|z=0.241|ACSWFC|2123s|P--
G4B_00873,203.83877,40.99123,0.0,0.0,LRGDEFL2B,tierA|vd=199+-13|z=0.236|ACSWFC|2123s|P--
G4B_00874,203.82463,41.00755,0.0,0.0,LRGDEFL2B,tierA|vd=153+-15|z=0.233|ACSWFC|2123s|P--
G4B_00875,149.85990,2.14873,0.0,0.0,LRGDEFL2B,tierA|vd=167+-17|z=0.165|ACSWFC|2114s|P13641
G4B_00876,175.88106,-1.75239,0.0,0.0,LRGDEFL2B,tierA|vd=238+-9|z=0.104|ACSWFC|2112s|P--
G4B_00877,175.86313,-1.73073,0.0,0.0,LRGDEFL2B,tierA|vd=231+-10|z=0.109|ACSWFC|2112s|P--
G4B_00878,175.87685,-1.75672,0.0,0.0,LRGDEFL2B,tierA|vd=187+-6|z=0.106|ACSWFC|2112s|P--
G4B_00879,231.26628,33.47753,0.0,0.0,LRGDEFL2B,tierA|vd=170+-11|z=0.232|ACSWFC|2108s|P10886
G4B_00880,231.24910,33.45438,0.0,0.0,LRGDEFL2B,tierA|vd=167+-31|z=0.122|ACSWFC|2108s|P10886
G4B_00881,197.93263,-1.25005,0.0,0.0,LRGDEFL2B,tierA|vd=226+-44|z=0.181|ACSWFC|2106s|P11802
G4B_00882,214.79344,52.80860,0.0,0.0,LRGDEFL2B,tierA|vd=243+-18|z=0.346|ACSWFC|2100s|P10134
G4B_00883,215.25035,53.09327,0.0,0.0,LRGDEFL2B,tierA|vd=241+-19|z=0.435|ACSWFC|2100s|P10134
G4B_00884,211.51145,25.14376,0.0,0.0,LRGDEFL2B,tierA|vd=237+-15|z=0.387|WFC3UVIS|2100s|P14178
G4B_00885,215.28825,53.12866,0.0,0.0,LRGDEFL2B,tierA|vd=227+-18|z=0.354|ACSWFC|2100s|P10134
G4B_00886,214.97061,52.85304,0.0,0.0,LRGDEFL2B,tierA|vd=218+-39|z=0.544|ACSWFC|2100s|P10134
G4B_00887,215.15200,53.14338,0.0,0.0,LRGDEFL2B,tierA|vd=200+-18|z=0.201|ACSWFC|2100s|P10134
G4B_00888,215.23796,53.10554,0.0,0.0,LRGDEFL2B,tierA|vd=196+-20|z=0.203|ACSWFC|2100s|P10134
G4B_00889,214.46339,52.58652,0.0,0.0,LRGDEFL2B,tierA|vd=191+-11|z=0.239|ACSWFC|2100s|P10134
G4B_00890,215.16159,52.95770,0.0,0.0,LRGDEFL2B,tierA|vd=178+-16|z=0.200|ACSWFC|2100s|P10134
G4B_00891,10.47016,-9.35841,0.0,0.0,LRGDEFL2B,tierA|vd=141+-7|z=0.061|WFC3UVIS|2100s|P12937
G4B_00892,214.39320,52.51859,0.0,0.0,LRGDEFL2B,tierA|vd=138+-17|z=0.271|ACSWFC|2100s|P10134
G4B_00893,214.26754,52.41490,0.0,0.0,LRGDEFL2B,tierA|vd=132+-26|z=0.281|ACSWFC|2100s|P--
G4B_00894,31.43667,-9.85883,0.0,0.0,LRGDEFL2B,tierA|vd=167+-9|z=0.157|ACSWFC|2098s|P16890
G4B_00895,215.00511,52.97329,0.0,0.0,LRGDEFL2B,tierA|vd=147+-22|z=0.454|ACSWFC|2096s|P12063
G4B_00896,185.81589,11.57083,0.0,0.0,LRGDEFL2B,tierA|vd=235+-3|z=0.065|ACSWFC|2088s|P--
G4B_00897,29.47769,-0.95316,0.0,0.0,LRGDEFL2B,tierA|vd=220+-30|z=0.513|ACSWFC|2088s|P10886
G4B_00898,185.79881,11.58228,0.0,0.0,LRGDEFL2B,tierA|vd=199+-16|z=0.255|ACSWFC|2088s|P17267
G4B_00899,152.87192,1.72099,0.0,0.0,LRGDEFL2B,tierA|vd=189+-34|z=0.503|ACSWFC|2088s|P10831
G4B_00900,137.74045,5.33576,0.0,0.0,LRGDEFL2B,tierA|vd=155+-13|z=0.201|ACSWFC|2088s|P10886
G4B_00901,355.30085,-0.00460,0.0,0.0,LRGDEFL2B,tierA|vd=154+-11|z=0.158|ACSWFC|2088s|P--
G4B_00902,214.94293,53.61212,0.0,0.0,LRGDEFL2B,tierA|vd=195+-8|z=0.173|WFC3UVIS|2082s|P15849
G4B_00903,344.16923,5.42589,0.0,0.0,LRGDEFL2B,tierA|vd=200+-7|z=0.161|WFC3UVIS|2076s|P--
G4B_00904,344.14266,5.40595,0.0,0.0,LRGDEFL2B,tierA|vd=181+-14|z=0.164|WFC3UVIS|2076s|P--
G4B_00905,344.16532,5.41272,0.0,0.0,LRGDEFL2B,tierA|vd=141+-14|z=0.169|WFC3UVIS|2076s|P--
G4B_00906,190.00503,13.79668,0.0,0.0,LRGDEFL2B,tierA|vd=127+-25|z=0.260|ACSWFC|2076s|P--
G4B_00907,226.49535,3.68896,0.0,0.0,LRGDEFL2B,tierA|vd=227+-23|z=0.300|WFC3UVIS|2072s|P--
G4B_00908,226.51035,3.70611,0.0,0.0,LRGDEFL2B,tierA|vd=221+-11|z=0.224|WFC3UVIS|2072s|P--
G4B_00909,212.21972,53.80445,0.0,0.0,LRGDEFL2B,tierA|vd=161+-24|z=0.511|WFC3UVIS|2053s|P--
G4B_00910,234.97561,-2.09093,0.0,0.0,LRGDEFL2B,tierA|vd=131+-21|z=0.152|WFC3UVIS|2050s|P14178
G4B_00911,42.10287,-3.52935,0.0,0.0,LRGDEFL2B,tierA|vd=208+-10|z=0.185|WFC3UVIS|2047s|P--
G4B_00912,186.71535,21.87373,0.0,0.0,LRGDEFL2B,tierA|vd=243+-23|z=0.438|ACSWFC|2040s|P12368
G4B_00913,259.23219,59.66765,0.0,0.0,LRGDEFL2B,tierA|vd=214+-4|z=0.065|ACSWFC|2040s|P9753
G4B_00914,259.30991,59.79247,0.0,0.0,LRGDEFL2B,tierA|vd=171+-9|z=0.176|ACSWFC|2040s|P9753
G4B_00915,259.54297,59.71353,0.0,0.0,LRGDEFL2B,tierA|vd=144+-11|z=0.149|ACSWFC|2040s|P9753
G4B_00916,145.13338,3.57780,0.0,0.0,LRGDEFL2B,tierA|vd=192+-18|z=0.175|WFC3UVIS|2032s|P--
G4B_00917,34.41613,-3.80647,0.0,0.0,LRGDEFL2B,tierA|vd=190+-23|z=0.291|ACSWFC|2030s|P17172
G4B_00918,34.38895,-3.82216,0.0,0.0,LRGDEFL2B,tierA|vd=174+-17|z=0.291|ACSWFC|2030s|P17172
G4B_00919,34.40004,-3.83808,0.0,0.0,LRGDEFL2B,tierA|vd=152+-14|z=0.294|ACSWFC|2030s|P17172
G4B_00920,34.39802,-3.80583,0.0,0.0,LRGDEFL2B,tierA|vd=135+-21|z=0.290|ACSWFC|2030s|P17172
G4B_00921,34.40285,-3.81212,0.0,0.0,LRGDEFL2B,tierA|vd=122+-21|z=0.292|ACSWFC|2030s|P17172
G4B_00922,150.23661,2.20719,0.0,0.0,LRGDEFL2B,tierA|vd=249+-30|z=0.361|ACSWFC|2028s|P9822
G4B_00923,150.52065,2.46104,0.0,0.0,LRGDEFL2B,tierA|vd=248+-40|z=0.477|ACSWFC|2028s|P9822
G4B_00924,150.38684,2.86063,0.0,0.0,LRGDEFL2B,tierA|vd=247+-24|z=0.397|ACSWFC|2028s|P10092
G4B_00925,150.11432,2.35648,0.0,0.0,LRGDEFL2B,tierA|vd=247+-14|z=0.220|ACSWFC|2028s|P9822
G4B_00926,150.54167,2.73157,0.0,0.0,LRGDEFL2B,tierA|vd=247+-25|z=0.349|ACSWFC|2028s|P10092
G4B_00927,150.29960,1.67716,0.0,0.0,LRGDEFL2B,tierA|vd=246+-47|z=0.527|ACSWFC|2028s|P10092
G4B_00928,150.12910,2.59566,0.0,0.0,LRGDEFL2B,tierA|vd=245+-27|z=0.349|ACSWFC|2028s|P9822
G4B_00929,150.06761,2.58631,0.0,0.0,LRGDEFL2B,tierA|vd=245+-34|z=0.504|ACSWFC|2028s|P9822
G4B_00930,150.38167,2.23462,0.0,0.0,LRGDEFL2B,tierA|vd=244+-25|z=0.372|ACSWFC|2028s|P10092
G4B_00931,149.63300,2.79217,0.0,0.0,LRGDEFL2B,tierA|vd=242+-33|z=0.412|ACSWFC|2028s|P10092
G4B_00932,150.44461,2.54768,0.0,0.0,LRGDEFL2B,tierA|vd=242+-21|z=0.348|ACSWFC|2028s|P9822
G4B_00933,150.26335,2.67191,0.0,0.0,LRGDEFL2B,tierA|vd=239+-19|z=0.267|ACSWFC|2028s|P10092
G4B_00934,149.84622,2.14100,0.0,0.0,LRGDEFL2B,tierA|vd=238+-26|z=0.371|ACSWFC|2028s|P9822
G4B_00935,149.70085,2.66303,0.0,0.0,LRGDEFL2B,tierA|vd=237+-31|z=0.492|ACSWFC|2028s|P10092
G4B_00936,150.05915,1.63377,0.0,0.0,LRGDEFL2B,tierA|vd=237+-32|z=0.528|ACSWFC|2028s|P10092
G4B_00937,149.81884,2.16230,0.0,0.0,LRGDEFL2B,tierA|vd=236+-26|z=0.354|ACSWFC|2028s|P9822
G4B_00938,150.09089,2.39124,0.0,0.0,LRGDEFL2B,tierA|vd=236+-12|z=0.221|ACSWFC|2028s|P9822
G4B_00939,150.11039,2.70826,0.0,0.0,LRGDEFL2B,tierA|vd=235+-18|z=0.351|ACSWFC|2028s|P10092
G4B_00940,149.91701,2.83692,0.0,0.0,LRGDEFL2B,tierA|vd=235+-17|z=0.358|ACSWFC|2028s|P10092
G4B_00941,150.47386,2.37590,0.0,0.0,LRGDEFL2B,tierA|vd=233+-13|z=0.175|ACSWFC|2028s|P9822
G4B_00942,150.37980,2.49020,0.0,0.0,LRGDEFL2B,tierA|vd=232+-23|z=0.349|ACSWFC|2028s|P9822
G4B_00943,150.66376,2.56415,0.0,0.0,LRGDEFL2B,tierA|vd=231+-19|z=0.372|ACSWFC|2028s|P10092
G4B_00944,150.50651,2.61957,0.0,0.0,LRGDEFL2B,tierA|vd=231+-23|z=0.347|ACSWFC|2028s|P10092
G4B_00945,150.41566,2.43020,0.0,0.0,LRGDEFL2B,tierA|vd=228+-8|z=0.124|ACSWFC|2028s|P9822
G4B_00946,149.93796,2.60627,0.0,0.0,LRGDEFL2B,tierA|vd=228+-24|z=0.345|ACSWFC|2028s|P9822
G4B_00947,149.96268,2.21023,0.0,0.0,LRGDEFL2B,tierA|vd=228+-25|z=0.425|ACSWFC|2028s|P9822
G4B_00948,150.05804,2.38044,0.0,0.0,LRGDEFL2B,tierA|vd=227+-36|z=0.347|ACSWFC|2028s|P9822
G4B_00949,150.66231,2.43046,0.0,0.0,LRGDEFL2B,tierA|vd=226+-10|z=0.166|ACSWFC|2028s|P10092
G4B_00950,150.25092,1.86401,0.0,0.0,LRGDEFL2B,tierA|vd=225+-34|z=0.530|ACSWFC|2028s|P9822
G4B_00951,149.88398,1.75098,0.0,0.0,LRGDEFL2B,tierA|vd=223+-11|z=0.122|ACSWFC|2028s|P10092
G4B_00952,150.40321,1.64398,0.0,0.0,LRGDEFL2B,tierA|vd=221+-27|z=0.436|ACSWFC|2028s|P10092
G4B_00953,150.48687,2.23082,0.0,0.0,LRGDEFL2B,tierA|vd=219+-11|z=0.221|ACSWFC|2028s|P9822
G4B_00954,150.75090,2.34780,0.0,0.0,LRGDEFL2B,tierA|vd=219+-13|z=0.178|ACSWFC|2028s|P10092
G4B_00955,150.04231,2.69483,0.0,0.0,LRGDEFL2B,tierA|vd=219+-15|z=0.218|ACSWFC|2028s|P10092
G4B_00956,150.23990,2.56276,0.0,0.0,LRGDEFL2B,tierA|vd=218+-15|z=0.219|ACSWFC|2028s|P9822
G4B_00957,149.98556,1.82991,0.0,0.0,LRGDEFL2B,tierA|vd=218+-20|z=0.267|ACSWFC|2028s|P9822
G4B_00958,150.28611,1.65982,0.0,0.0,LRGDEFL2B,tierA|vd=216+-12|z=0.228|ACSWFC|2028s|P10092
G4B_00959,150.41065,2.58724,0.0,0.0,LRGDEFL2B,tierA|vd=216+-6|z=0.105|ACSWFC|2028s|P9822
G4B_00960,150.43105,2.40275,0.0,0.0,LRGDEFL2B,tierA|vd=214+-11|z=0.125|ACSWFC|2028s|P9822
G4B_00961,150.41280,1.74143,0.0,0.0,LRGDEFL2B,tierA|vd=213+-12|z=0.196|ACSWFC|2028s|P10092
G4B_00962,150.38066,2.44433,0.0,0.0,LRGDEFL2B,tierA|vd=213+-25|z=0.348|ACSWFC|2028s|P9822
G4B_00963,150.65882,2.31292,0.0,0.0,LRGDEFL2B,tierA|vd=213+-24|z=0.326|ACSWFC|2028s|P10092
G4B_00964,150.07585,2.20336,0.0,0.0,LRGDEFL2B,tierA|vd=212+-11|z=0.185|ACSWFC|2028s|P9822
G4B_00965,150.59705,1.62861,0.0,0.0,LRGDEFL2B,tierA|vd=211+-29|z=0.365|ACSWFC|2028s|P10092
G4B_00966,149.91908,2.60095,0.0,0.0,LRGDEFL2B,tierA|vd=210+-12|z=0.248|ACSWFC|2028s|P9822
G4B_00967,149.81736,1.72012,0.0,0.0,LRGDEFL2B,tierA|vd=210+-29|z=0.531|ACSWFC|2028s|P10092
G4B_00968,150.73631,2.29178,0.0,0.0,LRGDEFL2B,tierA|vd=209+-21|z=0.364|ACSWFC|2028s|P10092
G4B_00969,149.72648,2.41946,0.0,0.0,LRGDEFL2B,tierA|vd=209+-7|z=0.125|ACSWFC|2028s|P10092
G4B_00970,149.71245,2.54465,0.0,0.0,LRGDEFL2B,tierA|vd=209+-30|z=0.477|ACSWFC|2028s|P10092
G4B_00971,150.20764,2.76939,0.0,0.0,LRGDEFL2B,tierA|vd=209+-28|z=0.502|ACSWFC|2028s|P10092
G4B_00972,149.90019,1.89665,0.0,0.0,LRGDEFL2B,tierA|vd=209+-9|z=0.125|ACSWFC|2028s|P9822
G4B_00973,150.15146,2.11451,0.0,0.0,LRGDEFL2B,tierA|vd=208+-18|z=0.361|ACSWFC|2028s|P9822
G4B_00974,149.77704,2.75691,0.0,0.0,LRGDEFL2B,tierA|vd=206+-20|z=0.346|ACSWFC|2028s|P10092
G4B_00975,150.56128,1.94206,0.0,0.0,LRGDEFL2B,tierA|vd=205+-18|z=0.308|ACSWFC|2028s|P10092
G4B_00976,150.26617,2.28718,0.0,0.0,LRGDEFL2B,tierA|vd=204+-10|z=0.123|ACSWFC|2028s|P9822
G4B_00977,150.36066,1.98796,0.0,0.0,LRGDEFL2B,tierA|vd=204+-11|z=0.166|ACSWFC|2028s|P9822
G4B_00978,149.65721,2.32573,0.0,0.0,LRGDEFL2B,tierA|vd=204+-11|z=0.125|ACSWFC|2028s|P10092
G4B_00979,149.85145,1.77319,0.0,0.0,LRGDEFL2B,tierA|vd=204+-11|z=0.125|ACSWFC|2028s|P10092
G4B_00980,150.55755,1.84498,0.0,0.0,LRGDEFL2B,tierA|vd=203+-8|z=0.123|ACSWFC|2028s|P10092
G4B_00981,150.52231,1.97473,0.0,0.0,LRGDEFL2B,tierA|vd=203+-22|z=0.376|ACSWFC|2028s|P9822
G4B_00982,150.09509,2.30053,0.0,0.0,LRGDEFL2B,tierA|vd=202+-19|z=0.360|ACSWFC|2028s|P9822
G4B_00983,150.18874,1.64653,0.0,0.0,LRGDEFL2B,tierA|vd=202+-19|z=0.220|ACSWFC|2028s|P10092
G4B_00984,150.51223,2.78684,0.0,0.0,LRGDEFL2B,tierA|vd=200+-17|z=0.330|ACSWFC|2028s|P10092
G4B_00985,149.72909,1.91729,0.0,0.0,LRGDEFL2B,tierA|vd=200+-18|z=0.362|ACSWFC|2028s|P9822
G4B_00986,149.47884,2.52180,0.0,0.0,LRGDEFL2B,tierA|vd=199+-13|z=0.092|ACSWFC|2028s|P10092
G4B_00987,150.04695,2.86195,0.0,0.0,LRGDEFL2B,tierA|vd=198+-20|z=0.305|ACSWFC|2028s|P10092
G4B_00988,149.77296,2.63608,0.0,0.0,LRGDEFL2B,tierA|vd=197+-6|z=0.079|ACSWFC|2028s|P10092
G4B_00989,150.75597,2.35297,0.0,0.0,LRGDEFL2B,tierA|vd=197+-13|z=0.176|ACSWFC|2028s|P10092
G4B_00990,150.06686,2.21038,0.0,0.0,LRGDEFL2B,tierA|vd=196+-24|z=0.187|ACSWFC|2028s|P9822
G4B_00991,150.28798,2.27696,0.0,0.0,LRGDEFL2B,tierA|vd=195+-12|z=0.123|ACSWFC|2028s|P9822
G4B_00992,150.42101,1.98445,0.0,0.0,LRGDEFL2B,tierA|vd=195+-19|z=0.322|ACSWFC|2028s|P9822
G4B_00993,150.26773,2.55204,0.0,0.0,LRGDEFL2B,tierA|vd=194+-18|z=0.267|ACSWFC|2028s|P9822
G4B_00994,149.49280,2.15312,0.0,0.0,LRGDEFL2B,tierA|vd=193+-8|z=0.125|ACSWFC|2028s|P10092
G4B_00995,149.82860,1.72469,0.0,0.0,LRGDEFL2B,tierA|vd=190+-8|z=0.126|ACSWFC|2028s|P10092
G4B_00996,150.31972,2.28671,0.0,0.0,LRGDEFL2B,tierA|vd=190+-14|z=0.122|ACSWFC|2028s|P9822
G4B_00997,150.40448,2.55444,0.0,0.0,LRGDEFL2B,tierA|vd=189+-13|z=0.248|ACSWFC|2028s|P9822
G4B_00998,150.16739,1.85828,0.0,0.0,LRGDEFL2B,tierA|vd=188+-36|z=0.335|ACSWFC|2028s|P9822
G4B_00999,150.68779,1.82291,0.0,0.0,LRGDEFL2B,tierA|vd=188+-7|z=0.081|ACSWFC|2028s|P10092
G4B_01000,150.54596,2.71500,0.0,0.0,LRGDEFL2B,tierA|vd=188+-23|z=0.261|ACSWFC|2028s|P10092
G4B_01001,149.71041,2.12273,0.0,0.0,LRGDEFL2B,tierA|vd=187+-32|z=0.480|ACSWFC|2028s|P9822
G4B_01002,149.83375,2.81340,0.0,0.0,LRGDEFL2B,tierA|vd=187+-9|z=0.124|ACSWFC|2028s|P10092
G4B_01003,150.34481,2.28301,0.0,0.0,LRGDEFL2B,tierA|vd=181+-18|z=0.373|ACSWFC|2028s|P9822
G4B_01004,150.01814,2.43075,0.0,0.0,LRGDEFL2B,tierA|vd=178+-9|z=0.220|ACSWFC|2028s|P9822
G4B_01005,149.69039,1.61994,0.0,0.0,LRGDEFL2B,tierA|vd=177+-34|z=0.482|ACSWFC|2028s|P10092
G4B_01006,150.03976,1.61532,0.0,0.0,LRGDEFL2B,tierA|vd=176+-11|z=0.133|ACSWFC|2028s|P10092
G4B_01007,150.28462,2.27883,0.0,0.0,LRGDEFL2B,tierA|vd=175+-9|z=0.122|ACSWFC|2028s|P9822
G4B_01008,150.55741,1.89601,0.0,0.0,LRGDEFL2B,tierA|vd=174+-9|z=0.124|ACSWFC|2028s|P10092
G4B_01009,150.05438,1.99965,0.0,0.0,LRGDEFL2B,tierA|vd=173+-7|z=0.078|ACSWFC|2028s|P9822
G4B_01010,149.55600,2.52001,0.0,0.0,LRGDEFL2B,tierA|vd=173+-33|z=0.486|ACSWFC|2028s|P10092
G4B_01011,150.55483,2.02512,0.0,0.0,LRGDEFL2B,tierA|vd=172+-10|z=0.196|ACSWFC|2028s|P10092
G4B_01012,149.68306,1.88888,0.0,0.0,LRGDEFL2B,tierA|vd=168+-31|z=0.532|ACSWFC|2028s|P9822
G4B_01013,150.42439,2.42210,0.0,0.0,LRGDEFL2B,tierA|vd=168+-9|z=0.123|ACSWFC|2028s|P9822
G4B_01014,149.93254,2.75627,0.0,0.0,LRGDEFL2B,tierA|vd=167+-7|z=0.103|ACSWFC|2028s|P10092
G4B_01015,150.42494,2.06615,0.0,0.0,LRGDEFL2B,tierA|vd=167+-8|z=0.125|ACSWFC|2028s|P9822
G4B_01016,150.65749,2.74222,0.0,0.0,LRGDEFL2B,tierA|vd=163+-7|z=0.103|ACSWFC|2028s|P10092
G4B_01017,150.41312,2.40988,0.0,0.0,LRGDEFL2B,tierA|vd=162+-31|z=0.385|ACSWFC|2028s|P9822
G4B_01018,150.37770,2.44006,0.0,0.0,LRGDEFL2B,tierA|vd=162+-9|z=0.123|ACSWFC|2028s|P9822
G4B_01019,149.72002,2.43422,0.0,0.0,LRGDEFL2B,tierA|vd=161+-9|z=0.125|ACSWFC|2028s|P10092
G4B_01020,150.37261,1.60936,0.0,0.0,LRGDEFL2B,tierA|vd=161+-8|z=0.104|ACSWFC|2028s|P10092
G4B_01021,150.59438,2.43252,0.0,0.0,LRGDEFL2B,tierA|vd=161+-9|z=0.124|ACSWFC|2028s|P9822
G4B_01022,150.33152,1.92124,0.0,0.0,LRGDEFL2B,tierA|vd=160+-12|z=0.099|ACSWFC|2028s|P9822
G4B_01023,150.62562,2.70344,0.0,0.0,LRGDEFL2B,tierA|vd=160+-14|z=0.213|ACSWFC|2028s|P10092
G4B_01024,150.21910,2.40751,0.0,0.0,LRGDEFL2B,tierA|vd=160+-10|z=0.122|ACSWFC|2028s|P9822
G4B_01025,150.50033,1.81865,0.0,0.0,LRGDEFL2B,tierA|vd=158+-23|z=0.310|ACSWFC|2028s|P9822
G4B_01026,150.52333,2.28822,0.0,0.0,LRGDEFL2B,tierA|vd=156+-11|z=0.196|ACSWFC|2028s|P9822
G4B_01027,150.77014,2.41921,0.0,0.0,LRGDEFL2B,tierA|vd=152+-10|z=0.178|ACSWFC|2028s|P10092
G4B_01028,149.74388,2.24973,0.0,0.0,LRGDEFL2B,tierA|vd=149+-9|z=0.133|ACSWFC|2028s|P9822
G4B_01029,150.59842,2.19234,0.0,0.0,LRGDEFL2B,tierA|vd=147+-19|z=0.122|ACSWFC|2028s|P10092
G4B_01030,149.47483,1.95826,0.0,0.0,LRGDEFL2B,tierA|vd=146+-13|z=0.108|ACSWFC|2028s|P10092
G4B_01031,149.94514,2.82049,0.0,0.0,LRGDEFL2B,tierA|vd=143+-9|z=0.104|ACSWFC|2028s|P10092
G4B_01032,150.63902,2.64248,0.0,0.0,LRGDEFL2B,tierA|vd=142+-9|z=0.104|ACSWFC|2028s|P10092
G4B_01033,150.50077,2.86220,0.0,0.0,LRGDEFL2B,tierA|vd=140+-9|z=0.103|ACSWFC|2028s|P10092
G4B_01034,149.71704,1.62028,0.0,0.0,LRGDEFL2B,tierA|vd=140+-11|z=0.100|ACSWFC|2028s|P10092
G4B_01035,150.32616,2.73934,0.0,0.0,LRGDEFL2B,tierA|vd=140+-27|z=0.503|ACSWFC|2028s|P10092
G4B_01036,150.03327,1.70346,0.0,0.0,LRGDEFL2B,tierA|vd=139+-8|z=0.092|ACSWFC|2028s|P10092
G4B_01037,150.61145,1.68102,0.0,0.0,LRGDEFL2B,tierA|vd=139+-22|z=0.248|ACSWFC|2028s|P10092
G4B_01038,149.89418,1.82345,0.0,0.0,LRGDEFL2B,tierA|vd=139+-17|z=0.133|ACSWFC|2028s|P10092
G4B_01039,149.53425,2.49308,0.0,0.0,LRGDEFL2B,tierA|vd=135+-7|z=0.091|ACSWFC|2028s|P10092
G4B_01040,150.62113,2.54608,0.0,0.0,LRGDEFL2B,tierA|vd=134+-17|z=0.212|ACSWFC|2028s|P9822
G4B_01041,150.55034,2.62884,0.0,0.0,LRGDEFL2B,tierA|vd=130+-7|z=0.114|ACSWFC|2028s|P10092
G4B_01042,149.56234,2.30507,0.0,0.0,LRGDEFL2B,tierA|vd=129+-11|z=0.124|ACSWFC|2028s|P10092
G4B_01043,150.35590,2.52924,0.0,0.0,LRGDEFL2B,tierA|vd=126+-11|z=0.121|ACSWFC|2028s|P9822
G4B_01044,150.48322,1.77817,0.0,0.0,LRGDEFL2B,tierA|vd=126+-17|z=0.228|ACSWFC|2028s|P9822
G4B_01045,150.03395,2.71876,0.0,0.0,LRGDEFL2B,tierA|vd=121+-14|z=0.130|ACSWFC|2028s|P10092
G4B_01046,150.13800,2.29165,0.0,0.0,LRGDEFL2B,tierA|vd=120+-16|z=0.185|ACSWFC|2028s|P9822
G4B_01047,0.66168,16.01761,0.0,0.0,LRGDEFL2B,tierA|vd=129+-11|z=0.115|ACSWFC|2027s|P12213
G4B_01048,352.22680,0.13269,0.0,0.0,LRGDEFL2B,tierA|vd=222+-29|z=0.461|ACSWFC|2020s|P--
G4B_01049,37.19541,0.42968,0.0,0.0,LRGDEFL2B,tierA|vd=187+-15|z=0.262|ACSWFC|2020s|P--
G4B_01050,352.19290,0.15804,0.0,0.0,LRGDEFL2B,tierA|vd=184+-28|z=0.488|ACSWFC|2020s|P--
G4B_01051,257.58095,58.63916,0.0,0.0,LRGDEFL2B,tierA|vd=233+-21|z=0.392|ACSWFC|2000s|P10858
G4B_01052,240.75654,43.38706,0.0,0.0,LRGDEFL2B,tierA|vd=204+-12|z=0.132|ACSWFC|1998s|P11003
G4B_01053,241.04172,43.44167,0.0,0.0,LRGDEFL2B,tierA|vd=159+-27|z=0.486|ACSWFC|1998s|P11003
G4B_01054,241.05310,43.44113,0.0,0.0,LRGDEFL2B,tierA|vd=122+-5|z=0.061|ACSWFC|1998s|P11003
G4B_01055,215.00111,53.12516,0.0,0.0,LRGDEFL2B,tierA|vd=222+-24|z=0.354|ACSWFC|1996s|P13063
G4B_01056,215.05225,53.12486,0.0,0.0,LRGDEFL2B,tierA|vd=146+-12|z=0.116|ACSWFC|1996s|P13063
G4B_01057,34.43568,-5.25615,0.0,0.0,LRGDEFL2B,tierA|vd=226+-32|z=0.494|ACSWFC|1994s|P12461
G4B_01058,175.25962,0.11150,0.0,0.0,LRGDEFL2B,tierA|vd=237+-23|z=0.435|WFC3UVIS|1980s|P17710
G4B_01059,154.21845,47.09399,0.0,0.0,LRGDEFL2B,tierA|vd=209+-11|z=0.164|WFC3UVIS|1977s|P17147
G4B_01060,232.79284,34.26434,0.0,0.0,LRGDEFL2B,tierA|vd=205+-33|z=0.328|WFC3UVIS|1964s|P--
G4B_01061,232.81146,34.22449,0.0,0.0,LRGDEFL2B,tierA|vd=177+-29|z=0.341|WFC3UVIS|1964s|P--
G4B_01062,232.79950,34.23518,0.0,0.0,LRGDEFL2B,tierA|vd=166+-28|z=0.339|WFC3UVIS|1964s|P--
G4B_01063,232.80172,34.21848,0.0,0.0,LRGDEFL2B,tierA|vd=144+-21|z=0.337|WFC3UVIS|1964s|P--
G4B_01064,216.54752,34.88385,0.0,0.0,LRGDEFL2B,tierA|vd=243+-9|z=0.076|ACSWFC|1960s|P10890
G4B_01065,219.32593,34.25347,0.0,0.0,LRGDEFL2B,tierA|vd=230+-24|z=0.539|ACSWFC|1960s|P10890
G4B_01066,216.70623,33.01923,0.0,0.0,LRGDEFL2B,tierA|vd=223+-31|z=0.486|ACSWFC|1960s|P10890
G4B_01067,219.34125,34.23464,0.0,0.0,LRGDEFL2B,tierA|vd=218+-24|z=0.543|ACSWFC|1960s|P10890
G4B_01068,218.13100,33.76430,0.0,0.0,LRGDEFL2B,tierA|vd=199+-24|z=0.500|ACSWFC|1960s|P10890
G4B_01069,219.35366,34.24227,0.0,0.0,LRGDEFL2B,tierA|vd=198+-30|z=0.397|ACSWFC|1960s|P10890
G4B_01070,216.59832,34.86926,0.0,0.0,LRGDEFL2B,tierA|vd=184+-28|z=0.472|ACSWFC|1960s|P10890
G4B_01071,219.33946,34.21908,0.0,0.0,LRGDEFL2B,tierA|vd=178+-27|z=0.398|ACSWFC|1960s|P10890
G4B_01072,183.08754,27.57530,0.0,0.0,LRGDEFL2B,tierA|vd=187+-19|z=0.351|ACSWFC|1934s|P15959
G4B_01073,211.83312,55.10044,0.0,0.0,LRGDEFL2B,tierA|vd=218+-33|z=0.332|ACSWFC|1930s|P--
G4B_01074,211.89269,55.11151,0.0,0.0,LRGDEFL2B,tierA|vd=197+-9|z=0.132|ACSWFC|1930s|P--
G4B_01075,28.70477,-7.21372,0.0,0.0,LRGDEFL2B,tierA|vd=173+-26|z=0.470|ACSWFC|1924s|P17815
G4B_01076,149.69535,2.60579,0.0,0.0,LRGDEFL2B,tierA|vd=132+-19|z=0.270|ACSWFC|1916s|P10092
G4B_01077,150.39020,55.91168,0.0,0.0,LRGDEFL2B,tierA|vd=142+-21|z=0.358|ACSWFC|1880s|P10569
G4B_01078,177.83637,54.02155,0.0,0.0,LRGDEFL2B,tierA|vd=241+-38|z=0.524|ACSWFC|1860s|P10412
G4B_01079,177.81048,53.99886,0.0,0.0,LRGDEFL2B,tierA|vd=163+-23|z=0.365|ACSWFC|1860s|P10412
G4B_01080,254.21376,38.36752,0.0,0.0,LRGDEFL2B,tierA|vd=234+-12|z=0.203|ACSWFC|1840s|P10412
G4B_01081,127.53263,37.99088,0.0,0.0,LRGDEFL2B,tierA|vd=192+-27|z=0.413|ACSWFC|1840s|P10412
G4B_01082,126.29087,47.27147,0.0,0.0,LRGDEFL2B,tierA|vd=237+-8|z=0.149|ACSWFC|1820s|P10412
G4B_01083,31.72752,1.35035,0.0,0.0,LRGDEFL2B,tierA|vd=241+-14|z=0.213|WFC3UVIS|1800s|P11905
G4B_01084,221.53494,3.89697,0.0,0.0,LRGDEFL2B,tierA|vd=238+-8|z=0.158|WFC3UVIS|1800s|P--
G4B_01085,174.51501,16.52711,0.0,0.0,LRGDEFL2B,tierA|vd=232+-12|z=0.243|WFC3UVIS|1800s|P13556
G4B_01086,241.11572,35.64168,0.0,0.0,LRGDEFL2B,tierA|vd=229+-33|z=0.480|WFC3UVIS|1800s|P12342
G4B_01087,343.41915,13.97251,0.0,0.0,LRGDEFL2B,tierA|vd=227+-8|z=0.125|WFC3UVIS|1800s|P12342
G4B_01088,34.39902,-4.83116,0.0,0.0,LRGDEFL2B,tierA|vd=223+-30|z=0.434|WFC3UVIS|1800s|P13074
G4B_01089,240.78247,57.50106,0.0,0.0,LRGDEFL2B,tierA|vd=220+-14|z=0.232|WFC3UVIS|1800s|P13076
G4B_01090,186.39065,48.12758,0.0,0.0,LRGDEFL2B,tierA|vd=208+-17|z=0.245|WFC3UVIS|1800s|P13556
G4B_01091,192.12471,44.89672,0.0,0.0,LRGDEFL2B,tierA|vd=207+-30|z=0.522|WFC3UVIS|1800s|P12689
G4B_01092,137.56596,10.16237,0.0,0.0,LRGDEFL2B,tierA|vd=200+-32|z=0.535|WFC3UVIS|1800s|P13074
G4B_01093,224.31987,22.47417,0.0,0.0,LRGDEFL2B,tierA|vd=199+-6|z=0.083|WFC3UVIS|1800s|P13076
G4B_01094,164.06454,42.32646,0.0,0.0,LRGDEFL2B,tierA|vd=193+-32|z=0.423|WFC3UVIS|1800s|P13074
G4B_01095,24.53646,20.29931,0.0,0.0,LRGDEFL2B,tierA|vd=187+-15|z=0.308|WFC3UVIS|1800s|P13073
G4B_01096,236.29947,11.90057,0.0,0.0,LRGDEFL2B,tierA|vd=185+-7|z=0.152|WFC3UVIS|1800s|P13074
G4B_01097,240.78174,57.48384,0.0,0.0,LRGDEFL2B,tierA|vd=179+-30|z=0.531|WFC3UVIS|1800s|P13076
G4B_01098,31.70048,0.82324,0.0,0.0,LRGDEFL2B,tierA|vd=177+-33|z=0.517|WFC3UVIS|1800s|P12342
G4B_01099,151.71281,46.77351,0.0,0.0,LRGDEFL2B,tierA|vd=174+-32|z=0.543|WFC3UVIS|1800s|P12689
G4B_01100,31.67902,0.82196,0.0,0.0,LRGDEFL2B,tierA|vd=172+-27|z=0.544|WFC3UVIS|1800s|P12342
G4B_01101,28.96451,-8.93305,0.0,0.0,LRGDEFL2B,tierA|vd=165+-15|z=0.165|WFC3UVIS|1800s|P11905
G4B_01102,25.95527,-0.81528,0.0,0.0,LRGDEFL2B,tierA|vd=160+-19|z=0.141|WFC3UVIS|1800s|P13074
G4B_01103,214.24617,52.73050,0.0,0.0,LRGDEFL2B,tierA|vd=156+-9|z=0.074|WFC3UVIS|1800s|P12342
G4B_01104,1.99028,0.84825,0.0,0.0,LRGDEFL2B,tierA|vd=151+-12|z=0.103|WFC3UVIS|1800s|P12342
G4B_01105,49.14331,-0.67936,0.0,0.0,LRGDEFL2B,tierA|vd=142+-14|z=0.116|WFC3UVIS|1800s|P11905
G4B_01106,343.40511,13.94132,0.0,0.0,LRGDEFL2B,tierA|vd=140+-8|z=0.104|WFC3UVIS|1800s|P12342
G4B_01107,38.72897,-8.71010,0.0,0.0,LRGDEFL2B,tierA|vd=139+-9|z=0.096|WFC3UVIS|1800s|P13076
G4B_01108,0.82681,-0.39338,0.0,0.0,LRGDEFL2B,tierA|vd=139+-20|z=0.291|WFC3UVIS|1800s|P12689
G4B_01109,49.10242,-0.68020,0.0,0.0,LRGDEFL2B,tierA|vd=137+-20|z=0.317|WFC3UVIS|1800s|P11905
G4B_01110,120.40073,46.49204,0.0,0.0,LRGDEFL2B,tierA|vd=133+-10|z=0.113|WFC3UVIS|1800s|P12689
G4B_01111,151.35447,1.50363,0.0,0.0,LRGDEFL2B,tierA|vd=121+-7|z=0.099|WFC3UVIS|1800s|P12342
G4B_01112,215.80784,0.04442,0.0,0.0,LRGDEFL2B,tierA|vd=121+-11|z=0.055|WFC3UVIS|1800s|P13074
G4B_01113,44.54289,-8.95532,0.0,0.0,LRGDEFL2B,tierA|vd=188+-9|z=0.079|WFC3UVIS|1770s|P--
G4B_01114,10.93777,0.88585,0.0,0.0,LRGDEFL2B,tierA|vd=216+-29|z=0.477|ACSWFC|1760s|P--
G4B_01115,123.87523,29.64231,0.0,0.0,LRGDEFL2B,tierA|vd=162+-5|z=0.087|WFC3UVIS|1670s|P--
G4B_01116,19.95530,14.84220,0.0,0.0,LRGDEFL2B,tierA|vd=162+-13|z=0.130|ACSWFC|1660s|P--
G4B_01117,19.96332,14.84017,0.0,0.0,LRGDEFL2B,tierA|vd=145+-5|z=0.054|ACSWFC|1660s|P--
G4B_01118,210.72019,54.40913,0.0,0.0,LRGDEFL2B,tierA|vd=189+-11|z=0.099|WFC3UVIS|1659s|P13935
G4B_01119,149.09274,68.93842,0.0,0.0,LRGDEFL2B,tierA|vd=134+-9|z=0.120|ACSWFC|1650s|P10250
G4B_01120,162.90049,28.27000,0.0,0.0,LRGDEFL2B,tierA|vd=223+-30|z=0.519|ACSWFC|1648s|P--
G4B_01121,211.87801,50.50455,0.0,0.0,LRGDEFL2B,tierA|vd=188+-17|z=0.149|ACSWFC|1648s|P--
G4B_01122,37.10243,-1.14983,0.0,0.0,LRGDEFL2B,tierA|vd=144+-8|z=0.070|ACSWFC|1604s|P--
G4B_01123,148.80959,17.53626,0.0,0.0,LRGDEFL2B,tierA|vd=223+-43|z=0.511|ACSWFC|1600s|P--
G4B_01124,190.43297,32.29948,0.0,0.0,LRGDEFL2B,tierA|vd=171+-12|z=0.160|WFC3UVIS|1600s|P--
G4B_01125,27.89846,22.29911,0.0,0.0,LRGDEFL2B,tierA|vd=170+-10|z=0.067|ACSWFC|1588s|P--
G4B_01126,218.14593,34.67956,0.0,0.0,LRGDEFL2B,tierA|vd=157+-22|z=0.526|ACSWFC|1525s|P11597
G4B_01127,161.71768,11.83888,0.0,0.0,LRGDEFL2B,tierA|vd=220+-18|z=0.054|ACSWFC|1514s|P9299
G4B_01128,151.65771,23.63242,0.0,0.0,LRGDEFL2B,tierA|vd=195+-9|z=0.193|WFC3UVIS|1500s|P--
G4B_01129,132.59263,44.79418,0.0,0.0,LRGDEFL2B,tierA|vd=191+-25|z=0.387|WFC3UVIS|1500s|P--
G4B_01130,183.86277,36.35704,0.0,0.0,LRGDEFL2B,tierA|vd=230+-15|z=0.174|WFC3UVIS|1450s|P14786
G4B_01131,8.47143,-7.86954,0.0,0.0,LRGDEFL2B,tierA|vd=249+-20|z=0.302|ACSWFC|1440s|P--
G4B_01132,17.54139,32.17612,0.0,0.0,LRGDEFL2B,tierA|vd=249+-30|z=0.337|ACSWFC|1440s|P--
G4B_01133,189.24419,63.18724,0.0,0.0,LRGDEFL2B,tierA|vd=248+-23|z=0.301|ACSWFC|1440s|P12166
G4B_01134,349.23049,-0.19664,0.0,0.0,LRGDEFL2B,tierA|vd=248+-28|z=0.547|ACSWFC|1440s|P--
G4B_01135,8.46373,-7.83762,0.0,0.0,LRGDEFL2B,tierA|vd=247+-16|z=0.305|ACSWFC|1440s|P--
G4B_01136,200.88070,30.39316,0.0,0.0,LRGDEFL2B,tierA|vd=245+-32|z=0.457|ACSWFC|1440s|P--
G4B_01137,223.11282,8.58190,0.0,0.0,LRGDEFL2B,tierA|vd=242+-24|z=0.396|ACSWFC|1440s|P10626
G4B_01138,323.81154,-1.03764,0.0,0.0,LRGDEFL2B,tierA|vd=241+-31|z=0.327|ACSWFC|1440s|P12884
G4B_01139,17.52906,32.17459,0.0,0.0,LRGDEFL2B,tierA|vd=241+-23|z=0.341|ACSWFC|1440s|P--
G4B_01140,8.62989,2.41326,0.0,0.0,LRGDEFL2B,tierA|vd=240+-20|z=0.375|ACSWFC|1440s|P12884
G4B_01141,171.15921,43.85972,0.0,0.0,LRGDEFL2B,tierA|vd=235+-47|z=0.367|ACSWFC|1440s|P12884
G4B_01142,194.51391,47.04236,0.0,0.0,LRGDEFL2B,tierA|vd=234+-24|z=0.341|ACSWFC|1440s|P12166
G4B_01143,200.88291,30.36554,0.0,0.0,LRGDEFL2B,tierA|vd=234+-40|z=0.460|ACSWFC|1440s|P--
G4B_01144,329.02853,1.40941,0.0,0.0,LRGDEFL2B,tierA|vd=234+-14|z=0.214|ACSWFC|1440s|P--
G4B_01145,323.78460,-1.06888,0.0,0.0,LRGDEFL2B,tierA|vd=233+-37|z=0.327|ACSWFC|1440s|P12884
G4B_01146,243.94501,30.95707,0.0,0.0,LRGDEFL2B,tierA|vd=233+-36|z=0.417|ACSWFC|1440s|P10626
G4B_01147,323.78266,-1.06063,0.0,0.0,LRGDEFL2B,tierA|vd=232+-36|z=0.323|ACSWFC|1440s|P12884
G4B_01148,175.59083,58.55300,0.0,0.0,LRGDEFL2B,tierA|vd=232+-17|z=0.333|ACSWFC|1440s|P--
G4B_01149,202.38968,28.89970,0.0,0.0,LRGDEFL2B,tierA|vd=231+-30|z=0.451|ACSWFC|1440s|P--
G4B_01150,224.75366,10.39455,0.0,0.0,LRGDEFL2B,tierA|vd=230+-26|z=0.313|ACSWFC|1440s|P--
G4B_01151,340.49342,17.53980,0.0,0.0,LRGDEFL2B,tierA|vd=229+-18|z=0.302|ACSWFC|1440s|P12884
G4B_01152,194.50874,47.04839,0.0,0.0,LRGDEFL2B,tierA|vd=228+-23|z=0.339|ACSWFC|1440s|P12166
G4B_01153,17.54330,32.15887,0.0,0.0,LRGDEFL2B,tierA|vd=228+-32|z=0.327|ACSWFC|1440s|P--
G4B_01154,131.35373,3.45504,0.0,0.0,LRGDEFL2B,tierA|vd=228+-21|z=0.342|ACSWFC|1440s|P12166
G4B_01155,175.56519,58.51947,0.0,0.0,LRGDEFL2B,tierA|vd=227+-18|z=0.333|ACSWFC|1440s|P--
G4B_01156,200.88109,30.37356,0.0,0.0,LRGDEFL2B,tierA|vd=226+-35|z=0.460|ACSWFC|1440s|P--
G4B_01157,8.73651,2.56493,0.0,0.0,LRGDEFL2B,tierA|vd=225+-24|z=0.380|ACSWFC|1440s|P12884
G4B_01158,175.56649,58.52697,0.0,0.0,LRGDEFL2B,tierA|vd=225+-25|z=0.319|ACSWFC|1440s|P--
G4B_01159,17.55068,32.19467,0.0,0.0,LRGDEFL2B,tierA|vd=222+-28|z=0.333|ACSWFC|1440s|P--
G4B_01160,341.35783,28.13771,0.0,0.0,LRGDEFL2B,tierA|vd=221+-43|z=0.347|ACSWFC|1440s|P12884
G4B_01161,173.30655,50.14575,0.0,0.0,LRGDEFL2B,tierA|vd=219+-26|z=0.390|ACSWFC|1440s|P12166
G4B_01162,170.59686,24.39192,0.0,0.0,LRGDEFL2B,tierA|vd=216+-17|z=0.293|ACSWFC|1440s|P--
G4B_01163,194.50431,47.04574,0.0,0.0,LRGDEFL2B,tierA|vd=214+-20|z=0.350|ACSWFC|1440s|P12166
G4B_01164,202.05031,52.72185,0.0,0.0,LRGDEFL2B,tierA|vd=212+-34|z=0.320|ACSWFC|1440s|P--
G4B_01165,223.26675,58.06767,0.0,0.0,LRGDEFL2B,tierA|vd=211+-31|z=0.328|ACSWFC|1440s|P12166
G4B_01166,341.33483,28.11735,0.0,0.0,LRGDEFL2B,tierA|vd=209+-21|z=0.339|ACSWFC|1440s|P12884
G4B_01167,245.06666,29.48872,0.0,0.0,LRGDEFL2B,tierA|vd=209+-5|z=0.061|ACSWFC|1440s|P10626
G4B_01168,151.73024,32.00024,0.0,0.0,LRGDEFL2B,tierA|vd=209+-22|z=0.347|ACSWFC|1440s|P12166
G4B_01169,173.29117,50.13861,0.0,0.0,LRGDEFL2B,tierA|vd=208+-26|z=0.390|ACSWFC|1440s|P12166
G4B_01170,329.04925,1.40773,0.0,0.0,LRGDEFL2B,tierA|vd=207+-19|z=0.211|ACSWFC|1440s|P--
G4B_01171,229.66932,8.75202,0.0,0.0,LRGDEFL2B,tierA|vd=204+-34|z=0.456|ACSWFC|1440s|P10626
G4B_01172,8.74911,2.58085,0.0,0.0,LRGDEFL2B,tierA|vd=203+-35|z=0.385|ACSWFC|1440s|P12884
G4B_01173,8.61611,2.43112,0.0,0.0,LRGDEFL2B,tierA|vd=202+-24|z=0.387|ACSWFC|1440s|P12884
G4B_01174,189.29866,63.19268,0.0,0.0,LRGDEFL2B,tierA|vd=199+-26|z=0.302|ACSWFC|1440s|P12166
G4B_01175,194.50065,47.05290,0.0,0.0,LRGDEFL2B,tierA|vd=198+-26|z=0.347|ACSWFC|1440s|P12166
G4B_01176,223.11314,8.56805,0.0,0.0,LRGDEFL2B,tierA|vd=198+-22|z=0.306|ACSWFC|1440s|P10626
G4B_01177,194.52222,47.04287,0.0,0.0,LRGDEFL2B,tierA|vd=197+-9|z=0.107|ACSWFC|1440s|P12166
G4B_01178,186.23443,12.36379,0.0,0.0,LRGDEFL2B,tierA|vd=196+-14|z=0.363|ACSWFC|1440s|P17510
G4B_01179,131.37686,3.43926,0.0,0.0,LRGDEFL2B,tierA|vd=196+-23|z=0.329|ACSWFC|1440s|P12166
G4B_01180,171.10607,43.87125,0.0,0.0,LRGDEFL2B,tierA|vd=195+-33|z=0.369|ACSWFC|1440s|P12884
G4B_01181,17.52663,32.15995,0.0,0.0,LRGDEFL2B,tierA|vd=194+-26|z=0.329|ACSWFC|1440s|P--
G4B_01182,223.22053,58.05694,0.0,0.0,LRGDEFL2B,tierA|vd=191+-27|z=0.317|ACSWFC|1440s|P12166
G4B_01183,8.46899,-7.86653,0.0,0.0,LRGDEFL2B,tierA|vd=189+-28|z=0.309|ACSWFC|1440s|P--
G4B_01184,223.24799,58.04255,0.0,0.0,LRGDEFL2B,tierA|vd=186+-33|z=0.525|ACSWFC|1440s|P12166
G4B_01185,194.50040,47.04069,0.0,0.0,LRGDEFL2B,tierA|vd=186+-31|z=0.331|ACSWFC|1440s|P12166
G4B_01186,200.90290,30.36883,0.0,0.0,LRGDEFL2B,tierA|vd=183+-24|z=0.472|ACSWFC|1440s|P--
G4B_01187,175.60626,58.53267,0.0,0.0,LRGDEFL2B,tierA|vd=182+-28|z=0.339|ACSWFC|1440s|P--
G4B_01188,223.24947,58.04802,0.0,0.0,LRGDEFL2B,tierA|vd=182+-31|z=0.328|ACSWFC|1440s|P12166
G4B_01189,151.73855,32.01245,0.0,0.0,LRGDEFL2B,tierA|vd=178+-26|z=0.406|ACSWFC|1440s|P12166
G4B_01190,189.24492,63.19281,0.0,0.0,LRGDEFL2B,tierA|vd=176+-30|z=0.291|ACSWFC|1440s|P12166
G4B_01191,175.62917,58.51410,0.0,0.0,LRGDEFL2B,tierA|vd=176+-21|z=0.326|ACSWFC|1440s|P--
G4B_01192,8.45849,-7.83883,0.0,0.0,LRGDEFL2B,tierA|vd=174+-19|z=0.316|ACSWFC|1440s|P--
G4B_01193,17.51803,32.17118,0.0,0.0,LRGDEFL2B,tierA|vd=170+-29|z=0.331|ACSWFC|1440s|P--
G4B_01194,329.03048,1.38411,0.0,0.0,LRGDEFL2B,tierA|vd=164+-18|z=0.216|ACSWFC|1440s|P--
G4B_01195,173.32570,50.13365,0.0,0.0,LRGDEFL2B,tierA|vd=163+-21|z=0.356|ACSWFC|1440s|P12166
G4B_01196,323.81536,-1.06329,0.0,0.0,LRGDEFL2B,tierA|vd=160+-20|z=0.327|ACSWFC|1440s|P12884
G4B_01197,189.28317,63.17347,0.0,0.0,LRGDEFL2B,tierA|vd=156+-23|z=0.300|ACSWFC|1440s|P12166
G4B_01198,186.67437,21.87153,0.0,0.0,LRGDEFL2B,tierA|vd=153+-30|z=0.435|ACSWFC|1440s|P12166
G4B_01199,17.52497,32.19193,0.0,0.0,LRGDEFL2B,tierA|vd=140+-19|z=0.338|ACSWFC|1440s|P--
G4B_01200,194.48622,47.05284,0.0,0.0,LRGDEFL2B,tierA|vd=140+-20|z=0.345|ACSWFC|1440s|P12166
G4B_01201,329.04767,1.38953,0.0,0.0,LRGDEFL2B,tierA|vd=139+-24|z=0.225|ACSWFC|1440s|P--
G4B_01202,200.89720,30.39032,0.0,0.0,LRGDEFL2B,tierA|vd=139+-22|z=0.327|ACSWFC|1440s|P--
G4B_01203,323.80252,-1.05959,0.0,0.0,LRGDEFL2B,tierA|vd=124+-12|z=0.158|ACSWFC|1440s|P12884
G4B_01204,245.34293,38.16758,0.0,0.0,LRGDEFL2B,tierA|vd=122+-18|z=0.195|ACSWFC|1440s|P12166
G4B_01205,250.72894,36.83367,0.0,0.0,LRGDEFL2B,tierA|vd=206+-34|z=0.499|ACSWFC|1434s|P11675
G4B_01206,150.36245,50.45347,0.0,0.0,LRGDEFL2B,tierA|vd=170+-8|z=0.141|WFC3UVIS|1428s|P17199
G4B_01207,210.71751,54.41800,0.0,0.0,LRGDEFL2B,tierA|vd=168+-10|z=0.101|ACSWFC|1420s|P13364
G4B_01208,195.22762,27.99759,0.0,0.0,LRGDEFL2B,tierA|vd=229+-15|z=0.302|ACSWFC|1400s|P12918
G4B_01209,210.91306,54.25100,0.0,0.0,LRGDEFL2B,tierA|vd=192+-9|z=0.161|ACSWFC|1400s|P13364
G4B_01210,195.17808,28.08991,0.0,0.0,LRGDEFL2B,tierA|vd=157+-14|z=0.368|ACSWFC|1400s|P10861
G4B_01211,194.81761,27.98633,0.0,0.0,LRGDEFL2B,tierA|vd=134+-7|z=0.158|ACSWFC|1400s|P12918
G4B_01212,187.02157,12.65227,0.0,0.0,LRGDEFL2B,tierA|vd=201+-12|z=0.153|ACSWFC|1399s|P--
G4B_01213,132.86045,35.97049,0.0,0.0,LRGDEFL2B,tierA|vd=245+-22|z=0.272|ACSWFC|1386s|P--
G4B_01214,132.86810,35.95034,0.0,0.0,LRGDEFL2B,tierA|vd=165+-14|z=0.140|ACSWFC|1386s|P--
G4B_01215,132.86413,35.95196,0.0,0.0,LRGDEFL2B,tierA|vd=138+-14|z=0.116|ACSWFC|1386s|P--
G4B_01216,350.54775,19.73074,0.0,0.0,LRGDEFL2B,tierA|vd=229+-30|z=0.517|ACSWFC|1370s|P9744
G4B_01217,350.52204,19.74120,0.0,0.0,LRGDEFL2B,tierA|vd=204+-33|z=0.520|ACSWFC|1370s|P9744
G4B_01218,186.26233,12.36758,0.0,0.0,LRGDEFL2B,tierA|vd=148+-18|z=0.505|ACSWFC|1370s|P17844
G4B_01219,168.29122,23.94494,0.0,0.0,LRGDEFL2B,tierA|vd=243+-19|z=0.341|ACSWFC|1356s|P14362
G4B_01220,218.25383,34.53357,0.0,0.0,LRGDEFL2B,tierA|vd=223+-31|z=0.491|ACSWFC|1354s|P11597
G4B_01221,355.72742,-1.34266,0.0,0.0,LRGDEFL2B,tierA|vd=221+-25|z=0.264|WFC3UVIS|1350s|P16734
G4B_01222,355.69214,-1.34841,0.0,0.0,LRGDEFL2B,tierA|vd=175+-18|z=0.301|WFC3UVIS|1350s|P16734
G4B_01223,161.25902,3.88075,0.0,0.0,LRGDEFL2B,tierA|vd=237+-18|z=0.315|WFC3UVIS|1325s|P--
G4B_01224,210.98633,55.55186,0.0,0.0,LRGDEFL2B,tierA|vd=217+-23|z=0.330|WFC3UVIS|1316s|P13682
G4B_01225,211.19068,53.22929,0.0,0.0,LRGDEFL2B,tierA|vd=238+-13|z=0.259|WFC3UVIS|1313s|P14796
G4B_01226,212.67337,53.89285,0.0,0.0,LRGDEFL2B,tierA|vd=178+-21|z=0.520|WFC3UVIS|1313s|P--
G4B_01227,212.67685,53.87372,0.0,0.0,LRGDEFL2B,tierA|vd=157+-17|z=0.160|WFC3UVIS|1313s|P--
G4B_01228,150.94459,32.92044,0.0,0.0,LRGDEFL2B,tierA|vd=165+-10|z=0.108|WFC3UVIS|1300s|P17147
G4B_01229,214.78808,52.66568,0.0,0.0,LRGDEFL2B,tierA|vd=157+-29|z=0.264|ACSWFC|1300s|P12547
G4B_01230,198.49262,42.21796,0.0,0.0,LRGDEFL2B,tierA|vd=249+-17|z=0.209|WFC3UVIS|1264s|P18061
G4B_01231,200.37617,42.42141,0.0,0.0,LRGDEFL2B,tierA|vd=136+-8|z=0.081|WFC3UVIS|1264s|P18061
G4B_01232,133.33689,33.29609,0.0,0.0,LRGDEFL2B,tierA|vd=172+-8|z=0.145|WFC3UVIS|1262s|P18061
G4B_01233,189.17725,-0.42804,0.0,0.0,LRGDEFL2B,tierA|vd=150+-12|z=0.136|WFC3UVIS|1262s|P18061
G4B_01234,205.99726,60.66929,0.0,0.0,LRGDEFL2B,tierA|vd=231+-40|z=0.468|ACSWFC|1244s|P--
G4B_01235,150.13625,30.55105,0.0,0.0,LRGDEFL2B,tierA|vd=250+-50|z=0.541|ACSWFC|1234s|P--
G4B_01236,150.12673,30.53386,0.0,0.0,LRGDEFL2B,tierA|vd=237+-29|z=0.542|ACSWFC|1234s|P--
G4B_01237,119.27581,14.40641,0.0,0.0,LRGDEFL2B,tierA|vd=217+-20|z=0.396|ACSWFC|1226s|P--
G4B_01238,30.05859,28.81285,0.0,0.0,LRGDEFL2B,tierA|vd=210+-27|z=0.483|ACSWFC|1226s|P10210
G4B_01239,123.38639,22.08132,0.0,0.0,LRGDEFL2B,tierA|vd=249+-30|z=0.391|ACSWFC|1200s|P16670
G4B_01240,225.37772,42.35634,0.0,0.0,LRGDEFL2B,tierA|vd=248+-18|z=0.243|ACSWFC|1200s|P16670
G4B_01241,201.08919,4.32181,0.0,0.0,LRGDEFL2B,tierA|vd=248+-23|z=0.260|ACSWFC|1200s|P16670
G4B_01242,319.00104,-2.42200,0.0,0.0,LRGDEFL2B,tierA|vd=248+-31|z=0.453|ACSWFC|1200s|P16670
G4B_01243,135.77701,27.65513,0.0,0.0,LRGDEFL2B,tierA|vd=246+-36|z=0.489|ACSWFC|1200s|P16670
G4B_01244,137.69877,38.82398,0.0,0.0,LRGDEFL2B,tierA|vd=245+-47|z=0.484|ACSWFC|1200s|P15843
G4B_01245,350.24789,29.20312,0.0,0.0,LRGDEFL2B,tierA|vd=243+-37|z=0.494|ACSWFC|1200s|P16670
G4B_01246,168.82816,53.33011,0.0,0.0,LRGDEFL2B,tierA|vd=241+-43|z=0.468|ACSWFC|1200s|P10875
G4B_01247,220.22965,34.61374,0.0,0.0,LRGDEFL2B,tierA|vd=240+-14|z=0.163|ACSWFC|1200s|P16016
G4B_01248,145.64810,53.33160,0.0,0.0,LRGDEFL2B,tierA|vd=238+-36|z=0.473|ACSWFC|1200s|P--
G4B_01249,331.87166,-3.04988,0.0,0.0,LRGDEFL2B,tierA|vd=238+-33|z=0.526|ACSWFC|1200s|P14098
G4B_01250,192.84705,31.53120,0.0,0.0,LRGDEFL2B,tierA|vd=237+-22|z=0.505|ACSWFC|1200s|P15843
G4B_01251,168.79573,53.34549,0.0,0.0,LRGDEFL2B,tierA|vd=237+-46|z=0.469|ACSWFC|1200s|P10875
G4B_01252,134.08285,37.94600,0.0,0.0,LRGDEFL2B,tierA|vd=236+-35|z=0.405|ACSWFC|1200s|P16670
G4B_01253,213.70598,54.76151,0.0,0.0,LRGDEFL2B,tierA|vd=235+-31|z=0.519|ACSWFC|1200s|P15608
G4B_01254,173.36125,3.44197,0.0,0.0,LRGDEFL2B,tierA|vd=235+-16|z=0.237|ACSWFC|1200s|P13024
G4B_01255,238.93313,11.19911,0.0,0.0,LRGDEFL2B,tierA|vd=235+-24|z=0.434|ACSWFC|1200s|P13024
G4B_01256,215.51229,4.59916,0.0,0.0,LRGDEFL2B,tierA|vd=234+-39|z=0.546|ACSWFC|1200s|P15279
G4B_01257,225.36274,42.33904,0.0,0.0,LRGDEFL2B,tierA|vd=234+-28|z=0.292|ACSWFC|1200s|P16670
G4B_01258,0.80392,-6.10482,0.0,0.0,LRGDEFL2B,tierA|vd=232+-14|z=0.234|ACSWFC|1200s|P--
G4B_01259,123.40831,22.09239,0.0,0.0,LRGDEFL2B,tierA|vd=232+-24|z=0.388|ACSWFC|1200s|P16670
G4B_01260,168.83212,53.31053,0.0,0.0,LRGDEFL2B,tierA|vd=230+-33|z=0.467|ACSWFC|1200s|P10875
G4B_01261,16.70048,1.06500,0.0,0.0,LRGDEFL2B,tierA|vd=228+-15|z=0.256|ACSWFC|1200s|P16670
G4B_01262,349.16418,12.78347,0.0,0.0,LRGDEFL2B,tierA|vd=227+-30|z=0.518|ACSWFC|1200s|P--
G4B_01263,137.27592,36.55015,0.0,0.0,LRGDEFL2B,tierA|vd=226+-23|z=0.446|ACSWFC|1200s|P--
G4B_01264,137.26936,36.57088,0.0,0.0,LRGDEFL2B,tierA|vd=224+-31|z=0.439|ACSWFC|1200s|P--
G4B_01265,0.79826,-6.09169,0.0,0.0,LRGDEFL2B,tierA|vd=224+-14|z=0.233|ACSWFC|1200s|P--
G4B_01266,172.77707,35.90855,0.0,0.0,LRGDEFL2B,tierA|vd=223+-15|z=0.211|ACSWFC|1200s|P--
G4B_01267,197.19877,62.81955,0.0,0.0,LRGDEFL2B,tierA|vd=223+-20|z=0.285|ACSWFC|1200s|P--
G4B_01268,168.81666,53.32003,0.0,0.0,LRGDEFL2B,tierA|vd=222+-33|z=0.464|ACSWFC|1200s|P10875
G4B_01269,177.01184,51.27522,0.0,0.0,LRGDEFL2B,tierA|vd=221+-7|z=0.130|ACSWFC|1200s|P15132
G4B_01270,16.70577,1.05953,0.0,0.0,LRGDEFL2B,tierA|vd=220+-29|z=0.256|ACSWFC|1200s|P16670
G4B_01271,148.73750,39.54979,0.0,0.0,LRGDEFL2B,tierA|vd=219+-18|z=0.198|WFC3UVIS|1200s|P--
G4B_01272,182.27623,45.68366,0.0,0.0,LRGDEFL2B,tierA|vd=219+-19|z=0.413|ACSWFC|1200s|P13024
G4B_01273,123.38230,22.07441,0.0,0.0,LRGDEFL2B,tierA|vd=217+-21|z=0.392|ACSWFC|1200s|P16670
G4B_01274,128.27793,45.81341,0.0,0.0,LRGDEFL2B,tierA|vd=216+-37|z=0.513|ACSWFC|1200s|P15279
G4B_01275,200.60731,46.74552,0.0,0.0,LRGDEFL2B,tierA|vd=215+-23|z=0.369|ACSWFC|1200s|P13024
G4B_01276,313.84687,1.10211,0.0,0.0,LRGDEFL2B,tierA|vd=214+-31|z=0.409|ACSWFC|1200s|P16670
G4B_01277,16.71407,1.07890,0.0,0.0,LRGDEFL2B,tierA|vd=208+-11|z=0.256|ACSWFC|1200s|P16670
G4B_01278,157.68360,51.53976,0.0,0.0,LRGDEFL2B,tierA|vd=206+-32|z=0.413|ACSWFC|1200s|P13671
G4B_01279,238.26804,35.81497,0.0,0.0,LRGDEFL2B,tierA|vd=206+-33|z=0.474|ACSWFC|1200s|P--
G4B_01280,350.26939,29.18211,0.0,0.0,LRGDEFL2B,tierA|vd=206+-31|z=0.484|ACSWFC|1200s|P16670
G4B_01281,132.53549,36.07966,0.0,0.0,LRGDEFL2B,tierA|vd=205+-31|z=0.383|ACSWFC|1200s|P15843
G4B_01282,157.62668,51.52537,0.0,0.0,LRGDEFL2B,tierA|vd=201+-37|z=0.511|ACSWFC|1200s|P13671
G4B_01283,172.80936,35.88636,0.0,0.0,LRGDEFL2B,tierA|vd=200+-40|z=0.404|ACSWFC|1200s|P--
G4B_01284,132.51062,36.07714,0.0,0.0,LRGDEFL2B,tierA|vd=200+-29|z=0.386|ACSWFC|1200s|P15843
G4B_01285,123.41051,22.08777,0.0,0.0,LRGDEFL2B,tierA|vd=192+-27|z=0.385|ACSWFC|1200s|P16670
G4B_01286,145.73048,1.92700,0.0,0.0,LRGDEFL2B,tierA|vd=192+-20|z=0.290|ACSWFC|1200s|P15279
G4B_01287,132.52063,36.06911,0.0,0.0,LRGDEFL2B,tierA|vd=191+-34|z=0.366|ACSWFC|1200s|P15843
G4B_01288,200.58407,46.76673,0.0,0.0,LRGDEFL2B,tierA|vd=191+-23|z=0.379|ACSWFC|1200s|P13024
G4B_01289,132.55976,36.06039,0.0,0.0,LRGDEFL2B,tierA|vd=191+-26|z=0.399|ACSWFC|1200s|P15843
G4B_01290,217.11646,52.30021,0.0,0.0,LRGDEFL2B,tierA|vd=191+-26|z=0.363|ACSWFC|1200s|P15279
G4B_01291,134.02534,37.92489,0.0,0.0,LRGDEFL2B,tierA|vd=189+-34|z=0.407|ACSWFC|1200s|P16670
G4B_01292,319.00802,-2.43082,0.0,0.0,LRGDEFL2B,tierA|vd=187+-27|z=0.459|ACSWFC|1200s|P16670
G4B_01293,162.67456,35.83628,0.0,0.0,LRGDEFL2B,tierA|vd=187+-19|z=0.159|ACSWFC|1200s|P15843
G4B_01294,132.53297,36.07048,0.0,0.0,LRGDEFL2B,tierA|vd=183+-24|z=0.376|ACSWFC|1200s|P15843
G4B_01295,132.55893,36.06623,0.0,0.0,LRGDEFL2B,tierA|vd=183+-24|z=0.475|ACSWFC|1200s|P15843
G4B_01296,162.65529,35.81039,0.0,0.0,LRGDEFL2B,tierA|vd=183+-26|z=0.512|ACSWFC|1200s|P15843
G4B_01297,134.06081,37.93241,0.0,0.0,LRGDEFL2B,tierA|vd=180+-28|z=0.421|ACSWFC|1200s|P16670
G4B_01298,157.61473,51.55943,0.0,0.0,LRGDEFL2B,tierA|vd=178+-34|z=0.515|ACSWFC|1200s|P13671
G4B_01299,132.53181,36.07494,0.0,0.0,LRGDEFL2B,tierA|vd=176+-29|z=0.372|ACSWFC|1200s|P15843
G4B_01300,137.29296,36.54046,0.0,0.0,LRGDEFL2B,tierA|vd=173+-28|z=0.443|ACSWFC|1200s|P--
G4B_01301,167.23213,9.11340,0.0,0.0,LRGDEFL2B,tierA|vd=173+-28|z=0.473|ACSWFC|1200s|P15843
G4B_01302,212.83419,52.20054,0.0,0.0,LRGDEFL2B,tierA|vd=172+-15|z=0.283|ACSWFC|1200s|P--
G4B_01303,224.31708,22.33074,0.0,0.0,LRGDEFL2B,tierA|vd=170+-15|z=0.264|ACSWFC|1200s|P--
G4B_01304,350.24831,29.18345,0.0,0.0,LRGDEFL2B,tierA|vd=167+-18|z=0.315|ACSWFC|1200s|P16670
G4B_01305,176.08640,10.75607,0.0,0.0,LRGDEFL2B,tierA|vd=164+-12|z=0.073|ACSWFC|1200s|P15279
G4B_01306,354.40767,0.16509,0.0,0.0,LRGDEFL2B,tierA|vd=163+-21|z=0.273|ACSWFC|1200s|P--
G4B_01307,135.14270,20.91086,0.0,0.0,LRGDEFL2B,tierA|vd=162+-21|z=0.233|ACSWFC|1200s|P16670
G4B_01308,16.71913,1.06442,0.0,0.0,LRGDEFL2B,tierA|vd=159+-16|z=0.248|ACSWFC|1200s|P16670
G4B_01309,192.06477,7.73315,0.0,0.0,LRGDEFL2B,tierA|vd=158+-20|z=0.332|ACSWFC|1200s|P--
G4B_01310,132.52302,36.05693,0.0,0.0,LRGDEFL2B,tierA|vd=154+-27|z=0.373|ACSWFC|1200s|P15843
G4B_01311,180.32527,56.69875,0.0,0.0,LRGDEFL2B,tierA|vd=154+-12|z=0.147|ACSWFC|1200s|P--
G4B_01312,16.71463,1.08233,0.0,0.0,LRGDEFL2B,tierA|vd=152+-24|z=0.248|ACSWFC|1200s|P16670
G4B_01313,123.40543,22.09291,0.0,0.0,LRGDEFL2B,tierA|vd=145+-28|z=0.392|ACSWFC|1200s|P16670
G4B_01314,211.77073,-0.24116,0.0,0.0,LRGDEFL2B,tierA|vd=145+-14|z=0.211|ACSWFC|1200s|P--
G4B_01315,16.72889,1.05957,0.0,0.0,LRGDEFL2B,tierA|vd=141+-23|z=0.246|ACSWFC|1200s|P16670
G4B_01316,16.71099,1.04075,0.0,0.0,LRGDEFL2B,tierA|vd=138+-16|z=0.254|ACSWFC|1200s|P16670
G4B_01317,137.25408,36.55876,0.0,0.0,LRGDEFL2B,tierA|vd=134+-8|z=0.069|ACSWFC|1200s|P--
G4B_01318,167.88372,55.76497,0.0,0.0,LRGDEFL2B,tierA|vd=132+-25|z=0.348|ACSWFC|1200s|P--
G4B_01319,16.71815,1.05751,0.0,0.0,LRGDEFL2B,tierA|vd=127+-17|z=0.256|ACSWFC|1200s|P16670
G4B_01320,132.52925,36.06159,0.0,0.0,LRGDEFL2B,tierA|vd=127+-18|z=0.381|ACSWFC|1200s|P15843
G4B_01321,184.11403,13.22232,0.0,0.0,LRGDEFL2B,tierA|vd=243+-11|z=0.141|ACSWFC|1190s|P--
G4B_01322,184.85712,47.23518,0.0,0.0,LRGDEFL2B,tierA|vd=176+-24|z=0.197|ACSWFC|1189s|P17743
G4B_01323,198.07778,44.09674,0.0,0.0,LRGDEFL2B,tierA|vd=246+-25|z=0.315|ACSWFC|1185s|P13357
G4B_01324,39.97184,-1.52938,0.0,0.0,LRGDEFL2B,tierA|vd=237+-22|z=0.367|ACSWFC|1179s|P15117
G4B_01325,177.34296,22.39065,0.0,0.0,LRGDEFL2B,tierA|vd=229+-10|z=0.174|ACSWFC|1179s|P15117
G4B_01326,40.00415,-1.58759,0.0,0.0,LRGDEFL2B,tierA|vd=213+-28|z=0.378|ACSWFC|1179s|P15117
G4B_01327,40.06472,-1.66267,0.0,0.0,LRGDEFL2B,tierA|vd=181+-27|z=0.456|ACSWFC|1179s|P15117
G4B_01328,236.09605,27.63696,0.0,0.0,LRGDEFL2B,tierA|vd=161+-7|z=0.116|WFC3UVIS|1170s|P17147
G4B_01329,183.98723,47.53110,0.0,0.0,LRGDEFL2B,tierA|vd=227+-7|z=0.063|ACSWFC|1164s|P14644
G4B_01330,184.87550,47.09748,0.0,0.0,LRGDEFL2B,tierA|vd=193+-19|z=0.303|ACSWFC|1164s|P14644
G4B_01331,247.26806,47.14807,0.0,0.0,LRGDEFL2B,tierA|vd=151+-15|z=0.129|ACSWFC|1164s|P12292
G4B_01332,184.52740,56.78892,0.0,0.0,LRGDEFL2B,tierA|vd=212+-10|z=0.239|ACSWFC|1156s|P13661
G4B_01333,159.28656,37.14370,0.0,0.0,LRGDEFL2B,tierA|vd=166+-12|z=0.146|WFC3UVIS|1150s|P--
G4B_01334,203.31596,56.50872,0.0,0.0,LRGDEFL2B,tierA|vd=158+-30|z=0.323|WFC3UVIS|1150s|P17891
G4B_01335,159.29679,37.13722,0.0,0.0,LRGDEFL2B,tierA|vd=138+-8|z=0.068|WFC3UVIS|1150s|P--
G4B_01336,184.75922,47.08484,0.0,0.0,LRGDEFL2B,tierA|vd=161+-30|z=0.408|ACSWFC|1148s|P10905
G4B_01337,138.80695,42.21630,0.0,0.0,LRGDEFL2B,tierA|vd=200+-37|z=0.525|ACSWFC|1140s|P12292
G4B_01338,212.80205,53.93814,0.0,0.0,LRGDEFL2B,tierA|vd=246+-25|z=0.521|ACSWFC|1122s|P--
G4B_01339,173.75429,37.35353,0.0,0.0,LRGDEFL2B,tierA|vd=194+-13|z=0.136|ACSWFC|1120s|P12292
G4B_01340,218.22577,33.16741,0.0,0.0,LRGDEFL2B,tierA|vd=185+-14|z=0.266|ACSWFC|1114s|P11663
G4B_01341,210.85159,54.86481,0.0,0.0,LRGDEFL2B,tierA|vd=171+-15|z=0.084|WFC3UVIS|1112s|P--
G4B_01342,198.12516,18.22204,0.0,0.0,LRGDEFL2B,tierA|vd=205+-15|z=0.146|WFC3UVIS|1100s|P--
G4B_01343,198.12517,18.22047,0.0,0.0,LRGDEFL2B,tierA|vd=195+-8|z=0.145|WFC3UVIS|1100s|P--
G4B_01344,150.02090,28.58228,0.0,0.0,LRGDEFL2B,tierA|vd=234+-6|z=0.090|ACSWFC|1098s|P12292
G4B_01345,150.02524,28.58483,0.0,0.0,LRGDEFL2B,tierA|vd=146+-13|z=0.090|ACSWFC|1098s|P12292
G4B_01346,161.75021,13.01296,0.0,0.0,LRGDEFL2B,tierA|vd=160+-12|z=0.134|ACSWFC|1096s|P--
G4B_01347,1.87006,0.90165,0.0,0.0,LRGDEFL2B,tierA|vd=222+-11|z=0.102|ACSWFC|1086s|P12292
G4B_01348,155.42786,20.49864,0.0,0.0,LRGDEFL2B,tierA|vd=207+-20|z=0.352|ACSWFC|1086s|P12292
G4B_01349,241.34702,38.19832,0.0,0.0,LRGDEFL2B,tierA|vd=222+-37|z=0.307|ACSWFC|1084s|P--
G4B_01350,200.99615,39.77590,0.0,0.0,LRGDEFL2B,tierA|vd=149+-22|z=0.464|ACSWFC|1084s|P13661
G4B_01351,359.67450,32.52595,0.0,0.0,LRGDEFL2B,tierA|vd=244+-17|z=0.302|ACSWFC|1060s|P14606
G4B_01352,221.59684,38.94555,0.0,0.0,LRGDEFL2B,tierA|vd=206+-35|z=0.498|ACSWFC|1060s|P13661
G4B_01353,337.17001,-0.30472,0.0,0.0,LRGDEFL2B,tierA|vd=243+-16|z=0.239|ACSWFC|1056s|P13661
G4B_01354,171.29799,30.99244,0.0,0.0,LRGDEFL2B,tierA|vd=249+-31|z=0.443|ACSWFC|1050s|P--
G4B_01355,171.29478,30.97677,0.0,0.0,LRGDEFL2B,tierA|vd=235+-31|z=0.438|ACSWFC|1050s|P--
G4B_01356,354.12005,21.13007,0.0,0.0,LRGDEFL2B,tierA|vd=206+-5|z=0.054|WFC3UVIS|1044s|P16223
G4B_01357,196.03221,19.21065,0.0,0.0,LRGDEFL2B,tierA|vd=178+-6|z=0.066|WFC3UVIS|1044s|P16223
G4B_01358,354.12558,21.13214,0.0,0.0,LRGDEFL2B,tierA|vd=155+-5|z=0.056|WFC3UVIS|1044s|P16223
G4B_01359,241.52955,22.58648,0.0,0.0,LRGDEFL2B,tierA|vd=249+-35|z=0.381|ACSWFC|1038s|P13661
G4B_01360,135.32747,20.46248,0.0,0.0,LRGDEFL2B,tierA|vd=228+-15|z=0.311|ACSWFC|1038s|P--
G4B_01361,129.24292,8.01647,0.0,0.0,LRGDEFL2B,tierA|vd=235+-21|z=0.427|ACSWFC|1032s|P--
G4B_01362,129.24235,8.03775,0.0,0.0,LRGDEFL2B,tierA|vd=204+-12|z=0.106|ACSWFC|1032s|P--
G4B_01363,216.52601,35.05528,0.0,0.0,LRGDEFL2B,tierA|vd=195+-28|z=0.470|ACSWFC|1032s|P11663
G4B_01364,42.02524,-3.50011,0.0,0.0,LRGDEFL2B,tierA|vd=182+-21|z=0.189|ACSWFC|1032s|P12065
G4B_01365,216.53371,35.02717,0.0,0.0,LRGDEFL2B,tierA|vd=177+-13|z=0.077|ACSWFC|1032s|P11663
G4B_01366,42.04105,-3.51755,0.0,0.0,LRGDEFL2B,tierA|vd=153+-16|z=0.193|ACSWFC|1032s|P12065
G4B_01367,216.32591,35.02880,0.0,0.0,LRGDEFL2B,tierA|vd=129+-10|z=0.132|ACSWFC|1032s|P11663
G4B_01368,219.33468,35.63792,0.0,0.0,LRGDEFL2B,tierA|vd=221+-11|z=0.159|ACSWFC|1030s|P--
G4B_01369,217.73179,34.24116,0.0,0.0,LRGDEFL2B,tierA|vd=230+-8|z=0.084|ACSWFC|1028s|P--
G4B_01370,216.43203,34.28408,0.0,0.0,LRGDEFL2B,tierA|vd=229+-13|z=0.156|ACSWFC|1028s|P10809
G4B_01371,216.76459,33.56423,0.0,0.0,LRGDEFL2B,tierA|vd=227+-8|z=0.151|ACSWFC|1028s|P10809
G4B_01372,216.75924,33.54597,0.0,0.0,LRGDEFL2B,tierA|vd=212+-29|z=0.499|ACSWFC|1028s|P10809
G4B_01373,217.89498,33.10511,0.0,0.0,LRGDEFL2B,tierA|vd=199+-8|z=0.098|ACSWFC|1028s|P10809
G4B_01374,217.12312,33.49826,0.0,0.0,LRGDEFL2B,tierA|vd=175+-11|z=0.129|ACSWFC|1028s|P10809
G4B_01375,216.67998,34.48148,0.0,0.0,LRGDEFL2B,tierA|vd=158+-9|z=0.160|ACSWFC|1028s|P10809
G4B_01376,189.78095,53.24065,0.0,0.0,LRGDEFL2B,tierA|vd=249+-13|z=0.201|WFC3UVIS|1026s|P12754
G4B_01377,189.81573,53.23925,0.0,0.0,LRGDEFL2B,tierA|vd=240+-24|z=0.263|WFC3UVIS|1026s|P12754
G4B_01378,189.83061,53.24710,0.0,0.0,LRGDEFL2B,tierA|vd=212+-13|z=0.202|WFC3UVIS|1026s|P12754
G4B_01379,149.81455,36.04758,0.0,0.0,LRGDEFL2B,tierA|vd=239+-26|z=0.320|ACSWFC|1015s|P17480
G4B_01380,215.17157,53.11394,0.0,0.0,LRGDEFL2B,tierA|vd=167+-26|z=0.200|ACSWFC|1009s|P12063
G4B_01381,115.70702,33.69694,0.0,0.0,LRGDEFL2B,tierA|vd=249+-31|z=0.494|WFC3UVIS|1001s|P16734
G4B_01382,115.73504,33.70528,0.0,0.0,LRGDEFL2B,tierA|vd=217+-12|z=0.253|WFC3UVIS|1001s|P16734
G4B_01383,140.81570,29.76544,0.0,0.0,LRGDEFL2B,tierA|vd=249+-50|z=0.457|WFC3UVIS|1000s|P--
G4B_01384,122.79782,17.67209,0.0,0.0,LRGDEFL2B,tierA|vd=192+-17|z=0.361|WFC3UVIS|1000s|P--
G4B_01385,140.83223,29.76918,0.0,0.0,LRGDEFL2B,tierA|vd=163+-6|z=0.063|WFC3UVIS|1000s|P--
G4B_01386,133.22346,33.79851,0.0,0.0,LRGDEFL2B,tierA|vd=160+-8|z=0.076|ACSWFC|1000s|P13442
G4B_01387,140.81653,29.75655,0.0,0.0,LRGDEFL2B,tierA|vd=155+-31|z=0.337|WFC3UVIS|1000s|P--
G4B_01388,184.97700,6.64116,0.0,0.0,LRGDEFL2B,tierA|vd=124+-15|z=0.161|ACSWFC|1000s|P--
G4B_01389,25.43020,25.13129,0.0,0.0,LRGDEFL2B,tierA|vd=180+-20|z=0.238|ACSWFC|998s|P17484
G4B_01390,181.14344,18.44565,0.0,0.0,LRGDEFL2B,tierA|vd=224+-34|z=0.499|ACSWFC|980s|P18103
G4B_01391,16.92191,1.07711,0.0,0.0,LRGDEFL2B,tierA|vd=212+-14|z=0.154|WFC3UVIS|980s|P13364
G4B_01392,16.94104,1.04764,0.0,0.0,LRGDEFL2B,tierA|vd=180+-15|z=0.153|WFC3UVIS|980s|P13364
G4B_01393,158.04841,27.68113,0.0,0.0,LRGDEFL2B,tierA|vd=157+-7|z=0.085|WFC3UVIS|980s|P13364
G4B_01394,151.75827,46.78139,0.0,0.0,LRGDEFL2B,tierA|vd=166+-10|z=0.123|WFC3UVIS|972s|P12754
G4B_01395,338.42561,13.20234,0.0,0.0,LRGDEFL2B,tierA|vd=246+-45|z=0.502|WFC3UVIS|960s|P--
G4B_01396,343.71428,0.77647,0.0,0.0,LRGDEFL2B,tierA|vd=155+-8|z=0.091|WFC3UVIS|960s|P--
G4B_01397,257.24759,21.88709,0.0,0.0,LRGDEFL2B,tierA|vd=131+-7|z=0.071|WFC3UVIS|960s|P--
G4B_01398,123.33053,46.14714,0.0,0.0,LRGDEFL2B,tierA|vd=131+-4|z=0.054|WFC3UVIS|960s|P--
G4B_01399,157.43962,40.30524,0.0,0.0,LRGDEFL2B,tierA|vd=124+-8|z=0.068|WFC3UVIS|960s|P--
G4B_01400,169.82260,14.32960,0.0,0.0,LRGDEFL2B,tierA|vd=202+-6|z=0.144|ACSWFC|940s|P17480
G4B_01401,115.14302,23.20591,0.0,0.0,LRGDEFL2B,tierA|vd=169+-16|z=0.199|ACSWFC|940s|P13324
G4B_01402,123.35978,25.75157,0.0,0.0,LRGDEFL2B,tierA|vd=130+-10|z=0.082|ACSWFC|935s|P9744
G4B_01403,218.70180,3.63005,0.0,0.0,LRGDEFL2B,tierA|vd=249+-12|z=0.146|ACSWFC|932s|P--
G4B_01404,154.10014,-0.10589,0.0,0.0,LRGDEFL2B,tierA|vd=176+-10|z=0.094|ACSWFC|932s|P--
G4B_01405,218.69867,3.63092,0.0,0.0,LRGDEFL2B,tierA|vd=161+-19|z=0.147|ACSWFC|932s|P--
G4B_01406,211.77466,50.64056,0.0,0.0,LRGDEFL2B,tierA|vd=233+-40|z=0.489|ACSWFC|920s|P13324
G4B_01407,199.41333,41.26267,0.0,0.0,LRGDEFL2B,tierA|vd=248+-8|z=0.066|WFC3UVIS|918s|P14068
G4B_01408,321.30199,-7.22497,0.0,0.0,LRGDEFL2B,tierA|vd=193+-8|z=0.064|WFC3UVIS|918s|P--
G4B_01409,223.04388,29.40250,0.0,0.0,LRGDEFL2B,tierA|vd=149+-7|z=0.059|WFC3UVIS|918s|P--
G4B_01410,188.56463,47.86547,0.0,0.0,LRGDEFL2B,tierA|vd=145+-18|z=0.384|WFC3UVIS|918s|P14068
G4B_01411,199.39725,41.28303,0.0,0.0,LRGDEFL2B,tierA|vd=142+-6|z=0.068|WFC3UVIS|918s|P14068
G4B_01412,321.28647,-7.23023,0.0,0.0,LRGDEFL2B,tierA|vd=122+-7|z=0.065|WFC3UVIS|918s|P--
G4B_01413,25.53760,-0.84723,0.0,0.0,LRGDEFL2B,tierA|vd=145+-10|z=0.133|WFC3UVIS|909s|P--
G4B_01414,189.34419,38.72613,0.0,0.0,LRGDEFL2B,tierA|vd=248+-42|z=0.549|ACSWFC|900s|P12546
G4B_01415,211.78227,35.08046,0.0,0.0,LRGDEFL2B,tierA|vd=246+-38|z=0.426|ACSWFC|900s|P9771
G4B_01416,151.19790,29.36186,0.0,0.0,LRGDEFL2B,tierA|vd=245+-29|z=0.528|ACSWFC|900s|P--
G4B_01417,135.70245,20.06727,0.0,0.0,LRGDEFL2B,tierA|vd=229+-20|z=0.308|ACSWFC|900s|P9771
G4B_01418,33.24246,14.08097,0.0,0.0,LRGDEFL2B,tierA|vd=223+-10|z=0.112|WFC3UVIS|900s|P--
G4B_01419,120.67114,31.09202,0.0,0.0,LRGDEFL2B,tierA|vd=218+-28|z=0.236|WFC3UVIS|900s|P15215
G4B_01420,192.04276,-1.74701,0.0,0.0,LRGDEFL2B,tierA|vd=204+-9|z=0.087|ACSWFC|900s|P13324
G4B_01421,115.36007,40.11643,0.0,0.0,LRGDEFL2B,tierA|vd=198+-23|z=0.391|ACSWFC|900s|P12546
G4B_01422,171.74808,29.74522,0.0,0.0,LRGDEFL2B,tierA|vd=191+-9|z=0.102|WFC3UVIS|900s|P12754
G4B_01423,165.28354,11.04402,0.0,0.0,LRGDEFL2B,tierA|vd=182+-13|z=0.207|WFC3UVIS|900s|P15215
G4B_01424,235.93932,36.53788,0.0,0.0,LRGDEFL2B,tierA|vd=174+-17|z=0.093|WFC3UVIS|900s|P15215
G4B_01425,325.22156,0.45179,0.0,0.0,LRGDEFL2B,tierA|vd=136+-24|z=0.325|WFC3UVIS|900s|P--
G4B_01426,186.44345,18.30814,0.0,0.0,LRGDEFL2B,tierA|vd=228+-34|z=0.475|ACSWFC|898s|P10515
G4B_01427,177.34816,22.49071,0.0,0.0,LRGDEFL2B,tierA|vd=238+-13|z=0.208|ACSWFC|889s|P14199
G4B_01428,136.85175,16.65108,0.0,0.0,LRGDEFL2B,tierA|vd=186+-9|z=0.070|WFC3UVIS|876s|P--
G4B_01429,136.87091,16.64514,0.0,0.0,LRGDEFL2B,tierA|vd=164+-10|z=0.079|WFC3UVIS|876s|P--
G4B_01430,218.71456,48.67225,0.0,0.0,LRGDEFL2B,tierA|vd=213+-29|z=0.429|WFC3UVIS|870s|P--
G4B_01431,218.72320,48.67378,0.0,0.0,LRGDEFL2B,tierA|vd=198+-25|z=0.432|WFC3UVIS|870s|P--
G4B_01432,198.90870,62.11059,0.0,0.0,LRGDEFL2B,tierA|vd=214+-40|z=0.514|ACSWFC|840s|P10592
G4B_01433,31.54594,-0.28814,0.0,0.0,LRGDEFL2B,tierA|vd=175+-22|z=0.316|WFC3UVIS|840s|P15215
G4B_01434,131.67780,2.50885,0.0,0.0,LRGDEFL2B,tierA|vd=249+-12|z=0.207|ACSWFC|830s|P13695
G4B_01435,240.90056,15.87545,0.0,0.0,LRGDEFL2B,tierA|vd=232+-16|z=0.109|ACSWFC|830s|P13695
G4B_01436,20.10915,14.75146,0.0,0.0,LRGDEFL2B,tierA|vd=215+-31|z=0.351|ACSWFC|830s|P13695
G4B_01437,319.27878,0.19954,0.0,0.0,LRGDEFL2B,tierA|vd=213+-12|z=0.135|ACSWFC|830s|P--
G4B_01438,147.72243,5.16770,0.0,0.0,LRGDEFL2B,tierA|vd=209+-11|z=0.162|ACSWFC|830s|P--
G4B_01439,240.87291,15.84658,0.0,0.0,LRGDEFL2B,tierA|vd=205+-11|z=0.132|ACSWFC|830s|P13695
G4B_01440,135.27328,51.25534,0.0,0.0,LRGDEFL2B,tierA|vd=186+-8|z=0.150|ACSWFC|830s|P--
G4B_01441,338.74460,0.13818,0.0,0.0,LRGDEFL2B,tierA|vd=151+-11|z=0.117|ACSWFC|830s|P--
G4B_01442,225.17621,16.09231,0.0,0.0,LRGDEFL2B,tierA|vd=148+-12|z=0.148|ACSWFC|830s|P13695
G4B_01443,187.12589,8.77379,0.0,0.0,LRGDEFL2B,tierA|vd=139+-10|z=0.076|ACSWFC|830s|P--
G4B_01444,204.27359,62.12729,0.0,0.0,LRGDEFL2B,tierA|vd=123+-8|z=0.104|ACSWFC|830s|P13695
G4B_01445,127.06414,25.76560,0.0,0.0,LRGDEFL2B,tierA|vd=243+-17|z=0.242|ACSWFC|824s|P16711
G4B_01446,183.77435,7.30651,0.0,0.0,LRGDEFL2B,tierA|vd=239+-34|z=0.453|ACSWFC|824s|P16711
G4B_01447,191.69800,2.70253,0.0,0.0,LRGDEFL2B,tierA|vd=233+-35|z=0.492|ACSWFC|824s|P16711
G4B_01448,130.75898,50.08681,0.0,0.0,LRGDEFL2B,tierA|vd=219+-27|z=0.338|ACSWFC|824s|P16257
G4B_01449,29.48313,18.85606,0.0,0.0,LRGDEFL2B,tierA|vd=217+-31|z=0.479|ACSWFC|824s|P--
G4B_01450,183.78826,7.31328,0.0,0.0,LRGDEFL2B,tierA|vd=214+-28|z=0.488|ACSWFC|824s|P16711
G4B_01451,138.25630,59.99994,0.0,0.0,LRGDEFL2B,tierA|vd=181+-10|z=0.112|ACSWFC|824s|P--
G4B_01452,42.43672,-1.16032,0.0,0.0,LRGDEFL2B,tierA|vd=176+-13|z=0.163|ACSWFC|824s|P16257
G4B_01453,42.27273,-1.76878,0.0,0.0,LRGDEFL2B,tierA|vd=156+-27|z=0.454|ACSWFC|824s|P--
G4B_01454,170.74453,56.91086,0.0,0.0,LRGDEFL2B,tierA|vd=151+-16|z=0.136|ACSWFC|824s|P16257
G4B_01455,226.34742,2.14896,0.0,0.0,LRGDEFL2B,tierA|vd=150+-4|z=0.055|ACSWFC|824s|P16257
G4B_01456,125.39174,22.45402,0.0,0.0,LRGDEFL2B,tierA|vd=137+-10|z=0.083|ACSWFC|824s|P16257
G4B_01457,181.36678,11.11820,0.0,0.0,LRGDEFL2B,tierA|vd=126+-15|z=0.113|ACSWFC|824s|P16257
G4B_01458,193.41049,40.68123,0.0,0.0,LRGDEFL2B,tierA|vd=225+-17|z=0.194|ACSWFC|808s|P17158
G4B_01459,242.92366,52.44670,0.0,0.0,LRGDEFL2B,tierA|vd=191+-5|z=0.065|ACSWFC|800s|P10592
G4B_01460,194.23280,22.02779,0.0,0.0,LRGDEFL2B,tierA|vd=223+-30|z=0.476|WFC3UVIS|797s|P--
G4B_01461,16.20876,2.02026,0.0,0.0,LRGDEFL2B,tierA|vd=227+-25|z=0.324|ACSWFC|791s|P17833
G4B_01462,16.40141,2.16298,0.0,0.0,LRGDEFL2B,tierA|vd=217+-18|z=0.365|ACSWFC|791s|P17833
G4B_01463,332.05840,7.12154,0.0,0.0,LRGDEFL2B,tierA|vd=247+-12|z=0.279|WFC3UVIS|780s|P16691
G4B_01464,2.70693,21.14833,0.0,0.0,LRGDEFL2B,tierA|vd=237+-12|z=0.252|WFC3UVIS|780s|P16239
G4B_01465,225.93204,42.10713,0.0,0.0,LRGDEFL2B,tierA|vd=236+-12|z=0.401|ACSWFC|780s|P--
G4B_01466,159.59216,47.68928,0.0,0.0,LRGDEFL2B,tierA|vd=235+-15|z=0.231|ACSWFC|780s|P--
G4B_01467,251.19052,22.49491,0.0,0.0,LRGDEFL2B,tierA|vd=220+-34|z=0.285|WFC3UVIS|780s|P--
G4B_01468,220.02778,42.75972,0.0,0.0,LRGDEFL2B,tierA|vd=217+-30|z=0.540|WFC3UVIS|780s|P16691
G4B_01469,24.72050,-10.46890,0.0,0.0,LRGDEFL2B,tierA|vd=198+-9|z=0.149|ACSWFC|780s|P--
G4B_01470,16.55353,3.58184,0.0,0.0,LRGDEFL2B,tierA|vd=189+-14|z=0.134|ACSWFC|780s|P17070
G4B_01471,204.60027,48.26809,0.0,0.0,LRGDEFL2B,tierA|vd=187+-37|z=0.395|ACSWFC|780s|P--
G4B_01472,9.90668,0.85283,0.0,0.0,LRGDEFL2B,tierA|vd=176+-15|z=0.194|WFC3UVIS|780s|P--
G4B_01473,159.60236,47.70097,0.0,0.0,LRGDEFL2B,tierA|vd=162+-11|z=0.232|ACSWFC|780s|P--
G4B_01474,159.62660,47.71201,0.0,0.0,LRGDEFL2B,tierA|vd=160+-15|z=0.173|ACSWFC|780s|P--
G4B_01475,31.31650,6.11006,0.0,0.0,LRGDEFL2B,tierA|vd=152+-15|z=0.187|WFC3UVIS|780s|P14668
G4B_01476,220.21609,42.25540,0.0,0.0,LRGDEFL2B,tierA|vd=121+-11|z=0.081|WFC3UVIS|780s|P16691
G4B_01477,178.78031,28.35387,0.0,0.0,LRGDEFL2B,tierA|vd=246+-12|z=0.220|ACSWFC|760s|P15922
G4B_01478,187.80442,42.10064,0.0,0.0,LRGDEFL2B,tierA|vd=240+-32|z=0.401|ACSWFC|760s|P--
G4B_01479,187.49738,13.65822,0.0,0.0,LRGDEFL2B,tierA|vd=235+-35|z=0.471|WFC3UVIS|760s|P--
G4B_01480,190.13578,47.35450,0.0,0.0,LRGDEFL2B,tierA|vd=224+-26|z=0.361|ACSWFC|760s|P15922
G4B_01481,186.68560,53.09394,0.0,0.0,LRGDEFL2B,tierA|vd=216+-36|z=0.426|ACSWFC|760s|P--
G4B_01482,187.78902,1.68174,0.0,0.0,LRGDEFL2B,tierA|vd=216+-33|z=0.335|ACSWFC|760s|P15922
G4B_01483,178.02360,54.77773,0.0,0.0,LRGDEFL2B,tierA|vd=153+-9|z=0.096|ACSWFC|760s|P15922
G4B_01484,136.51518,56.17586,0.0,0.0,LRGDEFL2B,tierA|vd=175+-9|z=0.141|WFC3UVIS|758s|P17177
G4B_01485,169.02770,13.93006,0.0,0.0,LRGDEFL2B,tierA|vd=236+-18|z=0.310|ACSWFC|750s|P17797
G4B_01486,170.38482,14.18813,0.0,0.0,LRGDEFL2B,tierA|vd=236+-34|z=0.436|ACSWFC|750s|P17797
G4B_01487,168.40907,22.13800,0.0,0.0,LRGDEFL2B,tierA|vd=233+-17|z=0.366|WFC3UVIS|750s|P12304
G4B_01488,135.10573,39.06491,0.0,0.0,LRGDEFL2B,tierA|vd=229+-27|z=0.058|ACSWFC|750s|P--
G4B_01489,161.49848,14.24826,0.0,0.0,LRGDEFL2B,tierA|vd=218+-39|z=0.469|ACSWFC|750s|P17797
G4B_01490,170.81900,56.06208,0.0,0.0,LRGDEFL2B,tierA|vd=218+-20|z=0.406|ACSWFC|750s|P17797
G4B_01491,169.05353,13.93404,0.0,0.0,LRGDEFL2B,tierA|vd=212+-16|z=0.310|ACSWFC|750s|P17797
G4B_01492,232.59700,27.29199,0.0,0.0,LRGDEFL2B,tierA|vd=206+-12|z=0.194|WFC3UVIS|750s|P--
G4B_01493,200.94581,40.98333,0.0,0.0,LRGDEFL2B,tierA|vd=182+-18|z=0.279|ACSWFC|750s|P17797
G4B_01494,133.18265,32.83278,0.0,0.0,LRGDEFL2B,tierA|vd=170+-17|z=0.150|ACSWFC|750s|P17797
G4B_01495,126.74868,24.72117,0.0,0.0,LRGDEFL2B,tierA|vd=151+-12|z=0.067|WFC3UVIS|750s|P16758
G4B_01496,231.74766,35.97696,0.0,0.0,LRGDEFL2B,tierA|vd=127+-11|z=0.055|ACSWFC|750s|P10592
G4B_01497,136.51544,52.04403,0.0,0.0,LRGDEFL2B,tierA|vd=233+-37|z=0.462|WFC3UVIS|740s|P17177
G4B_01498,135.24958,52.65241,0.0,0.0,LRGDEFL2B,tierA|vd=228+-29|z=0.369|WFC3UVIS|740s|P--
G4B_01499,230.50936,50.17441,0.0,0.0,LRGDEFL2B,tierA|vd=181+-11|z=0.074|ACSWFC|740s|P16845
G4B_01500,230.50668,50.17463,0.0,0.0,LRGDEFL2B,tierA|vd=161+-5|z=0.074|ACSWFC|740s|P16845
G4B_01501,213.96839,52.05248,0.0,0.0,LRGDEFL2B,tierA|vd=139+-12|z=0.112|WFC3UVIS|740s|P17177
G4B_01502,136.48829,52.06123,0.0,0.0,LRGDEFL2B,tierA|vd=138+-11|z=0.082|WFC3UVIS|740s|P17177
G4B_01503,212.05311,52.33237,0.0,0.0,LRGDEFL2B,tierA|vd=137+-9|z=0.081|WFC3UVIS|740s|P17177
G4B_01504,230.51050,50.17197,0.0,0.0,LRGDEFL2B,tierA|vd=130+-7|z=0.074|ACSWFC|740s|P16845
G4B_01505,200.12381,34.14303,0.0,0.0,LRGDEFL2B,tierA|vd=125+-10|z=0.118|ACSWFC|740s|P10592
G4B_01506,224.60117,-1.10553,0.0,0.0,LRGDEFL2B,tierA|vd=181+-29|z=0.287|WFC3UVIS|736s|P--
G4B_01507,170.07842,12.86561,0.0,0.0,LRGDEFL2B,tierA|vd=247+-20|z=0.296|ACSWFC|720s|P10402
G4B_01508,246.84077,57.60755,0.0,0.0,LRGDEFL2B,tierA|vd=209+-8|z=0.132|ACSWFC|720s|P14606
G4B_01509,33.49555,-5.83849,0.0,0.0,LRGDEFL2B,tierA|vd=197+-19|z=0.356|ACSWFC|720s|P--
G4B_01510,183.44145,2.81083,0.0,0.0,LRGDEFL2B,tierA|vd=188+-20|z=0.073|ACSWFC|720s|P10592
G4B_01511,252.78265,26.31188,0.0,0.0,LRGDEFL2B,tierA|vd=169+-29|z=0.403|ACSWFC|720s|P14606
G4B_01512,183.46388,2.80160,0.0,0.0,LRGDEFL2B,tierA|vd=146+-8|z=0.075|ACSWFC|720s|P10592
G4B_01513,4.68661,-10.37802,0.0,0.0,LRGDEFL2B,tierA|vd=143+-6|z=0.076|ACSWFC|720s|P--
G4B_01514,154.98324,8.23054,0.0,0.0,LRGDEFL2B,tierA|vd=142+-7|z=0.182|ACSWFC|720s|P--
G4B_01515,12.05225,1.91162,0.0,0.0,LRGDEFL2B,tierA|vd=206+-17|z=0.366|ACSWFC|702s|P15683
G4B_01516,12.07649,1.89611,0.0,0.0,LRGDEFL2B,tierA|vd=200+-11|z=0.180|ACSWFC|702s|P15683
G4B_01517,42.09127,-3.57378,0.0,0.0,LRGDEFL2B,tierA|vd=210+-10|z=0.187|WFC3UVIS|701s|P12065
G4B_01518,191.49150,17.53081,0.0,0.0,LRGDEFL2B,tierA|vd=243+-18|z=0.267|WFC3UVIS|700s|P--
G4B_01519,203.89828,28.88084,0.0,0.0,LRGDEFL2B,tierA|vd=241+-34|z=0.466|WFC3UVIS|700s|P14754
G4B_01520,254.85425,37.58010,0.0,0.0,LRGDEFL2B,tierA|vd=188+-8|z=0.136|WFC3UVIS|700s|P14754
G4B_01521,165.70688,17.97146,0.0,0.0,LRGDEFL2B,tierA|vd=166+-31|z=0.444|ACSWFC|700s|P9765
G4B_01522,157.29673,42.29525,0.0,0.0,LRGDEFL2B,tierA|vd=129+-8|z=0.092|WFC3UVIS|700s|P--
G4B_01523,220.62977,0.34577,0.0,0.0,LRGDEFL2B,tierA|vd=248+-12|z=0.176|WFC3UVIS|696s|P18085
G4B_01524,198.20043,8.39368,0.0,0.0,LRGDEFL2B,tierA|vd=247+-15|z=0.210|WFC3UVIS|696s|P18085
G4B_01525,219.49083,36.86684,0.0,0.0,LRGDEFL2B,tierA|vd=246+-18|z=0.187|WFC3UVIS|696s|P18085
G4B_01526,220.61960,0.35181,0.0,0.0,LRGDEFL2B,tierA|vd=240+-20|z=0.169|WFC3UVIS|696s|P18085
G4B_01527,138.37958,0.65174,0.0,0.0,LRGDEFL2B,tierA|vd=235+-20|z=0.409|WFC3UVIS|696s|P18085
G4B_01528,142.12409,-0.75360,0.0,0.0,LRGDEFL2B,tierA|vd=229+-42|z=0.355|WFC3UVIS|696s|P18085
G4B_01529,115.76660,32.15646,0.0,0.0,LRGDEFL2B,tierA|vd=227+-12|z=0.155|WFC3UVIS|696s|P18085
G4B_01530,188.33399,14.13244,0.0,0.0,LRGDEFL2B,tierA|vd=223+-39|z=0.507|WFC3UVIS|696s|P--
G4B_01531,138.36946,0.63426,0.0,0.0,LRGDEFL2B,tierA|vd=218+-13|z=0.168|WFC3UVIS|696s|P18085
G4B_01532,132.26452,15.60763,0.0,0.0,LRGDEFL2B,tierA|vd=218+-29|z=0.408|WFC3UVIS|696s|P18085
G4B_01533,220.61343,0.33732,0.0,0.0,LRGDEFL2B,tierA|vd=212+-15|z=0.177|WFC3UVIS|696s|P18085
G4B_01534,138.38909,0.64232,0.0,0.0,LRGDEFL2B,tierA|vd=208+-38|z=0.504|WFC3UVIS|696s|P18085
G4B_01535,181.93020,-1.06547,0.0,0.0,LRGDEFL2B,tierA|vd=205+-20|z=0.180|WFC3UVIS|696s|P18085
G4B_01536,227.65527,2.60112,0.0,0.0,LRGDEFL2B,tierA|vd=196+-25|z=0.222|WFC3UVIS|696s|P18085
G4B_01537,327.19841,2.99158,0.0,0.0,LRGDEFL2B,tierA|vd=191+-36|z=0.539|WFC3UVIS|696s|P18085
G4B_01538,132.25899,-1.30649,0.0,0.0,LRGDEFL2B,tierA|vd=184+-29|z=0.437|WFC3UVIS|696s|P18085
G4B_01539,164.17312,16.31881,0.0,0.0,LRGDEFL2B,tierA|vd=178+-12|z=0.161|WFC3UVIS|696s|P18085
G4B_01540,132.28705,15.57487,0.0,0.0,LRGDEFL2B,tierA|vd=164+-14|z=0.202|WFC3UVIS|696s|P18085
G4B_01541,115.76219,32.13633,0.0,0.0,LRGDEFL2B,tierA|vd=140+-28|z=0.290|WFC3UVIS|696s|P18085
G4B_01542,194.55867,3.53483,0.0,0.0,LRGDEFL2B,tierA|vd=128+-7|z=0.061|WFC3UVIS|696s|P18085
G4B_01543,199.10093,17.81079,0.0,0.0,LRGDEFL2B,tierA|vd=231+-9|z=0.107|ACSWFC|689s|P13297
G4B_01544,193.17207,40.81593,0.0,0.0,LRGDEFL2B,tierA|vd=247+-27|z=0.369|ACSWFC|680s|P11613
G4B_01545,325.57966,12.51277,0.0,0.0,LRGDEFL2B,tierA|vd=222+-20|z=0.194|WFC3UVIS|680s|P13029
G4B_01546,123.56582,18.44988,0.0,0.0,LRGDEFL2B,tierA|vd=208+-22|z=0.389|WFC3UVIS|680s|P13029
G4B_01547,145.51873,23.67841,0.0,0.0,LRGDEFL2B,tierA|vd=219+-29|z=0.487|ACSWFC|679s|P15444
G4B_01548,2.62772,10.96565,0.0,0.0,LRGDEFL2B,tierA|vd=178+-6|z=0.089|ACSWFC|679s|P15444
G4B_01549,125.07071,8.20090,0.0,0.0,LRGDEFL2B,tierA|vd=249+-14|z=0.198|ACSWFC|674s|P17308
G4B_01550,225.67962,13.59557,0.0,0.0,LRGDEFL2B,tierA|vd=246+-39|z=0.449|ACSWFC|674s|P17308
G4B_01551,120.88505,8.68482,0.0,0.0,LRGDEFL2B,tierA|vd=246+-27|z=0.395|ACSWFC|674s|P15444
G4B_01552,11.89134,3.36659,0.0,0.0,LRGDEFL2B,tierA|vd=242+-11|z=0.265|ACSWFC|674s|P17308
G4B_01553,22.60658,7.41970,0.0,0.0,LRGDEFL2B,tierA|vd=237+-8|z=0.237|ACSWFC|674s|P17308
G4B_01554,179.69407,42.56546,0.0,0.0,LRGDEFL2B,tierA|vd=229+-25|z=0.382|ACSWFC|674s|P--
G4B_01555,344.35556,23.81700,0.0,0.0,LRGDEFL2B,tierA|vd=229+-41|z=0.480|ACSWFC|674s|P17308
G4B_01556,125.04815,8.19200,0.0,0.0,LRGDEFL2B,tierA|vd=229+-16|z=0.197|ACSWFC|674s|P17308
G4B_01557,196.92933,6.70362,0.0,0.0,LRGDEFL2B,tierA|vd=227+-12|z=0.230|ACSWFC|674s|P17308
G4B_01558,217.07367,53.25378,0.0,0.0,LRGDEFL2B,tierA|vd=226+-15|z=0.202|ACSWFC|674s|P--
G4B_01559,160.30232,17.19029,0.0,0.0,LRGDEFL2B,tierA|vd=219+-22|z=0.348|ACSWFC|674s|P17308
G4B_01560,224.71435,-2.04260,0.0,0.0,LRGDEFL2B,tierA|vd=217+-34|z=0.525|ACSWFC|674s|P17308
G4B_01561,164.93154,65.06844,0.0,0.0,LRGDEFL2B,tierA|vd=216+-11|z=0.084|ACSWFC|674s|P15444
G4B_01562,170.63243,23.46488,0.0,0.0,LRGDEFL2B,tierA|vd=215+-26|z=0.363|ACSWFC|674s|P17308
G4B_01563,7.09554,6.55548,0.0,0.0,LRGDEFL2B,tierA|vd=211+-14|z=0.263|ACSWFC|674s|P17308
G4B_01564,2.28271,-0.60647,0.0,0.0,LRGDEFL2B,tierA|vd=206+-7|z=0.074|ACSWFC|674s|P15444
G4B_01565,115.94353,24.96971,0.0,0.0,LRGDEFL2B,tierA|vd=203+-29|z=0.518|ACSWFC|674s|P17308
G4B_01566,137.00290,62.40852,0.0,0.0,LRGDEFL2B,tierA|vd=194+-12|z=0.164|ACSWFC|674s|P17308
G4B_01567,202.96018,51.57547,0.0,0.0,LRGDEFL2B,tierA|vd=190+-14|z=0.196|ACSWFC|674s|P15445
G4B_01568,247.00527,51.76133,0.0,0.0,LRGDEFL2B,tierA|vd=188+-5|z=0.073|ACSWFC|674s|P--
G4B_01569,337.43711,0.49700,0.0,0.0,LRGDEFL2B,tierA|vd=182+-26|z=0.521|ACSWFC|674s|P17308
G4B_01570,33.19666,0.57594,0.0,0.0,LRGDEFL2B,tierA|vd=182+-8|z=0.088|ACSWFC|674s|P17308
G4B_01571,49.24898,1.27242,0.0,0.0,LRGDEFL2B,tierA|vd=179+-14|z=0.111|ACSWFC|674s|P15444
G4B_01572,216.11753,24.60934,0.0,0.0,LRGDEFL2B,tierA|vd=166+-9|z=0.087|ACSWFC|674s|P--
G4B_01573,184.76849,8.88103,0.0,0.0,LRGDEFL2B,tierA|vd=163+-15|z=0.143|ACSWFC|674s|P17240
G4B_01574,202.95744,51.55377,0.0,0.0,LRGDEFL2B,tierA|vd=162+-13|z=0.196|ACSWFC|674s|P15445
G4B_01575,2.83606,-8.77697,0.0,0.0,LRGDEFL2B,tierA|vd=159+-17|z=0.336|ACSWFC|674s|P17308
G4B_01576,203.96879,3.00053,0.0,0.0,LRGDEFL2B,tierA|vd=155+-8|z=0.114|ACSWFC|674s|P--
G4B_01577,152.01117,19.71804,0.0,0.0,LRGDEFL2B,tierA|vd=154+-12|z=0.153|ACSWFC|674s|P17308
G4B_01578,225.71956,13.61760,0.0,0.0,LRGDEFL2B,tierA|vd=146+-27|z=0.226|ACSWFC|674s|P17308
G4B_01579,349.75002,0.23565,0.0,0.0,LRGDEFL2B,tierA|vd=146+-6|z=0.056|ACSWFC|674s|P--
G4B_01580,208.62159,13.46871,0.0,0.0,LRGDEFL2B,tierA|vd=134+-11|z=0.063|ACSWFC|674s|P15444
G4B_01581,208.62107,13.46592,0.0,0.0,LRGDEFL2B,tierA|vd=134+-16|z=0.063|ACSWFC|674s|P15444
G4B_01582,139.99497,33.63055,0.0,0.0,LRGDEFL2B,tierA|vd=121+-15|z=0.163|WFC3UVIS|673s|P--
G4B_01583,188.96927,29.19418,0.0,0.0,LRGDEFL2B,tierA|vd=248+-22|z=0.297|WFC3UVIS|657s|P17177
G4B_01584,188.95314,29.19413,0.0,0.0,LRGDEFL2B,tierA|vd=241+-9|z=0.064|WFC3UVIS|657s|P17177
G4B_01585,239.62227,27.45960,0.0,0.0,LRGDEFL2B,tierA|vd=235+-11|z=0.095|WFC3UVIS|657s|P--
G4B_01586,29.34422,12.23437,0.0,0.0,LRGDEFL2B,tierA|vd=186+-24|z=0.455|ACSWFC|650s|P14606
G4B_01587,155.55587,21.51158,0.0,0.0,LRGDEFL2B,tierA|vd=127+-7|z=0.054|WFC3UVIS|649s|P--
G4B_01588,240.75453,19.77048,0.0,0.0,LRGDEFL2B,tierA|vd=145+-8|z=0.105|WFC3UVIS|648s|P--
G4B_01589,156.58851,12.74595,0.0,0.0,LRGDEFL2B,tierA|vd=156+-8|z=0.088|WFC3UVIS|641s|P--
G4B_01590,130.50234,11.67227,0.0,0.0,LRGDEFL2B,tierA|vd=153+-7|z=0.066|WFC3UVIS|641s|P--
G4B_01591,183.35262,14.01264,0.0,0.0,LRGDEFL2B,tierA|vd=146+-16|z=0.153|WFC3UVIS|641s|P17177
G4B_01592,120.98148,9.96269,0.0,0.0,LRGDEFL2B,tierA|vd=195+-31|z=0.479|WFC3UVIS|637s|P--
G4B_01593,35.82648,-8.61829,0.0,0.0,LRGDEFL2B,tierA|vd=184+-10|z=0.109|WFC3UVIS|637s|P--
G4B_01594,121.01892,9.96882,0.0,0.0,LRGDEFL2B,tierA|vd=183+-21|z=0.481|WFC3UVIS|637s|P--
G4B_01595,357.00694,-9.19879,0.0,0.0,LRGDEFL2B,tierA|vd=177+-10|z=0.093|WFC3UVIS|637s|P--
G4B_01596,211.31075,9.27584,0.0,0.0,LRGDEFL2B,tierA|vd=144+-8|z=0.069|WFC3UVIS|637s|P--
G4B_01597,313.40305,0.89576,0.0,0.0,LRGDEFL2B,tierA|vd=171+-12|z=0.156|WFC3UVIS|634s|P--
G4B_01598,136.80457,-0.05635,0.0,0.0,LRGDEFL2B,tierA|vd=167+-10|z=0.094|WFC3UVIS|634s|P17177
G4B_01599,346.35591,0.40389,0.0,0.0,LRGDEFL2B,tierA|vd=155+-21|z=0.225|WFC3UVIS|634s|P17177
G4B_01600,183.29595,2.91717,0.0,0.0,LRGDEFL2B,tierA|vd=154+-29|z=0.471|WFC3UVIS|634s|P--
G4B_01601,140.95398,0.98680,0.0,0.0,LRGDEFL2B,tierA|vd=147+-12|z=0.087|WFC3UVIS|634s|P17177
G4B_01602,183.30947,2.93219,0.0,0.0,LRGDEFL2B,tierA|vd=137+-14|z=0.133|WFC3UVIS|634s|P--
G4B_01603,11.05811,1.15402,0.0,0.0,LRGDEFL2B,tierA|vd=125+-19|z=0.112|WFC3UVIS|634s|P--
G4B_01604,150.91084,29.11609,0.0,0.0,LRGDEFL2B,tierA|vd=199+-33|z=0.343|ACSWFC|625s|P9468
G4B_01605,185.06709,30.32741,0.0,0.0,LRGDEFL2B,tierA|vd=137+-19|z=0.137|WFC3UVIS|624s|P--
G4B_01606,184.38328,45.69643,0.0,0.0,LRGDEFL2B,tierA|vd=243+-17|z=0.255|ACSWFC|620s|P13364
G4B_01607,184.43245,45.71877,0.0,0.0,LRGDEFL2B,tierA|vd=188+-12|z=0.112|ACSWFC|620s|P13364
G4B_01608,168.76315,40.61151,0.0,0.0,LRGDEFL2B,tierA|vd=225+-8|z=0.076|WFC3UVIS|618s|P14068
G4B_01609,155.42829,13.11559,0.0,0.0,LRGDEFL2B,tierA|vd=188+-12|z=0.076|WFC3UVIS|618s|P14068
G4B_01610,168.74174,40.60317,0.0,0.0,LRGDEFL2B,tierA|vd=161+-8|z=0.076|WFC3UVIS|618s|P14068
G4B_01611,358.22077,-0.38592,0.0,0.0,LRGDEFL2B,tierA|vd=178+-25|z=0.235|ACSWFC|609s|P15213
G4B_01612,219.68765,14.90347,0.0,0.0,LRGDEFL2B,tierA|vd=250+-13|z=0.237|ACSWFC|600s|P--
G4B_01613,16.50926,0.76161,0.0,0.0,LRGDEFL2B,tierA|vd=234+-11|z=0.254|WFC3UVIS|600s|P--
G4B_01614,221.07012,42.65003,0.0,0.0,LRGDEFL2B,tierA|vd=231+-10|z=0.221|WFC3UVIS|600s|P12018
G4B_01615,358.41855,30.54151,0.0,0.0,LRGDEFL2B,tierA|vd=218+-16|z=0.275|ACSWFC|600s|P15279
G4B_01616,149.01829,42.90901,0.0,0.0,LRGDEFL2B,tierA|vd=214+-27|z=0.356|WFC3UVIS|600s|P--
G4B_01617,219.67750,14.89914,0.0,0.0,LRGDEFL2B,tierA|vd=213+-17|z=0.237|ACSWFC|600s|P--
G4B_01618,240.28539,16.01923,0.0,0.0,LRGDEFL2B,tierA|vd=180+-11|z=0.141|ACSWFC|600s|P--
G4B_01619,149.08126,42.91949,0.0,0.0,LRGDEFL2B,tierA|vd=178+-20|z=0.528|WFC3UVIS|600s|P--
G4B_01620,154.09862,37.92491,0.0,0.0,LRGDEFL2B,tierA|vd=247+-15|z=0.248|WFC3UVIS|580s|P12018
G4B_01621,191.62561,50.80563,0.0,0.0,LRGDEFL2B,tierA|vd=142+-28|z=0.536|WFC3UVIS|580s|P14785
G4B_01622,118.18416,45.94928,0.0,0.0,LRGDEFL2B,tierA|vd=230+-4|z=0.052|ACSWFC|572s|P15444
G4B_01623,158.26127,49.32310,0.0,0.0,LRGDEFL2B,tierA|vd=145+-21|z=0.160|WFC3UVIS|554s|P17826
G4B_01624,186.75412,48.45937,0.0,0.0,LRGDEFL2B,tierA|vd=130+-10|z=0.162|ACSWFC|530s|P13364
G4B_01625,185.26036,45.71631,0.0,0.0,LRGDEFL2B,tierA|vd=187+-30|z=0.511|ACSWFC|520s|P13364
G4B_01626,186.28552,14.78218,0.0,0.0,LRGDEFL2B,tierA|vd=219+-22|z=0.419|WFC3UVIS|500s|P15133
G4B_01627,186.36192,10.02953,0.0,0.0,LRGDEFL2B,tierA|vd=210+-10|z=0.303|WFC3UVIS|500s|P--
G4B_01628,150.11267,2.55610,0.0,0.0,LRGDEFL2B,tierA|vd=237+-34|z=0.502|ACSWFC|480s|P12328
G4B_01629,14.78328,2.61453,0.0,0.0,LRGDEFL2B,tierA|vd=219+-26|z=0.541|WFC3UVIS|480s|P16056
G4B_01630,14.75028,2.60893,0.0,0.0,LRGDEFL2B,tierA|vd=176+-23|z=0.382|WFC3UVIS|480s|P16056
G4B_01631,159.11509,43.96230,0.0,0.0,LRGDEFL2B,tierA|vd=209+-13|z=0.197|ACSWFC|450s|P15170
G4B_01632,174.23009,6.19750,0.0,0.0,LRGDEFL2B,tierA|vd=200+-33|z=0.461|ACSWFC|450s|P15170
G4B_01633,159.14003,43.94365,0.0,0.0,LRGDEFL2B,tierA|vd=199+-39|z=0.549|ACSWFC|450s|P15170
G4B_01634,123.73700,43.09085,0.0,0.0,LRGDEFL2B,tierA|vd=189+-27|z=0.509|ACSWFC|450s|P15170
G4B_01635,168.21917,7.78584,0.0,0.0,LRGDEFL2B,tierA|vd=187+-14|z=0.482|ACSWFC|450s|P--
G4B_01636,157.93503,11.71795,0.0,0.0,LRGDEFL2B,tierA|vd=181+-25|z=0.478|ACSWFC|450s|P15170
G4B_01637,117.25776,44.63140,0.0,0.0,LRGDEFL2B,tierA|vd=157+-30|z=0.504|ACSWFC|450s|P16025
G4B_01638,215.56096,2.07169,0.0,0.0,LRGDEFL2B,tierA|vd=247+-47|z=0.517|ACSWFC|420s|P12210
G4B_01639,219.12303,0.01588,0.0,0.0,LRGDEFL2B,tierA|vd=246+-26|z=0.502|ACSWFC|420s|P10587
G4B_01640,223.06063,-0.96190,0.0,0.0,LRGDEFL2B,tierA|vd=246+-19|z=0.314|ACSWFC|420s|P10587
G4B_01641,216.37679,9.83662,0.0,0.0,LRGDEFL2B,tierA|vd=245+-23|z=0.435|ACSWFC|420s|P12210
G4B_01642,216.24337,1.17179,0.0,0.0,LRGDEFL2B,tierA|vd=242+-26|z=0.307|ACSWFC|420s|P12210
G4B_01643,205.79213,60.84952,0.0,0.0,LRGDEFL2B,tierA|vd=236+-22|z=0.404|ACSWFC|420s|P--
G4B_01644,58.75972,-6.79652,0.0,0.0,LRGDEFL2B,tierA|vd=236+-12|z=0.125|ACSWFC|420s|P10587
G4B_01645,52.50728,-0.93503,0.0,0.0,LRGDEFL2B,tierA|vd=235+-13|z=0.223|ACSWFC|420s|P12210
G4B_01646,259.62976,64.41810,0.0,0.0,LRGDEFL2B,tierA|vd=234+-6|z=0.089|ACSWFC|420s|P10174
G4B_01647,148.37256,22.81593,0.0,0.0,LRGDEFL2B,tierA|vd=231+-41|z=0.464|ACSWFC|420s|P12210
G4B_01648,127.74049,19.67025,0.0,0.0,LRGDEFL2B,tierA|vd=230+-10|z=0.163|ACSWFC|420s|P12210
G4B_01649,164.22958,41.68363,0.0,0.0,LRGDEFL2B,tierA|vd=225+-9|z=0.135|ACSWFC|420s|P12210
G4B_01650,234.52420,58.28028,0.0,0.0,LRGDEFL2B,tierA|vd=221+-11|z=0.143|ACSWFC|420s|P--
G4B_01651,143.92485,-0.06704,0.0,0.0,LRGDEFL2B,tierA|vd=219+-20|z=0.347|ACSWFC|420s|P--
G4B_01652,255.58341,33.35712,0.0,0.0,LRGDEFL2B,tierA|vd=219+-11|z=0.092|ACSWFC|420s|P10174
G4B_01653,247.35685,13.53735,0.0,0.0,LRGDEFL2B,tierA|vd=218+-9|z=0.118|ACSWFC|420s|P12210
G4B_01654,29.87844,-0.10464,0.0,0.0,LRGDEFL2B,tierA|vd=218+-12|z=0.156|ACSWFC|420s|P12210
G4B_01655,119.44168,19.92627,0.0,0.0,LRGDEFL2B,tierA|vd=217+-11|z=0.119|ACSWFC|420s|P12210
G4B_01656,149.00518,30.24176,0.0,0.0,LRGDEFL2B,tierA|vd=215+-17|z=0.322|ACSWFC|420s|P12210
G4B_01657,194.62858,-3.01111,0.0,0.0,LRGDEFL2B,tierA|vd=214+-29|z=0.477|ACSWFC|420s|P12210
G4B_01658,31.74678,1.23209,0.0,0.0,LRGDEFL2B,tierA|vd=213+-12|z=0.136|ACSWFC|420s|P--
G4B_01659,223.08979,-0.97219,0.0,0.0,LRGDEFL2B,tierA|vd=212+-16|z=0.313|ACSWFC|420s|P10587
G4B_01660,140.19651,30.47377,0.0,0.0,LRGDEFL2B,tierA|vd=212+-20|z=0.290|ACSWFC|420s|P12210
G4B_01661,174.13877,4.43824,0.0,0.0,LRGDEFL2B,tierA|vd=211+-42|z=0.446|ACSWFC|420s|P--
G4B_01662,135.69661,51.97621,0.0,0.0,LRGDEFL2B,tierA|vd=210+-37|z=0.528|ACSWFC|420s|P12210
G4B_01663,132.91236,5.08539,0.0,0.0,LRGDEFL2B,tierA|vd=208+-30|z=0.460|ACSWFC|420s|P12210
G4B_01664,211.56263,25.48979,0.0,0.0,LRGDEFL2B,tierA|vd=207+-31|z=0.500|ACSWFC|420s|P--
G4B_01665,202.70307,-1.82620,0.0,0.0,LRGDEFL2B,tierA|vd=202+-9|z=0.148|ACSWFC|420s|P--
G4B_01666,143.57356,60.58608,0.0,0.0,LRGDEFL2B,tierA|vd=201+-6|z=0.102|ACSWFC|420s|P10587
G4B_01667,16.38662,1.21275,0.0,0.0,LRGDEFL2B,tierA|vd=195+-14|z=0.144|ACSWFC|420s|P12210
G4B_01668,29.88261,-0.10009,0.0,0.0,LRGDEFL2B,tierA|vd=194+-15|z=0.154|ACSWFC|420s|P12210
G4B_01669,29.87152,-0.08492,0.0,0.0,LRGDEFL2B,tierA|vd=194+-12|z=0.153|ACSWFC|420s|P12210
G4B_01670,29.86263,-0.09162,0.0,0.0,LRGDEFL2B,tierA|vd=194+-10|z=0.157|ACSWFC|420s|P12210
G4B_01671,190.63330,2.82353,0.0,0.0,LRGDEFL2B,tierA|vd=191+-12|z=0.205|ACSWFC|420s|P12210
G4B_01672,118.46264,34.28341,0.0,0.0,LRGDEFL2B,tierA|vd=186+-25|z=0.495|ACSWFC|420s|P12210
G4B_01673,202.70884,-1.79841,0.0,0.0,LRGDEFL2B,tierA|vd=185+-8|z=0.087|ACSWFC|420s|P--
G4B_01674,140.21066,30.46161,0.0,0.0,LRGDEFL2B,tierA|vd=184+-30|z=0.288|ACSWFC|420s|P12210
G4B_01675,216.41277,9.84702,0.0,0.0,LRGDEFL2B,tierA|vd=184+-11|z=0.159|ACSWFC|420s|P12210
G4B_01676,124.67102,54.17130,0.0,0.0,LRGDEFL2B,tierA|vd=182+-11|z=0.116|ACSWFC|420s|P12210
G4B_01677,166.65683,52.48632,0.0,0.0,LRGDEFL2B,tierA|vd=182+-14|z=0.115|ACSWFC|420s|P10587
G4B_01678,152.62678,31.40205,0.0,0.0,LRGDEFL2B,tierA|vd=181+-11|z=0.166|ACSWFC|420s|P12210
G4B_01679,153.21277,55.52940,0.0,0.0,LRGDEFL2B,tierA|vd=179+-9|z=0.170|ACSWFC|420s|P12210
G4B_01680,216.38670,9.86874,0.0,0.0,LRGDEFL2B,tierA|vd=176+-14|z=0.158|ACSWFC|420s|P12210
G4B_01681,143.94494,-0.04758,0.0,0.0,LRGDEFL2B,tierA|vd=174+-21|z=0.347|ACSWFC|420s|P--
G4B_01682,167.06274,2.89508,0.0,0.0,LRGDEFL2B,tierA|vd=173+-16|z=0.135|ACSWFC|420s|P10587
G4B_01683,140.22034,30.47965,0.0,0.0,LRGDEFL2B,tierA|vd=172+-21|z=0.292|ACSWFC|420s|P12210
G4B_01684,173.49823,60.43244,0.0,0.0,LRGDEFL2B,tierA|vd=172+-23|z=0.505|ACSWFC|420s|P10587
G4B_01685,140.22699,30.47283,0.0,0.0,LRGDEFL2B,tierA|vd=164+-25|z=0.291|ACSWFC|420s|P12210
G4B_01686,160.26438,36.43294,0.0,0.0,LRGDEFL2B,tierA|vd=163+-9|z=0.122|ACSWFC|420s|P12210
G4B_01687,236.87658,57.31251,0.0,0.0,LRGDEFL2B,tierA|vd=157+-14|z=0.191|ACSWFC|420s|P10174
G4B_01688,115.74505,34.83843,0.0,0.0,LRGDEFL2B,tierA|vd=154+-6|z=0.087|ACSWFC|420s|P10587
G4B_01689,159.78936,5.21632,0.0,0.0,LRGDEFL2B,tierA|vd=153+-8|z=0.072|ACSWFC|420s|P--
G4B_01690,223.09102,-0.97767,0.0,0.0,LRGDEFL2B,tierA|vd=151+-10|z=0.310|ACSWFC|420s|P10587
G4B_01691,52.48531,-0.92845,0.0,0.0,LRGDEFL2B,tierA|vd=145+-15|z=0.142|ACSWFC|420s|P12210
G4B_01692,176.15245,4.62481,0.0,0.0,LRGDEFL2B,tierA|vd=140+-10|z=0.103|ACSWFC|420s|P12210
G4B_01693,169.93144,13.97783,0.0,0.0,LRGDEFL2B,tierA|vd=139+-6|z=0.069|ACSWFC|420s|P12210
G4B_01694,164.25420,41.70686,0.0,0.0,LRGDEFL2B,tierA|vd=137+-13|z=0.133|ACSWFC|420s|P12210
G4B_01695,140.22972,30.47659,0.0,0.0,LRGDEFL2B,tierA|vd=137+-22|z=0.298|ACSWFC|420s|P12210
G4B_01696,132.92570,5.06992,0.0,0.0,LRGDEFL2B,tierA|vd=135+-11|z=0.059|ACSWFC|420s|P12210
G4B_01697,230.03888,-0.57886,0.0,0.0,LRGDEFL2B,tierA|vd=134+-9|z=0.115|ACSWFC|420s|P10587
G4B_01698,169.94388,13.95031,0.0,0.0,LRGDEFL2B,tierA|vd=133+-11|z=0.070|ACSWFC|420s|P12210
G4B_01699,210.81327,33.15053,0.0,0.0,LRGDEFL2B,tierA|vd=130+-10|z=0.063|ACSWFC|420s|P12210
G4B_01700,52.49639,-0.93181,0.0,0.0,LRGDEFL2B,tierA|vd=124+-18|z=0.142|ACSWFC|420s|P12210
G4B_01701,218.09552,32.86118,0.0,0.0,LRGDEFL2B,tierA|vd=239+-46|z=0.508|WFC3UVIS|407s|P13677
G4B_01702,124.01425,43.09460,0.0,0.0,LRGDEFL2B,tierA|vd=239+-35|z=0.546|WFC3UVIS|400s|P--
G4B_01703,156.37335,41.67967,0.0,0.0,LRGDEFL2B,tierA|vd=224+-11|z=0.259|WFC3UVIS|400s|P15900
G4B_01704,328.06901,-0.82809,0.0,0.0,LRGDEFL2B,tierA|vd=223+-27|z=0.486|ACSWFC|400s|P14706
G4B_01705,116.98409,31.76148,0.0,0.0,LRGDEFL2B,tierA|vd=221+-41|z=0.479|WFC3UVIS|400s|P--
G4B_01706,328.08765,-0.84760,0.0,0.0,LRGDEFL2B,tierA|vd=204+-38|z=0.352|ACSWFC|400s|P14706
G4B_01707,119.61852,14.95979,0.0,0.0,LRGDEFL2B,tierA|vd=202+-20|z=0.443|WFC3UVIS|400s|P15900
G4B_01708,33.53614,-5.57304,0.0,0.0,LRGDEFL2B,tierA|vd=192+-34|z=0.449|ACSWFC|400s|P--
G4B_01709,150.69990,14.36368,0.0,0.0,LRGDEFL2B,tierA|vd=249+-23|z=0.328|ACSWFC|393s|P15213
G4B_01710,198.23972,18.05205,0.0,0.0,LRGDEFL2B,tierA|vd=209+-8|z=0.084|ACSWFC|375s|P13297
G4B_01711,151.75202,3.60190,0.0,0.0,LRGDEFL2B,tierA|vd=223+-12|z=0.149|WFC3UVIS|340s|P13692
G4B_01712,180.05163,3.74601,0.0,0.0,LRGDEFL2B,tierA|vd=208+-9|z=0.238|WFC3UVIS|340s|P13692
G4B_01713,202.41851,47.24453,0.0,0.0,LRGDEFL2B,tierA|vd=197+-18|z=0.258|ACSWFC|340s|P10452
G4B_01714,180.45416,3.63796,0.0,0.0,LRGDEFL2B,tierA|vd=161+-14|z=0.133|WFC3UVIS|340s|P13692
G4B_01715,151.72865,3.63411,0.0,0.0,LRGDEFL2B,tierA|vd=149+-15|z=0.146|WFC3UVIS|340s|P13692
G4B_01716,117.05779,19.15450,0.0,0.0,LRGDEFL2B,tierA|vd=250+-19|z=0.280|WFC3UVIS|320s|P15900
G4B_01717,42.35546,-0.36096,0.0,0.0,LRGDEFL2B,tierA|vd=223+-14|z=0.155|WFC3UVIS|320s|P--
G4B_01718,117.07601,19.14524,0.0,0.0,LRGDEFL2B,tierA|vd=210+-16|z=0.281|WFC3UVIS|320s|P15900
G4B_01719,234.13123,54.56820,0.0,0.0,LRGDEFL2B,tierA|vd=187+-28|z=0.442|WFC3UVIS|310s|P12903
G4B_01720,319.73400,0.30447,0.0,0.0,LRGDEFL2B,tierA|vd=243+-13|z=0.278|WFC3UVIS|300s|P16570
G4B_01721,119.44364,53.40823,0.0,0.0,LRGDEFL2B,tierA|vd=231+-13|z=0.301|ACSWFC|300s|P11599
G4B_01722,134.91137,10.09437,0.0,0.0,LRGDEFL2B,tierA|vd=211+-9|z=0.128|WFC3UVIS|300s|P--
G4B_01723,152.19871,51.39799,0.0,0.0,LRGDEFL2B,tierA|vd=206+-20|z=0.156|WFC3UVIS|300s|P--
G4B_01724,13.32559,6.18419,0.0,0.0,LRGDEFL2B,tierA|vd=199+-9|z=0.151|WFC3UVIS|300s|P14006
G4B_01725,204.94675,44.37257,0.0,0.0,LRGDEFL2B,tierA|vd=193+-14|z=0.308|WFC3UVIS|300s|P--
G4B_01726,157.89517,5.68265,0.0,0.0,LRGDEFL2B,tierA|vd=188+-18|z=0.163|WFC3UVIS|300s|P14649
G4B_01727,152.11972,19.27225,0.0,0.0,LRGDEFL2B,tierA|vd=174+-21|z=0.182|WFC3UVIS|300s|P--
G4B_01728,156.72228,43.66903,0.0,0.0,LRGDEFL2B,tierA|vd=171+-13|z=0.105|WFC3UVIS|300s|P--
G4B_01729,204.96081,44.35395,0.0,0.0,LRGDEFL2B,tierA|vd=170+-25|z=0.549|WFC3UVIS|300s|P--
G4B_01730,120.99841,25.51429,0.0,0.0,LRGDEFL2B,tierA|vd=170+-13|z=0.135|WFC3UVIS|300s|P--
G4B_01731,157.08502,57.58127,0.0,0.0,LRGDEFL2B,tierA|vd=151+-12|z=0.093|WFC3UVIS|300s|P--
G4B_01732,19.98650,13.57541,0.0,0.0,LRGDEFL2B,tierA|vd=149+-19|z=0.191|WFC3UVIS|300s|P--
G4B_01733,134.92757,10.11213,0.0,0.0,LRGDEFL2B,tierA|vd=145+-9|z=0.054|WFC3UVIS|300s|P--
G4B_01734,171.58099,19.22485,0.0,0.0,LRGDEFL2B,tierA|vd=141+-22|z=0.103|WFC3UVIS|300s|P--
G4B_01735,131.43912,20.10288,0.0,0.0,LRGDEFL2B,tierA|vd=133+-15|z=0.123|WFC3UVIS|300s|P--
G4B_01736,121.85186,20.10235,0.0,0.0,LRGDEFL2B,tierA|vd=130+-9|z=0.066|WFC3UVIS|300s|P--
G4B_01737,133.48673,3.17598,0.0,0.0,LRGDEFL2B,tierA|vd=127+-13|z=0.129|WFC3UVIS|300s|P--
G4B_01738,0.82590,0.81232,0.0,0.0,LRGDEFL2B,tierA|vd=127+-22|z=0.139|WFC3UVIS|300s|P--
G4B_01739,121.01739,25.50625,0.0,0.0,LRGDEFL2B,tierA|vd=122+-7|z=0.073|WFC3UVIS|300s|P--
G4B_01740,124.01314,19.61205,0.0,0.0,LRGDEFL2B,tierA|vd=121+-12|z=0.113|WFC3UVIS|300s|P--
G4B_01741,204.97163,44.37691,0.0,0.0,LRGDEFL2B,tierA|vd=121+-12|z=0.063|WFC3UVIS|300s|P--
G4B_01742,12.68675,8.71033,0.0,0.0,LRGDEFL2B,tierA|vd=250+-28|z=0.363|WFC3UVIS|242s|P15648
G4B_01743,22.56077,8.00282,0.0,0.0,LRGDEFL2B,tierA|vd=226+-11|z=0.226|WFC3UVIS|242s|P15648
G4B_01744,13.07774,6.97927,0.0,0.0,LRGDEFL2B,tierA|vd=225+-35|z=0.216|WFC3UVIS|242s|P15648
G4B_01745,21.85064,7.44252,0.0,0.0,LRGDEFL2B,tierA|vd=224+-42|z=0.547|WFC3UVIS|242s|P15648
G4B_01746,23.39920,7.77994,0.0,0.0,LRGDEFL2B,tierA|vd=223+-7|z=0.153|WFC3UVIS|242s|P15648
G4B_01747,22.28844,8.36639,0.0,0.0,LRGDEFL2B,tierA|vd=222+-15|z=0.344|WFC3UVIS|242s|P15648
G4B_01748,138.61755,16.83124,0.0,0.0,LRGDEFL2B,tierA|vd=197+-32|z=0.427|WFC3UVIS|242s|P15648
G4B_01749,133.95706,20.11406,0.0,0.0,LRGDEFL2B,tierA|vd=186+-16|z=0.307|WFC3UVIS|242s|P15648
G4B_01750,189.39565,65.41275,0.0,0.0,LRGDEFL2B,tierA|vd=186+-11|z=0.118|ACSWFC|200s|P9665
G4B_01751,220.12571,53.51056,0.0,0.0,LRGDEFL2B,tierA|vd=185+-29|z=0.536|WFC3UVIS|188s|P12903
G4B_01752,195.59870,24.77369,0.0,0.0,LRGDEFL2B,tierA|vd=133+-8|z=0.090|WFC3UVIS|180s|P15207
G4B_01753,193.77642,19.39803,0.0,0.0,LRGDEFL2B,tierA|vd=186+-25|z=0.449|WFC3UVIS|165s|P15355
G4B_01754,193.77842,19.42609,0.0,0.0,LRGDEFL2B,tierA|vd=174+-16|z=0.134|WFC3UVIS|165s|P15355
G4B_01755,149.61972,2.25936,0.0,0.0,LRGDEFL2B,tierA|vd=204+-31|z=0.360|ACSWFC|156s|P17091
G4B_01756,150.54272,31.19816,0.0,0.0,LRGDEFL2B,tierA|vd=168+-10|z=0.221|WFC3UVIS|156s|P--
G4B_01757,150.53653,31.16163,0.0,0.0,LRGDEFL2B,tierA|vd=147+-27|z=0.502|WFC3UVIS|156s|P--
G4B_01758,1.74266,-0.30052,0.0,0.0,LRGDEFL2B,tierA|vd=209+-31|z=0.543|WFC3UVIS|153s|P--
G4B_01759,188.59448,3.51230,0.0,0.0,LRGDEFL2B,tierA|vd=199+-11|z=0.145|WFC3UVIS|147s|P--
G4B_01760,9.03629,0.61251,0.0,0.0,LRGDEFL2B,tierA|vd=244+-40|z=0.409|WFC3UVIS|129s|P11644
G4B_01761,22.85325,6.50410,0.0,0.0,LRGDEFL2B,tierA|vd=241+-24|z=0.339|WFC3UVIS|129s|P11644
G4B_01762,20.01511,3.32939,0.0,0.0,LRGDEFL2B,tierA|vd=233+-29|z=0.462|WFC3UVIS|129s|P11644
G4B_01763,40.81664,-7.57495,0.0,0.0,LRGDEFL2B,tierA|vd=200+-24|z=0.407|WFC3UVIS|129s|P11644
G4B_01764,355.35179,14.59795,0.0,0.0,LRGDEFL2B,tierA|vd=200+-12|z=0.119|WFC3UVIS|129s|P11644
G4B_01765,343.95583,1.44046,0.0,0.0,LRGDEFL2B,tierA|vd=191+-30|z=0.358|WFC3UVIS|129s|P11644
G4B_01766,352.80784,-1.84862,0.0,0.0,LRGDEFL2B,tierA|vd=190+-24|z=0.404|WFC3UVIS|129s|P11644
G4B_01767,25.59140,9.33816,0.0,0.0,LRGDEFL2B,tierA|vd=184+-19|z=0.301|WFC3UVIS|129s|P11644
G4B_01768,136.47509,28.81920,0.0,0.0,LRGDEFL2B,tierA|vd=127+-15|z=0.155|WFC3UVIS|129s|P11644
G4B_01769,197.80335,5.73562,0.0,0.0,LRGDEFL2B,tierA|vd=125+-13|z=0.073|WFC3UVIS|129s|P11644
G4B_01770,169.24842,18.04603,0.0,0.0,LRGDEFL2B,tierA|vd=197+-26|z=0.300|ACSWFC|120s|P9788
G4B_01771,193.64405,46.53965,0.0,0.0,LRGDEFL2B,tierA|vd=148+-28|z=0.127|ACSWFC|120s|P9788
G4B_01772,41.64287,-8.41941,0.0,0.0,LRGDEFL2B,tierB|vd=141+-33|z=0.410|WFC3UVIS|19360s|P--
G4B_01773,161.71486,11.82730,0.0,0.0,LRGDEFL2B,tierB|vd=165+-40|z=0.396|ACSWFC|18570s|P--
G4B_01774,215.94983,24.06578,0.0,0.0,LRGDEFL2B,tierB|vd=197+-42|z=0.543|WFC3UVIS|16970s|P--
G4B_01775,149.64833,2.81870,0.0,0.0,LRGDEFL2B,tierB|vd=135+-33|z=0.345|ACSWFC|14196s|P--
G4B_01776,132.20920,44.73235,0.0,0.0,LRGDEFL2B,tierB|vd=215+-53|z=0.485|ACSWFC|13246s|P--
G4B_01777,132.16427,44.71675,0.0,0.0,LRGDEFL2B,tierB|vd=152+-37|z=0.542|ACSWFC|13246s|P--
G4B_01778,195.37493,27.87663,0.0,0.0,LRGDEFL2B,tierB|vd=189+-52|z=0.518|ACSWFC|12448s|P10842
G4B_01779,149.94788,1.64784,0.0,0.0,LRGDEFL2B,tierB|vd=142+-36|z=0.283|ACSWFC|11661s|P--
G4B_01780,219.53117,34.31953,0.0,0.0,LRGDEFL2B,tierB|vd=234+-64|z=0.546|ACSWFC|11485s|P--
G4B_01781,153.53134,0.62813,0.0,0.0,LRGDEFL2B,tierB|vd=161+-48|z=0.447|WFC3UVIS|8691s|P--
G4B_01782,330.98893,18.84639,0.0,0.0,LRGDEFL2B,tierB|vd=221+-65|z=0.459|ACSWFC|7897s|P--
G4B_01783,191.28875,-0.51545,0.0,0.0,LRGDEFL2B,tierB|vd=182+-42|z=0.454|WFC3UVIS|7386s|P17079
G4B_01784,0.19837,33.48219,0.0,0.0,LRGDEFL2B,tierB|vd=229+-55|z=0.490|ACSWFC|7189s|P14268
G4B_01785,203.68783,51.64186,0.0,0.0,LRGDEFL2B,tierB|vd=236+-66|z=0.525|ACSWFC|6618s|P17140
G4B_01786,135.01089,22.56958,0.0,0.0,LRGDEFL2B,tierB|vd=155+-32|z=0.484|WFC3UVIS|5598s|P11602
G4B_01787,145.72989,46.97829,0.0,0.0,LRGDEFL2B,tierB|vd=223+-52|z=0.335|ACSWFC|5464s|P--
G4B_01788,145.76997,46.97108,0.0,0.0,LRGDEFL2B,tierB|vd=173+-36|z=0.456|ACSWFC|5464s|P--
G4B_01789,353.75008,18.22507,0.0,0.0,LRGDEFL2B,tierB|vd=216+-54|z=0.504|ACSWFC|5404s|P14244
G4B_01790,157.32397,29.50179,0.0,0.0,LRGDEFL2B,tierB|vd=138+-35|z=0.409|WFC3UVIS|5229s|P--
G4B_01791,214.28709,52.45261,0.0,0.0,LRGDEFL2B,tierB|vd=162+-44|z=0.532|ACSWFC|4825s|P12547
G4B_01792,218.90004,58.75971,0.0,0.0,LRGDEFL2B,tierB|vd=176+-38|z=0.491|WFC3UVIS|4710s|P--
G4B_01793,149.15836,28.99547,0.0,0.0,LRGDEFL2B,tierB|vd=202+-49|z=0.483|ACSWFC|4676s|P--
G4B_01794,188.58694,2.61527,0.0,0.0,LRGDEFL2B,tierB|vd=214+-54|z=0.456|ACSWFC|4642s|P17079
G4B_01795,4.63864,16.43688,0.0,0.0,LRGDEFL2B,tierB|vd=189+-74|z=0.547|ACSWFC|4560s|P--
G4B_01796,34.45248,-3.81677,0.0,0.0,LRGDEFL2B,tierB|vd=147+-44|z=0.420|ACSWFC|4142s|P17172
G4B_01797,322.39773,0.09922,0.0,0.0,LRGDEFL2B,tierB|vd=179+-38|z=0.237|ACSWFC|3933s|P--
G4B_01798,322.41720,0.09058,0.0,0.0,LRGDEFL2B,tierB|vd=161+-47|z=0.237|ACSWFC|3933s|P--
G4B_01799,194.46617,28.24832,0.0,0.0,LRGDEFL2B,tierB|vd=147+-44|z=0.445|WFC3UVIS|3872s|P--
G4B_01800,212.12696,54.34343,0.0,0.0,LRGDEFL2B,tierB|vd=145+-42|z=0.412|ACSWFC|3828s|P--
G4B_01801,158.70863,52.03272,0.0,0.0,LRGDEFL2B,tierB|vd=242+-63|z=0.519|ACSWFC|3725s|P12549
G4B_01802,169.62736,15.06577,0.0,0.0,LRGDEFL2B,tierB|vd=235+-60|z=0.495|ACSWFC|3525s|P--
G4B_01803,189.22616,13.06751,0.0,0.0,LRGDEFL2B,tierB|vd=215+-46|z=0.508|ACSWFC|3215s|P15654
G4B_01804,189.25470,13.07361,0.0,0.0,LRGDEFL2B,tierB|vd=162+-41|z=0.094|ACSWFC|3215s|P15654
G4B_01805,52.52864,-0.33773,0.0,0.0,LRGDEFL2B,tierB|vd=143+-48|z=0.449|ACSWFC|3174s|P--
G4B_01806,34.34707,2.00584,0.0,0.0,LRGDEFL2B,tierB|vd=144+-37|z=0.502|WFC3UVIS|3132s|P--
G4B_01807,169.64845,58.70643,0.0,0.0,LRGDEFL2B,tierB|vd=162+-34|z=0.491|ACSWFC|2900s|P11691
G4B_01808,211.32184,54.35406,0.0,0.0,LRGDEFL2B,tierB|vd=189+-46|z=0.521|WFC3UVIS|2896s|P13696
G4B_01809,167.58824,28.82050,0.0,0.0,LRGDEFL2B,tierB|vd=150+-33|z=0.337|ACSWFC|2705s|P17212
G4B_01810,138.85283,52.83091,0.0,0.0,LRGDEFL2B,tierB|vd=125+-49|z=0.296|WFC3UVIS|2700s|P15244
G4B_01811,167.82248,28.63534,0.0,0.0,LRGDEFL2B,tierB|vd=210+-44|z=0.517|ACSWFC|2674s|P17212
G4B_01812,137.17819,10.65022,0.0,0.0,LRGDEFL2B,tierB|vd=215+-52|z=0.502|WFC3UVIS|2520s|P--
G4B_01813,188.06595,7.38910,0.0,0.0,LRGDEFL2B,tierB|vd=177+-60|z=0.401|WFC3UVIS|2516s|P--
G4B_01814,319.60026,0.29150,0.0,0.0,LRGDEFL2B,tierB|vd=225+-62|z=0.459|WFC3UVIS|2508s|P12019
G4B_01815,171.32873,-1.75898,0.0,0.0,LRGDEFL2B,tierB|vd=125+-36|z=0.519|WFC3UVIS|2508s|P--
G4B_01816,181.63893,1.53886,0.0,0.0,LRGDEFL2B,tierB|vd=242+-49|z=0.522|ACSWFC|2486s|P--
G4B_01817,223.99896,57.05746,0.0,0.0,LRGDEFL2B,tierB|vd=151+-33|z=0.494|WFC3UVIS|2424s|P13003
G4B_01818,8.04345,18.13518,0.0,0.0,LRGDEFL2B,tierB|vd=210+-68|z=0.376|ACSWFC|2417s|P--
G4B_01819,216.48105,0.64829,0.0,0.0,LRGDEFL2B,tierB|vd=236+-93|z=0.531|WFC3UVIS|2400s|P13352
G4B_01820,194.11861,32.45825,0.0,0.0,LRGDEFL2B,tierB|vd=184+-50|z=0.523|WFC3UVIS|2400s|P--
G4B_01821,219.78282,12.13037,0.0,0.0,LRGDEFL2B,tierB|vd=174+-37|z=0.426|WFC3UVIS|2400s|P--
G4B_01822,194.83904,27.86656,0.0,0.0,LRGDEFL2B,tierB|vd=166+-43|z=0.516|ACSWFC|2396s|P14182
G4B_01823,194.88721,27.88428,0.0,0.0,LRGDEFL2B,tierB|vd=140+-38|z=0.461|ACSWFC|2396s|P14182
G4B_01824,329.48873,24.28584,0.0,0.0,LRGDEFL2B,tierB|vd=188+-38|z=0.524|WFC3UVIS|2340s|P--
G4B_01825,184.81433,50.91030,0.0,0.0,LRGDEFL2B,tierB|vd=198+-57|z=0.549|ACSWFC|2331s|P17114
G4B_01826,184.80005,50.93517,0.0,0.0,LRGDEFL2B,tierB|vd=191+-60|z=0.470|ACSWFC|2331s|P17114
G4B_01827,168.48049,14.71105,0.0,0.0,LRGDEFL2B,tierB|vd=157+-31|z=0.497|ACSWFC|2325s|P15282
G4B_01828,211.79439,55.01796,0.0,0.0,LRGDEFL2B,tierB|vd=123+-28|z=0.218|ACSWFC|2319s|P--
G4B_01829,130.28994,44.04631,0.0,0.0,LRGDEFL2B,tierB|vd=165+-35|z=0.423|ACSWFC|2304s|P--
G4B_01830,130.29813,44.01708,0.0,0.0,LRGDEFL2B,tierB|vd=134+-32|z=0.426|ACSWFC|2304s|P--
G4B_01831,259.27769,29.52685,0.0,0.0,LRGDEFL2B,tierB|vd=186+-38|z=0.276|ACSWFC|2286s|P15670
G4B_01832,130.73892,36.36159,0.0,0.0,LRGDEFL2B,tierB|vd=164+-36|z=0.281|ACSWFC|2255s|P--
G4B_01833,130.74006,36.36003,0.0,0.0,LRGDEFL2B,tierB|vd=147+-35|z=0.275|ACSWFC|2255s|P--
G4B_01834,197.74128,21.96689,0.0,0.0,LRGDEFL2B,tierB|vd=248+-61|z=0.436|ACSWFC|2250s|P15670
G4B_01835,189.43646,62.38440,0.0,0.0,LRGDEFL2B,tierB|vd=151+-46|z=0.413|ACSWFC|2236s|P12445
G4B_01836,218.09036,63.28786,0.0,0.0,LRGDEFL2B,tierB|vd=200+-45|z=0.549|ACSWFC|2200s|P--
G4B_01837,160.33972,6.15645,0.0,0.0,LRGDEFL2B,tierB|vd=135+-37|z=0.368|ACSWFC|2200s|P12975
G4B_01838,4.93049,26.15170,0.0,0.0,LRGDEFL2B,tierB|vd=132+-37|z=0.277|WFC3UVIS|2190s|P14268
G4B_01839,192.70895,41.19180,0.0,0.0,LRGDEFL2B,tierB|vd=143+-29|z=0.086|ACSWFC|2180s|P--
G4B_01840,32.36096,-4.65734,0.0,0.0,LRGDEFL2B,tierB|vd=137+-30|z=0.522|ACSWFC|2171s|P14660
G4B_01841,212.29003,27.89050,0.0,0.0,LRGDEFL2B,tierB|vd=171+-47|z=0.459|WFC3UVIS|2164s|P16846
G4B_01842,250.66319,39.57439,0.0,0.0,LRGDEFL2B,tierB|vd=186+-55|z=0.351|ACSWFC|2156s|P10152
G4B_01843,352.20830,14.86842,0.0,0.0,LRGDEFL2B,tierB|vd=172+-38|z=0.495|ACSWFC|2152s|P--
G4B_01844,169.35857,7.72693,0.0,0.0,LRGDEFL2B,tierB|vd=222+-54|z=0.486|ACSWFC|2148s|P10152
G4B_01845,326.51721,4.38523,0.0,0.0,LRGDEFL2B,tierB|vd=200+-46|z=0.531|ACSWFC|2148s|P10152
G4B_01846,150.00904,2.27499,0.0,0.0,LRGDEFL2B,tierB|vd=216+-49|z=0.473|ACSWFC|2130s|P12461
G4B_01847,214.39686,52.57657,0.0,0.0,LRGDEFL2B,tierB|vd=133+-32|z=0.482|ACSWFC|2100s|P10134
G4B_01848,39.95946,-8.19930,0.0,0.0,LRGDEFL2B,tierB|vd=168+-44|z=0.517|ACSWFC|2046s|P16912
G4B_01849,150.14794,2.31081,0.0,0.0,LRGDEFL2B,tierB|vd=250+-64|z=0.476|ACSWFC|2028s|P9822
G4B_01850,150.32211,1.64257,0.0,0.0,LRGDEFL2B,tierB|vd=246+-55|z=0.527|ACSWFC|2028s|P10092
G4B_01851,149.81193,2.62664,0.0,0.0,LRGDEFL2B,tierB|vd=243+-49|z=0.407|ACSWFC|2028s|P9822
G4B_01852,150.68601,2.32455,0.0,0.0,LRGDEFL2B,tierB|vd=241+-48|z=0.473|ACSWFC|2028s|P10092
G4B_01853,149.68793,2.47519,0.0,0.0,LRGDEFL2B,tierB|vd=237+-62|z=0.535|ACSWFC|2028s|P10092
G4B_01854,150.49952,2.26756,0.0,0.0,LRGDEFL2B,tierB|vd=236+-61|z=0.533|ACSWFC|2028s|P9822
G4B_01855,149.83738,2.77515,0.0,0.0,LRGDEFL2B,tierB|vd=225+-45|z=0.515|ACSWFC|2028s|P10092
G4B_01856,149.64257,2.72570,0.0,0.0,LRGDEFL2B,tierB|vd=218+-48|z=0.393|ACSWFC|2028s|P10092
G4B_01857,150.29338,1.90128,0.0,0.0,LRGDEFL2B,tierB|vd=214+-44|z=0.529|ACSWFC|2028s|P9822
G4B_01858,150.24827,2.51318,0.0,0.0,LRGDEFL2B,tierB|vd=203+-45|z=0.517|ACSWFC|2028s|P9822
G4B_01859,149.68883,2.49744,0.0,0.0,LRGDEFL2B,tierB|vd=189+-40|z=0.487|ACSWFC|2028s|P10092
G4B_01860,150.22448,2.51075,0.0,0.0,LRGDEFL2B,tierB|vd=179+-46|z=0.518|ACSWFC|2028s|P9822
G4B_01861,150.33094,2.42192,0.0,0.0,LRGDEFL2B,tierB|vd=167+-52|z=0.517|ACSWFC|2028s|P9822
G4B_01862,150.06087,2.74702,0.0,0.0,LRGDEFL2B,tierB|vd=161+-46|z=0.471|ACSWFC|2028s|P10092
G4B_01863,150.35200,2.21861,0.0,0.0,LRGDEFL2B,tierB|vd=153+-50|z=0.536|ACSWFC|2028s|P9822
G4B_01864,149.83967,1.92921,0.0,0.0,LRGDEFL2B,tierB|vd=152+-38|z=0.372|ACSWFC|2028s|P9822
G4B_01865,150.27967,1.69561,0.0,0.0,LRGDEFL2B,tierB|vd=148+-32|z=0.524|ACSWFC|2028s|P10092
G4B_01866,150.34338,2.01996,0.0,0.0,LRGDEFL2B,tierB|vd=143+-34|z=0.425|ACSWFC|2028s|P9822
G4B_01867,150.19391,2.55128,0.0,0.0,LRGDEFL2B,tierB|vd=139+-37|z=0.107|ACSWFC|2028s|P9822
G4B_01868,149.79882,1.97809,0.0,0.0,LRGDEFL2B,tierB|vd=137+-35|z=0.526|ACSWFC|2028s|P9822
G4B_01869,150.41148,2.35743,0.0,0.0,LRGDEFL2B,tierB|vd=135+-31|z=0.373|ACSWFC|2028s|P9822
G4B_01870,37.18700,0.40616,0.0,0.0,LRGDEFL2B,tierB|vd=136+-31|z=0.138|ACSWFC|2020s|P--
G4B_01871,187.28576,21.97143,0.0,0.0,LRGDEFL2B,tierB|vd=208+-48|z=0.533|WFC3UVIS|2000s|P17710
G4B_01872,195.24995,27.83701,0.0,0.0,LRGDEFL2B,tierB|vd=134+-30|z=0.539|WFC3UVIS|2000s|P--
G4B_01873,8.39194,2.71433,0.0,0.0,LRGDEFL2B,tierB|vd=187+-49|z=0.462|WFC3UVIS|1900s|P14170
G4B_01874,170.58789,5.90899,0.0,0.0,LRGDEFL2B,tierB|vd=220+-63|z=0.548|WFC3UVIS|1870s|P17481
G4B_01875,161.28335,21.52695,0.0,0.0,LRGDEFL2B,tierB|vd=179+-51|z=0.507|ACSWFC|1868s|P9405
G4B_01876,215.80527,0.02424,0.0,0.0,LRGDEFL2B,tierB|vd=168+-44|z=0.189|WFC3UVIS|1800s|P13074
G4B_01877,194.78727,28.19985,0.0,0.0,LRGDEFL2B,tierB|vd=167+-37|z=0.517|ACSWFC|1790s|P--
G4B_01878,178.85448,63.76109,0.0,0.0,LRGDEFL2B,tierB|vd=209+-48|z=0.512|ACSWFC|1788s|P--
G4B_01879,2.01108,-0.05352,0.0,0.0,LRGDEFL2B,tierB|vd=121+-44|z=0.546|ACSWFC|1566s|P--
G4B_01880,34.27618,-5.14426,0.0,0.0,LRGDEFL2B,tierB|vd=165+-36|z=0.259|ACSWFC|1532s|P12064
G4B_01881,194.52735,47.05711,0.0,0.0,LRGDEFL2B,tierB|vd=213+-58|z=0.336|ACSWFC|1440s|P12166
G4B_01882,214.81800,53.43791,0.0,0.0,LRGDEFL2B,tierB|vd=204+-41|z=0.371|ACSWFC|1440s|P10626
G4B_01883,187.67452,13.06354,0.0,0.0,LRGDEFL2B,tierB|vd=191+-41|z=0.348|ACSWFC|1440s|P17510
G4B_01884,349.22487,-0.18788,0.0,0.0,LRGDEFL2B,tierB|vd=175+-36|z=0.549|ACSWFC|1440s|P--
G4B_01885,245.34394,38.15693,0.0,0.0,LRGDEFL2B,tierB|vd=171+-68|z=0.473|ACSWFC|1440s|P12166
G4B_01886,223.23296,58.05049,0.0,0.0,LRGDEFL2B,tierB|vd=164+-46|z=0.327|ACSWFC|1440s|P12166
G4B_01887,171.14020,43.87999,0.0,0.0,LRGDEFL2B,tierB|vd=160+-34|z=0.367|ACSWFC|1440s|P12884
G4B_01888,171.11807,43.84383,0.0,0.0,LRGDEFL2B,tierB|vd=149+-34|z=0.372|ACSWFC|1440s|P12884
G4B_01889,245.33987,38.17649,0.0,0.0,LRGDEFL2B,tierB|vd=144+-41|z=0.463|ACSWFC|1440s|P12166
G4B_01890,8.72109,2.54601,0.0,0.0,LRGDEFL2B,tierB|vd=128+-41|z=0.386|ACSWFC|1440s|P12884
G4B_01891,17.54722,32.19896,0.0,0.0,LRGDEFL2B,tierB|vd=123+-30|z=0.334|ACSWFC|1440s|P--
G4B_01892,192.78108,29.60493,0.0,0.0,LRGDEFL2B,tierB|vd=164+-35|z=0.530|WFC3UVIS|1428s|P--
G4B_01893,214.81237,52.68779,0.0,0.0,LRGDEFL2B,tierB|vd=162+-39|z=0.263|ACSWFC|1300s|P12547
G4B_01894,214.80445,52.98767,0.0,0.0,LRGDEFL2B,tierB|vd=146+-33|z=0.451|ACSWFC|1300s|P12547
G4B_01895,189.15515,-0.43544,0.0,0.0,LRGDEFL2B,tierB|vd=135+-49|z=0.303|WFC3UVIS|1262s|P18061
G4B_01896,121.19080,53.43259,0.0,0.0,LRGDEFL2B,tierB|vd=247+-60|z=0.516|ACSWFC|1200s|P15132
G4B_01897,350.27210,29.18364,0.0,0.0,LRGDEFL2B,tierB|vd=244+-58|z=0.492|ACSWFC|1200s|P16670
G4B_01898,247.77410,15.49274,0.0,0.0,LRGDEFL2B,tierB|vd=240+-50|z=0.513|ACSWFC|1200s|P14098
G4B_01899,168.82634,53.33651,0.0,0.0,LRGDEFL2B,tierB|vd=233+-47|z=0.474|ACSWFC|1200s|P10875
G4B_01900,162.66196,35.82718,0.0,0.0,LRGDEFL2B,tierB|vd=229+-73|z=0.503|ACSWFC|1200s|P15843
G4B_01901,157.64654,51.54225,0.0,0.0,LRGDEFL2B,tierB|vd=220+-76|z=0.518|ACSWFC|1200s|P13671
G4B_01902,220.80319,1.03461,0.0,0.0,LRGDEFL2B,tierB|vd=219+-49|z=0.532|ACSWFC|1200s|P--
G4B_01903,350.24917,29.21693,0.0,0.0,LRGDEFL2B,tierB|vd=219+-47|z=0.477|ACSWFC|1200s|P16670
G4B_01904,132.54363,36.07542,0.0,0.0,LRGDEFL2B,tierB|vd=211+-74|z=0.379|ACSWFC|1200s|P15843
G4B_01905,160.65159,17.59091,0.0,0.0,LRGDEFL2B,tierB|vd=205+-42|z=0.443|ACSWFC|1200s|P16670
G4B_01906,162.63321,10.52927,0.0,0.0,LRGDEFL2B,tierB|vd=201+-43|z=0.460|ACSWFC|1200s|P15279
G4B_01907,238.74903,36.48270,0.0,0.0,LRGDEFL2B,tierB|vd=196+-52|z=0.463|ACSWFC|1200s|P--
G4B_01908,7.63719,26.30183,0.0,0.0,LRGDEFL2B,tierB|vd=196+-47|z=0.497|ACSWFC|1200s|P14098
G4B_01909,176.97169,51.27087,0.0,0.0,LRGDEFL2B,tierB|vd=186+-60|z=0.426|ACSWFC|1200s|P15132
G4B_01910,177.04283,51.28240,0.0,0.0,LRGDEFL2B,tierB|vd=184+-43|z=0.329|ACSWFC|1200s|P15132
G4B_01911,227.04970,57.90038,0.0,0.0,LRGDEFL2B,tierB|vd=181+-61|z=0.539|ACSWFC|1200s|P14098
G4B_01912,350.27483,29.21642,0.0,0.0,LRGDEFL2B,tierB|vd=177+-41|z=0.499|ACSWFC|1200s|P16670
G4B_01913,350.24815,29.19739,0.0,0.0,LRGDEFL2B,tierB|vd=171+-47|z=0.482|ACSWFC|1200s|P16670
G4B_01914,115.76901,50.02566,0.0,0.0,LRGDEFL2B,tierB|vd=171+-40|z=0.340|ACSWFC|1200s|P15132
G4B_01915,121.48277,15.10078,0.0,0.0,LRGDEFL2B,tierB|vd=159+-49|z=0.451|ACSWFC|1200s|P15279
G4B_01916,225.34906,42.36384,0.0,0.0,LRGDEFL2B,tierB|vd=159+-44|z=0.284|ACSWFC|1200s|P16670
G4B_01917,227.09038,57.91645,0.0,0.0,LRGDEFL2B,tierB|vd=156+-33|z=0.540|ACSWFC|1200s|P14098
G4B_01918,168.84606,53.32973,0.0,0.0,LRGDEFL2B,tierB|vd=153+-37|z=0.470|ACSWFC|1200s|P10875
G4B_01919,132.55738,36.08110,0.0,0.0,LRGDEFL2B,tierB|vd=143+-42|z=0.383|ACSWFC|1200s|P15843
G4B_01920,226.04502,-2.82254,0.0,0.0,LRGDEFL2B,tierB|vd=138+-38|z=0.416|ACSWFC|1200s|P16670
G4B_01921,241.59854,7.30203,0.0,0.0,LRGDEFL2B,tierB|vd=137+-31|z=0.480|ACSWFC|1200s|P--
G4B_01922,177.36083,22.34581,0.0,0.0,LRGDEFL2B,tierB|vd=164+-37|z=0.544|ACSWFC|1179s|P15117
G4B_01923,177.38813,22.34425,0.0,0.0,LRGDEFL2B,tierB|vd=149+-41|z=0.543|ACSWFC|1179s|P15117
G4B_01924,163.45471,51.85837,0.0,0.0,LRGDEFL2B,tierB|vd=192+-41|z=0.496|WFC3UVIS|1160s|P17147
G4B_01925,138.83164,42.21506,0.0,0.0,LRGDEFL2B,tierB|vd=195+-54|z=0.534|ACSWFC|1140s|P12292
G4B_01926,212.78958,53.93489,0.0,0.0,LRGDEFL2B,tierB|vd=217+-75|z=0.363|ACSWFC|1122s|P--
G4B_01927,142.56286,28.91616,0.0,0.0,LRGDEFL2B,tierB|vd=172+-41|z=0.457|ACSWFC|1086s|P--
G4B_01928,183.47206,7.19387,0.0,0.0,LRGDEFL2B,tierB|vd=136+-39|z=0.448|WFC3UVIS|1081s|P--
G4B_01929,210.72014,54.43663,0.0,0.0,LRGDEFL2B,tierB|vd=196+-40|z=0.101|ACSWFC|1080s|P9492
G4B_01930,20.42483,26.39584,0.0,0.0,LRGDEFL2B,tierB|vd=136+-40|z=0.462|ACSWFC|1070s|P17316
G4B_01931,351.67911,-0.08080,0.0,0.0,LRGDEFL2B,tierB|vd=180+-52|z=0.310|ACSWFC|1010s|P10532
G4B_01932,170.61106,5.84262,0.0,0.0,LRGDEFL2B,tierB|vd=212+-51|z=0.534|ACSWFC|1007s|P17481
G4B_01933,140.84411,29.75711,0.0,0.0,LRGDEFL2B,tierB|vd=200+-41|z=0.458|WFC3UVIS|1000s|P--
G4B_01934,251.83567,44.69983,0.0,0.0,LRGDEFL2B,tierB|vd=155+-35|z=0.485|WFC3UVIS|1000s|P--
G4B_01935,8.06400,18.14733,0.0,0.0,LRGDEFL2B,tierB|vd=177+-58|z=0.374|ACSWFC|977s|P14096
G4B_01936,8.07026,18.13697,0.0,0.0,LRGDEFL2B,tierB|vd=163+-36|z=0.371|ACSWFC|977s|P14096
G4B_01937,136.14115,55.61509,0.0,0.0,LRGDEFL2B,tierB|vd=249+-59|z=0.490|WFC3UVIS|960s|P--
G4B_01938,198.72309,42.30303,0.0,0.0,LRGDEFL2B,tierB|vd=208+-50|z=0.534|ACSWFC|960s|P14606
G4B_01939,25.54641,-0.86164,0.0,0.0,LRGDEFL2B,tierB|vd=198+-42|z=0.399|WFC3UVIS|909s|P--
G4B_01940,31.55175,-0.27766,0.0,0.0,LRGDEFL2B,tierB|vd=173+-35|z=0.315|WFC3UVIS|840s|P15215
G4B_01941,319.25394,0.19634,0.0,0.0,LRGDEFL2B,tierB|vd=164+-34|z=0.509|ACSWFC|830s|P--
G4B_01942,20.06305,14.74858,0.0,0.0,LRGDEFL2B,tierB|vd=159+-36|z=0.262|ACSWFC|830s|P13695
G4B_01943,319.26818,0.18545,0.0,0.0,LRGDEFL2B,tierB|vd=138+-32|z=0.215|ACSWFC|830s|P--
G4B_01944,140.94749,-1.35731,0.0,0.0,LRGDEFL2B,tierB|vd=123+-35|z=0.421|ACSWFC|830s|P--
G4B_01945,138.21752,60.00712,0.0,0.0,LRGDEFL2B,tierB|vd=200+-42|z=0.437|ACSWFC|824s|P--
G4B_01946,214.07324,36.41403,0.0,0.0,LRGDEFL2B,tierB|vd=163+-48|z=0.471|ACSWFC|824s|P16711
G4B_01947,159.59003,47.70504,0.0,0.0,LRGDEFL2B,tierB|vd=225+-54|z=0.233|ACSWFC|780s|P--
G4B_01948,147.00405,0.82528,0.0,0.0,LRGDEFL2B,tierB|vd=178+-41|z=0.519|WFC3UVIS|780s|P16239
G4B_01949,24.82638,1.13993,0.0,0.0,LRGDEFL2B,tierB|vd=158+-35|z=0.261|ACSWFC|778s|P15643
G4B_01950,169.19775,55.61878,0.0,0.0,LRGDEFL2B,tierB|vd=222+-78|z=0.403|ACSWFC|750s|P17797
G4B_01951,200.13457,34.15119,0.0,0.0,LRGDEFL2B,tierB|vd=248+-53|z=0.347|ACSWFC|740s|P10592
G4B_01952,184.71628,4.78088,0.0,0.0,LRGDEFL2B,tierB|vd=168+-42|z=0.505|WFC3UVIS|736s|P--
G4B_01953,184.49820,37.87962,0.0,0.0,LRGDEFL2B,tierB|vd=170+-45|z=0.460|ACSWFC|730s|P10523
G4B_01954,138.97563,29.44603,0.0,0.0,LRGDEFL2B,tierB|vd=194+-43|z=0.492|WFC3UVIS|700s|P--
G4B_01955,237.49268,7.01233,0.0,0.0,LRGDEFL2B,tierB|vd=167+-34|z=0.509|WFC3UVIS|700s|P--
G4B_01956,237.49048,7.01671,0.0,0.0,LRGDEFL2B,tierB|vd=149+-37|z=0.500|WFC3UVIS|700s|P--
G4B_01957,138.38590,0.62871,0.0,0.0,LRGDEFL2B,tierB|vd=160+-36|z=0.503|WFC3UVIS|696s|P18085
G4B_01958,208.06555,33.83514,0.0,0.0,LRGDEFL2B,tierB|vd=159+-39|z=0.543|WFC3UVIS|696s|P18085
G4B_01959,13.16591,35.11082,0.0,0.0,LRGDEFL2B,tierB|vd=180+-45|z=0.486|WFC3UVIS|680s|P17158
G4B_01960,337.42522,0.51518,0.0,0.0,LRGDEFL2B,tierB|vd=244+-63|z=0.523|ACSWFC|674s|P17308
G4B_01961,30.99769,16.20213,0.0,0.0,LRGDEFL2B,tierB|vd=237+-69|z=0.488|ACSWFC|674s|P17308
G4B_01962,217.04763,53.25398,0.0,0.0,LRGDEFL2B,tierB|vd=214+-77|z=0.203|ACSWFC|674s|P--
G4B_01963,191.68757,54.52671,0.0,0.0,LRGDEFL2B,tierB|vd=183+-51|z=0.077|ACSWFC|674s|P15444
G4B_01964,156.59966,12.74204,0.0,0.0,LRGDEFL2B,tierB|vd=210+-46|z=0.533|WFC3UVIS|641s|P--
G4B_01965,154.07404,37.91846,0.0,0.0,LRGDEFL2B,tierB|vd=240+-53|z=0.505|WFC3UVIS|580s|P12018
G4B_01966,122.98550,47.50226,0.0,0.0,LRGDEFL2B,tierB|vd=172+-39|z=0.543|WFC3UVIS|554s|P17826
G4B_01967,150.09896,2.54475,0.0,0.0,LRGDEFL2B,tierB|vd=241+-62|z=0.351|ACSWFC|480s|P12328
G4B_01968,186.46351,65.00680,0.0,0.0,LRGDEFL2B,tierB|vd=199+-41|z=0.512|ACSWFC|450s|P15170
G4B_01969,202.04784,1.95094,0.0,0.0,LRGDEFL2B,tierB|vd=235+-47|z=0.519|ACSWFC|420s|P12210
G4B_01970,118.52479,42.05133,0.0,0.0,LRGDEFL2B,tierB|vd=205+-46|z=0.368|ACSWFC|420s|P--
G4B_01971,152.39026,1.88723,0.0,0.0,LRGDEFL2B,tierB|vd=189+-48|z=0.509|ACSWFC|420s|P12210
G4B_01972,194.61094,37.05676,0.0,0.0,LRGDEFL2B,tierB|vd=148+-39|z=0.422|ACSWFC|420s|P12210
G4B_01973,140.21141,30.45274,0.0,0.0,LRGDEFL2B,tierB|vd=145+-29|z=0.299|ACSWFC|420s|P12210
G4B_01974,11.01407,1.24258,0.0,0.0,LRGDEFL2B,tierB|vd=130+-37|z=0.345|ACSWFC|420s|P10587
G4B_01975,183.24982,29.48775,0.0,0.0,LRGDEFL2B,tierB|vd=127+-28|z=0.540|ACSWFC|420s|P12210
G4B_01976,157.90720,5.66738,0.0,0.0,LRGDEFL2B,tierB|vd=243+-59|z=0.508|WFC3UVIS|300s|P14649
G4B_01977,152.18398,51.38157,0.0,0.0,LRGDEFL2B,tierB|vd=168+-37|z=0.530|WFC3UVIS|300s|P--
G4B_01978,20.00782,6.59360,0.0,0.0,LRGDEFL2B,tierB|vd=250+-59|z=0.532|WFC3UVIS|242s|P15648
G4B_01979,12.44278,6.11370,0.0,0.0,LRGDEFL2B,tierB|vd=226+-51|z=0.280|WFC3UVIS|242s|P15648
G4B_01980,13.16664,8.23540,0.0,0.0,LRGDEFL2B,tierB|vd=179+-43|z=0.376|WFC3UVIS|242s|P15648
G4B_01981,150.35140,2.75232,0.0,0.0,LRGDEFL2B,tierB|vd=172+-37|z=0.464|ACSWFC|156s|P17091
