,id_str,einstein_radius_effective_max_lh,einstein_radius_effective_median_pdf,einstein_radius_effective_lower_1_sigma,einstein_radius_effective_upper_1_sigma,einstein_radius_effective_lower_3_sigma,einstein_radius_effective_upper_3_sigma,centre_0_max_lh,centre_0_median_pdf,centre_0_lower_3_sigma,centre_0_upper_3_sigma,centre_0_lower_1_sigma,centre_0_upper_1_sigma,centre_1_max_lh,centre_1_median_pdf,centre_1_lower_3_sigma,centre_1_upper_3_sigma,centre_1_lower_1_sigma,centre_1_upper_1_sigma,ell_comps_0_max_lh,ell_comps_0_median_pdf,ell_comps_0_lower_3_sigma,ell_comps_0_upper_3_sigma,ell_comps_0_lower_1_sigma,ell_comps_0_upper_1_sigma,ell_comps_1_max_lh,ell_comps_1_median_pdf,ell_comps_1_lower_3_sigma,ell_comps_1_upper_3_sigma,ell_comps_1_lower_1_sigma,ell_comps_1_upper_1_sigma,einstein_radius_max_lh,einstein_radius_median_pdf,einstein_radius_lower_3_sigma,einstein_radius_upper_3_sigma,einstein_radius_lower_1_sigma,einstein_radius_upper_1_sigma,shear_gamma_1_max_lh,shear_gamma_1_median_pdf,shear_gamma_1_lower_3_sigma,shear_gamma_1_upper_3_sigma,shear_gamma_1_lower_1_sigma,shear_gamma_1_upper_1_sigma,shear_gamma_2_max_lh,shear_gamma_2_median_pdf,shear_gamma_2_lower_3_sigma,shear_gamma_2_upper_3_sigma,shear_gamma_2_lower_1_sigma,shear_gamma_2_upper_1_sigma
0,102018665_NEG570040238507752998,0.8531238144562217,0.8202370463906674,0.7908560156471266,0.851181644065209,0.773844485816361,0.8594493666594912,-0.0965279096964988,-0.08017938701481747,-0.15203599014939603,0.009244981197764944,-0.10628147367869048,-0.05145674014974852,-0.08195541740078155,-0.08275449537389898,-0.15947381838255606,-0.00949718958321928,-0.1074131938271256,-0.05455346171290062,-0.12416592408648311,-0.06474016664581471,-0.23247044622525964,0.19748378981659803,-0.12628591980221635,0.016149501600766152,-0.2762124567567959,-0.19102423114943134,-0.3979737681568694,0.049065728986972104,-0.2576222063378794,-0.08131683229426115,0.9078632618660292,0.8487810169699187,0.7576249141641066,0.9354548864269742,0.80453116712058,0.8937399611539193,-0.1728769204664,-0.11416729380901273,-0.21562053734933548,0.026463740853176244,-0.16177747703891948,-0.05213563770723948,-0.02827145040099,0.007413510576963832,-0.09068801534804952,0.12994354212034856,-0.026798455043903113,0.06111620873372015
1,102018665_NEG576731213511114485,0.9878524530055169,0.9880561311898808,0.9835738732900778,0.994457877956235,0.9738080405792601,1.0011427966126836,-0.053157048558267486,-0.04972975760053689,-0.0828751644570281,-0.023532689442779985,-0.059055836175062305,-0.041943437869723696,-0.03096887363088236,-0.054427220876848086,-0.08794553742791342,-0.008320989434940473,-0.06373101780326107,-0.03786920601407144,-0.1372027493228672,-0.1480715182149044,-0.2309529397527085,-0.058928122230349676,-0.1677770694525568,-0.12749476439902171,0.2412308902138452,0.2503394834846943,0.15811286730894852,0.3261252844956366,0.22851005136038113,0.26899945351121346,1.0429162088418324,1.0502292740383743,1.0062843951353535,1.1097079565348176,1.0378208254077572,1.0616029118059869,0.13713584873379,0.13838944765225467,0.07829313955476484,0.17901409530381449,0.12574839111967961,0.1485894716021473,-0.05959004981982,-0.06263132131179551,-0.10317599294169313,-0.019011857735100106,-0.07283141672093822,-0.05168663570777813
2,102018666_NEG579859279508531437,1.510349583356288,1.5144145230183548,1.5096621816318183,1.518702935265701,1.49863763492494,1.5343379009599192,-0.033898309718420366,-0.0540471458595079,-0.08370580872948895,-0.016801529992934515,-0.06336179823724203,-0.04126679501543663,0.022447417966706337,0.04080679367085725,-0.01099753800647854,0.10253457349766754,0.026836813437357374,0.0545175605858284,0.23490273459459268,0.28599871534579996,0.2080585494875646,0.4127789892051421,0.257371665741736,0.32253781170356766,-0.06324979810802596,-0.04084918484105945,-0.08897706040723598,0.012968464785833501,-0.055539869853028445,-0.029641336917770916,1.5511158115290842,1.5824456852899351,1.5257458913622244,1.7088250774787381,1.5605556515453889,1.6123265239853142,-0.08308584474291,-0.07069374853549219,-0.09993850164941631,-0.03452136265210699,-0.07869140532192481,-0.06289441990539564,-0.0028025123644,0.010480754602706744,-0.028562500225282568,0.05475012204305163,-0.00017141513053943499,0.02348930786182788
3,102018667_NEG587746535508057234,0.8886850961438545,0.8832301849047004,0.8707089841767625,0.8927654598568688,0.8707089841767625,0.8995025593001569,0.10671617777001158,0.102090499749944,0.08074565705682456,0.11149253123821204,0.09786463770924074,0.10292857275181644,0.03753537860799254,0.03497152321919239,0.014385617716839027,0.04813197604423646,0.023438348642221288,0.03767693075531856,-0.05919989373325536,-0.024684588080892064,-0.10962519586360162,0.0016150893125943572,-0.07814648832888621,-0.01997975654487203,0.017597463921869658,0.00994759547169916,-0.019198000320234884,0.05547590031870263,0.007074980461831407,0.032991742117491805,0.8839897099527846,0.8799555493695171,0.8667158644133746,0.9020588238178087,0.8667269287722226,0.8907411530668107,0.00038086382913,-0.005691151748957319,-0.020032600912586285,0.030899953980063302,-0.007490157047692054,0.011127479522719126,-0.10461483209145,-0.0753697278271663,-0.13755253004951418,-0.06219640655489876,-0.11637706725746207,-0.07179742828847097
4,102018668_NEG595646727509469177,0.4533412958747309,0.45649401330026385,0.45086837041354205,0.46299337497906723,0.4461390428114555,0.4683137835748279,0.13363647682824792,0.13710007950855824,0.0881049965641143,0.17320613860384704,0.12455517152179921,0.14691318680285556,0.11091434398285165,0.11677574997250534,0.08366090153384743,0.15085414863650973,0.10727146138739471,0.12771021900143437,0.16939028420812627,0.16164843091189826,0.06742670623696745,0.2491501159621551,0.13758510644930816,0.18652861099746898,0.026729958370463186,0.041837642390699654,-0.030467311089646357,0.12281634740595791,0.01807625720755442,0.06817779360818513,0.463132851147163,0.465412211192004,0.45108771548526216,0.4850724001994412,0.461061991673097,0.4712413107185974,0.02550349619598,0.04087622637589988,0.01171391512667327,0.08265136536764905,0.028078896275585415,0.05361442878807447,0.08653573803338,0.07811280030072132,0.023649087858298314,0.12773586689357933,0.0620400472471321,0.09394063039054204
5,102019123_NEG564667438505382529,1.6397076763933678,1.640759151954946,1.6361890944346371,1.645372884485278,1.6256896547325845,1.6560121536982515,0.03283309393392626,0.035308387712239805,-0.006707165764880295,0.08349239107198615,0.02106851068839923,0.04998559440576135,0.04378181922935405,0.04192331536849512,-0.02900006494673238,0.0842407177624965,0.026185639526967286,0.05509056027625478,0.1269474037798237,0.1268363331003401,0.005684663015123481,0.21852833985851375,0.09934321436197628,0.1510110122236416,-0.10861795335136872,-0.10104549828629884,-0.1531993205295849,-0.010011928195742429,-0.12270859922290009,-0.07492371986956081,1.6577624700001004,1.6566806832559229,1.6199222019928812,1.7054898991783323,1.6439224094179863,1.6711008973110932,-0.05329233332425,-0.04834802089475111,-0.07902469102755319,0.006096432106813147,-0.0618822124754433,-0.03339425871601455,-0.03300390115205,-0.031493814701545275,-0.09109686469839191,0.004672074461073943,-0.04221308073886043,-0.021000568339965348
6,102019123_NEG567245233502945885,0.6753564212760098,0.6759267758349676,0.6689418654184619,0.6829730099836406,0.6594330061453937,0.7012611017388923,-0.1455608102031817,-0.15189762607276128,-0.17993582107395859,-0.12168338138018824,-0.16074201162127433,-0.14217607841757238,-0.01073866090723269,-0.008486478163229614,-0.03158570329805555,0.027033433277506548,-0.014571063552129566,0.0012305007739121378,-0.0752065039553612,-0.06942167576226242,-0.27182123719129414,0.09466345601161721,-0.12113144709840855,-0.00862104078034986,-0.08300823330377169,-0.08198956597254359,-0.22045740653841064,0.06557626256900699,-0.12796363383258547,-0.027446232525256766,0.6762955595340002,0.6759902710726957,0.6560333196381232,0.7255133822195688,0.6686566176651718,0.6838427102910573,-0.00342623772299,-0.0033284069688257426,-0.07502000665204316,0.07845583969645599,-0.029284977566262856,0.03274746242389699,0.04433518728649,0.050939712476683656,-0.050673628814411606,0.12115978312843538,0.023596716674319992,0.08009603883416326
7,102019125_NEG586359480506090347,,,,,,,,,,,,,,,,,,,,,,,,,,,,,,,,,,,,,,,,,,,,,,,,
8,102019126_NEG589666030505609975,0.5874257074571011,0.5851859161639434,0.5762060163813901,0.5961807194460566,0.5606910093052518,0.6122393463798153,0.07606690031603539,0.0908206014566758,0.03992138545853176,0.1386011862182788,0.07203109455793681,0.10884424471838076,-0.04026710669463633,-0.003536065396457285,-0.04929826771906715,0.049366088280267714,-0.02860517002692653,0.011792084754885636,0.34281807997487784,0.30149201564521866,0.0774416373807233,0.4539918332899363,0.2099826933690581,0.3772014290280613,-0.1651519435225488,-0.16397308704679736,-0.33601633215461146,0.016555077961571463,-0.21980763840051648,-0.11273601857998872,0.5959303863330226,0.6005450595042254,0.50551316179264,0.6896756889363184,0.5616582689466828,0.6390115961447498,-0.17530724989171,-0.15892970095423617,-0.23744187497929606,-0.07494692490534713,-0.18130305279719383,-0.1283106617245094,-0.11468865401292,-0.09643423182607853,-0.22481618970546455,-0.005090150697318598,-0.14877930147708088,-0.04657951941709697
9,102019127_NEG596525941504553950,0.6751861634228103,0.6782040853665294,0.6541068860946212,0.6896752912833211,0.6129083406216352,0.7117366670822824,-0.023892001169229106,-0.010521214806702737,-0.058948827820095494,0.060060833422312776,-0.029496713955608794,0.009947817749239484,0.0778838338692512,0.05089820624261691,-0.06396495292892455,0.13281533381753408,0.02108275858690388,0.07771948669353616,-0.16599433069815295,-0.1370272459961629,-0.27409251931578293,0.11196009847962034,-0.18566533864442278,-0.07322658129400207,0.161511807941616,0.19186352432209205,0.07216692964956439,0.4163823270571247,0.1480520029944204,0.25351654251678485,0.6965664828464255,0.7015530425491207,0.6285116288668686,0.7639436056705512,0.6777605362885972,0.7244742957928915,-0.00442669244255,0.026400380177703787,-0.04240375588850397,0.17694717742995644,-0.00010936977652028909,0.0657864145088918,-0.10453081233459,-0.09865694756317048,-0.15694847475379511,0.016127377401314362,-0.11961811347357626,-0.06905741525041904
10,102019127_NEG598523367504401932,1.2396052464418956,1.2261748498050409,1.2236461433655628,1.2322058901031214,1.2223529058610838,1.2432095121659468,0.10555524240926702,0.10269570827281,0.09941829149563178,0.11153721237195592,0.10182421738023734,0.10887520965131572,-0.03445295019803672,-0.03410079296033406,-0.04155392789328519,-0.02265817809784255,-0.03735641042333955,-0.03187734510893704,-0.1740045998628217,-0.17779462952313788,-0.182264338382421,-0.1475868779338631,-0.17993908781902948,-0.15752001033093033,0.5460264844466529,0.514460917353489,0.49912015652249136,0.5547873972320612,0.507362117923907,0.528270154199926,1.464211273753027,1.4031260805397494,1.37356926734138,1.4819625062200084,1.3913261105103598,1.422844857176235,-0.05807634992356,-0.07303765214236743,-0.07992560712936507,-0.05407909498414672,-0.07644747584814757,-0.06726382417193309,-0.12568191129702,-0.127595321783582,-0.13185993112577862,-0.11518512321911399,-0.12865548665016993,-0.11918940046521241
11,102019128_NEG607555025503027911,1.0676032660735633,1.0657466541225178,1.0635299970294243,1.067687686119235,1.0570574691069226,1.0758570371889404,-0.02226745095789299,-0.022623390086435633,-0.03801225533473657,0.0018125311004648086,-0.029756202266738377,-0.013364640898260149,0.041578232342593474,0.04012550930228027,-0.002214853036874579,0.054781649073664694,0.023633326716671343,0.04810839354220652,0.11015188159085222,0.11026063958269686,0.07356897072141674,0.13152339617319755,0.09740519563429809,0.12182779531945824,0.12774374767859734,0.13357982137320612,0.11777945197753456,0.19636526945343802,0.12722141728668734,0.15473498031825986,1.0869790492796882,1.0867468505620845,1.0786018954997456,1.1112144029635276,1.0829651200570594,1.0961696267243868,0.03698508927324,0.039500079565483986,0.025502621134151984,0.06391973422895685,0.036761246361298835,0.0477670737056344,0.08563118786879,0.08480323026783679,0.0601671657082841,0.10194337195061903,0.07573380011395661,0.09297603980277687
12,102019128_NEG608928997504779012,0.7009399856103938,0.6957549603625836,0.6891122262690553,0.7026367827769839,0.679256755886868,0.7075057783755562,-0.08201403967667573,-0.08036851090124521,-0.10145859399125727,-0.035387558527669144,-0.08897707872972001,-0.07197079639542042,0.061606289426022684,0.058681291574903496,0.016035141661265902,0.08600912901442452,0.049118650422302304,0.06707748999601257,-0.11101506210391239,-0.11331960482763585,-0.2258852338480342,-0.04315854037109437,-0.1462257811682257,-0.09679921303911093,0.16049147858875779,0.14687052110829601,0.04993392619150543,0.1923971401742535,0.13109988559602365,0.16273595060883392,0.7168660825354062,0.7127409550128903,0.6969311182025422,0.7263387320353886,0.7078369187916222,0.7165227509407257,0.11311763252986,0.10290785197155457,0.04393118206336403,0.13665635639975318,0.09185818947298212,0.11594538716436294,-0.08622622059155,-0.09040688251107155,-0.1661274453685536,-0.040044940469982165,-0.11427831362216774,-0.07917276772046992
13,102019129_NEG617672661504204895,0.8470881632349596,0.8331855487831552,0.8138478342651516,0.8484378247771119,0.787918235633223,0.8625716596338381,0.11046044260000751,0.10686759529434632,0.02009083525089424,0.17323202198864776,0.08830944575123995,0.1265462906269756,0.02943170575169336,0.030685208638593114,-0.013224582559399647,0.07388075986664726,0.01289117028380318,0.04806567625247587,-0.1956380369647664,-0.1690528487829661,-0.3845482986183592,-0.0022317563954807836,-0.21460267068500818,-0.11717358756284908,-0.23844193055628407,-0.22646860939253546,-0.42306940430579176,-0.051777173602814426,-0.3001040446825921,-0.1665918289524032,0.8823030271745439,0.8573211514150896,0.76911975288782,0.9782599035232381,0.8298214397564715,0.8993664902997155,-0.2076747362779,-0.2124295685216655,-0.2857659159781527,-0.14269939085255312,-0.2398802556669018,-0.18828514445384426,-0.17853501467806,-0.1639247966617797,-0.2062511347291091,-0.04363293899897477,-0.18014716406982703,-0.13805332719732338
14,102019131_NEG626148898503257561,1.0913179568846474,1.088179578056466,1.0791623440555436,1.094737178299257,1.0736865893934635,1.1061328596014834,-0.053376097104801616,-0.07706462929670388,-0.14259123458347484,-0.04485542658615928,-0.10197742673670285,-0.06138982451079599,0.1508119808837172,0.14969748036408628,0.09236953910709333,0.17042007308324275,0.13647271912283013,0.15901320268451363,-0.03619291410652703,-0.03197638877312515,-0.24731398393067963,0.04720464538516959,-0.04519151275065023,0.008602911176206415,-0.002589583979994592,0.012891903989631848,-0.02088802927279161,0.27208809011816193,-0.003203324298678592,0.05643299045570903,1.0923607099454755,1.0895154837824141,1.0711602473517838,1.2494198048283884,1.0816158021958695,1.0956849599373608,-0.01309064832115,-0.010355691300327914,-0.02783084341497126,0.12601318326626657,-0.017560004005445592,0.005494694274136537,-0.0157766884345,-0.006796131047358807,-0.09428917254421247,0.025800264345757877,-0.017996804453612094,0.006897567098411562
15,102019586_NEG564463213499964061,1.1506170686303454,1.1435656129899696,1.1319956427552949,1.1503037351069094,1.1293930739591935,1.1609065738169475,-0.09407413120627801,-0.0808998757508646,-0.10264287808414549,-0.05557859040252571,-0.09004016618038475,-0.07233489537784533,0.02768017558834437,0.039297294453124645,0.014463670557419487,0.08565711892221209,0.02991271970508527,0.05152756224763504,0.2215466606050678,0.20626111594180507,0.08971017029308187,0.32743002472504645,0.16577836913818605,0.2375956670633372,0.06547367434167446,0.05972566972610991,-0.045168688712777565,0.10389150348701823,0.023689941178193907,0.0769095286095571,1.1743837715145269,1.159304504174838,1.1098048107961542,1.2524133377589877,1.1369171056580274,1.1797255124201536,0.01417128387192,0.01289190330647527,-0.039041148028869835,0.03660488934016017,-0.007649587555116562,0.023112539933566507,-0.03022268612937,-0.040050546981997545,-0.09329335186081951,0.03799808171975299,-0.06071471650466245,-0.02231580216810142
16,102019588_NEG576940500501085311,0.692320313773482,0.6900351116001404,0.6760320731697259,0.7002597398734255,0.663214732416128,0.7132285627463447,-0.08673866527099229,-0.05655761398312477,-0.13216938763717867,0.014484855578209542,-0.08017034058916915,-0.033018410896064304,0.046813314258766475,0.03463976801264934,-0.031710133883895104,0.09422324798570318,0.012288380073729387,0.0538623049001402,-0.054789903415641786,-0.024983422030290674,-0.19163072268011774,0.11817239167770519,-0.06675229050174251,0.026213081498624967,-0.35832472860379705,-0.37807374548007944,-0.544588089389849,-0.20202332170601697,-0.4251551149207376,-0.33252348714153074,0.763438808130539,0.7630284603269413,0.6932299815921786,0.8620198758476669,0.7413305840434623,0.7933893487156796,-0.14735865428976,-0.1635044768212387,-0.2456789913448252,-0.05220658332919116,-0.18963768570515718,-0.1383740198300828,-0.04646409692174,-0.03890975219408553,-0.14770569750872564,0.05621698935746786,-0.06259049319416553,-0.00971997839508225
17,102019588_NEG579781735502176069,0.7371627769330493,0.7307318287285668,0.7175874572670659,0.7371627769330493,0.7105776219869882,0.7431174737294707,0.08094619742008527,0.08095518329266102,0.06255070154076099,0.13290051317356247,0.08094630199365582,0.1240253162428491,0.00573137328048659,0.005770149964704271,-0.022105463742064076,0.09072806700056728,0.005734645004668259,0.07148203293256132,0.008306446244466564,0.008435875482866898,-0.07593667590831696,0.12379064914692492,-0.065563448138864,0.06296148060759972,0.22489643724266997,0.22495154768308473,0.11856549987456702,0.26893382604868554,0.13779129013181116,0.22511639977530706,0.7604540091049178,0.7551932521473138,0.7108674562016377,0.7684812594162385,0.7267222287886638,0.7604866225787534,0.03173480661624,0.031736063892658165,-0.035209948669120306,0.05705467127217525,-0.0020394918398084385,0.04763506781088757,0.03445254283842,0.03462713348208099,-0.049704030513495916,0.16793490073205722,-0.03992696939399805,0.08534659059834016
18,102019588_NEG581189290502362418,0.668487981506518,0.6720638478234664,0.6677950355445966,0.6748550241434357,0.6635139030552619,0.6788163317592729,-0.01576496551061011,-0.013839150607986291,-0.07673251691839991,0.0044678679640011,-0.04765019324014162,-0.006855233056482498,0.050342382676064196,0.05034502604809866,0.0007850144235875771,0.07777369897098192,0.03364115659626865,0.05901122706554704,0.07072378480509867,0.06629671874862676,0.000254991693209029,0.0852397854036528,0.041536315124714514,0.07453475611575135,0.04564995410169591,0.014934687372788587,-0.10071443513365484,0.06929559184289105,-0.015411897280122957,0.03737102851128169,0.6655607675050367,0.668235779644212,0.6564082036439977,0.6827438046852509,0.6642748818153491,0.6710722333748181,-0.06753712787458,-0.08505497408071812,-0.13823534877218277,-0.050642301738322744,-0.1003226265620963,-0.07107666768393742,0.00463880433835,0.003390142037077981,-0.012822716733610925,0.0386879768874379,-0.003223219584441965,0.017782096557335824
19,102019591_NEG601417531499600002,2.1684540711279925,2.1585762444014334,2.1427595773634325,2.1705360723102345,2.098635013556615,2.18151527187403,0.16432674594154867,0.16435494788646074,0.08682918365655384,0.21600641181741032,0.1499866126170496,0.17928730312057417,-0.006642103241199724,-0.0205634761567502,-0.07469287800962746,0.08404571190445116,-0.04110989928996209,0.002092944503777686,-0.04290889394723661,-0.05374493523148298,-0.14952376090265002,-0.017376527581914,-0.07682237888297434,-0.0358477979434466,-0.1886678667481155,-0.15333234113501784,-0.2086356356146951,-0.005964203849868801,-0.17820999011864208,-0.12358067093892967,2.2210887176913414,2.1855341183181745,2.057430062058892,2.241771153073951,2.157778631886534,2.2106583446871326,-0.04991338422296,-0.030054163595292165,-0.05895919811730181,0.06309231346578795,-0.04339245063306131,-0.012472843582144951,0.02138235039731,0.014598674752681222,-0.03260100370964427,0.04060376533728124,0.0022772587228360006,0.023483704820812995
20,102019592_NEG606434619500983922,0.6392067429174525,0.6367017966028223,0.6329569283354909,0.6407763958882248,0.6311358745290672,0.6434297232501172,-0.22530926943245644,-0.22505783315058284,-0.2398660490867907,-0.21122713270945045,-0.2294481314511688,-0.2208969476364283,-0.022464988866787945,-0.021672920580701995,-0.03155180276663622,-0.009023049214166247,-0.024906662754471193,-0.017995543426908973,-0.04074211519241039,-0.02396416324862259,-0.07096703670224568,0.026244661464289453,-0.042224915432347486,-0.007912578057819584,-0.14096454954410814,-0.14283025255144718,-0.20243621348397994,-0.08934424843344073,-0.15892584620463832,-0.12760998396298023,0.6484176102669845,0.6462969807988843,0.6386387959553991,0.6530407502911407,0.6440117783403202,0.6485331827297616,-0.03071066123322,-0.03006161585173777,-0.06771584589861249,0.004310470506949214,-0.03929408247099774,-0.020400380412594964,0.00615526371862,0.0184213482585707,-0.007215368615671716,0.052017326851104675,0.008729791756034134,0.02903555739069902
21,102019593_NEG612269334502356628,0.7385373030852284,0.7388068649077361,0.7385664793369285,0.7390442123993255,0.7380715892948704,0.7394882496980852,-0.025468189680562615,-0.02574363203715053,-0.028501399976675865,-0.016454021104709376,-0.026425776924855295,-0.02497579905655721,0.013257604956062218,0.013118340464034026,0.009813719905113474,0.019857765722499993,0.01205194950549387,0.014633909213498964,0.03423809710123271,0.032419262619571704,0.0009932444925741671,0.04455560552294724,0.02540035902324405,0.03591274391949289,0.2751439396843036,0.27475818562147625,0.2627329768548602,0.30211404031191874,0.2710275745850435,0.27677870327917886,0.7788568740036308,0.7788298463006147,0.7735267697617245,0.785411377734033,0.7773646460937685,0.7796011916168795,0.1595879458068,0.15997266922404768,0.15374590646248792,0.1765404841380659,0.15810475622407164,0.16115479262910629,0.00117253137857,0.00033153506871558394,-0.01776437908719582,0.006708106134040327,-0.0028226237419058326,0.0020175902541425183
22,102019594_NEG620978815501656388,0.7702715068406034,0.7722520946682789,0.7705273533136399,0.7738224660995447,0.7672021907734509,0.7805661764968609,0.07059864318509151,0.06850697326679762,0.05099126142976994,0.07632436632588496,0.0644680137659442,0.07210384618080512,0.019578427588272766,0.02345175703395118,0.012483674640972593,0.051423204938560674,0.01884216595806527,0.029217150220092535,0.3415773334700749,0.3416456438726094,0.3169298904928388,0.3550434797639214,0.3352247392938808,0.3467821675318229,0.27847159492003787,0.2783329405226094,0.2554510476922245,0.3506126608880821,0.27140205204781176,0.298001580047491,0.868366080700405,0.8706638707480139,0.8594612540322015,0.9075205219578547,0.8665622655683809,0.880831051857114,0.12646037940983,0.12709085987207885,0.10129445564006431,0.1625110688709436,0.12325364460807206,0.13430392884437498,0.29220183101654,0.2920462079528758,0.2741989254369051,0.29983741463784197,0.2877447854130889,0.29524464222978636
23,102019595_NEG630246532498667881,0.9080826082834301,0.9135167091760008,0.8973190832243476,0.9232059870500029,0.8882251807736895,0.9429517469308955,0.06417429343319875,0.07487391401276104,0.022240346996461473,0.12629784020434273,0.057403746535149874,0.09231728295791344,0.017259479183738137,0.01092481847806459,-0.04858850308299322,0.06842030329027442,-0.007891819378051697,0.029067551597793524,-0.14921846513412432,-0.15370771412655748,-0.22038853711214848,-0.07828010480867614,-0.17813642342950525,-0.12776482423725521,-0.23932720457778983,-0.23706749723881862,-0.33121797643398565,-0.138351051702342,-0.26813602474502296,-0.20690355860774334,0.9591705574096874,0.9618593217185657,0.9090392034924182,1.019136623918755,0.9413263256057329,0.9818181141024396,-0.0487191625191,-0.039407266605607026,-0.05528816708354681,-0.016466310502440747,-0.04654648733410821,-0.030837460252170615,-0.04371691500363,-0.039000271298768305,-0.050212047546448035,-0.024362672868093047,-0.04439727742356121,-0.0321921170577255
24,102020054_NEG556215936492901652,0.6679585585548294,0.6510195079956808,0.636473618540183,0.6620914275924226,0.6307696537553483,0.6666677557422271,-0.10747410695919032,-0.11913403131655352,-0.16278475564559483,-0.08005523778360904,-0.14260562857334855,-0.10511975759860412,-0.15451613626895364,-0.1940279497200854,-0.24281073661590816,-0.13479233911700184,-0.2127028097052045,-0.16126399539161276,-0.14315333750788747,-0.10273312742091163,-0.21457297843820589,0.1374327724711125,-0.150653400248009,0.07557042223423091,0.12049017500452404,0.25077936139821305,0.10184717630881956,0.35888628267359707,0.17071513225891194,0.2936368746874309,0.6673309340837585,0.6734451771016845,0.647191607446835,0.710895906496783,0.661185255357753,0.6911013099700297,-0.06489711498988,0.010298994934966754,-0.08616212971801857,0.09476233812618547,-0.04193998979701127,0.04155917651971027,-0.1472426749607,-0.10850266673083307,-0.16378869464629509,0.00903863716638909,-0.13597362643763702,-0.017500797545725984
25,102020055_NEG563894315496088157,0.8268188364008932,0.8322827344083625,0.8253937573615615,0.8520416714005058,0.8218793849359375,0.8716012623002873,-0.03615965270002185,-0.056712125241427346,-0.123467740896508,-0.027511255364923996,-0.08486471598237963,-0.04420127552413226,-0.16811720844738226,-0.1982197169373861,-0.2888979735412356,-0.15894569946156406,-0.24916026263523977,-0.18090499083853576,0.13957823928080734,0.170332563467052,0.01887638589764465,0.24209997407200542,0.14735029673544445,0.1939055366372735,-0.2550875716924968,-0.2214362596283257,-0.2797544487846846,-0.06802985480099229,-0.24655368819677403,-0.12033580477115094,0.8112857250275939,0.8119107703371328,0.7644016426371034,0.8398903137415663,0.8006919261908109,0.8191109612280943,-0.29285740486172,-0.2834723538547931,-0.2995818882610995,-0.22791273645219393,-0.2917396462063055,-0.24985882784979502,-0.1029332253253,-0.09365257249650698,-0.14153743936356478,-0.06919128451891804,-0.10180599132304304,-0.0853727020683676
26,102020055_NEG564676209494509344,1.272687363715333,1.2726045952979073,1.2563560434216923,1.2929793297987024,1.2422061885331925,1.3135188245093192,-0.020466369679429736,0.001268970308948633,-0.08622116082260739,0.14171018001390923,-0.04203805016493558,0.05667592423845393,0.03066110940345274,-0.010239066620928933,-0.06731801762525734,0.05391413650914939,-0.030219668790709635,0.01011947373516792,0.09626730700868921,0.1302566667589404,-0.017163985089887767,0.2578252168200824,0.08268434172651576,0.16817273551656028,0.15110897848196764,0.11617389679271392,-0.024521453632960762,0.20256130108702528,0.07925846196561911,0.15531695338976498,1.2941054888206842,1.3006791333384726,1.2376794404734242,1.3395605152752723,1.2806819220706065,1.3145864609506546,0.13121276412089,0.11578770374969263,0.012257864630919851,0.16361639542730025,0.08841644051841532,0.13802925176165878,0.03636094537642,0.043010198664393574,-0.03654671535472905,0.10757826355602969,0.01876183501947567,0.063954372992514
27,102020056_NEG568919155497446978,0.9555649730260037,0.9516872651835837,0.937896710318228,0.9589175603969389,0.917246946199535,0.9678329369424781,0.1285882424350812,0.12681929201512615,0.052867556200855585,0.15518252252905654,0.08149399093594248,0.13746291411056846,-0.02904028920948243,-0.00810453101560311,-0.04318303960231276,0.0758875777713775,-0.019370989986829124,0.01155759714408347,0.04354070062998968,0.03819179713637625,-0.06353166276234286,0.157189071178628,0.0073410964674651726,0.11769305136822103,-0.004090691569543212,-0.0015135452220817552,-0.05993426582488574,0.09142196936947417,-0.016712549870024813,0.02463391452605097,0.9536975175720882,0.9508702047316945,0.9255816044399362,0.9695211251888377,0.9344999386273253,0.9572466004278142,-0.05531553850785,-0.04962782627758419,-0.0830431567376164,0.02323467614176948,-0.059192283608845965,-0.017134896038303864,0.01662652502651,0.014628122779931935,-0.04094830470387285,0.08643403745201741,-0.0037571445492681965,0.060557677206822154
28,102020056_NEG569381219495998178,0.6197761684813785,0.6189813404862953,0.6175631883704826,0.6204068280323036,0.6126684200972469,0.6223597965800193,0.09311039223126041,0.09767863088800362,0.08366391444174352,0.11398506421930524,0.09495266764826678,0.10198703794753629,-0.02583719362017607,-0.029453774418819162,-0.060071450421220814,-0.022729085054114053,-0.032641181081592585,-0.026934378923473223,-0.20510944851913168,-0.19453031341638408,-0.22466015169197434,-0.1565360741178373,-0.20353940542321625,-0.183584186243208,-0.36586983308179044,-0.3676039360470695,-0.4330123597958811,-0.34513559544207856,-0.3720877231006847,-0.36141361490287544,0.6745119537598561,0.6717179151108461,0.6553941758324977,0.6976269292423778,0.6674205613874088,0.6753657504397934,-0.17228292542333,-0.1729658531280148,-0.1964016049959719,-0.16090358084620895,-0.17728866142382635,-0.17020386586620423,0.11366138191995,0.11786905665855583,0.0798407267361456,0.1379856143631958,0.11271932006168628,0.12400003521303422
29,102020056_NEG571928631495947554,0.7616656902322388,0.7600280063819422,0.7562439903470677,0.7693269742566939,0.7498856221164735,0.7933962859608812,0.02487355418272392,0.010874306938295917,-0.02458439608697336,0.056957521172569886,-0.0015502202133193595,0.023168406564881703,-0.03663401599680707,-0.04329850062778989,-0.07852556346535813,-0.01253563616476621,-0.053440998871880946,-0.03435492777745526,0.07212022173933368,0.05246020456217879,-0.030591748244959503,0.15702358552913542,0.02364907288242782,0.08004927654083284,-0.15061015008238257,-0.13906118829523212,-0.2323248670374564,-0.03194861483920031,-0.16017001061258201,-0.11658425793379598,0.7739140090392406,0.7701031939705559,0.7427941050856933,0.8077195798603124,0.7629467793149374,0.7799105621995849,-0.0989708059812,-0.09088997920362776,-0.15126901797394582,-0.02640421783458961,-0.10471958874877287,-0.07635028173805188,0.07265279734606,0.06379550611264473,0.01714932441129319,0.12953184609462665,0.04686192200522935,0.07989271301767148
30,102020056_NEG573379534495223440,0.7970194006665413,0.7981718734472589,0.7956678424098355,0.799430842358669,0.7931650041219255,0.8003569263218402,0.038822675615783266,0.03505003647697637,0.031000233010925568,0.04600899848756576,0.033505208166643825,0.03844003803132049,-0.0498396065545354,-0.053628011272202895,-0.05969551605640288,-0.030301251427918226,-0.05565168144479015,-0.048739961319484174,0.046133890360967295,0.051451016624711216,0.0271858334587134,0.07675824535870449,0.04648785795300245,0.05608542404270242,0.10823558081201864,0.11642739990207997,0.10529926103546666,0.14548315106760026,0.11064036708695708,0.12180082605031274,0.7504979450317419,0.7538738534258762,0.7398573031563852,0.7669091445308828,0.7504081451771571,0.7551717666028414,-0.11299545724668,-0.10731444712809697,-0.11826774374309687,-0.08482068445951603,-0.11150757857481937,-0.10470234421200487,0.19463399037112,0.19763613462265905,0.1915235208594902,0.21008135962747893,0.1948626247734148,0.19961101657766536
31,102020059_NEG590814898493650143,1.124066109893177,1.1200114472512632,1.1124229586088268,1.1260357214306451,1.1052664393410485,1.1351897022886033,-0.06850743270694606,-0.05820578034839676,-0.09282837121266345,0.0667534707659122,-0.06833961660144296,-0.04447898197480265,-0.046559619236645616,-0.0358079259397719,-0.06263647928401854,0.017750115953097605,-0.045644695348063064,-0.0175225176951676,-0.07212325186386609,-0.05302640470694801,-0.10153022949638936,0.05799229245141357,-0.0722194431165115,-0.026306648447338994,0.028167483087879887,0.013626477397204214,-0.10466305329487194,0.07490963908935813,-0.007929128838221052,0.03367183784921109,1.1270397993570636,1.1223653505162612,1.0887011990884914,1.184663958803741,1.1133812185055978,1.1301105034293193,0.00481039012338,-0.0032879653164638815,-0.05865989065750781,0.06504144288363706,-0.014830026847014314,0.006552288362748224,0.00817138158645,0.011937479311692097,-0.017553437052821603,0.07503294899341355,0.0015167958086415123,0.024874464078396583
32,102020059_NEG591341887496138046,0.599464822550557,0.599464822550557,0.599464822550557,0.6135090120084536,0.5974782099839917,0.6235067964382403,0.03477113706736054,0.03477715794022818,-0.012848944145283384,0.09324273863297236,0.03458249565940602,0.034783191897067266,-0.036315487074107596,-0.036310798203784744,-0.07976025601379177,-0.03436582902674984,-0.04719544137160995,-0.03630432426637983,0.22002873249628407,0.2200530482426826,-0.15642310874074508,0.23590302586255846,0.057714853801406715,0.22008716515372828,-0.14666202006348555,-0.14664145536639295,-0.20014251286218698,0.04009228938691002,-0.14665723843156145,-0.10774454754531877,0.607654815386328,0.6076559455704229,0.5538575833510258,0.6208601871626731,0.5988088206349383,0.6076574426818153,0.07536530302019,0.07536629714418228,0.06482246968780726,0.15372087142257596,0.07536551881236886,0.08474431701502134,0.19561346297569,0.19561530526419635,0.03770224832717566,0.19800486442999943,0.14208373447855968,0.19561797851667254
33,102020059_NEG595972740496354540,1.1235491131237254,1.1212975319871337,1.1185202616304892,1.1239051160950395,1.100604443075849,1.1252060002709119,-0.0658129866504085,-0.0693912721094655,-0.09227294192316984,-0.03675971122570071,-0.07708672888059984,-0.0620837127592247,0.1232669783996628,0.13142722182081598,0.11856314856038445,0.16719430587374237,0.12495967370437315,0.1514400849580018,0.07495576885136468,0.08960107275036035,0.046169105169915854,0.1643224871216584,0.07168161347026561,0.10150640399797918,-0.003091630967459326,-0.0063752665600237965,-0.1084025717846716,0.025485412097205357,-0.05733126213579592,0.006068043038892761,1.091634507690802,1.0902110083086107,1.0604873690881236,1.0972201632218623,1.0741947876837448,1.0938134324565398,-0.14150267299668,-0.14383007258923755,-0.2040742275913459,-0.1310719905155557,-0.17215428115671189,-0.1380844230161028,0.10919274167528,0.11617869108449774,0.0942447425931448,0.14753590104969247,0.10741313577354712,0.12254488892063457
34,102020060_NEG598920538496078263,0.855103387676218,0.8642874809119574,0.8532757596122783,0.8714644830839822,0.8231127834038632,0.8856100643645806,-0.14007614400317775,-0.12817072330879992,-0.1926444886035296,-0.05734142876605237,-0.1439327910510996,-0.10998310972586042,-0.030997712335763997,-0.034138198685199794,-0.08773814730484418,-0.002412028329112613,-0.04600260417945927,-0.022895785891010875,0.1720194997373909,0.2029760581480251,0.06653667903557905,0.32894437537623095,0.15294114367134026,0.24586088949651863,0.2300852737100354,0.18026348112937138,0.08183397951540147,0.26264703537850803,0.14637390721276272,0.20908464090923967,0.8589408731859833,0.8586826145982055,0.802922443126063,0.9201703447598529,0.8441078956611549,0.8738390057871323,0.29690981342516,0.2861097580041472,0.2309965748293217,0.29997768752476167,0.27282547850706,0.29550592963805344,0.04749427206427,0.052866360937659576,-0.015203425472906063,0.11235735334607166,0.02979710932300355,0.07772736346441524
35,102020060_NEG604835509496532268,0.9329657277716543,0.9350079908846064,0.934031112809511,0.9371468665421966,0.9328501379094036,0.9444194523477338,-0.02822761240897792,-0.025784930853342714,-0.05062919027492897,-0.01645753541604009,-0.030089912825616814,-0.0230846574812441,0.07369014403097414,0.07278094016652223,0.032048189825817947,0.094604833323744,0.06565600129765214,0.07483478722158154,-0.23189049633123707,-0.23094819232345642,-0.33517089665258715,-0.20023699376267168,-0.2368415654389544,-0.21849548087866585,0.16107423112197444,0.15766511994156843,0.11871788423708732,0.22635117324261617,0.15296583639586775,0.16524424287182557,0.9864149886183817,0.98696741055877,0.975500108387145,1.0538332792007374,0.984751629538549,0.9895611398967021,0.09224966643679,0.08934407880317231,0.08099921267541849,0.12017674591827006,0.08565442575361412,0.09514999240305665,-0.13067810919395,-0.1294719532599239,-0.15329297641755596,-0.10280659282167347,-0.13175900106510563,-0.12137863027875923
36,102020061_NEG607087127495633316,1.2402523696745618,1.2436272465281435,1.2268804884404452,1.2524053361047403,1.192144953061113,1.265452285007538,-0.09380302882240524,-0.07819534025221596,-0.16451302538335502,0.008041652594712649,-0.10072146549127556,-0.05460973457483258,-0.04979180402307432,-0.06706396261066609,-0.14290886148591475,-0.012616733068979702,-0.08776359474924372,-0.050939274281115256,0.0066002934577835785,-0.0046227685437226365,-0.1022876025103818,0.12188561457073571,-0.032787874723134096,0.03386370188293668,0.11895736794432561,0.12904462924106794,0.033980871890531505,0.2668601646600879,0.09697782247992112,0.1947005204272614,1.2523371406372985,1.2591375633676587,1.2267126432802444,1.3049460261371162,1.25151360800672,1.269786921347596,0.03858820196973,0.03994088699941676,-0.01423947008635727,0.13066461243294053,0.02310199047870632,0.08343836879842663,0.01925534708113,0.015009936869075903,-0.059740214985642415,0.11226962788487635,-0.005150828611276535,0.052064602890959044
37,102020061_NEG608203827493491303,1.0139617713851397,1.016533741061488,1.0120439233615353,1.0251802772983973,1.0018120398870771,1.0405525270898408,0.18684763583028038,0.168630867227593,0.12602414288687727,0.23860458090628794,0.155560191570545,0.18782588358638733,-0.40333835345478647,-0.323974320219067,-0.4230369101084897,-0.2781824191397737,-0.3829895842271197,-0.30640942309064834,-0.017980698844860192,-0.019847496078365855,-0.08498653555507123,0.09702392362254836,-0.04006865897645137,0.0025351021113712148,0.35772776909720805,0.3675526749380389,0.2897102422809295,0.42050359556499134,0.3420407475936988,0.39073137297472693,1.1154554600596989,1.125393523727946,1.0758388685980935,1.1817874203778058,1.1138054374314046,1.1387454209285677,0.13464108925018,0.13047692617621978,0.08449215251982131,0.18697736114112237,0.1179822594836692,0.14223644631021307,-0.02011419304247,-0.04014589923144919,-0.09136549629665106,0.09293208267902879,-0.05647083796748048,-0.00362341000759608
38,102020061_NEG612388468493726389,1.1617866773159824,1.1606899934866806,1.1586441775549334,1.1630251209100417,1.1566031660643277,1.1666742336639533,0.003916698426888077,0.0030591534521008,-0.018205197086418025,0.015752964013546058,-0.003009570721385687,0.007776984558508572,0.010928062326926884,0.011701058315956261,-0.002394489775852721,0.0403866926490669,0.006938727607514003,0.016551971229926958,-0.049157229258360496,-0.05030898607235862,-0.12339631175070413,-0.020540511656948292,-0.06267093958408552,-0.04131007849956393,0.030877711835680173,0.034085233676268104,-0.018269566968484773,0.052183664740275595,0.027057798778335397,0.04286821204921968,1.156516977585562,1.1560599874241013,1.148839023237044,1.1742931279386488,1.1540269621873667,1.1578293456035305,-0.03229380442092,-0.030823939441771354,-0.0760355788998851,-0.019766238045831643,-0.03683763385878303,-0.026411601686758,0.04100887893169,0.041007157551964546,0.01036142333696723,0.05424172617799294,0.03498403939462432,0.04579115317010961
39,102020062_NEG617330086494647877,1.8453375934520788,1.8598204913825387,1.831488490203192,1.888757383574291,1.7708283105957612,1.904333095897457,0.20886036025372928,0.17120002851212027,0.05177897595270361,0.27346613761803334,0.13127756930653578,0.2040453431404768,-0.05932991176895304,0.004853864129533241,-0.10454900564722493,0.17153053916818645,-0.03897750483828209,0.0793207492238592,-0.09970301269504653,-0.07221899027336158,-0.20591392453745094,0.09998041186715693,-0.11982498083434848,-0.025467718303187885,-0.014809395278061015,-0.05078075147190216,-0.26864226157457183,0.09711816008509962,-0.1254354408860439,0.0024979392697466072,1.8466467861952143,1.8555607161376266,1.7687700463583391,2.0520072680213417,1.8260001479522106,1.8998461140117902,0.03298829014257,0.02036779516634683,-0.10334629988010906,0.10810697412599027,-0.017717213700184014,0.05034018105262054,-0.10038164594119,-0.09093852478562081,-0.16492118356087654,0.001317093925005156,-0.1159416691739949,-0.06288058599777832
40,102020063_NEG625857431494380658,0.5092171799488658,0.5097031666588119,0.5076631084331448,0.5129921935827026,0.5055258861952784,0.521816882565014,-0.0875759757524237,-0.08438625219138315,-0.11310837905812582,-0.07057787436572903,-0.09295186828840794,-0.07731062389570266,-0.21777383129579073,-0.2147532646766352,-0.23647756280220736,-0.1876465843791165,-0.22153166702994057,-0.2097916551560952,-0.15044793292773467,-0.12881205910481267,-0.3100138788470641,-0.028813463592727663,-0.17860476932702968,-0.10116337282345582,-0.14249792250389828,-0.14142351329567276,-0.23436230202003708,-0.08562546417194866,-0.15801671314571855,-0.1327940254892229,0.5231290810846018,0.5208092426402077,0.5028539189338098,0.5709119175014334,0.5165545810184691,0.5315776971668663,-0.06785090383432,-0.06619693258068922,-0.13242697399803474,-0.05619023653998487,-0.07630082155028797,-0.06146376886586285,-0.12025723660696,-0.11403108731183771,-0.19980961028284452,-0.05084644023537204,-0.13711682920628557,-0.10218031837573073
41,102020063_NEG626156743494681651,0.8270218048566342,0.8096784871547047,0.7836938874172571,0.8231978120186855,0.7620181062186819,0.8381684961594208,-0.21625789748073992,-0.19894254101093461,-0.28864974305668606,-0.12707593590177446,-0.22510931199326215,-0.1725131988537981,0.037965575084410244,0.03181755064158982,-0.02980884885644178,0.08807363511349948,0.013242400209715881,0.05213060673660708,-0.13169262877743623,-0.10106152978111707,-0.3095738391440812,0.1332993501217242,-0.17296271956296624,-0.04106217453688008,-0.07387737855487148,-0.05551486397397804,-0.28039803201806346,0.11671669114624567,-0.13254853109579118,0.007017990047266866,0.8124243980098574,0.7958324908145362,0.7409643606092081,0.8478698733801994,0.7772986898244183,0.8144334085438881,0.09965188709629,0.11200825423808808,0.004755713350364277,0.22101044805260034,0.0712968275745808,0.14482631031660206,0.05137769123813,0.05381176922870122,-0.05174833641798751,0.14733333494987363,0.013432781129414444,0.08093259928639654
42,102020064_NEG630441470494718517,1.1929095596816301,1.180127084948853,1.163536451562155,1.1966710287704079,1.1357647118896175,1.21498273074033,-0.1168508147538526,-0.12264679068114877,-0.22442696448141092,-0.03589000776978564,-0.151644706383195,-0.10002110094135118,-0.20991493660544447,-0.21501568883300853,-0.2925668869852552,-0.13261425970789886,-0.23731130077839022,-0.19238180378828568,0.005199143349341545,0.018135059297750847,-0.06706006117001358,0.1406646635306453,-0.013308295168429112,0.05705837329025309,-0.16304546951420112,-0.1236289541860963,-0.2671854350283346,0.06477870660569915,-0.18452847499204267,-0.05646217431361432,1.1957539903236905,1.1737245053196306,1.0991061407392744,1.258365467991905,1.146209525326113,1.2050807225821536,-0.17618610351501,-0.15188225247317755,-0.23258727537529486,-0.030082307054919686,-0.18752164031008917,-0.11311929851639455,0.02940148479986,0.042150948254809424,-0.015193514510490972,0.13451206666636292,0.02062166452753789,0.0671096109482497
43,102020064_NEG635872258496841682,0.7548294760462644,0.7554960687399374,0.7529438298973751,0.7591614762276131,0.7379058856380831,0.7690323651042873,0.029163926622490625,0.04670954686128361,0.02707931874292289,0.10213996984911321,0.03500310849659375,0.06415581091749935,0.03503761477339846,0.039931774867880916,-0.0005211480788332526,0.07556242034119647,0.033409080874445066,0.05482856364983328,0.010578108727306301,0.021666790988052548,-0.09808801069169408,0.10945134838627749,0.006749050332037661,0.046785314879017124,0.04213574843987662,0.0011974389843448414,-0.16151659510324473,0.07000263464846675,-0.05236895111671919,0.043664422685151354,0.750981616251179,0.7522832880117247,0.7254045913948802,0.7767302043123111,0.7494340414232268,0.7559021836721665,0.07610393690507,0.06223085655403887,-0.022560342059343895,0.09356591260851743,0.033024275806302024,0.07891709835159472,-0.03988635011707,-0.03516732397468711,-0.10241956377092948,0.024441407684226688,-0.04357424121946393,-0.014863312075581427
44,102020065_NEG639706305497277844,0,0.0,0.0,0.0,0.0,0.0,0.08445334700744116,0.031230433150037568,-0.1216111755301095,0.16138064911002517,-0.015320503942037302,0.07670802462954152,0.07638664125397351,0.055731262847405635,-0.07650312024422333,0.1982410130699212,0.006213691725243777,0.10772161099785922,-0.17410372997026122,-0.019269979379501995,-0.616353974422488,0.5519450772053609,-0.21662591896564606,0.16352583414521135,-0.1924822661424808,-0.045708428209594566,-0.5861051300710909,0.5052484995873968,-0.24545006471703568,0.1570976918152497,0.004868122481978277,0.0042277162657971545,0.0011481785608290945,0.008086069478949694,0.0031398380942939323,0.005282336138730371,-0.08878321787375,-0.04638149244882889,-0.10586724861958693,0.12050036198130017,-0.07718199175790041,0.003028281780574716,-0.19095811206958,-0.18768726742551575,-0.2627911521171264,-0.126049260817949,-0.22352383498346115,-0.17214098682711468
45,102020066_NEG645419324493086283,2.248386637503939,2.2564442393889523,2.2413880179803374,2.266460363946915,2.2276213525212842,2.2710099432212325,-0.21186500458389276,-0.2133694682191634,-0.27001919475819236,-0.16486617367649337,-0.23275290743125202,-0.19466652147222718,0.17517135779122742,0.18550790586277516,0.1370293803265277,0.2193972390846784,0.16828521988854828,0.20333406499824497,-0.008108838519684872,-0.046849383972766216,-0.12849778400227585,0.04046487075232774,-0.07769209005805597,-0.01168824912686878,-0.21984747896768642,-0.21754286059828454,-0.25882582938065635,-0.16309911852017583,-0.2294282894925409,-0.20002370764815428,2.286639301910923,2.294221661927339,2.2448152109897457,2.342062302094701,2.273674425308887,2.318862138134396,-0.14540434831923,-0.14552438277398666,-0.1706526687641041,-0.11089149504935387,-0.15239076820218442,-0.13681063919684244,0.10062432436351,0.08285155545245335,0.04082131226853853,0.12585669741936534,0.06457173820108293,0.09909168728803294
46,102020528_NEG554976975487853956,0.9581212024137482,0.9556831334404199,0.9546544481702733,0.9589133228463564,0.9534127081208204,0.9649672121470659,0.09251594458760715,0.09260651393603749,0.0833183549695642,0.11624924968816842,0.08848572787401715,0.09885710498576268,-0.07834341263530589,-0.07973495485169523,-0.10742292620143205,-0.053128919371202094,-0.08778909292544838,-0.07326147298605702,0.04624425161692666,0.0464924079933044,0.02455189489043948,0.13902310183295025,0.03704086500878159,0.06235122514721559,-0.0576311920871959,-0.058996095646084185,-0.09645612415104274,-0.024296885884875552,-0.07185041118739702,-0.04429990696401312,0.9582985797467838,0.95742481816661,0.9508407120729631,0.9793405461614525,0.9537728276259693,0.9607629626481076,-0.0375663849414,-0.03644953447209114,-0.05377411710722418,-0.01937166707209974,-0.04197771646699692,-0.030143123822186153,-0.03569873422623,-0.036410768032994416,-0.047623633790112606,0.009435289240500893,-0.041465319428317576,-0.022976493885804816
47,102020528_NEG557594873487530963,,,,,,,,,,,,,,,,,,,,,,,,,,,,,,,,,,,,,,,,,,,,,,,,
48,102020528_NEG557780503491374019,,,,,,,,,,,,,,,,,,,,,,,,,,,,,,,,,,,,,,,,,,,,,,,,
49,102020529_NEG564427129491602014,0.7045005669027022,0.7041072965253263,0.7019277707506408,0.7066241800603192,0.6932383845980318,0.7126291519214463,0.027876964833202865,0.027254393669365724,-0.00997839058887115,0.053603062543043825,0.023478548970569803,0.03601646800619876,0.052816666422256624,0.05146535272779328,0.03397005150478765,0.0818078421187984,0.04576200428138947,0.05722552520770505,-0.17898789495096434,-0.18404696223613595,-0.22712613554350516,-0.10779595779256339,-0.19839586713029858,-0.1612392759056105,0.044477393593012074,0.02591421565796321,-0.056667829083639064,0.0645349165374337,-0.0015871285539658159,0.043132497789954816,0.7176420044103515,0.7177379553265203,0.6980807475366968,0.7304598494643944,0.7121424356187247,0.7208133043057509,-0.05238915481028,-0.06144403051762994,-0.10848435161894392,-0.04167254547518445,-0.07701839732753059,-0.05253209599159693,-0.07349052450158,-0.07662492412906978,-0.09803040623612698,-0.0309701118699617,-0.08382960741004676,-0.059574825607533716
50,102020530_NEG572303674490459976,1.7274445021925313,1.721009129543539,1.710142076769878,1.7294243226441481,1.6929784503982173,1.7513206444829292,0.028859313402509343,0.03310342285270443,-0.052535606141210146,0.06420533179432163,0.01961135108284765,0.04346431079268643,0.011932908012065856,0.013896307451402802,-0.04199750660869042,0.059601129123617945,0.0020322463773168047,0.025790654780193704,0.026163289642085405,0.030263686309418544,-0.03489319456150129,0.14731556613637833,0.009934342341892324,0.057724357101973094,0.09551413900528691,0.09631024164873117,-0.009206543617891496,0.13248936397728683,0.06316972965150512,0.11528000923221067,1.5699942049354052,1.5676367040224042,1.5212527180719293,1.6001215596512146,1.54525147973552,1.5769395827249106,0.20376163423864,0.20540846268974544,0.16809951172119209,0.22223221569861304,0.19372143640464734,0.21272416048209275,-0.21638781414843,-0.215438831661443,-0.24927841469672968,-0.18343162992586948,-0.22525363780419563,-0.2074525087871008
51,102020530_NEG572378924491097026,,,,,,,,,,,,,,,,,,,,,,,,,,,,,,,,,,,,,,,,,,,,,,,,
52,102020532_NEG584961967491933103,0.5946344183323252,0.5901387648981165,0.5821656698484237,0.5949787010930765,0.5692428136912708,0.6114069607621567,0.20098403173326335,0.1913338021295993,0.14136229924664145,0.23750407688028174,0.17620713321319487,0.20207934997775653,-0.136917515932311,-0.1361491282109286,-0.1790295654859704,-0.10339936712335362,-0.14393931839834095,-0.1286165188363624,-0.3488919115580336,-0.3447699777924438,-0.43749733679771224,-0.15131066049380368,-0.3638631890812425,-0.3233270078088838,-0.15206110054607314,-0.1380148615022646,-0.23011413616297746,-0.004494789381955034,-0.16385734821542425,-0.10804659108239854,0.5966205607223468,0.5933813819400582,0.5316112820225748,0.6606326457119301,0.5786183850610852,0.6036761187931141,0.00394501400025,0.008314584328530205,-0.07832371549027696,0.062212414773546706,-0.002784023216477881,0.018572423784683156,0.1449282745264,0.14272451256465982,0.08721280145218151,0.22229223892661548,0.12858246794578432,0.1528348049111878
53,102020532_NEG589257492489565961,1.2362601271705607,1.239061211545717,1.2335740323837228,1.2456674053574843,1.2197144282526684,1.252835148586418,-0.014600170869205805,-0.017589010647472342,-0.06027819417122547,0.01417556271692719,-0.02444505258891242,-0.008607088717834615,0.09845999050913606,0.10169581169901078,0.08282061391988499,0.1476799331598247,0.09472696707396637,0.1146022157959117,-0.004633744980966133,0.012065894621935228,-0.040907838824677835,0.09682858760412141,-0.005334933060268678,0.02989815809577755,0.013009560998430925,0.007601167857274151,-0.09632536363995842,0.04969007924190419,-0.018320388014136338,0.019138039739311562,1.2312412828853176,1.2352061477486196,1.2148130707802787,1.2573464185332586,1.2293628076190486,1.240889455007124,0.03588421087296,0.03380932471242664,-0.020753734136741326,0.05680314252232901,0.02067906665130812,0.04054894400201366,-0.05230391722787,-0.04300118838931475,-0.07956563265459059,-0.002392899045818674,-0.053676849427758674,-0.03332642551900634
54,102020532_NEG591117402487550021,1.0664118807911587,1.06331818054313,1.0545443939829795,1.0699307397367992,1.0463083214530335,1.0784505526799717,0.014279630426866,0.027264238177985654,-0.02131703155146234,0.08844696244523505,0.013416028198313204,0.04326512369085691,-0.05789126298805751,-0.06387435950954203,-0.1144357438253987,-0.016735800050581708,-0.07696639801214744,-0.04990497980866294,0.16521511082268606,0.21016047337410068,0.04510284896852659,0.35081323638308576,0.16067462528993173,0.25402458866399663,-0.03574514246263098,-0.015308048777089427,-0.10178791309861994,0.08660037932457662,-0.04613196667446924,0.02291328183255829,1.0835707438880964,1.0922819582622392,1.036683124070324,1.1486668379334757,1.0737034759719157,1.1109152395416455,0.00189690888972,0.014948883316431764,-0.04266010398611306,0.07484063414767962,-0.0033248752336036175,0.03808517380668501,0.0087023923374,0.035886267989096166,-0.056907234659367326,0.10282699848236058,0.0035829272963743327,0.059464169105691446
55,102020532_NEG592320863488461402,0.6599026290866968,0.6593992467117882,0.6589343899989508,0.6599026290866968,0.6582905888218317,0.6619274116372593,-0.08966628371061988,-0.08965871801852679,-0.10304335240656569,-0.08553133948700835,-0.08966574160671655,-0.08808611154552821,-0.01448720033398716,-0.0144824885731889,-0.02329192689714838,-0.0053934960852677575,-0.014911583197963596,-0.010334436626268846,0.05000704743182738,0.05012044905018811,0.04607848308024,0.09643259648939662,0.050017627374237345,0.05806228796771409,0.17839626360669486,0.17270054927183903,0.17045216989169318,0.1979172706140959,0.17083319481977952,0.17843235998692902,0.673482029244917,0.6724406411246596,0.6699063012211725,0.6812057488417594,0.6715111953391698,0.6734831031569251,0.08078434321874,0.0761236708988467,0.07159245760445615,0.08598823036959069,0.07445086780542862,0.0807896076144692,-0.03934493616155,-0.03887298100926236,-0.03997289927525988,-0.01623383449232141,-0.039299760544192874,-0.03353506535648402
56,102020533_NEG596261344490617547,1.0336384019717684,1.0345752763132197,1.0330610316582904,1.0356376327924515,1.0293787773370762,1.0418332313701986,-0.005443295823326776,-0.010832963030663176,-0.027737957421927806,0.03290103523046946,-0.014461653654214833,-0.007063417816926116,0.04813941666528253,0.0527449825937684,0.01362354897837793,0.062454753398813435,0.04929603098244913,0.055752574689465116,-0.2918167940647214,-0.2974519008639105,-0.3256485545341206,-0.24308922173926412,-0.30287726996902364,-0.29259592723493266,-0.2730276667833545,-0.2761394852403735,-0.29246462794889083,-0.25074205823418394,-0.27970007658178087,-0.273569342700787,1.15611567994275,1.1613895995883994,1.115232942070638,1.1842824930103892,1.1566649369107194,1.1667968972424885,-0.11337602686254,-0.11463893293309722,-0.12620412549691112,-0.10794130383600521,-0.1164898948807929,-0.11328983532891476,-0.0361394379834,-0.03646279364735283,-0.04513152418178658,-0.011423177435196781,-0.038716978333128295,-0.03432237140043381
57,102020534_NEG600985388487893328,0.5481065844262584,0.5474849061281657,0.5450385902643244,0.5498422569579531,0.5374767308150527,0.5515499221752772,0.09914901869701184,0.09570114564584332,0.07474503894108742,0.11307752567541729,0.0914728938982142,0.10093146412061067,-0.06251439228927999,-0.05830183039208075,-0.09481717150125077,-0.036372115985680166,-0.06202578210550851,-0.05350155450920144,-0.400245671783956,-0.37813469280019174,-0.4518833100475164,-0.24540345601822722,-0.3926947098831637,-0.36355421082990463,-0.0660794499947615,-0.06656255549081164,-0.11740149776726803,-0.01797040677356752,-0.09210467672021563,-0.055609660408335655,0.6173939998661739,0.6084113047176991,0.567185968550705,0.6429297542585023,0.6015100074258594,0.6153559924686756,-0.03357632248205,-0.032971787453328266,-0.06486964318197183,-0.002333472625257581,-0.04909316144158619,-0.027555980154896912,-0.09488713013838,-0.08509018499064988,-0.11965007096804603,-0.027557324969563906,-0.09264619566535824,-0.07670594326184997
58,102020534_NEG604836154490669092,1.4216386298303383,1.4217855906337058,1.4170550951908036,1.4261728245602363,1.4132422649184335,1.4276651908629663,-0.01371379419746048,-0.006589753795890538,-0.01868865140898661,0.0034917610788444096,-0.013478482344962985,-0.0024490587163728916,-0.10997353796949824,-0.1178128365747535,-0.14572806636273888,-0.09509720277895795,-0.13395519855605334,-0.10746933273401184,0.17041734878644393,0.164497646493657,0.14933627583199482,0.17978953126883682,0.15992897523147315,0.169568471897474,0.2887721159179147,0.28141819545402913,0.2690738248194815,0.29709153812596245,0.2753368021135552,0.2880531369945099,1.5344350444079808,1.5289388908470658,1.5109539037026105,1.541561006938429,1.5164388867428595,1.5343108414181068,0.10572607067031,0.09450983252214394,0.08329981444388072,0.11253471191418385,0.08862358186486441,0.10404563209427976,-0.00279248369741,-0.003656559311228856,-0.013035359848170938,0.005180018876317932,-0.006832199879225849,-0.001067596449448419
59,102020534_NEG604929086489066527,1.0144408732158254,1.012005190999685,1.0077329324846618,1.0165712860964062,0.9968416380208486,1.0237749509560121,0.07107610727241571,0.07546451695704634,0.019422562644389532,0.11040917655468503,0.06304725792647281,0.08894987210364097,0.12723515090588397,0.1257003516131703,0.08729363303204006,0.15188836094672567,0.11137714434386013,0.13296563347564674,-0.14762880562467506,-0.14829749570534753,-0.23372067447604755,-0.07539388168310186,-0.17251236265647132,-0.12644969418867266,0.1536269529713767,0.17501777287147988,0.1108814966894174,0.2763226102933411,0.14765696658721322,0.2034610568831288,1.0456508071612487,1.048452079443063,1.0217040307604035,1.0983985338450926,1.0368183708143914,1.0663132728067566,0.07741107208466,0.08624575581945061,0.05837317357629057,0.14144327281602773,0.07305707131766657,0.10479101569623589,-0.01855065915457,-0.016140935167815666,-0.0642162212206987,0.019658764471909385,-0.033106910316902924,-0.0061142860376161715
60,102020535_NEG608150353491434608,0.35785136675214596,0.3550326212763144,0.3444480347705023,0.3656026738863696,0.33425616229594574,0.4086059496213914,0.0662892599392803,0.07026787777197137,0.03367602383151092,0.13472060375609268,0.057391479864891556,0.08741362127307978,-0.020545470460528334,0.007639777508184606,-0.08061986472248127,0.10788241692649628,-0.01503412589499406,0.02778820027789498,0.4155632148035499,0.4098573272128549,0.18801858441800667,0.5559401193194446,0.31897232226235217,0.4732054681512027,0.22162853570961996,0.07166468313264437,-0.25130860403701144,0.3082702558723675,-0.042833397829784986,0.1780310710147231,0.42205477207147984,0.40969639907364674,0.3437910558877834,0.5264284766130712,0.37868768404304487,0.4357729015782213,0.17854812310168,0.12435037015082108,-0.009825706249130964,0.22313055401293552,0.0682837696776122,0.17120731734674127,0.14747143344507,0.12092962949467967,0.012422242338770748,0.25194611796408184,0.07059213930117714,0.1544443261845841
61,102020536_NEG621645331488224037,1.0402167060400977,1.028673292220851,1.0110155745277578,1.03958737870076,0.990422692083873,1.059453463118074,0.02543064523247065,0.054037604349769536,-0.026765639829399623,0.13556726815286546,0.02997252603173194,0.07436856989109342,0.021655276328114256,0.026121999669503026,-0.06225189836366704,0.08646711175319365,0.004571955740834728,0.04561330362200238,-0.06497251729055166,-0.05185456606446707,-0.20799672382847223,0.15010567202732816,-0.0986998584944296,0.004229064086505394,-0.05130457644600689,-0.04082085670256499,-0.1566163843517826,0.04675048765912164,-0.0735085514124938,-0.004303901456441226,1.0352668761162287,1.022048401419982,0.9771086571123092,1.0667151537025386,1.007621466099108,1.0359712462629165,0.02487593291524,0.017059980948077372,-0.0609316004543572,0.07445175918872161,-0.0044860341525050414,0.042145391408268944,-0.10172433274265,-0.09645668802214948,-0.17082088269686796,0.03724076197844508,-0.11903223360711465,-0.06230901299731878
62,102020538_NEG631689440492354239,0.9066121868994349,0.9013379364407252,0.8945107486459742,0.9072139640570973,0.8868557649107319,0.9149367839078657,0.041430344075828865,0.0656915312486961,-0.001646434296120218,0.16315379429389637,0.043570352064630766,0.0902841472523244,-0.0014637456692606233,0.007386477142954258,-0.07058988065107122,0.0675055584299551,-0.013634130364642933,0.02773633668014213,-0.09376910067224464,-0.08597967760532656,-0.21167188209566515,0.055681713776663325,-0.13159609056014449,-0.03860518926793665,-0.00044994704363620665,0.027619815385283287,-0.13177356391181344,0.15864697055535487,-0.019717657462073726,0.06537228464259455,0.9063168352466385,0.9006270319632945,0.8707525527932097,0.9361105441119087,0.8923138543667269,0.9087241437564078,-0.03761813143076,-0.03330446988248302,-0.10475472933541968,0.025788768452852683,-0.05525698827157343,-0.0159944763709582,-0.10091464662734,-0.10066254345369756,-0.17297753904559168,-0.02939385018405396,-0.12395528969002005,-0.077655604122574
63,102020538_NEG637045736489835935,0.5884405664679954,0.5890109444690793,0.5854057547576453,0.5906480814030468,0.5815650073408088,0.5926898379373653,0.0860255949210802,0.08381378229142274,0.06414987625106644,0.10683509730492316,0.0786059714486191,0.08911888716388751,0.019338411026529355,0.028538153364438924,0.0017203944135119314,0.047430280680123366,0.02035606001880711,0.03671679776429773,0.15355477246399163,0.1287394267777748,0.03829867184125365,0.1928558473016782,0.07747773488653266,0.1621699561902111,0.5002850346410204,0.4962941543964993,0.387370935244121,0.590191580258348,0.4673981350255431,0.5188598174015105,0.7180856041976338,0.7124368827882018,0.6412704003514766,0.7885290870020065,0.691807426263155,0.729297762742591,0.11609360134026,0.11920499114278106,0.05974344211282727,0.1575222633519246,0.1054243378013279,0.13068563044193265,0.15451745810688,0.14256138788795167,0.08244613725580661,0.17484029099538034,0.11478579705009492,0.1583811458274594
64,102020539_NEG639239120489296299,1.418634172921518,1.4246939330922586,1.419506292454045,1.4308644836977096,1.4139334885486161,1.4352904250082485,-0.06664485632262138,-0.06513936544602783,-0.09075520456505798,-0.036027119288729065,-0.07282692083675081,-0.056149506108078846,0.1019228023909054,0.09460776514583297,0.028516017275322054,0.1293730881312827,0.06413580692727197,0.11414367213392379,0.1309585425995503,0.1417440382005224,0.08374132186347041,0.2072882090232752,0.12706126733355352,0.1616014311351615,0.10948948820442314,0.11819543241265033,0.07803740963789055,0.23059457666200747,0.09484044267085648,0.16525786060871542,1.4375272244039898,1.4518432400045056,1.428063445719321,1.4945687840830777,1.438095847468315,1.4670523026540672,0.09395755908912,0.10107665554459368,0.07935829430008079,0.16694135708234636,0.08752079421447993,0.12664097898237273,-0.00693222862381,0.0023510677323409874,-0.018731857268142388,0.035036131071705716,-0.005828540383058867,0.013426212516534506
65,102020539_NEG640534948489252606,0.8148772333994161,0.8154661586416122,0.8023084378900194,0.8428356244359608,0.789910835825173,0.8567337770071043,0.06412266488534217,0.06455873392608596,-0.009999594039790935,0.10842904646737513,0.04003973049359147,0.08063580956204895,-0.14538402890996482,-0.14286608338696716,-0.18890038814017762,-0.09545565846913372,-0.15219565652502406,-0.12796639290077844,0.016682040839839943,0.012790894639876595,-0.17276178872020423,0.10928280551635586,-0.06274532223310038,0.04615288180198041,-0.1827005657606723,-0.18431197701260393,-0.328627004061852,-0.01045664876993061,-0.21391194864164606,-0.1429474488977304,0.834165760408166,0.8381675756201289,0.7846703813889907,0.9251889923082809,0.8229457047054356,0.8676424680894718,-0.05071803735204,-0.05104202776729012,-0.1337411350403818,0.040759839045612936,-0.07021917769984212,-0.0307409289848633,0.01957566851329,0.017865840829939226,-0.0835713412378188,0.0859429270296018,-0.020507353409709484,0.038297945229626894
66,102020539_NEG641383802490968352,0.6811243317155558,0.684478108576958,0.6818037510651814,0.6867750365455664,0.660565015896481,0.6887522671575924,-0.05546072280737873,-0.05694527284520244,-0.1060299954736546,-0.03821091489051875,-0.06252299102043579,-0.0525458466103053,0.06906572184901696,0.07271405163440137,0.031550820475403064,0.08699295042350705,0.049460559169698846,0.07906988689490918,-0.11081883076999241,-0.10486278754356365,-0.20218864442114304,-0.05832528839430038,-0.11662077428441596,-0.07748870824947365,-0.22356185881544155,-0.22914499123712018,-0.2917577265806598,-0.20641093962593898,-0.25879107942783197,-0.22151541395357285,0.7103201979744993,0.7150359579215312,0.6931645066663679,0.730061455423118,0.7118979507805573,0.7178407597818011,-0.09245652514189,-0.09373618994671049,-0.15691194502036354,-0.06570392015268854,-0.11598955442338825,-0.08390793291213025,0.00708855561519,0.013297232168013208,-0.07763438867927103,0.04286441738576563,0.0062001299563731556,0.03231132015308346
67,102021006_NEG554672577486973111,0.8293408399304006,0.8211471474774594,0.8158137209277929,0.8270798567571321,0.807161606282996,0.8352644778237083,-0.0031694937906669926,0.01651364080811158,-0.013564246931398597,0.06779114635686279,0.005503722767325809,0.030325287689024278,0.09400628456314446,0.08646453705648009,0.0625200744378691,0.10074270492797283,0.07825817261540935,0.0932090166781839,0.05276242535907018,0.03234157151034182,-0.07547941419528807,0.08982034204672737,0.0026472511846426816,0.05447499791481755,-0.093613265881031,-0.10757784591708397,-0.16441237438025985,-2.9451827538339774e-05,-0.13191098772206133,-0.08122640263146821,0.8174273901016232,0.8135933712765406,0.7950813956128073,0.8318196724836036,0.8069911467166151,0.8195495389566653,0.07086731809724,0.056556680469373344,0.01814130596473038,0.11269039430547222,0.041092094104967884,0.07096710607689564,-0.06066753320918,-0.06561198651536415,-0.1168246322360565,-0.03241710909556967,-0.07825919506844414,-0.0529563890955081
68,102021008_NEG569571426487440793,0.5925365460145742,0.5810340572273403,0.5704086388153815,0.5900726868232854,0.5644279318396467,0.592467279420356,0.12923636659467447,0.13010995368978678,0.1183969835074603,0.1644461512786455,0.12642259833323208,0.1387675410737395,0.08172074905127386,0.07188573401511554,0.05255544805000055,0.09045345725523023,0.06383997812059032,0.07883132131871143,-0.3926764205108152,-0.3271947334801211,-0.4417869970535675,-0.20928251955316188,-0.3616917787008681,-0.2834946786719909,0.40102340732708847,0.4075227733268487,0.34328331994803485,0.4575851177380389,0.3865314979052014,0.43540322175810076,0.7494945386891987,0.6999126430242194,0.6259932105839624,0.7530729231552089,0.6643132701992723,0.7313720637109928,0.06503078858791,0.053425739769163795,-0.0072050360750575615,0.08099685245679394,0.024000132527651114,0.07047622470825275,-0.07848010978029,-0.02212521731103739,-0.07616394099600446,0.037078467119338925,-0.06290836253582781,0.004738625901343579
69,102021009_NEG577024787484062221,2.3238624351919004,2.323673696755244,2.3230266676172056,2.3241571150546387,2.319999812618544,2.3273436084945955,0.24647916842054465,0.24667372168773577,0.22993952553446056,0.2533207902431421,0.2447232467401751,0.2494268767527042,0.0860403599017002,0.08561660268291904,0.08226071579612396,0.09293677740166013,0.08414432370220412,0.086576318240887,0.03484219161977704,0.034301063576197825,0.02716485500449767,0.049236746081612416,0.03167631012924791,0.03626951140024933,0.05664952826246957,0.05665746863231398,0.04197324097286556,0.07806493994303218,0.05394859577108353,0.058718344771221696,2.2864428240888297,2.286263822183265,2.278816102236939,2.2969244994027362,2.2849569690352625,2.2872841336479133,-0.0561278335873,-0.056043471413193005,-0.06320592967920322,-0.04761943886661361,-0.056924019026650716,-0.05534361890454266,-0.08254443463821,-0.08271599672156021,-0.08520638006867957,-0.07801809728723183,-0.08352122410989155,-0.08206241578898764
70,102021010_NEG581199679484613010,1.2043478286556093,1.193430191008532,1.176293128021708,1.2022180634696429,1.1207887466666373,1.216389561002965,0.2270120070865236,0.20272951974597467,0.12491045803282069,0.27112005104830905,0.17839469427467353,0.22651146244375128,0.07822249041199097,0.07073090536094906,-0.004363551919865455,0.1337199310260625,0.049123318605140374,0.09183333656540078,-0.0727192930520188,-0.06937927861391244,-0.1559820445740097,0.05159568612159218,-0.09587813269683113,-0.03297277080477965,-0.3659493083308549,-0.3619081482775672,-0.47993213510059646,-0.23192653821617487,-0.4123302306023997,-0.3307612485720296,1.332268165281325,1.3187055599328381,1.2392016299274637,1.3841039545581222,1.297441140433934,1.3444883297654233,-0.19150307241276,-0.1781906470986421,-0.2614771013114369,-0.10269756674229062,-0.21579761307647996,-0.16045414393354532,0.00442580724658,0.0026614070615393606,-0.060913978964086644,0.08499673298974028,-0.017401239782649187,0.028833373847846053
71,102021012_NEG594963796484947260,1.756304174392148,1.7264934353409989,1.7100572242723129,1.7472960185682411,1.6802238913392649,1.7606513786781133,-0.12782396160711923,-0.09569926926685708,-0.15823572588581497,-0.0005103884365751926,-0.11902715934610615,-0.07030037648001962,0.12407397981611919,0.11823907869489238,0.07813505644447968,0.1705047862047081,0.10284329828989278,0.137877912911213,0.40282373442291153,0.37042196237675373,0.2278539339505452,0.44666050891972675,0.329818667098346,0.3991824745766285,0.11281239854761903,0.023022196861218334,-0.16847171953528225,0.14863532082220676,-0.04446146932889594,0.09356160206232084,1.9301118089824445,1.8339423411783904,1.6562058035684444,1.9648847764571626,1.770317928117891,1.8912592968704747,-0.09159877986022,-0.13638784187876216,-0.22370424773705855,-0.07966993864090914,-0.1677006431238556,-0.10357478535776696,0.0555169028542,0.040048228633775544,-0.028028277872639173,0.07720206114170632,0.019778548741900145,0.05369659187057668
72,102021013_NEG602940269483238112,1.1817905861197704,1.189782295582694,1.1637958207834074,1.2071801912319822,1.1332457772086324,1.2583603360994162,0.06827382127658957,0.08904445285569679,0.012744396435918893,0.1810126569584537,0.05912246685237804,0.12295242993442236,-0.038552304117975666,-0.03513198729812151,-0.10817037510054331,0.06005804629580112,-0.06056024574276555,-0.00645375138261739,0.07552376352921773,0.09920183135109596,-0.14907826249630798,0.31887296211406996,0.0067050894765031425,0.18929768486188844,0.19147696177126605,0.155775954507396,-0.022959003583120106,0.3236991261209796,0.09782354292879658,0.2114020113539737,1.127957091258465,1.131908128425521,1.0482567901940283,1.2511638028325593,1.1030717879958285,1.164252486541304,0.29799116586284,0.2890135395920588,0.21380149412538982,0.29998406689752194,0.2688068916714085,0.2973793125866945,-0.06570280651346,-0.04619216096976448,-0.1414982850270892,0.05715252935268166,-0.0838720747623595,0.0011812815479379777
73,102021013_NEG606090281487314103,0.9430724088562402,0.8918539814762272,0.8315245404821829,0.9387775939534733,0.7569190751459646,0.9551455928273519,0.013979390512157448,-0.008932062578333571,-0.10425307964456822,0.08046526417223766,-0.05021450462908123,0.020860225120456027,-0.0027970684926980315,0.00816373050997247,-0.06077697589185354,0.09757147918600755,-0.009138968063980756,0.02880580760887092,0.1814353999340469,0.16419661061452676,-0.09740245430861898,0.34689318817511533,0.09007954564232255,0.2163517819563434,0.39564007428498726,0.34896361997107767,0.14980937033943087,0.4883759013690727,0.28164352153002453,0.396652728727113,1.0194810974177173,0.9437636061117604,0.7873443050836771,1.0690320704973173,0.8938041585774175,0.9996297053573517,0.24499695667889,0.20849186951363596,0.06968753145532196,0.29440931212244986,0.17734744941636524,0.24056861345993766,0.28166490658137,0.22951642511329604,0.034384635864552794,0.29945304563242275,0.16544548508363058,0.2796831375484841
74,102021014_NEG610047486487275523,0.6923140828180633,0.6791573319085276,0.6709058571718918,0.6952372229861915,0.6618355132146853,0.7077914370771894,-0.02168870483334194,-0.03803508878628159,-0.07856028303185501,0.0030394944604860002,-0.05509113420860977,-0.021625401426724485,0.023361293553493825,0.04808931418516146,-0.009009007005762208,0.10537828773817427,0.028193450718380895,0.06665757091537818,-0.2552424237723357,-0.2656785944004835,-0.34918860443767846,-0.1659669899766796,-0.2998254815067168,-0.23276185036835947,0.20432930145774053,0.2569633972513056,0.13967022772399665,0.3660356704138513,0.2111974815381179,0.31346728923025224,0.7491746918133904,0.7550050307886288,0.7049438438671571,0.8119491710425873,0.7407379825046992,0.7755371316113464,0.09403240947722,0.08485369763293123,0.03644369670126078,0.13928171582033072,0.06855513875895748,0.10110799672650912,-0.09268952405108,-0.1041733355713512,-0.16296590812149994,-0.036945132121881115,-0.13650827914275698,-0.07988569592853086
75,102021014_NEG612545150486042170,0.9454508773483686,0.9446789040513509,0.9413283893591733,0.9483635665228436,0.9294658804722391,0.9522952332745855,-0.05311144570027085,-0.054476150085873434,-0.07702606894770234,-0.04174050215450155,-0.06055567136198621,-0.04951732653785531,-0.02960292919051337,-0.027712289131443323,-0.039294297349441246,-0.009280003674661978,-0.0324796708330746,-0.022605215558177568,-0.43524633237532695,-0.43443384814904873,-0.4773849321210357,-0.3881961460365938,-0.44567374231739476,-0.4215712764580981,0.030226083110493296,0.045708260374832346,0.015540928108581941,0.1285676019944744,0.03351513450115583,0.05929802496062268,1.091049909846697,1.0903683710466785,1.0414256422867776,1.1371280836194133,1.0762604133968774,1.102880475358845,-0.04065672989151,-0.032551847244289826,-0.048909465401284546,0.018519290522805997,-0.03914618066669942,-0.023844313432035084,-0.17409985868001,-0.1734202080108969,-0.192774367603609,-0.14002681905436665,-0.1794224674204767,-0.1659641202544893
76,102021014_NEG614981615482506340,0.61343690570277,0.6131753727907725,0.612709234801457,0.6135896549035483,0.6122098125836563,0.6174969634546372,-0.12190065305762054,-0.12125452352309042,-0.12760503927607797,-0.1128096771047356,-0.12227609037321707,-0.11917745923876466,0.004649036851525443,0.005024891139895758,-0.0015509665642616322,0.01625466175879744,0.001308271843691106,0.007059895231445035,0.24058581973951024,0.23219854597049278,0.15947299078940638,0.26159618666466306,0.22602295787978408,0.23938461104820344,0.05383649663832385,0.05265048919004451,0.03402214824281667,0.07459517786645707,0.046671719783728,0.06194458318674038,0.6225256592277866,0.6205875135512063,0.6079347376412559,0.6279955516078521,0.6194441279537676,0.6228135027656634,0.1393781304395,0.13918841821884906,0.13323391483078675,0.15676288374987005,0.13688944609351025,0.14557684611941787,0.19192216801176,0.1866939371953374,0.14114889514056225,0.2022539706922317,0.1812818859723478,0.1912791682603303
77,102021014_NEG616133820483754774,2.0240107164758765,2.0254065039991676,2.021341744300508,2.029659621265939,2.0132500159651596,2.0383193240998754,0.26250162204407157,0.25190113793109903,0.18456330933219545,0.2836723024432033,0.23912777803168442,0.2613785350912624,0.021135028332739957,0.01975399212813841,-0.004970926022964007,0.03261811559991244,0.013455086165020782,0.02505879501556803,-0.028673277895586678,-0.038938071596894816,-0.06831015291244105,-0.013174944782151391,-0.046431873999291357,-0.03164465789506724,-0.14165656170888868,-0.11797897589672507,-0.1653615884554506,-0.04456422017251795,-0.13603671748881666,-0.08890026292152772,1.8941358099080765,1.886257784918358,1.8498976633682898,1.9098827014527116,1.8746112877148755,1.8937047260035542,0.19468545969924,0.20524169254262098,0.18029933981813417,0.23480831431062138,0.19703160542252535,0.21696868140508632,-0.05532528799589,-0.06124888464409896,-0.08125862354974915,-0.0472510924174835,-0.06682075533343958,-0.0575802282865352
78,102021016_NEG627891706482718950,0.732299926094529,0.7319620995410836,0.7264779368183906,0.7335502381529841,0.7251007603542645,0.7354213970030017,0.034783164090732024,0.03957470280196931,0.02420328070363283,0.04765342052396207,0.03522842089536832,0.042501217733147426,-0.05304852211841627,-0.05141105994383588,-0.05928101048994236,-0.035988442679841456,-0.055402196000967505,-0.040221816746811176,-0.10092072048276139,-0.09937794554242553,-0.12385419757441264,-0.03764514382143781,-0.10940308447702939,-0.08237033374858978,0.006328250928714363,-0.008563440195454674,-0.05511145231147678,0.029615007098758857,-0.033187340620395286,0.008149970161608547,0.7293010299263586,0.7298663765072919,0.7189987926593431,0.7340685785213653,0.7243245426888825,0.7318837762654232,0.06805705811892,0.060916320137315405,0.0355604576486763,0.07800300990829408,0.046632751437818504,0.06784010212188964,-0.11137893210527,-0.10914507763614303,-0.12492144468110794,-0.07017995567894574,-0.11520313234334277,-0.10196496956051829
79,102021016_NEG629685198482852633,2.4361955217760443,2.4363458341056314,2.4360034651359452,2.436872814365442,2.4357420409200246,2.4373463966824125,-0.2365216138332216,-0.2365851392774489,-0.23763094339471222,-0.235812828415815,-0.23692092434641662,-0.2363138908392792,-0.017741011408156718,-0.01817871609989668,-0.020278797784363648,-0.016412595391439664,-0.01882003909223119,-0.017717214418455203,-0.1401938657798758,-0.139817191037631,-0.14121655952932757,-0.13733516687526987,-0.1403581067986059,-0.139180648530001,0.10055737916223678,0.10080457996217512,0.09956895760251142,0.1027240377956549,0.10032696691557778,0.10128871488230191,2.2850487305052516,2.2852881466397075,2.2847180819828714,2.286196989914285,2.285043614085132,2.2855450144944824,-0.17179836340819,-0.17170833723546924,-0.1720820484630481,-0.17106452775493763,-0.17185449584990337,-0.1715436200201563,-0.20261622212541,-0.2023578720559292,-0.20300896189115827,-0.20090014208955592,-0.20263296241966197,-0.202043980336671
80,102021017_NEG633207820486535571,0.5864565841117745,0.590004802828352,0.573921493369387,0.6141738253595626,0.5589116018713183,0.635966189598897,0.07811658306227087,0.07293508894703979,-0.012847549793420752,0.13361513830376456,0.04785934295580432,0.09458857530537779,0.04891633380699888,0.04637641544666196,-0.01622043538184027,0.08861670849600105,0.02881617329033841,0.06422844619397579,-0.0058470701950926185,0.09669939876755665,-0.15928530059288043,0.35148666265468925,0.01357547117889075,0.17164406665476434,-0.044658155460041385,-0.09743139833736145,-0.24349644433910717,0.04271745993891055,-0.1561014712998246,-0.04244041415668459,0.5738801187894041,0.5856972858931034,0.5466372725573094,0.6467813225258474,0.5690435843546735,0.6074614279812748,0.11954474621573,0.11902831398549299,0.05418553008632627,0.15221093651130482,0.10206434926861549,0.13149142693250507,-0.01096803826156,0.030331853416202193,-0.04260058408383335,0.14074215323946154,-0.004225577516397726,0.06097005972013584
81,102021017_NEG634146279486865014,,,,,,,,,,,,,,,,,,,,,,,,,,,,,,,,,,,,,,,,,,,,,,,,
82,102021017_NEG637928660482715254,1.3266046696112839,1.324752277274059,1.3210585971017657,1.3286645785135078,1.3193159486466632,1.330461670339072,0.18220888339654254,0.18295099849699117,0.16619578665771953,0.1913433893533543,0.1765578074743995,0.18644380372521122,0.17738398428510643,0.17775553938833885,0.1740863931889202,0.1816665019500695,0.17608233824296537,0.1802772724571717,0.09386743743121624,0.08932263558439979,0.06530463825786458,0.09802746900308253,0.08441239149732975,0.0944971444481235,0.10429109245033705,0.10010579722160161,0.07365786478442775,0.13712189011648787,0.08194845086222367,0.11893954424226359,1.1624416359261074,1.1607366696238368,1.1485556907781587,1.1697901475634238,1.1532040497461238,1.1656185885817745,-0.28940536983661,-0.2904392848699148,-0.2999282641838476,-0.2805186299457596,-0.2973683418290121,-0.28478260716752124,0.10806907793386,0.10648038232612926,0.0955274553517658,0.10964956725084586,0.10428238462080837,0.10835830035377524
83,102021018_NEG640120110483854165,0.8413391163440709,0.8384725386157006,0.8292936203927596,0.8488913289953658,0.8145188190256337,0.8573406798960569,-0.12525119683273606,-0.1266576490366604,-0.15299019241881168,-0.06638136938000473,-0.13397966337190645,-0.11656921727677419,0.0044930673199777135,0.0016384072564768844,-0.06625068050974289,0.033133492947563035,-0.012411920318966754,0.01393902488894157,0.2018654728223518,0.24535579202776509,0.12904592739254475,0.33668270097569547,0.20933510239100478,0.27876814928431837,0.2185776213334228,0.17299581086352225,-0.01292899232011913,0.26664959661246546,0.12709087868502772,0.21347844910986483,0.8971013942258268,0.8960027728009838,0.8364639520165523,0.9737696742307711,0.8733704991796364,0.9173428119468849,0.08427554142887,0.05798288282218475,-0.013161000274865163,0.10433677552818914,0.03794682750285987,0.07888646588739734,0.05829528575422,0.07757138783458796,0.012538147264613107,0.13951926765627476,0.057408161762006533,0.09852176858445551
84,102021019_NEG651956451483599583,0.9520097003482189,0.9435497885544493,0.9337450870494555,0.9530272402935113,0.9230381076956646,0.9759076144417898,0.08794833429631596,0.08462720208733249,0.05946181146610005,0.11347073900075827,0.0753821721276566,0.0921374585694784,0.15920603280779808,0.16898955714415545,0.1303769490458324,0.2012040471116016,0.15917652243679806,0.1782409129079381,-0.12248845608993697,-0.1315757995859785,-0.21283652805701708,-0.03356012077710153,-0.1650925919053579,-0.0995627859799806,0.12656904203737043,0.0764645325130918,0.014979211129232993,0.18048920658503814,0.051421577371095414,0.12184034134424372,0.968146450620534,0.9518280397857344,0.9189350129908126,1.0191597103443222,0.9382368209458598,0.9728458716788305,-0.00638759305301,-0.03629063659207288,-0.06500878936813416,0.026863208874288586,-0.048183683517212084,-0.007169507282961996,-0.0823941865991,-0.08353418305126609,-0.14122057525813145,-0.02484722862341587,-0.10235878891239744,-0.061235790150701706
85,102021020_NEG656951229482999258,0.751633352571873,0.7517707854434041,0.7479484309798821,0.7590822713758492,0.7454571559227765,0.7642062603810962,0.2077285531377347,0.2141838696661273,0.1920589372345661,0.2460409186333383,0.20852690397331483,0.22054645541047246,0.1130982103468452,0.11703443823625263,0.09029183841178606,0.1364605368116457,0.10827128968414605,0.1264519750302663,0.08919640362029264,0.09626142305471465,0.042823457988166655,0.18212881648676799,0.08112954377133721,0.10959055686614005,-0.1746575267083842,-0.18739318292014678,-0.2371195056332747,-0.08649424918674278,-0.20290266047148373,-0.16012865955187391,0.7670645379513436,0.7694444397934059,0.7469802661007636,0.7843103131357386,0.7660354713291934,0.7722591856664612,-0.06217978036121,-0.06934492414858928,-0.09762608096674331,-0.014400380373241857,-0.07817778641407376,-0.05407045257898182,0.11243880185132,0.11807654780721764,0.08921411222089867,0.1647366497411608,0.11035009392721132,0.12797248532913458
86,102021492_NEG579460447477747720,1.3622290059711601,1.3676624763925462,1.3147156454956974,1.386000148815493,1.27812117933542,1.4137420105709548,0.10526418466054857,0.055950121687912524,-0.10010178437591105,0.13108383926372527,0.008967082913639764,0.09315264555890335,0.022744498634891794,-0.0016131395782775497,-0.07351070430307531,0.09665303046542777,-0.02900059803148529,0.02915321819921966,0.042161283038980646,0.06834917185070166,-0.08153173743255314,0.34733501247347565,0.027352577952539953,0.11588281535843323,0.337602156803401,0.31485437649984327,0.12550100818249527,0.4398416633986057,0.27607055491001653,0.3458965475563631,1.4371794526056265,1.427442097352188,1.306310584250464,1.5317327091334465,1.392766986045614,1.4558122747815399,0.27273986649765,0.2743669558913217,0.16459286815480806,0.2999411810251121,0.2519220704990655,0.2947320363173351,0.09467232551843,0.11124556098547148,0.014634515585360386,0.1796872297333564,0.09142544309652785,0.12614716712702997
87,102021492_NEG580553783482399812,0.9469059248289775,0.9494464180882118,0.9485787546250162,0.9514909626905602,0.9472235782032825,0.9638604549206442,-0.026476165254538445,-0.03190822650535877,-0.06420735147773736,-0.011407926964541607,-0.04072018964643296,-0.02767875654668856,-0.0009259009319151305,0.010722066527293763,-0.01706552350587283,0.019372255216679134,-0.006606504330281204,0.015442563684119314,0.0353567041691419,0.01102351841314283,-0.010056505523442137,0.07717477140034326,-2.6262137728767024e-05,0.04403026183986379,-0.12880579711635678,-0.13705994564492927,-0.18706423997845945,-0.08247303198012428,-0.15450064712314365,-0.12664014208008456,0.9539336929411936,0.9577593538346302,0.9523358591188352,0.9849946553283341,0.9555511274861778,0.9621611703151673,0.00476954678002,0.0010966033981127242,-0.015124585739435141,0.024659891244297936,-0.005659150655119202,0.005678820504867182,0.04884222155634,0.034216458689577234,0.020542658683208325,0.0655286924524906,0.026849694954843968,0.05247761818523936
88,102021493_NEG583380599480841946,0.7714471805801314,0.7606200040452754,0.7431147496605557,0.7799959831989254,0.7230172427679659,0.826123860631879,0.15075653284454682,0.14211787328914238,0.060465161484373184,0.18699568810636633,0.12395531745667239,0.15695494395891926,0.0010517277484677692,0.004871373456041165,-0.07054257204541743,0.08663768687687136,-0.016810606404695845,0.02428877190000455,0.5861373997995927,0.523050265858906,0.2726985670767039,0.6353077937442857,0.4386480993013772,0.5795707941414217,-0.15455925249653735,-0.1280350152682037,-0.30505248723374134,0.05136100336321192,-0.19482831843621176,-0.06490245630019606,0.9951885152662856,0.9226565919196255,0.7498778352250971,1.1244645824990571,0.8363041257458622,0.9966261938243801,-0.07698738520946,-0.07220119666879533,-0.14975044802323917,0.016578921389715926,-0.10152178264095038,-0.0372103487306498,0.03764153908704,0.01638178043438203,-0.09727260210406627,0.21168164324859173,-0.02692855744211453,0.06116880563324066
89,102021493_NEG584317889477816598,0.9191628631959063,0.9191628631959063,0.9191628631959063,0.9191628631959063,0.9191628631959063,0.9313321400363572,0.001439214322865548,0.0014495532363106836,-0.02086665996855881,0.02239665501202086,0.0014414230528919762,0.001457683419729391,-0.01994050627868722,-0.01988395968536074,-0.03531231884001612,-0.016434398767461625,-0.019928532666507365,-0.01983938670421411,-0.1851163486368483,-0.18508931267806886,-0.27123655370867267,-0.12315994190872688,-0.18510799067064035,-0.18507063468549736,-0.24870998174142112,-0.24866048544448574,-0.32727618424852445,-0.24860331557737056,-0.2486996203683455,-0.24862135052062595,0.982893487828962,0.9830636407316038,0.9828938554733466,1.0412644598406022,0.9829474163377108,0.9831798651254969,-0.04779608616262,-0.047541857449785285,-0.09305647069107208,-0.033958884866519504,-0.04774075379634872,-0.04734296110322186,-0.07364877282083,-0.07339169797744922,-0.12220399414576169,-0.024326788431124954,-0.0735692659459867,-0.07321413000891175
90,102021493_NEG586398445479765591,0.8629216357376669,0.8561444906575146,0.8474565095621541,0.8602956907380223,0.841363128217005,0.8657006554171723,-0.05229048799764807,-0.048617618398142555,-0.07902598428265005,-0.02797629139522871,-0.060502493023403894,-0.0398075994299139,-0.07276187142302187,-0.06696227029618225,-0.09649161962973263,-0.041426138001535814,-0.07690845022158857,-0.058660512480951374,-0.003909397015600603,0.004007357892404646,-0.0533028891984869,0.08927349136886492,-0.015905322576421275,0.03030643407452694,-0.03985027302251509,-0.051131431262718546,-0.12683523546170744,0.017459200443600175,-0.070506418988918,-0.033962565734092155,0.8565324664189863,0.8504132906874133,0.8287122488369741,0.8708368394906558,0.8430142699735602,0.8554352355325909,0.00169039653373,-0.004864104134872767,-0.05039745211180426,0.02538023885858937,-0.014623741791270848,0.004552628042906699,-0.08381591700136,-0.08253424230205415,-0.11111699061872643,-0.04725363094615906,-0.09089881509418252,-0.07385180086242311
91,102021493_NEG587807121477852004,0.701066735713804,0.7006344460445519,0.6996875536652368,0.7019894244843334,0.6979909958449702,0.7040175375031792,0.04341231543227203,0.04463900333185146,0.035883324324508005,0.05368023184894851,0.041726553558181396,0.04694192921369014,-0.03093903295375766,-0.03103914147136676,-0.036715124621272126,-0.024925579195909982,-0.032471850080301186,-0.0290509739498257,-0.009028968676785987,-0.0124294508790133,-0.040482120845427357,0.0023304890634114326,-0.018222063222949194,-0.006944210014923109,-0.30934419995491325,-0.3048614647680056,-0.3531829199976015,-0.26458988019632096,-0.32239716038237015,-0.2909723255475828,0.7421770105964134,0.7406117432223912,0.7247049873748231,0.7645396353917789,0.7350859785808956,0.7482160888146091,-0.03710222054982,-0.035415736979393604,-0.05230819710739057,-0.02027105485687947,-0.04149564306795423,-0.0304035643736161,0.04922628719334,0.0469054915711306,0.03325831630871413,0.05242901414857281,0.044437502719263965,0.04923337018518784
92,102021496_NEG603335199478099381,0.4523952173860358,0.44966867593534815,0.4314344223369023,0.45837282216688346,0.40358598036394344,0.4688803104744121,0.06038445217238622,0.04074289868393209,-0.02812826561414099,0.10114373404001784,0.016925623697103542,0.06738489145836342,-0.019224701398403127,-0.015719875785815757,-0.11252824088960106,0.049911972949658455,-0.03535188320935279,0.0009967209822731445,0.18355031810788014,0.22168062262252233,-0.09518817658459292,0.5037169983442253,0.14122999865863417,0.30244635499579314,-0.020085157648389723,0.06311641969874403,-0.2946542504644071,0.48773340996513653,-0.00680533484502761,0.234548391519508,0.45211606167244117,0.46444810496375916,0.4120874059275006,0.5502486992241428,0.44719393125290885,0.5001583055807045,-0.07255996921313,-0.012365037465149702,-0.11666561183111851,0.21841286891519715,-0.05907102415936812,0.09220038658596931,0.20014765463932,0.20824412100704282,0.052802390899377265,0.2982758480386693,0.1599356495136265,0.23648614910149302
93,102021497_NEG611694459481354870,0.8870243267583393,0.8912735903458199,0.8675150297466321,0.9032738257759076,0.8205771466136598,0.924365468830927,0.021002414579622368,0.0056822098553908785,-0.0964134750201773,0.047860537209411934,-0.017672683284104894,0.019990601933307258,0.010071016016270626,-0.010743798313019557,-0.09001339425986445,0.05611741046244413,-0.04345971594192461,0.009604094649652705,-0.0001252140344797925,0.017337990956369172,-0.133857509220241,0.17944170274931157,-0.011858864675669663,0.049475393002861696,-0.17144278865124993,-0.13143025519428278,-0.33553521256563684,0.029962769689405748,-0.1680324082322913,-0.08712514705028583,0.9038936321667761,0.8986598698469555,0.8470214379941643,0.9536128926149566,0.8786383744204015,0.9072702470796575,-0.10339754271696,-0.092385370852197,-0.2665087086119296,0.005279358764009515,-0.12321818567158428,-0.07047766886988537,0.0261942639325,0.04608795587139497,-0.06319980058926791,0.16186014092175197,0.023566191000320823,0.066782237977521
94,102021497_NEG615658160478755691,0.4350229741201954,0.4430986885888088,0.43816961640370106,0.45033956367976885,0.4353988175070223,0.455884007535835,0.01346385616370721,-0.0047850032639056754,-0.033035376676841643,0.023535806206457125,-0.017211343725457937,0.009648232862713385,-0.06279641156442788,-0.06364302717720297,-0.0775024469465946,-0.023926766639314735,-0.06969262346343136,-0.05338588089873391,0.0358674605831725,-0.055378808702236625,-0.2783630460078061,0.036137818797852425,-0.10255134158266065,-0.011168450468428764,-0.2359956146331035,-0.2472597758159328,-0.3460096218970422,-0.13747444200216474,-0.2717161314319029,-0.22291141415345384,0.4517769552818639,0.4626789284232642,0.44829010832240285,0.5158873969276407,0.456494331142914,0.4719563900477536,-0.04162389972058,-0.058346391348024725,-0.13516769260078407,-0.013632541556709616,-0.08204047201708298,-0.042513858666220664,0.03693415795237,-0.009863681414542587,-0.16099223446467725,0.03686317490612608,-0.03951593507273938,0.015245543107899091
95,102021498_NEG620710751479897662,0.9066843900417892,0.9005071855035429,0.8812529280416805,0.9186769221232711,0.8545244979474703,0.9780223274690334,0.06170150531512023,0.04401384382682127,-0.06616410257539403,0.13324048834673044,0.011165196133657344,0.07239101876646298,0.12445735717678075,0.1291216769973594,0.03444188712492517,0.22479527733096916,0.1006822832974601,0.16104606065581598,0.04405225895816024,0.012128615299315349,-0.22130822402643766,0.22479280957069941,-0.06472558854718145,0.09278912395465562,-0.10408378661332665,-0.13536553798430942,-0.2959046725385174,0.0507406366927075,-0.18797783290985048,-0.08084918496980681,0.9125386800628723,0.9135900146851994,0.8483845888420819,0.9999383498081371,0.8905232789839028,0.9460867098547812,-0.06313438205011,-0.08751164430238055,-0.18740574167761725,0.05851671819375254,-0.1222800961668528,-0.05160012554580679,0.0601918874233,0.04256486284290549,-0.09118474442328743,0.1695421853346794,-0.0019364680099907647,0.09352927768597578
96,102021499_NEG628042951482285714,1.3438381798827346,1.3471586502789,1.333790580164059,1.3521128509936997,1.3087181987837582,1.3602165385290856,0.019642185831541037,0.033082143063402465,0.0037231897280555677,0.12575555588101794,0.01820379997672446,0.06655399834827205,-0.0641301319232407,-0.0662821736741984,-0.1311739452820437,0.012782443181655008,-0.07877114444872821,-0.023444935917033307,0.3324753982742174,0.33225594926365226,0.21361632859532992,0.4083488334102169,0.28074678416776117,0.3440666515287732,0.15086951027500406,0.16379573934724556,0.07116181857178146,0.25608616846419713,0.14982205632568335,0.18679235216402365,1.4705162982555,1.4748771348284082,1.3707910152543903,1.5181113192436002,1.4341521816804932,1.4855508532710275,0.14611417743623,0.1507229977328401,0.08077045493525105,0.20734478060075964,0.1354596494761791,0.16193229155444305,0.15922173457309,0.16188623116508097,0.11370134693171936,0.22788384997003353,0.14956600105535206,0.17484314174328325
97,102021499_NEG630283151478334717,0.6531839391473738,0.6536186289582344,0.651926647411465,0.6575101050522199,0.6494105295305757,0.6744350131564506,-0.044704759347270535,-0.04368714102121547,-0.06954167475716728,-0.021291836558809462,-0.04684480696295881,-0.038419941482376756,-0.08301290514329614,-0.08355773368545175,-0.10595285907415795,-0.06297838556367313,-0.08595194348885687,-0.07949302049047449,0.18095260606709576,0.17624823779107998,0.018687135082559703,0.21315459834863096,0.1558822183742689,0.1902764707073488,-0.11866820954110012,-0.11233232284023974,-0.18608568644901574,-0.01984308513239269,-0.11908061341091475,-0.1021165523874018,0.6708979627446315,0.6703715836053632,0.6618117262669896,0.6992400537117576,0.6684412289574522,0.6729793315061936,-0.012546159002,-0.00949244480946234,-0.04873277448426803,0.030223690817935783,-0.013002647473990991,-0.00375021681456225,0.14017281662908,0.13704405033537095,0.02565731921421678,0.1548676032619193,0.12236932823303993,0.14537857960198705
98,102021499_NEG631323422479949628,1.0843163384808423,1.0840953448522792,1.0836687341120523,1.0845442627929966,1.0833792273697471,1.0853061083360307,-0.061226012029649335,-0.06247936863506234,-0.0665830881596054,-0.059006909969920925,-0.06415332463588881,-0.06103521415516768,-0.06361132771491128,-0.06423690593306434,-0.06987257019878698,-0.055211849794681,-0.06637267502042161,-0.0616264347053586,0.03576821949893548,0.03309544347392157,0.015950569919426685,0.03948050847345246,0.027018154395909773,0.035976330882361275,0.02673921328348089,0.027716082171309817,0.014656665460856222,0.034706578622012464,0.024297835351644367,0.03070808191120218,1.0846070427979473,1.084373157442303,1.0835165014988686,1.085668399349717,1.0840564310408147,1.0847327278092642,0.0034123087392,0.0034986989139770327,-0.005321170873879343,0.007654426528083134,0.0012730122958019199,0.005292246142295706,-0.01783554890847,-0.018842969445858483,-0.027909860780816254,-0.014758643547018347,-0.02184392697491054,-0.01712628208344435
99,102021500_NEG636294430480333264,1.593212596264204,1.5915215378843943,1.5882506623761836,1.5949720365681865,1.5847056937559154,1.6036778636162101,0.12542964376556037,0.12642609948199418,0.11275860765178423,0.1550401191106532,0.12206036480892667,0.13719283202717558,0.08032192351105455,0.07972438524725271,0.06784686490615875,0.09386902278190949,0.07642622586675403,0.08288153122340293,-0.05373810739932871,-0.05646700852267324,-0.07954999437663524,-0.036472361065202,-0.06757332801934167,-0.05197664389534807,-0.13573085099905258,-0.14504164715876833,-0.216328155704252,-0.11337884278720624,-0.16284602292865427,-0.1340757083956591,1.582856922026528,1.5851401713157378,1.5716153188894761,1.6253216962654993,1.580232130358618,1.5952833350286344,0.0773251849135,0.07288155074554899,0.045308360710655325,0.0847957146612278,0.06598583573203477,0.07768132369879867,-0.02879612770753,-0.030482777167296304,-0.0471826408357706,-0.016052720284223963,-0.03866216412463487,-0.027110992317947776
100,102021500_NEG636868197478599642,0.6822438025851064,0.6765678842914243,0.6637454956153056,0.6878285836452472,0.6240087415854785,0.7256133911073366,-0.01938801572532675,0.007150668208989859,-0.07476067887907341,0.09487712934294455,-0.022539340370155196,0.034790780377179795,-0.004208283429189941,-0.02682150037996838,-0.09059385465906171,0.050646276965072595,-0.05545604857993017,0.004682446173129347,-0.12944277958459696,-0.08332160377347987,-0.3103496968867351,0.11421865069934017,-0.14997504458296174,-0.03182071456641548,-0.2679281251669515,-0.28126142764582,-0.4637972474571892,-0.12133442583423054,-0.36160280654284055,-0.2197135788762918,0.727551215719148,0.7212081743755083,0.6604957949316947,0.809693572745776,0.6981921367093036,0.7561512351595957,-0.08646002129245,-0.07831843955597158,-0.19748904244392113,0.010666153471933455,-0.12743234630471245,-0.03846851669774736,-0.06304600662277,-0.047384017039834136,-0.14774814408863152,0.09948304140757701,-0.0723727014597604,-0.007343626679671723
101,102021501_NEG641175215482169059,0.6117997058930338,0.584020196248286,0.5541182587195627,0.6076256927840119,0.536932991077371,0.6293731687441511,0.08547704444024845,0.12658224201662477,0.04717476088907633,0.2064248647906459,0.09304119448008216,0.17028124592818572,0.019684508614666446,0.0475231535702749,-0.017533706475536287,0.13777158341021054,0.023574402868902024,0.0731398737811848,0.3571929853777833,0.3860411245696604,0.2576531695406761,0.5782677486538647,0.33436239512395466,0.4597339915126785,0.09907670382887307,0.124401039326945,-0.023033584400187684,0.2838692869008213,0.07453318988416471,0.1957411352562984,0.5310345326776927,0.5316674025730639,0.4396293800072315,0.6307505580834131,0.49181018287765405,0.5704471264421892,0.26160023988308,0.2591706433719904,0.186014263019595,0.29688276423573673,0.2416253609232871,0.2723814597472162,-0.23925818438946,-0.23812606811566084,-0.2995584882361498,-0.10726584158440232,-0.28037090982626744,-0.17916039656087596
102,102021501_NEG642870048480955813,0.8616911003920038,0.8804947484251777,0.865848935081325,0.8878334362924037,0.8545328396515318,0.8955192032250266,0.0002760487501386154,0.0044553565048605515,-0.042137773096018315,0.03194113522730155,-0.009202717918079533,0.01712594726474624,-0.0370705796842164,-0.05272713558027024,-0.10458494791352699,4.551507073493038e-05,-0.06993032219308477,-0.034668932819572645,-0.004477590635981965,-0.0021966084437328387,-0.04923584244321755,0.09885790433971806,-0.023908532669778795,0.025361702790845958,0.022143044603573886,0.030141613088342803,-0.06917312909141687,0.14002731657474507,-0.01625037664904132,0.06470503601716193,0.8447524712993142,0.8641159737881886,0.8355117704247981,0.8907466858596746,0.8496620411496383,0.8749391986782431,-0.1005922817103,-0.0883833146243592,-0.12771638265679738,-0.03597013946849188,-0.10427608832448113,-0.07437240677037138,0.06447713656212,0.06497187979383745,0.025429878964977354,0.12572900703994241,0.0472448019598457,0.0835945425752617
103,102021503_NEG655073934479995542,0.5119882618645885,0.5168725018571947,0.5108235555148811,0.5219486949579335,0.5003197092796761,0.5543763690786471,-0.053898367601031914,-0.05632399621570284,-0.09497693422816476,-0.011761890148069918,-0.06492276408784707,-0.046386451102896464,0.0518156952502717,0.06605565890442061,0.006602088314630909,0.1049372087601068,0.05519918751097412,0.07622260672923244,0.23126351376600998,0.22550328264936903,0.09964517135129486,0.3524862440003451,0.177157724234411,0.26775327590631126,-0.006600643717329803,0.03877044982968477,-0.06584089737948742,0.22242866499849334,-0.012400764150525906,0.1077761023341025,0.5132891547044468,0.519493906177383,0.49701480523367586,0.5551283197262715,0.5106068916802635,0.530312468919625,-0.04326225729803,-0.02030890658746392,-0.07329557126058989,0.04848742972339285,-0.04240824170485428,0.007691023610381466,0.25591539902025,0.25187132522951544,0.19100745350691012,0.29946359148236357,0.22554376003993498,0.27324546080093687
104,102021504_NEG663164014479278882,0.6966364660765711,0.7048975892325063,0.6963298164337612,0.7205713872655174,0.6809480973329265,0.7392276516124066,-0.06963628316390737,-0.054884666828706324,-0.08406230157654876,-0.025140485091746188,-0.0702870820608322,-0.04401468901138662,0.03767649244119467,0.027643810666489185,-0.01313811714709121,0.06338391570614808,0.01177686864683195,0.03477255322014974,-0.05912403919846797,-0.023356661687359743,-0.0751417783461687,0.12358462831775242,-0.052923023712212615,0.0262138683292562,-0.17478876923639514,-0.16094325706846835,-0.2998709974254324,-0.07855465410863346,-0.18813345400075393,-0.13285610111007756,0.702934929652476,0.7060379729555919,0.6753421848277171,0.7733903543041735,0.6964736704374854,0.7234530878461667,0.02446305729698,0.020424372163198,-0.09832964410904407,0.07436879986113216,0.0034896816867916285,0.03475057703096727,0.03608722070732,0.05745908792625307,0.02433214663635238,0.14964059989038486,0.03914911294128931,0.08463696962404842
105,102021504_NEG664270221479670737,0.8563126113240919,0.8571857936039773,0.8521615523721001,0.8683370089731488,0.8405677887818211,0.887620226460662,0.05907918787438013,0.05396546791958031,-0.016599399514901754,0.0750256674076316,0.045131262191157664,0.06196406116832039,0.017577054934295865,0.01696813090920189,-0.007386850140421009,0.04848814874982764,0.008495090182003645,0.029849211096027853,-0.04399818232551808,-0.053954652224133044,-0.19262552967112082,-0.007748419349224265,-0.06886472465879057,-0.037020544712143395,-0.2196463979129281,-0.21839308888096076,-0.2504520932647247,-0.17866834303050425,-0.23570651654559993,-0.20160656067569513,0.840523659712404,0.8428911863166378,0.8184555380061682,0.9020283279520227,0.8388505821262187,0.8615350056237372,-0.17751373846986,-0.17308851726710706,-0.1830875298952472,-0.13468536258981792,-0.17766109446346914,-0.1633476058017152,-0.20236130168308,-0.2028721232471077,-0.25365592048126845,-0.1827434359967656,-0.2092961835405342,-0.19669544613993095
106,102021504_NEG666846889481107505,1.091773869378557,1.0906955072878177,1.0895438316209727,1.0918098580795323,1.0883554456778675,1.0922708281384996,0.024371144692211223,0.023345351360321596,0.016136197194894706,0.02759955125044481,0.021365423445124945,0.025339392089607796,0.23683125802872212,0.2353198060094696,0.22860213457566317,0.23967215818444787,0.2326853640986595,0.2374453791932117,-0.0757742946979629,-0.08366231239891488,-0.10586858494408234,-0.06718911652323065,-0.08831691607010386,-0.07510082942728481,0.19644570624840454,0.19930234005685984,0.18099150018688773,0.20934337193545724,0.19383097917887418,0.2041190490064538,1.1245703314943902,1.1250722875495232,1.1202767929915967,1.1287974883084633,1.123836106920754,1.126568176157112,0.1167235605758,0.1179354431801603,0.11075851480604608,0.12409858279830017,0.11526580769843363,0.12093450522949116,-0.00997671296951,-0.010824047104072672,-0.023831286330982925,-0.006134558118306257,-0.013531657007881642,-0.009073643689517102
107,102021504_NEG669028748480810029,0.5563251891153413,0.5521066328333061,0.5443268801592553,0.5566823412925194,0.43855913339134783,0.5684379486689484,-0.07906580799495899,-0.07906440913497334,-0.13323470006509977,-0.059179095440895634,-0.08996661391209068,-0.07518131849355648,0.014412658900039003,0.012362726619837281,-0.008283452638164454,0.043555291031608545,0.006080054123780272,0.016268586781494475,-0.226390017808986,-0.22638860180057951,-0.3312506493003995,-0.11058075047461682,-0.24672488074503393,-0.22093981670049295,-0.04696316504725732,-0.09598822465857362,-0.3360274534140112,0.10563638292126416,-0.15149593807800021,-0.052783073373269325,0.5507971664314493,0.5497566131545298,0.4358486712236845,0.5724336949238833,0.5445883562400546,0.5609925464876896,0.17508088571912,0.1513581490057188,0.04292081766833569,0.18301166534668678,0.1279626686566816,0.17431849777351832,-0.12171031963777,-0.12170900757348575,-0.14176830376282104,0.01978823332718046,-0.13301796287190637,-0.11137107560812083
108,102021978_NEG565786336477092595,0.425086394784289,0.4244774502299028,0.4196230507183369,0.4283612035497995,0.417315478848569,0.4301082961997011,-0.05237616078651913,-0.05306566810557094,-0.06231562226061896,-0.042489571988418844,-0.05549598164537438,-0.05018217865431039,0.027004250339206656,0.028311537232403882,0.011771062552976603,0.0427269006169393,0.02391798484440318,0.0319843086955552,-0.09529447901724833,-0.08909705405785312,-0.16620399290666163,-0.033981280611809925,-0.11895456648715322,-0.06500823708931665,0.026005908196051534,0.004479970588097199,-0.0663622654970441,0.05135414127420602,-0.015472738521882157,0.02369617271727047,0.42694782845441354,0.42568172673113247,0.41557087323089154,0.43754459290452685,0.41995980126487037,0.4305610752225437,-0.01911726703825,-0.03221125219855749,-0.07875778253703501,-0.005121618623231112,-0.0447834111873347,-0.020563740204876866,-0.08254504879528,-0.0750044868006929,-0.12543288150968804,-0.040647558936742226,-0.0918781579961577,-0.05930684481348781
109,102021980_NEG576667803474825283,1.061587076380505,1.0584048481012291,1.0556283244992253,1.0684166997381161,1.0499251970509387,1.078669171127694,0.06998851496161186,0.06836805639005664,0.03410513964076887,0.09184369069508577,0.06215358177794165,0.07171866740254906,-0.013081211190575025,-0.011243117117478944,-0.023867205512790427,0.011852786123824196,-0.014828631027724488,-0.00613808511135635,-0.1464233617959912,-0.14010583767115115,-0.17369815315640974,0.0005303204717612645,-0.14949116506122578,-0.09596990638279132,-0.2145773755572553,-0.22040313896310734,-0.2489092747998274,-0.12531027117225157,-0.22718165966855103,-0.1696754573955813,1.0832413043377151,1.0804763235658088,1.0348170959479575,1.0899107051720511,1.0587785192781107,1.0849956606425688,-0.11269203193771,-0.11548658270713684,-0.13244740568880983,-0.058279318655911364,-0.1191874520437948,-0.08283109332186324,-0.20583338796342,-0.20539064295966203,-0.2211839725280442,-0.16659339807434792,-0.21026107936410363,-0.19540705981454598
110,102021980_NEG577646036477033395,0.6937295042978152,0.6987493418388342,0.6929557222473877,0.7196959279518602,0.6863432981471236,0.7322185865802834,0.02365853378118052,0.018387799270593395,-0.08617578878481107,0.06254002942720227,-0.012457611025185436,0.04288819905083439,-0.05157342088694639,-0.04250971319270196,-0.08003476391947296,0.007730060309517492,-0.05356198400482866,-0.02777787303595085,-0.15018388187609807,-0.12178056268056646,-0.20452515765447038,-0.039002422404605205,-0.1600546716172332,-0.0979561266910116,-0.35675890811654803,-0.34059866188936955,-0.41830951403321387,-0.14365683059322748,-0.3686104699292821,-0.27269779812325035,0.7663986116319665,0.7634482857402923,0.7112957534920793,0.808584622701523,0.7453874858875033,0.7857114520683861,-0.04857703410028,-0.04940771340512531,-0.10114160438043811,0.04848178570299818,-0.06553422823680913,-0.021661260824451637,-0.09166106865332,-0.08964153829758663,-0.1353826013334787,-0.03221792761169653,-0.09983439463175678,-0.07094980582502228
111,102021981_NEG583343318473770500,0.7445756029050715,0.744557980245457,0.7433644928211202,0.7459628218985294,0.7414925095785323,0.7480620865374182,-0.039825382830706337,-0.03947710447235016,-0.05510176482676589,-0.028867416410676916,-0.04083624595239789,-0.03748472321840418,0.08108239274638132,0.08112297032648953,0.04429975389309037,0.08970761913888689,0.07537671182232346,0.08353264843722619,0.18149968246771733,0.17754215229989911,0.12859979378772687,0.2394519853502811,0.16679784060619007,0.18435725469752096,-0.0035937545403062878,-0.0027712470928892485,-0.07803008403834516,0.048709811210873394,-0.012290871368263288,0.003703631503554778,0.758051954604802,0.7576458840389574,0.7485325702968623,0.7742813449436245,0.7548184017069074,0.7587387671568262,0.01669004868158,0.016798583833174358,-0.023355211508864805,0.04399230989044721,0.011496491522979747,0.02053924440107761,0.13891906664412,0.1361782292275049,0.10997607724447055,0.1748928462777194,0.12974286570744625,0.14062429708515095
112,102021981_NEG586493481476452509,1.0401904004572615,1.0414603842938268,1.039839137249961,1.0507935254471394,1.039542380715821,1.051710631727005,0.04658054161940675,0.04559122653820168,0.03226863452163009,0.05813836923036531,0.04415590574398808,0.04722325578810514,-0.060127363619425146,-0.06017729743493438,-0.07731875611131553,-0.05662242214069702,-0.061510054776505174,-0.0592007049792703,-0.056092891141377735,-0.05215354230963873,-0.06174338116268157,0.00023780372060301283,-0.0562513932407039,-0.0069688618067630876,0.014971461830730046,0.016485857360218275,-0.00798350496780659,0.07615511622864546,0.011142065406748688,0.03637775612903003,1.0232632289481944,1.0235744029899445,1.0213400449088363,1.0356111657778275,1.0226434766505532,1.0332718124212301,-0.11264939456614,-0.11190731721543454,-0.12085232023959189,-0.08039327476369586,-0.11399139138390878,-0.09964390251604238,0.0104465317229,0.012740036524169704,0.00498850428594789,0.0340916948645498,0.010401726299201192,0.030560928362128054
113,102021982_NEG593574657477168830,0.4467431543620418,0.44704890515519363,0.4446397781191247,0.4497557688494036,0.44155758603422474,0.45475020141088185,0.0639517675096688,0.06255456806453581,0.04662761893021507,0.06945032858644566,0.058965442126590335,0.06513459966388253,-0.23374779676341678,-0.23191742049499817,-0.24510311724681194,-0.20214915399745514,-0.23467884676705922,-0.22860537314281373,-0.10732494124505437,-0.11959350613739048,-0.1906139284383339,-0.02829992938687475,-0.14210973739059254,-0.09652677131607498,0.5309462751445868,0.5254223512241255,0.42466307756702615,0.5649088029481799,0.5023453681483732,0.5412944642343733,0.5571008263170527,0.5563495595115674,0.5090403958993569,0.5846495371630721,0.5428494949004548,0.5672262374304087,0.20507332306864,0.2054688784068339,0.1517021893670068,0.22696164756317816,0.1948616974145377,0.21357959128116133,-0.16627568659434,-0.16835858892509517,-0.20088029297457374,-0.1295351566439938,-0.177382417321921,-0.15829343031680423
114,102021982_NEG594322234473727139,0.8234064633673788,0.8198967342652427,0.8174115094907555,0.8242062661119984,0.8087325023639352,0.8306858517228697,-0.005795397921656965,-0.009724918031417623,-0.03045340422414893,0.020561522943976365,-0.017211630265156784,0.00013837099235552983,0.02068430329187469,0.017259623710938997,-0.015457658359268045,0.0389706099199813,0.00838453569453715,0.023286660661533263,-0.1646059624694619,-0.17094810117309295,-0.2865219818447484,-0.04508375911159467,-0.20578195818437872,-0.14447002348625837,-0.185810089660922,-0.19439066608599082,-0.31137202813119236,-0.11923290625156568,-0.22261511064467904,-0.17024060924564954,0.8478771651436618,0.8488904580781872,0.8063634690324294,0.9054853831831425,0.8364108869491647,0.8644596205798671,-0.12267140364814,-0.1302900195189567,-0.19822766987340712,-0.0915105098106029,-0.14922792201212828,-0.1150195832695043,0.03380240164736,0.02909119685816935,-0.02406489546645381,0.0900330901032509,0.010633737266016404,0.044584024347028774
115,102021982_NEG594333174476368664,1.4789421648010237,1.4789358356900908,1.478722908427516,1.4793354453477507,1.478152772366764,1.480667702381755,0.13116564412688353,0.13127529666812915,0.12541713751775604,0.13262461240690923,0.130522499489401,0.1317833665947904,-0.16024746026784398,-0.1603426646909264,-0.16537060633606046,-0.15969451312914937,-0.16078284447069266,-0.1601029872695748,0.19841494706155152,0.19823998210293012,0.18919654330977237,0.20083276363206215,0.19710360309415398,0.19916967559263493,-0.12985046801085662,-0.1300989545366816,-0.1364791559769223,-0.11805314034459226,-0.13136454929127975,-0.12823962587822685,1.3417380727770045,1.3418158206146324,1.3359974032642332,1.3435144376377839,1.3410057238397344,1.342324526279808,-0.27549220296477,-0.2756806940745394,-0.27810126935409746,-0.272298757557146,-0.2761152817090016,-0.27510536689414056,0.2992743351164,0.299142783701596,0.29718751158721723,0.2999554225456812,0.2988141704212911,0.29942918032080673
116,102021984_NEG605671540476154903,1.1083348255654426,1.102811678824031,1.092059366779687,1.1217411326578226,1.0828379774558592,1.1402636551681566,0.11596835941943431,0.11205730330431334,0.06393044981288633,0.162506691632463,0.09084012206531494,0.14121496149699483,-0.06153269254271268,-0.054461659514542626,-0.10727115413978926,0.005431568384186892,-0.07941894712395227,-0.026956489315978778,-0.2788194050822379,-0.2787423287446389,-0.4611337295198874,-0.2127756911028951,-0.2885645974148705,-0.2487598948712822,-0.09804713037178278,-0.09804388550343988,-0.19033950172813444,-0.04361606241036598,-0.10867031295514347,-0.08511854612340086,1.1708595179909136,1.1708595927246743,1.1231122231830337,1.276242898037704,1.1437363726328629,1.1914177422158563,0.02717301734731,0.021915584311272985,-0.03201628269543693,0.05878242703125159,0.013208207226862462,0.02788392054451333,-0.06163504127124,-0.05710426352654304,-0.1864444842855722,-0.002659735948487494,-0.0617013896118945,-0.039432030780035716
117,102021984_NEG609678648473892045,0.6244156412461764,0.6298257200360784,0.6222720621460044,0.6500233568131774,0.6161980641999087,0.6742674021823836,-0.02768705687734558,-0.04216019132458509,-0.16384575718394268,-0.006913311281243629,-0.08929266850286033,-0.027566591280737483,0.04024062730383292,0.038316610024214,-0.008450925595135526,0.08091464723944682,0.027250708336372474,0.048023175132260544,0.10313306193428087,0.10960373247627281,-0.014927116313909845,0.21932573847735778,0.06856010722873443,0.14574821146122244,-0.26958900280720843,-0.3043103903403107,-0.47499370025863913,-0.22624661081306738,-0.37055770768217056,-0.2686746057954903,0.6594377558348273,0.6711570436036585,0.6381896407497362,0.8033759369475525,0.6562075108599992,0.7204185905939171,-0.06597561329003,-0.08007857550704878,-0.16659421331728347,-0.029806064991965968,-0.1173535263090225,-0.06026239127220778,-0.01560794536632,-0.015776848167274943,-0.09634050999886613,0.051432735214546554,-0.040865410341582226,0.004529464802089499
118,102021984_NEG610367881474644147,0.9957422393496052,0.992963849454541,0.9900995648732679,0.9988745570575798,0.9809945250199884,1.0143767369430445,-0.035431180232137094,-0.043805744725091064,-0.10308340307096604,0.003474311836376618,-0.06016155667961497,-0.029273116341664737,0.04876218372806112,0.04279769915333049,0.020316505499337292,0.05806427574497937,0.036730417698557484,0.047421296116461335,0.21706524191869922,0.2097446976890617,0.17771584092193332,0.28234654589898495,0.19840098992321142,0.22902732829721495,-0.1749388308973578,-0.1673170271317071,-0.18752235164368813,-0.0956577580052701,-0.1764706481573028,-0.1535874379696599,1.0537184109918265,1.0475104622590434,1.0192471061200756,1.0856043765540129,1.040543592877211,1.059795649473424,-0.07849984085297,-0.07624019150632995,-0.0960218064900762,-0.026108266174646517,-0.08374096189617161,-0.06646521398499945,0.0839669929191,0.07982250483338567,0.06059930461127641,0.12479619055863926,0.0731617440457446,0.09104129450322479
119,102021985_NEG615462575476067577,0.9083709819166461,0.9004465870991379,0.8843223446428403,0.9118280238783524,0.8666684430354311,0.9396370039004152,-0.039185414620222084,-0.04934126251944056,-0.1249739034938721,0.005387530956229434,-0.06800242496770947,-0.02976064156449892,0.12168205855528633,0.1301980522594137,0.08558421741185068,0.21968557757712417,0.11461354231193928,0.15406600769092524,0.07130084152942825,0.05478811920855109,-0.13570804063119957,0.1526083360367803,-0.016976986242412027,0.10787488101258029,0.053601029112123555,0.0607617230202722,-0.0829703955993852,0.28520496469218287,0.016217487954876136,0.11449553164981428,0.9085738696316702,0.9003847332634634,0.8463883428728662,0.9830888803450407,0.8842846672039731,0.9132736522133709,0.03090020938352,0.04094788957562333,-0.056811154547210974,0.19086889223670425,0.012829316639279293,0.0797259358703831,0.09493540404977,0.08768023487071523,-0.05208832307583478,0.14239418047984656,0.04018766227751103,0.11500854021193452
120,102021985_NEG616063813472801324,0.41371835009054114,0.4139266824185806,0.4019681176728246,0.4230228219299379,0.39653260609865654,0.4381966164649593,-0.06542862460040905,-0.06632234742496544,-0.08686655118068501,-0.0451093069019251,-0.07100462227095343,-0.06296499516874214,-0.05857271816067892,-0.06662545635607596,-0.11463448726069818,-0.0016154685731565588,-0.0817276887682521,-0.048473730179350534,-0.4048192622669205,-0.36999521750649456,-0.4768930591553101,-0.044960288215230966,-0.4114152643258842,-0.3255289237285066,0.059035951737273815,-0.05994650411721799,-0.24227063654646352,0.2575083404675052,-0.1419423693533012,0.05098465629263883,0.4696022555723899,0.46197612777169744,0.41270047055521547,0.49669297566495696,0.44754258509267253,0.4752486885600536,-0.01454051120692,-0.05470768087512006,-0.09819498129455756,0.07125555476376258,-0.07718421681947266,-0.020060895577905434,-0.16475154103291,-0.13428301195543513,-0.20781238956259046,-0.011549074893498547,-0.15565371210329387,-0.11537369796404616
121,102021986_NEG619535738476339304,0.7118487330490993,0.7142304328474411,0.7048662250011463,0.7164915361145404,0.7000704082628514,0.7187174300089092,0.03345654501008184,0.03176737707344537,0.01111860298293015,0.047361018762035884,0.02443767169755959,0.04009776081509196,-0.07373874404986598,-0.05945856998990509,-0.09009460944793538,-0.04108419943436369,-0.07819104008864322,-0.05317306751071899,-0.012831164182090196,-0.017668547144071834,-0.10833423688589722,0.020601389012159795,-0.04300062333330537,-0.0016175537318575152,0.2765058404519241,0.2557634379234997,0.15826361008341921,0.37480068034822117,0.23630735221384114,0.29437697370727933,0.7492347882627538,0.7462757465229302,0.7300484630932758,0.8071598335345439,0.7406098373693736,0.7525130120370691,0.16045805603645,0.14254445891220466,0.0905089545330537,0.19500235927643678,0.13221757521525926,0.17109117386233016,0.03439712292316,0.03152857345671457,-0.014112494033793405,0.054947899639645914,0.020100198020850203,0.03922090341786833
122,102021986_NEG621796804473410288,0.6759644472037468,0.6779557171216477,0.673370303809642,0.6855353287432856,0.6621697401614813,0.6927078879408031,0.008218569815266159,0.027089916356429357,-0.026777314599650347,0.10077010103724164,0.010945514051418552,0.04527913882589473,0.023675591776394472,0.011504881158451968,-0.015572091430517465,0.040462928834157884,0.0018716637807209963,0.019782619525962917,-0.36988169467592047,-0.3788842638747255,-0.41288222420819237,-0.26369537203599885,-0.3913348156140081,-0.36158376385137,0.053079626896849974,0.03896885295096383,-0.05579563341420535,0.1172539296705879,0.015624737813369604,0.05867396433089915,0.7386524608796422,0.7471007198782957,0.696385752510268,0.7833400991468003,0.7383039482029484,0.7568166882798562,0.12552995823145,0.1195488196901831,0.04651282672175714,0.15698054379515602,0.09828779260087685,0.1342809995904031,-0.10468083766792,-0.10751077787825385,-0.1366923501850749,-0.03848584841169225,-0.1171801058726392,-0.09357907318834645
123,102021987_NEG632575884473969454,1.0805245430733936,1.0874838646075382,1.0759259693853702,1.1022867359303068,1.0468711352959095,1.1308330308855425,0.0411385600019122,0.014659273604212167,-0.10402988900695145,0.07743294802856221,-0.027076421719423486,0.037296226255023816,0.02833281436838054,0.036222799569244984,-0.01761200707209139,0.10983051499727027,0.014488554957014014,0.05889043234801568,0.30621824512186097,0.27774632024321333,0.09009482285139338,0.36367815369156237,0.2323265544548486,0.31607825779655796,0.009866074724250107,-0.024874859737739258,-0.20691077466919242,0.11875684475666233,-0.07322137240424163,0.012259241259745101,1.1233102254289262,1.115844950924488,1.0488585687088152,1.188319911657828,1.0979935238688587,1.1351966851876518,0.07410109912223,0.0654900523814634,-0.046496714523448175,0.12944718800145288,0.039828964402499736,0.08353718242280635,0.2580809651413,0.25401261618649057,0.1499344868941252,0.299353446017696,0.2318410226295929,0.27263374532656515
124,102021988_NEG636381546474267847,0.599467975477424,0.6018692145927993,0.5898857777327187,0.6139755379947021,0.5696684620645678,0.6409387057759413,0.21164744343583664,0.2388706634681123,0.1780993334019013,0.281265462413481,0.22243769675494038,0.2561347135058156,-0.05620792347883465,-0.07080181490001285,-0.10407536086105725,-0.02273586515268802,-0.08399423067720431,-0.05291894227853151,0.08786118730026435,0.12068751821713967,-0.09416458083886078,0.30909300310411414,0.057677571723908236,0.1831164315679279,0.1439624557014108,0.1701863459923355,0.025485330029776855,0.36781027880178657,0.11654680669997942,0.22940135878255347,0.5766772379508228,0.5964564696696089,0.5589101686163662,0.649698592027446,0.5836034030374367,0.6115771465045147,0.25390187174719,0.23870257944823053,0.1869705710104001,0.29600430898502333,0.2181145386731105,0.26198378609060774,0.11749036258114,0.12290496878610933,0.014738287940453239,0.1872029329395694,0.1019624477451315,0.14241607645871812
125,102021988_NEG637841878475955814,,,,,,,,,,,,,,,,,,,,,,,,,,,,,,,,,,,,,,,,,,,,,,,,
126,102021988_NEG640289253474412348,1.169010318912735,1.1640713127718056,1.1582942246905055,1.167667582475043,1.1518593527266543,1.171513830262719,-0.007315546901243246,-0.009883250170693157,-0.03216018383146421,0.018657161172035575,-0.01765168363042856,-0.002297383026621619,-0.12088996836015975,-0.13067226462106704,-0.18756813455254287,-0.09001415559565253,-0.1438000708536433,-0.12037310912440723,0.2947278696897719,0.27562913821582896,0.22982835573880214,0.3218867651224835,0.2561454126081778,0.2901849395158145,-0.17569291273605384,-0.18416546254921895,-0.2459538104510397,-0.16042736707411978,-0.19642152940736882,-0.17497246952066153,1.2491072269972632,1.2361317075916036,1.2075674763474316,1.2818566068313693,1.2246417505144476,1.247002574485845,-0.19944576471923,-0.20134344364407966,-0.2296934529014955,-0.1924668168092644,-0.2069419013847639,-0.19792696092546697,0.10649563613337,0.09563016451280519,0.06953043652070816,0.11171338700047459,0.08745521960724191,0.1024881697588841
127,102021989_NEG644172618476134973,0.7572581984364264,0.7565023510080228,0.7172903396593502,0.7591710374478741,0.690866873516462,0.7640493706727347,-0.13969772537414388,-0.137810393456664,-0.17610223989729093,-0.08180516322312015,-0.14431589843393788,-0.1093166935407054,-0.14600626148269827,-0.13645679414102785,-0.18812811166815094,-0.07000582167127997,-0.14749977448796034,-0.10577547154274668,-0.055922735857714886,-0.045107068817920794,-0.10407106616289014,0.1659051442725302,-0.06203321690304316,0.07586612423224641,0.16203353530370782,0.16424207643706404,0.01947262902197166,0.2542112684808322,0.07474462774733318,0.17802630292300575,0.7717127104816863,0.7717129887043311,0.7037143504315209,0.8063174080760337,0.7236358438298927,0.7760478409394908,0.10853950298667,0.10854113405455229,-0.01032714540427806,0.1494762924263313,0.016328257217252513,0.11583220645237453,-0.02568393420445,-0.01972911311704417,-0.08140872634978392,0.08621264907655814,-0.03151770259168079,0.03303012337047092
128,102021990_NEG651246796473086761,1.5927313262560905,1.5987125863427716,1.5918586026899302,1.6155853181138942,1.5763455674716513,1.6340129318192431,0.0609229723222571,0.06310670580816603,0.04390706907734566,0.10718379643466072,0.056678170810730684,0.07201729361185344,0.26499437860630687,0.2656978555780201,0.22982499883326712,0.2769487232937773,0.26162637588543336,0.2689614329955695,0.0851533001419891,0.06156338819821697,-0.036104010792331935,0.09696379981414528,0.042281391949534765,0.0770282104133213,-0.01770428575023656,-0.008915980480931156,-0.08728375194052643,0.13277334722037365,-0.03146877031943729,0.017436510019329887,1.4474319351408398,1.4465285500441238,1.4222842573289998,1.4971714237575193,1.4417539158508548,1.4543906134655027,-0.25746722010741,-0.2587195434393308,-0.2884008630096923,-0.20934358380582307,-0.2663769319969721,-0.2497878258675758,0.15531206251429,0.14196143843217415,0.08284035945719506,0.15904892749777727,0.13128313709400524,0.14914875734639801
129,102022474_NEG591186165469192016,0.4558551973657546,0.45241082478975914,0.4463545147895873,0.4573446652751449,0.43209431292110556,0.46368953605601515,-0.03902999019851651,-0.04456263491859398,-0.07580812539338039,-0.0003190577748591983,-0.053735794752456614,-0.03435750478892215,-0.022880034894258047,-0.016946762693040164,-0.04178511020106678,0.015634723330082145,-0.028110834867828807,-0.007888438438359721,0.17497922560769152,0.2201861823612237,0.14968284900909862,0.341458758505969,0.18957556765807326,0.2634916232514531,0.067690823766728,0.025624074511255687,-0.1124230059061014,0.15005090807309276,-0.016271627388481584,0.07555782518691499,0.44365376558299024,0.4476958753335753,0.4137671455121573,0.47684609858538085,0.4377582963898361,0.45883323933393655,0.12686776771229,0.10381001737962191,0.006118612972601538,0.1726550920425955,0.06025567032355241,0.12936147781435126,-0.11055427999582,-0.09882123248053766,-0.13243050533778225,-0.017194254652798426,-0.11618850774471438,-0.06285427511462936
130,102022477_NEG611759342471748630,0.6629062122087462,0.6629062122087462,0.6629062122087462,0.6629062122087462,0.6459477926107063,0.6629062122087462,0.005554120348937069,-0.002571537146750469,-0.045956014208574564,0.005526269229580538,-0.008359304830014097,-0.0006367645082057099,-0.04204798255460668,-0.04196359832436123,-0.04204775487568734,-0.0229890772383663,-0.04202120664837244,-0.04190599000035002,0.06522791855445226,0.0708331059308792,0.028431820525424315,0.07657448249908616,0.06690291777083988,0.07476329409091853,0.21250014476004744,0.22907127391612692,0.19805157127493028,0.24602752764309033,0.21746408061594133,0.24067846721631247,0.6869363090194806,0.6874811964699982,0.6661518330582249,0.6880385560179076,0.6870996629004692,0.6878627300395272,0.08051802535948,0.08052880579197366,0.07824532312954362,0.08055287168154975,0.08052140292605016,0.08053620865789717,0.01057738014189,0.011441946659829134,0.00014851482878373715,0.01232750107213274,0.010835751364161018,0.01204814195549725
131,102022477_NEG612993633468010321,0.9369384394189417,0.9439005495977727,0.9369962390769262,0.9751236116532331,0.9283254755479142,0.9956099814184253,-0.02618146841615232,-0.030335396902204385,-0.10533790435954675,0.00832236661017915,-0.04288186244133451,-0.02024879727474694,-0.017794360194345413,-0.022290931896618967,-0.08759665269115521,0.06996701618048853,-0.044125554794231685,-0.007305698117067759,0.04135677889570749,0.04194133299197584,-0.06756402187063416,0.19521944147709944,0.014052485055257543,0.10424494529940878,0.051241202035624905,0.005726359158520282,-0.21803149682738526,0.1325346803515822,-0.09919952726442667,0.04774941126819122,0.9305084965874931,0.9370289530560318,0.9120149552114453,1.0142986510516494,0.9292471768265466,0.9685865682979725,-0.06624192398005,-0.08647115335865696,-0.1971551426668462,-0.010157907282758621,-0.14237335529552245,-0.06749823455400272,0.04160062051862,0.0508164626451359,0.01475171549930182,0.1301363335152223,0.03378649980766407,0.09495429273200931
132,102022479_NEG621145334471255869,0.9234568938849858,0.9248147228171176,0.9153123906386871,0.9317992866718339,0.9076854863757875,0.9466550128292048,0.057289179736236116,0.08437008233321101,0.04152559087628046,0.16110630462796213,0.0707279838044013,0.10199703243140947,0.09414293945193836,0.13176990180875878,0.05393979596444644,0.19365180957357733,0.11077681224674914,0.15631588271509825,-0.051909423145695556,-0.07974881034249458,-0.23421108503763394,-0.001200027737232236,-0.13470067933087812,-0.04980734073613816,-0.09899676019318718,-0.12706242991524025,-0.28763347275238993,-0.03543207290127496,-0.16350015268041299,-0.09640339970947465,0.9295162626678338,0.9377888874478829,0.885613492690132,1.0329560106259792,0.9266514148262065,0.9548061100821293,-0.06729344030076,-0.08205511479099842,-0.17573756357223597,-0.024023834581554795,-0.1034412640856291,-0.06657151203474955,-0.05636098475117,-0.058736675750011555,-0.14893979120877546,0.0009134725562289932,-0.08387244907669797,-0.04363994787248789
133,102022479_NEG623150693471748758,0.43893212253246483,0.4382124003242638,0.4320677757832196,0.4394694958441563,0.41976463658671326,0.4410558063361043,0.06071723702633082,0.06326146576137691,0.05159969414762846,0.10212544739213215,0.057989716933816625,0.07299318862094309,0.05527535708963628,0.05616933537212671,0.024490471417413444,0.07568806295973929,0.05172805279557233,0.0652048396464903,0.11732552245763622,0.11788242973483558,0.0474542311510048,0.274945288190538,0.09801092643387706,0.17806119495965791,-0.028978320515051545,-0.041910457249359115,-0.15052587541774579,0.06615129165848385,-0.07318512123409186,-0.021557605400662923,0.44189626543279126,0.4414912522337874,0.4184061952421606,0.4459247725342725,0.4385621153653966,0.4433048393602463,-0.01336627413115,-0.020798515072307323,-0.09615694807145911,0.05193659378835391,-0.04175152918921178,-0.008717853062280205,0.11020399643461,0.11027697318541035,0.08244436182659716,0.21982001171084675,0.10184370546277956,0.15713417961816178
134,102022480_NEG630160205470193218,0.8033952839271442,0.79473762908151,0.7815286855488193,0.8050377815814416,0.7381018717948646,0.8288099419689471,-0.26719087504679173,-0.23274982827015003,-0.31621928300303564,-0.13098835509526877,-0.25810191325160503,-0.1913448922029284,0.011350648438963065,-0.007240209352219293,-0.1154228932822544,0.0283431499330768,-0.03646273732654222,0.006817930719816247,-0.1597304261727682,-0.12259221007949904,-0.21502930669599035,0.07142350485724905,-0.15237092813601935,-0.08189108570866824,-0.33669776405369334,-0.3108098010074418,-0.3935395862785245,-0.11611651920849886,-0.345957013918774,-0.24706596905943265,0.8871299517502903,0.8593665173406452,0.7627461996513918,0.913062823800205,0.8242836460676263,0.8802339182162782,-0.08644510902532,-0.08273734614539742,-0.14230455577278386,-0.007291662117731338,-0.09610027767322737,-0.06847970204956601,-0.10253569677092,-0.08976158921178579,-0.13345227229577494,0.06508575299535586,-0.1053544333675865,-0.03370626255451964
135,102022481_NEG641874067471349140,0.7441646020792033,0.7441646020792033,0.7441646020792033,0.7660184289142359,0.7441646020792033,0.7743714331042002,-0.035941024884756145,-0.03584085472042013,-0.047869157038804414,0.0694934219136677,-0.03590953282174671,-0.019079616847086433,-0.03648472195430149,-0.036480731300674855,-0.06333672253815265,0.0021992118616862956,-0.03648353627745196,0.002198665157399586,0.0048845360546433125,0.004888469059526721,-0.20723846906844873,0.017990345693234176,-0.05542415274740458,0.0049116605035772615,-0.26667999511721285,-0.2666662059857552,-0.2901967920089133,0.07136943899277488,-0.2666756522756646,-0.22552047213673485,0.7602561971293071,0.7602653499567106,0.7359535772240422,0.8013969819555936,0.7602588969297545,0.761114634530491,-0.24664009246655,-0.2466393736179206,-0.26789125284575077,-0.10444231706004431,-0.26433651361171606,-0.24663580669086493,0.0654526777693,0.06545755646107414,-0.026305415212226475,0.09194999139281332,0.045550464225420556,0.06548590538001713
136,102022483_NEG653290299470260264,0.6823620989044223,0.6828475195219552,0.6788719087797,0.6883729175076296,0.6757986650885576,0.7036084556671836,0.029496309114258108,0.03052259453091083,-0.02311100910292379,0.043966680447872594,0.01835798153868134,0.03695174448770103,-0.021361944076485638,-0.021538487917680312,-0.05253686280468402,0.039220317380998536,-0.028580904174190045,-0.002598234739304329,-0.15454917966213333,-0.12358210279134497,-0.20278937932970462,0.06858733824064069,-0.17584013872633286,-0.017115005590004808,-0.10890391532943754,-0.09259902627405599,-0.13552991247520157,0.04871266360630181,-0.10994306925382437,-0.05156841540448543,0.6856029025146089,0.6831346158853814,0.663766341445122,0.7074003340788445,0.6776785815039438,0.6870354448137388,-0.12016970226646,-0.11102255443692038,-0.13861092868489067,-0.04172093393034006,-0.1203174968740692,-0.0913227837290674,-0.1652049563417,-0.14642429740901897,-0.19706953756002155,-0.031575393706069925,-0.17341891435001874,-0.09310768169793349
137,102022484_NEG657584203469449092,1.2184576945797179,1.2126954245477672,1.198914156343189,1.2248816248649605,1.1606944837432738,1.2472464739317548,-0.06440273606840642,-0.05978827985721723,-0.12072429927186386,0.023107239867296937,-0.07518434412585666,-0.040405890279889306,0.035429133218989356,0.027602233679921623,-0.06456455040159521,0.10191518639068989,-8.423579829466287e-05,0.05785075118468703,0.12675490643135148,0.1042530173205242,-0.004525544525512241,0.2382311432367671,0.06369319288166576,0.13001423661298758,0.048432197936937926,0.002014215186069713,-0.16428476022742106,0.08249964620461808,-0.0413328052158691,0.04188056732463399,1.2194127099204555,1.210551281587334,1.144248985653889,1.2687952308737738,1.1916198521461672,1.226003440912329,0.00764989672335,-0.0019213711356728524,-0.05577182427639626,0.05841321530615701,-0.0227798122430819,0.02302300489920339,-0.04815185703872,-0.05104229841219805,-0.11780182683163463,0.026405522267273895,-0.07326308360791957,-0.03591872768312289
138,102022974_NEG610978759464405134,0.7577814277122921,0.7820794987033974,0.7625733397509151,0.8012067534728555,0.7001254303855781,0.8323010716426327,-0.27498162583934743,-0.22738773055400802,-0.2900966489999808,-0.06733671064077204,-0.25238824240016683,-0.15723281693506794,0.0065985785630926445,0.014662250931107705,-0.030888819060135436,0.09972136196316045,0.0021996564520229225,0.030130461794751574,-0.06619230655711958,-0.06524160185909993,-0.33028804833223374,0.2264970842049142,-0.16565926247652152,0.022124637745446672,-0.26982657195357773,-0.2632017541455473,-0.5758936293507803,-0.15564334258638468,-0.3159356698742258,-0.22088408210193844,0.8012086708022005,0.8322663106101942,0.7274040306605296,1.0434243301872501,0.7949161826905567,0.8675674767616197,-0.1316427399199,-0.13602277157538498,-0.2624081146271888,-0.018794080025208725,-0.1601967807971868,-0.11284160845307953,-0.03825771077128,-0.020481839270178312,-0.09242670438301641,0.12792416362092504,-0.03956992177186981,0.007299287043767178
139,102022975_NEG617890913466103850,,,,,,,,,,,,,,,,,,,,,,,,,,,,,,,,,,,,,,,,,,,,,,,,
140,102022977_NEG631763965463618343,0.5342316733818778,0.5426635237785657,0.5318405883961863,0.5558813682184791,0.5221591047492611,0.5636516634145532,0.1549754641536938,0.1678662211321711,0.13821836002654275,0.19332173357107593,0.15716302514473401,0.17755282183880583,0.033918795294622425,0.04592376706154759,0.020959313117761714,0.09456610079936319,0.034449633669997246,0.059883917709356485,0.239094424610973,0.2195716623744483,0.12034865804094401,0.29308202567469244,0.18875310776308,0.24427132573544474,-0.6598768707590922,-0.6183399523006397,-0.7079935223682297,-0.4935364665401415,-0.6483547519526793,-0.5746088497588525,0.8474805464409545,0.8013421417511642,0.6756030081263376,0.9339983362452716,0.7577032079060176,0.8370434897718432,-0.28582544704178,-0.26556681135969484,-0.28876880393054016,-0.15915781093848075,-0.27855251786730423,-0.25062031111388544,0.12490245754021,0.1345235467282313,0.08080852818807352,0.17308924376368395,0.11210871533254149,0.14637018755093073
141,102022978_NEG639856435467273842,1.3198780724296912,1.3063116335194924,1.2950054945386333,1.314492846622845,1.2845121011910272,1.3169231077977273,-0.06541623930192146,-0.10513980846615986,-0.1716537387174832,-0.018104341094371586,-0.1324061633115248,-0.07194140117992182,0.09517747547164353,0.10707316630059314,0.0598004906903248,0.15868687085720087,0.08756021406001412,0.12648261797086705,0.24246953239404145,0.28548928657938977,0.1913301776101536,0.3959448123288723,0.2464759410053688,0.3188283162127865,-0.0922528461719695,-0.14690181782784795,-0.24068070026885213,-0.057409920015486414,-0.19714533526552971,-0.10200187624911342,1.378792505200307,1.403771909780595,1.3443011056852225,1.497041066472775,1.3790794991894781,1.4332800557189302,0.01299563408295,-0.02049215751258204,-0.07569557691654896,0.032081180237401745,-0.05001679272029596,0.006008835382093916,0.05947368214185,0.07577405809279945,0.01998315751310516,0.13752179663346825,0.056248949415990145,0.09268175457016099
142,102022980_NEG657082285467450951,0.9142870621550476,0.9118043256706678,0.8926665522981404,0.9307264365082057,0.8740410977563303,0.9483076997250237,-0.08593079814532278,-0.07935342684203771,-0.11358819429016356,-0.04114697743796805,-0.09094568244580553,-0.06892501780453135,-0.08942294964650038,-0.08127859257358017,-0.1645637204928558,0.018370862821891494,-0.10924831122920729,-0.05973740065748848,0.3368545727258084,0.31404693201169953,0.19699595083964597,0.3905143012854978,0.27780254775169316,0.3394644831761858,0.3437359502020132,0.38790154886876027,0.17659353958370316,0.5482942592531551,0.33344222800553697,0.4366544883797968,0.9573485998582654,0.952860814869343,0.796673508524942,1.1513309987268527,0.8903082286880403,1.0133877088793395,-0.17173127458953,-0.1671667486293892,-0.2522837963694081,-0.08497868721502728,-0.19543571311204058,-0.1404343710373356,0.0235330265662,-0.003497534472272785,-0.07429106596161998,0.04083278569141155,-0.02544380603850924,0.01893473515205953
143,102022980_NEG657553777465731159,0.5691222627772177,0.5689195484728866,0.5678275375622217,0.5693210611473629,0.5665955800325085,0.5699386412353851,0.12311635842714158,0.12396977700843545,0.11974359815827225,0.16538971281355153,0.12220634142559939,0.1266835734149498,-0.1385838711497297,-0.13806882841041795,-0.14248579301373462,-0.10446363207948586,-0.13982247690993133,-0.13642429377940585,-0.025442854435838824,-0.031223991310184007,-0.07280143681524841,0.07264319855932803,-0.05751716002836099,-0.02101512415361722,-0.048930307787793434,-0.04873872520876279,-0.07530652190054235,0.06994846345241981,-0.05614486423738648,-0.041329197379172324,0.5661708473870385,0.5659385676450626,0.5642924609968836,0.5742938582425934,0.5649335580432494,0.5666932354611799,-0.01339391427221,-0.012892538358313957,-0.03325377990465665,0.015564353737853536,-0.01720443345101074,-0.008225872756038853,-0.09011424199615,-0.0935618003313238,-0.1152966634451655,-0.02738383855165659,-0.10685339977391513,-0.08862267445108493
144,102023476_NEG610025395461180513,1.4917284746555841,1.4896962219741061,1.4873992188474274,1.4914627655339294,1.4829577880515117,1.4933256004160942,-0.18673753452945388,-0.18353134930741916,-0.19655127689934623,-0.1608475049741001,-0.18818690642655947,-0.1786227308131197,-0.13710522330326003,-0.13324776837296354,-0.15033235429016895,-0.12034503141078937,-0.14029001627923837,-0.12689752533814458,-0.0502220556245106,-0.06394764439980549,-0.10664577410166669,-0.00849901763955439,-0.07854567379612566,-0.045768740200680204,-0.00962296100758599,-0.008138282034828064,-0.03186429609113657,0.026192006947540425,-0.015005381470178738,0.0013114361094056005,1.4270372505635265,1.4269385945978452,1.4136812018001044,1.433708714300242,1.4210558832676154,1.428894110337109,-0.08043308576733,-0.0775453219060883,-0.08826439241044376,-0.06548545249520601,-0.08094390928489956,-0.07374575598815292,-0.19425995976205,-0.2016416451044298,-0.21688566442510362,-0.18187926371103938,-0.20658111301447687,-0.19468590433233837
145,102023478_NEG628457640459296313,1.1943055965673317,1.1962769122309065,1.1880954729098956,1.2001994409701868,1.1715013940275951,1.2127084645399637,0.20138692849199108,0.20959994501208312,0.11743495754842465,0.2623557596762455,0.18718138481991728,0.2278418379752658,0.03205224699699265,0.026722813886025702,-0.025523134692224426,0.061176993807862026,0.01569183338593834,0.035343978149601336,0.1431854358805011,0.16145895223192858,-0.0057995682112129375,0.24138507396817463,0.1345041041703628,0.1842286689882159,-0.1800496913449305,-0.1818826068507807,-0.28199976174277197,-0.020821247651326202,-0.21294448511873004,-0.14021825565687512,1.2050229458061994,1.2082435573521508,1.1469584127923682,1.2729432144125887,1.1864372157698302,1.2302921867964256,0.06265690808449,0.06267653308236078,0.006511259675222269,0.1218043852460577,0.04797328736271119,0.08093505444004293,-0.01450006964441,-0.008579298104535463,-0.07780158050365914,0.02276702088735513,-0.02122718856612053,0.0014812988524108303
146,102023479_NEG631968882458727056,0.6967164729850317,0.6905424513286896,0.6836174023333108,0.7018509741098712,0.6704292853783741,0.7050361999500021,-0.04252520373985401,-0.043617656096542,-0.10105030021443857,-0.010220179106345645,-0.06173016400073791,-0.01939932699687971,-0.022038498361473077,-0.011913956557059933,-0.04288731502967998,0.02698688030733913,-0.018342805829364043,-0.004563517232280587,0.04422418671598921,0.11283089384624383,-0.024425573214796423,0.2511927114749028,0.06438339765130195,0.1466440061286826,-0.07448869979368283,0.006408553638448729,-0.19351909911188478,0.17226007572481897,-0.133650424356635,0.05699235571203591,0.6999490038080654,0.7005200871015814,0.6797019930251759,0.7351380771637034,0.6907045302615659,0.7166122325371415,-0.01506355200144,-0.01026779747920861,-0.07845601123609752,0.08831918629341076,-0.05193109754502831,0.014163030000392497,0.04549858742384,0.059357457797519005,-0.010560936214981283,0.13284615339028927,0.02865319160437918,0.08490123453003343
147,102023479_NEG633382827461467539,0.7215204140791801,0.7048190994001642,0.6950526094827264,0.7174049214112443,0.6820930811739248,0.7282874211533776,0.06685012111459225,0.06965080508551211,0.012054138869892084,0.12154913322127191,0.058430238253694006,0.08244169521744271,-0.051064659914153834,-0.0171153018420429,-0.07466253750849922,0.0737084440746764,-0.035794298779444976,-0.00018194063498031235,0.15429166888217602,0.19755027354443208,0.0736157112882118,0.35015786433617413,0.15654732269095714,0.257464948801237,-0.04980987357499597,0.021325700607296338,-0.10734259277155236,0.1996944101149726,-0.021283937229536486,0.08250144364322871,0.7231650515725833,0.7240562694116627,0.6856668113231756,0.7626910644156427,0.7149614786675123,0.7373609792015039,-0.13345780975683,-0.07408706068125365,-0.14764085338089394,0.04649549782361187,-0.09994732516731275,-0.03976586845977306,0.039697916266,0.061268041236862227,-0.0010576725476267226,0.16975958834463994,0.03697768668741858,0.10688222290540778
148,102023480_NEG640021734460830824,0.5043104918882779,0.5033042898546519,0.49361788041444654,0.5044528118081515,0.47923698147741567,0.5063703122581378,0.0625341950244797,0.06343093509881939,0.055728113245046146,0.0745279637992413,0.06108292517166592,0.06622120721448575,0.10820494195609051,0.11262831091082552,0.10302735568145131,0.14509990773434175,0.10848981886028188,0.12284598144817882,-0.024220099572950855,-0.02514402023562824,-0.06045457421093588,0.12847422533437353,-0.04242464550034607,0.016019197024342433,0.385271221109155,0.360486617122512,0.24517852947718105,0.4741572359284225,0.3206780057077324,0.3783481735334207,0.5602853197613923,0.551826603049859,0.50745257521505,0.6044596207513839,0.5346724415944349,0.5586322289116099,0.08306518883105,0.07260418480121895,0.028688902898487335,0.15551088753621015,0.06285071330640377,0.08149054483178936,-0.00920755229435,-0.010121317425168632,-0.03270693761919513,0.0659540545970368,-0.020788833430501027,0.008879590365187729
149,102023480_NEG640270096460844048,1.253750023883538,1.248475139977879,1.224521132179737,1.2611897321472527,1.2002172407271428,1.3093267441635639,0.06836197832061462,0.08685483531906076,0.03503235188259088,0.17121757049859904,0.07002189429628639,0.11018496014652022,0.0794820414957587,0.08338070663846069,-0.01229821993534798,0.18305803835868048,0.04955224247641556,0.11077252152038655,0.06478846008310701,0.05545000846412214,-0.07731176187305921,0.19480086404956265,0.013295106352623511,0.08256488716300346,-0.12578222755591387,-0.11077542257698138,-0.1702660152032121,0.0735055334026136,-0.12644116998074048,-0.07435554392547825,1.2458742076652256,1.2361235683441378,1.175325621718471,1.2732734151120848,1.208429129846434,1.2434292852390183,-0.11368303550415,-0.11460930099174037,-0.17337474396635508,0.012024290589137423,-0.12620633224058356,-0.0983444876960477,-0.08516544483076,-0.10192464633014338,-0.1647979330593009,-0.02771467585056975,-0.1216633951340267,-0.07517383453450324
150,102023480_NEG642201006461096820,0.8551553016339484,0.8493070931285769,0.8268328090952355,0.881639307267767,0.8074892173604339,0.9261926170038329,-0.11651869039133117,-0.10203731487483159,-0.1651061759803833,-0.008873667710225816,-0.13251940609911572,-0.06649971746875975,-0.14235482346336675,-0.1340122297802055,-0.18883442758116847,-0.06731552984534139,-0.16043654589725562,-0.1063965567363506,0.013871681153821607,0.035174696726293635,-0.15861847127211254,0.1831153432798756,-0.04569724335411012,0.07604154892763365,-0.05707177641843698,0.010479569789963833,-0.20479619308674485,0.15624611497962132,-0.06374606102678845,0.04726894913143898,0.8494470913287224,0.8469641119880618,0.7938005624871795,0.9388177706919525,0.828735161650175,0.8797763545774874,0.06410764977993,0.0868059490154507,-0.009376431643218924,0.1811480087061046,0.059701165109652954,0.13166362082493496,0.00341386893647,0.015483437953896513,-0.1136158369432343,0.11157817247407538,-0.038691826257690305,0.04503677548888855
151,102023481_NEG647245161459048846,0.5093939584163748,0.5075177233671528,0.5025438989749424,0.5150480464343521,0.4880148321538834,0.5318027593079037,-0.06821916289144966,-0.05523442291685853,-0.099617955468034,-0.0243076611051893,-0.06821745181200307,-0.0396191720151033,-0.08351679989927135,-0.054683077633089036,-0.14104623574054878,-0.0044863160889581375,-0.08642091030610914,-0.03666296299698911,-0.014113592951484927,0.07819615337319051,-0.19466850128672164,0.18672014764573697,0.01546982403170488,0.12886744349972293,0.17336068999305124,0.05309398208080265,-0.051635028840754625,0.3660247922436949,0.010213168814776125,0.12965131887018685,0.5026414346581816,0.5002208279615433,0.4665174447475408,0.5539352903841221,0.48883127861005904,0.5144431821986095,-0.07500912419974,-0.11470839288055744,-0.18526475927593464,-0.00520451136873137,-0.1486170391420076,-0.08233900535159708,-0.09397195755565,-0.03776413669694926,-0.20390212658927342,0.022810788515959222,-0.09051039891272772,-0.010375064669863859
152,102023482_NEG655179432459165110,0.5806348203628511,0.580407249328193,0.5675072679205888,0.589172163571394,0.5589483199744293,0.5977830440391703,0.04671917685682127,0.06513222878845625,0.014282384265163895,0.11568970187072677,0.047581932042913375,0.08581961593430745,-0.001974887016085995,0.023227915206200878,-0.02830103628199177,0.07773209516366514,0.005085932821515424,0.04400739155417632,-0.06366939167183652,-0.09888006760622571,-0.4791716111749135,0.04069742187947709,-0.17908944047312397,-0.04055601542588888,0.07931215398519496,0.131458667543235,0.007484153763652883,0.4212599717692102,0.07943965689747201,0.21194090671382543,0.5851797843322433,0.594181968750576,0.5676976024608646,0.7032200840645878,0.5846226896805948,0.6105999285369614,0.0365646905702,0.04618078466778823,0.007144122460022795,0.09284025011566906,0.03413768959043156,0.05853605544672092,-0.0355529753612,-0.041456282726407064,-0.1313189086632844,-0.010034659199425694,-0.061293935827392176,-0.028064743308370978
153,102023482_NEG657383017460972594,0.833911390674066,0.8774417130323094,0.8441332851808865,0.881634100023,0.8159229550692676,0.9290733031931946,0.029314307586714355,0.07663587073974673,-0.00904148820125985,0.1998523205351469,0.04134149886065095,0.1331785393352832,0.014743978222407562,-0.02455089016720348,-0.06935206762821254,0.07029162932886665,-0.040081707262935216,0.007865242671735584,0.04057726380297695,0.05925997617722346,-0.14215669993267255,0.17080813276152515,-0.014645832178816438,0.13906082506610998,-0.1423972105184827,-0.27885788318133453,-0.3443955330183373,-0.1179701617061757,-0.3009905065045695,-0.2304995751149182,0.8469574736155749,0.9175784725427636,0.8185646725098712,0.9997295810298156,0.8777400403507718,0.940735560972028,-0.06657134142526,-0.04342628892015116,-0.09909768607762531,0.02030462148389914,-0.0637305578177752,-0.004225294139508455,0.00264486032436,0.014168403856400376,-0.09509788023237095,0.08726596475064982,-0.03922806041842167,0.06763498902460378
154,102023984_NEG627804838454213106,0.7344224183860777,0.7367604096401945,0.7348932151936874,0.7422778892577763,0.7290265912793448,0.7520746314367481,0.005743663691012601,0.004728388677427412,-0.008254828712284301,0.017568719606009874,0.0018522061575638857,0.008745511458815136,-0.05340620892301141,-0.058514702901127896,-0.09593642199495864,-0.04968558145670736,-0.06702481809174267,-0.05427732260679898,0.054335866862718275,0.05303021901363191,-0.02721075960938849,0.09096094258163055,0.030949342661690946,0.06590883129002396,0.14792582579942823,0.15154355689380197,0.11056771347036123,0.27234784117872135,0.13780074976524598,0.18926742429526897,0.7441110701080442,0.7471095054943934,0.7357651764422739,0.7832027125830628,0.743243653993524,0.7582057949784029,-0.00192037616156,-0.002129606586894597,-0.018493721099412934,0.04813219400108441,-0.007452052372255366,0.013762989226905142,0.03425104973058,0.03312887680402119,-0.0145406332198036,0.05473480031435195,0.01990819920459371,0.04101646437081198
155,102023986_NEG643189719456460589,0.7849843194122235,0.7837619467193241,0.7824168531270017,0.7854388452691263,0.7814562779404925,0.7867969650269055,0.07982848124009341,0.07989472546846961,0.0776511052476216,0.08303295760800106,0.07914938454485455,0.08062816389969017,0.11832482299106808,0.11477270149858859,0.09263965458966207,0.12721351985203133,0.10930183442631113,0.12102024782427352,0.4103773654020303,0.40843952456759924,0.38263044505551513,0.4257649039585789,0.4012717517704033,0.4149565829948824,-0.08970937795034617,-0.09430447373128864,-0.11709331865433598,-0.072527751986382,-0.10376067963437953,-0.08373787698104247,0.8087349033637862,0.8082372258919257,0.795033376453808,0.8179351335497548,0.8043269872846163,0.8121069693742986,-0.29059592297199,-0.29082570788960194,-0.29948792175072075,-0.28274704335063927,-0.2944246591475518,-0.28689857715056943,0.0338501819027,0.03406219350221308,0.02479037585606291,0.04001910599117466,0.031254950989271515,0.03647427624078525
156,102041656_NEG523359673301396466,0.629735269041065,0.6318539716915703,0.627322417220468,0.6359131088304047,0.6189602309750809,0.6458754988640603,0.29617218249455773,0.29153104356142384,0.26653481358554054,0.3472660706474753,0.28410697451666767,0.30200222759134715,0.034660737534854706,0.031281556951788234,0.004386583360999207,0.07315363419388803,0.0223240529351261,0.0412823382108515,0.39201829117910125,0.3760435148600811,0.27608560250452024,0.45372206923095504,0.3555060005698733,0.3956635699397365,0.12875991224689143,0.1391873494610309,0.09639383134184557,0.19370913029995154,0.12215698706143702,0.1612272122263696,0.7149346444853386,0.7117237598788002,0.6685550304792451,0.7486211874788113,0.7001145130686052,0.7219837596250741,0.08709590427269,0.09965207404235613,0.06255922470634005,0.13923229856768066,0.0872505748867345,0.11400952521911771,0.20227905368707,0.19268157759014448,0.1262310554075385,0.24490861751808976,0.18038709255488092,0.20569979050752293
157,102041657_NEG527330118300603942,1.253465106793018,1.2548665340031437,1.2516249502140555,1.2579159487465923,1.2439849365216247,1.2657108440800628,-0.04257895098943805,-0.05089938027456689,-0.07734240800049086,-0.040200375804101206,-0.05776229451569694,-0.045463577647251466,0.039462917076489024,0.040877813800827806,0.028561353241991827,0.06312986352044546,0.03605740295546674,0.04671650005537294,0.14739292744191584,0.15794960999526333,0.1359156427512798,0.22497787594951124,0.14681503989172107,0.17707484504846413,-0.15616686735495133,-0.15269711351111898,-0.16585989887832514,-0.13188627262060296,-0.15794892252214413,-0.1468340899778566,1.2879964945133207,1.2910204365906115,1.2736280809327951,1.3294768436400204,1.284887094047096,1.3002410087865115,-0.12973877101737,-0.12792203328231702,-0.13403592138332654,-0.11824589131948827,-0.1305331308553294,-0.12508905539688972,0.042904660165,0.04638506170565117,0.03191118400918858,0.07825724019386748,0.04079268854924618,0.05507835877382721
158,102041657_NEG527925237298894414,0.8837805610142663,0.8805286529470181,0.877779118458298,0.8838869228006943,0.8737143227679026,0.8882527238000562,-0.080209471301794,-0.0836641729605254,-0.15599361130193537,-0.053791143620343186,-0.09368025422033655,-0.07605507082940356,0.03440242549213013,0.04114233772656718,0.026195569489967874,0.07328554506059853,0.03579977123881593,0.05050286868596855,-0.0004591552643844893,-0.00469410536998039,-0.0661591437660195,0.023986751583202376,-0.014248161125461263,0.004176113513668215,0.23952251273575031,0.23441938456452388,0.18960035506557502,0.33964313076281955,0.21188265648887666,0.2670928903776779,0.9026864125613996,0.8996702597764503,0.8812482568685692,0.9440811358339916,0.8896693198866619,0.9099060908669323,0.20323198844781,0.2004934167816839,0.1794143830705863,0.2419427532222587,0.18958762810014146,0.2104735721566148,0.06657490254465,0.06090255565967637,0.012867182312692606,0.07198911880938431,0.055914618782397785,0.06517007034026874
159,102041657_NEG529209996299100136,1.7466971425330649,1.7757037294423768,1.756193375226379,1.7910146815912478,1.7150140857263176,1.8139569101388064,0.08045434552713114,0.04963008746162614,0.010806425727120181,0.0879588064694945,0.0359962357092414,0.06442632051310454,0.11521000696128861,0.08278585991164848,0.027349764775610776,0.12634173047898178,0.06449757794561684,0.10063058619538826,0.5992541142137885,0.6519127775945056,0.5485033127826218,0.691390025245667,0.6263863264425525,0.6693890447392383,0.1246468255761649,0.10868971021229659,0.06932882993461557,0.1442219259446618,0.09418693500726237,0.12464730313180471,1.981770776467566,2.1397587430626865,1.8262356877081152,2.3156934437139536,2.0428754479773152,2.218105603446468,-0.00224198764508,-0.01876963302275511,-0.034395639476566695,0.01232780538852527,-0.024533157377929223,-0.012220848867168213,-0.14588236563377,-0.1263408463586914,-0.1724170583952159,-0.10812014923929922,-0.1389028423341865,-0.11759213738002887
160,102042283_NEG518770667295125494,0.7897903594884758,0.7920600938751503,0.7903393130680783,0.795102889675396,0.7844542057091454,0.7992247334275436,-0.07122803333364586,-0.07272398857261901,-0.0913534313302222,-0.04062794749321767,-0.07710276618515811,-0.06708842280452937,0.02216318488995391,0.010431130524964536,-0.013012567807678474,0.032974492071196904,0.002986801106448259,0.020901747223932232,-0.041104760150213845,-0.05007277653471677,-0.09392640544627982,0.02302736381565195,-0.06330693265200682,-0.03663462489475123,-0.1280961979643462,-0.11226856342124023,-0.18733525387544778,-0.011813621888775439,-0.13595243552894312,-0.07683631037867879,0.7983961951250317,0.7994396015973312,0.776910097036493,0.8163405317627381,0.7942059479286193,0.8035682435639714,-0.00915320558086,-0.007095852363835693,-0.042599679319002375,0.05028071607726678,-0.018488902692945553,0.013572807319732646,-0.02602979646082,-0.03489382402604884,-0.06307461545581702,0.012435786387202373,-0.044555909068087415,-0.025512205745774612
161,102042283_NEG520608563295081214,0.8476033396200974,0.8522698122826258,0.8468767009634942,0.8605449972933689,0.8324117018192964,0.8746812842146192,0.03572559847543452,0.026320114532628388,-0.007307390696427536,0.044927307320565164,0.018252788538823252,0.03527637573404341,0.035971172962176556,0.0022945115325468846,-0.053353255146484965,0.05955359818674758,-0.014267554235156955,0.02615375913946919,0.25997734226419367,0.25186142713017506,0.14766379575899882,0.32338216638141787,0.21918411800091328,0.27831514106127747,0.04580802713388619,0.08146296725075987,-0.01363523156428136,0.16349818611555347,0.059022885702056264,0.10770617788762839,0.8800741705968944,0.8858293956784036,0.8477991053055406,0.9300735192961049,0.8727101450429574,0.9007197870103049,-0.06396000955886,-0.051877665275457584,-0.10755824394988842,-0.014794574894507277,-0.06144828214200227,-0.04004511051018276,0.04463575105794,0.04104042741314026,-0.01442108092332178,0.0740277294649428,0.024787714212656988,0.05277433192903374
162,102042284_NEG523902104295926900,2.1247822490985833,2.1448862623851292,2.1189256689607276,2.165963408697338,2.0997709476276443,2.19231057976105,-0.124052322193793,-0.1099016585462315,-0.17150026481614772,-0.009166090798244113,-0.1304056671639059,-0.0881373321601235,-0.2690686013428916,-0.19733135386197978,-0.31664803671167047,-0.09089011251141806,-0.24509089521347743,-0.15990986432487098,-0.05328780544467415,-0.026061744789530383,-0.09699298435618907,0.05280763271744078,-0.05981662846555285,0.003446976604816793,0.3118815116221164,0.3159435459510546,0.1940264444911517,0.42728659938157343,0.28276726768461163,0.34654167511045375,2.2686978512209053,2.2933982309895966,2.2000444464806024,2.4245738892525583,2.2664544552030854,2.3287232458048988,0.1287025794747,0.11764757070772312,0.02734161858775554,0.19489738005628596,0.09444757313810521,0.13836618246976182,0.05827157823567,0.05353414700333968,0.006598791153681075,0.09679884467030635,0.0363766666494285,0.07197074802686962
163,102042913_NEG515596854290228591,1.1295197532155545,1.118392323513648,1.0885702107736501,1.1357440561187977,1.0451568844652612,1.1560292116522946,-0.15704842374707878,-0.12910875300792646,-0.23140614080861405,-0.020175131716774652,-0.1582207545898017,-0.1033025426253865,-0.010777552893015997,-0.01721798082883865,-0.1217953895127075,0.054166400970139465,-0.049794299629823374,0.012883196955766348,-0.10662883216555535,-0.04684292485337845,-0.19057225192133675,0.21921379897051624,-0.090738840518048,0.052681079786792595,-0.3566726546305391,-0.309369040582562,-0.44011318785726306,-0.019205612394566786,-0.3624845842387413,-0.217295663006232,1.243308207545622,1.1951820245933567,1.0360980290616069,1.298616212299424,1.1302883811929616,1.2443867878944805,-0.22336110356155,-0.20293915066153462,-0.2652945780834618,-0.04348815086299704,-0.23272701487605243,-0.15036849109501696,-0.02275697676689,-0.0023346162990685766,-0.058648698571663875,0.1676714145098464,-0.026711420015018375,0.0646831860511113
164,102042913_NEG515847139291141021,0.6087338575609964,0.6133183062497574,0.6094457734223118,0.6158397835827407,0.600868201332414,0.6233663984116975,0.008685603686021566,0.014316365839109552,-0.0058011298683013895,0.03407471288011768,0.009298754206863503,0.019268536006906346,0.13065419479338217,0.13692800847420641,0.11915687024825729,0.16314163655708713,0.13050046011299674,0.14488264582228483,-0.08205278972634356,-0.1162397115027808,-0.23409104678907983,-0.07909023487633618,-0.1378821622425501,-0.09871261505155188,-0.2601771237274534,-0.27468203468433633,-0.33778163148593854,-0.12034598753292224,-0.30037530564504417,-0.25191551546983704,0.6421424090421122,0.6537462451642025,0.6207876314765495,0.6930936424334608,0.6445273944758889,0.6664593829270372,-0.11908003182713,-0.12748545350511534,-0.15831846896207966,-0.057735969746836646,-0.14061040087529406,-0.11585683339995924,-0.00664658993626,-0.02297421129125294,-0.10077954398302535,-0.004724052461754198,-0.03352631802102843,-0.015549690145920923
165,102042914_NEG522625262291125533,0.6968521406079238,0.6954715897781703,0.6937571465696664,0.6976177272729426,0.6904281489784458,0.700180477682115,-0.09528626542472937,-0.09607962425590831,-0.10449061779031302,-0.07934534278774066,-0.0989183150269225,-0.09315332712022183,0.06965390108211846,0.06654014224226745,0.04697236031427358,0.07453724886913633,0.061704122034007755,0.06948872427041305,-0.1052271327966203,-0.1165110955922312,-0.14505047737237653,-0.07619883801009866,-0.12807840785696156,-0.10485226477135971,0.06262046360961156,0.060615987907412607,0.02238654839004507,0.09448792926098001,0.050737153906145985,0.0706623125817353,0.7007711079270121,0.7005992424232156,0.6932682051344988,0.7064592447245198,0.6989737476239972,0.7022783604632514,-0.03172967083677,-0.03307934207826746,-0.055088948247531466,-0.013102515527424603,-0.03831417396352864,-0.027774437431141146,-0.07681066565033,-0.08365678378454022,-0.10040632321998967,-0.059920604443978454,-0.09070190194879202,-0.075827220517448
166,102042914_NEG523479785291521247,0.8400822913543681,0.8224838844963429,0.8078290745441951,0.8403456716610163,0.790043728976544,0.8617336791654783,0.04627226241682385,0.04211764297653242,-0.039980560984664106,0.100509440204723,0.022054772495611052,0.06322432676794859,-0.1130509945056318,-0.16741898056477622,-0.27682354686188476,-0.09345037035376255,-0.20361936448728557,-0.1344496997086918,0.05648749744710682,0.051248098967223515,-0.1411099145728736,0.24089521202025313,-0.012085586519734598,0.11398275032023723,0.047550085965997205,0.047121910852976095,-0.15000307001910115,0.19546879133616876,0.006247000904593181,0.09038314632386986,0.8390660005460964,0.8209294386591763,0.7550788416162915,0.9037034652407872,0.7970061229530323,0.8398278208234448,-0.02874151153524,-0.028737971649416275,-0.12656174331660802,0.06379255267058252,-0.05160195290393101,-0.002034075930501582,-0.02275394032043,-0.04788810688318479,-0.18123091848015405,0.10106105847974003,-0.09818236075792185,-0.010783640366959937
167,102042915_NEG527574180288799276,0.7945190655206088,0.7960689235640156,0.7935694626154297,0.7985147593605884,0.7901292268187279,0.8003160751140161,-0.1321837219464016,-0.13036203717589184,-0.1495445588819391,-0.11467285474172619,-0.13523850282480598,-0.12539384709222254,-0.08589050154283023,-0.08191135136707192,-0.09241605086239356,-0.058723439908375384,-0.0845677932492709,-0.07845116592781398,0.16535634316852546,0.16342377017320484,0.11570262984875364,0.20447584078804268,0.1495550754024358,0.17728598620177918,-0.11887550487476115,-0.1274424787875822,-0.1849304208948222,-0.09582975325745342,-0.14328398062520026,-0.11583657560796275,0.8125184544455724,0.81551335127528,0.8038536423177047,0.8297933705300824,0.8119104485770852,0.8200764659196345,-0.01752410497677,-0.022745527639001496,-0.05164610136706693,-0.003343925454353325,-0.03197037627222477,-0.01595883157406906,0.13803283247432,0.13580438021767832,0.11166785951446359,0.15593334357596697,0.12903739912676784,0.14250030030573319
168,102042915_NEG528545016288651034,0,0.0,0.0,0.0,0.0,0.0,-0.10254466773849394,-0.10586758058440199,-0.16220549653585373,-0.004862965708588382,-0.1311984006166619,-0.07538693725973498,-0.33938712580410896,-0.3606428777300075,-0.4806521835793401,-0.2572145736296175,-0.40365633415528274,-0.32898060392973366,-0.2064137597119866,0.3040027234084401,-0.2884845575147798,0.8119299205707291,0.07724586555649832,0.5248343893599271,-0.07404242729759822,0.003914729947369641,-0.42669886780717214,0.31439414292296486,-0.15936828583830634,0.14673109971036233,0.00914399133281905,0.011035253079314626,0.004380059315225691,0.025477839975092974,0.008926747685907063,0.014280103746463295,-0.00904946430782,-0.0054084160787699846,-0.009925118269817837,-0.0021983413608971307,-0.007496329048633005,-0.004000184729685832,-0.03932589979443,-0.03828565316786223,-0.04100399470562477,-0.03569941134392076,-0.03949854091158984,-0.0370204675886463
169,102042916_NEG533251142291509670,2.0386823239338443,2.0346122360363634,2.0126277151964245,2.0434667087718337,1.9876685626767463,2.0653828430787993,0.2137616213170389,0.21800027444670256,0.17472480285367908,0.288248558498419,0.20443425824470304,0.2362671176861269,-0.22169811740975637,-0.21045324917052582,-0.2737526626703308,-0.1246958987382365,-0.2251674087311599,-0.19349823009800748,0.07153855337610411,0.07754738907206753,0.028530570766334643,0.15292611642549017,0.06385799711286286,0.09195300951978728,-0.01220516866029106,-0.008088974782919556,-0.06768103751686248,0.08014923633184985,-0.022421473141806994,0.04054371374950195,2.0228713166772057,2.0191297247055884,1.970012357683357,2.0823135511625344,1.9952069123889347,2.0316042503684075,-0.01587921203467,-0.01301508762854995,-0.05180722477530278,0.03520062219544637,-0.02291406718230507,0.017360105945987005,0.12359826304236,0.12466736699082534,0.08615905380239777,0.16777386890964652,0.11590130919470376,0.1328763932516563
170,102042917_NEG539279061291936993,1.0843350067846027,1.083130890903428,1.0801601075792138,1.087085798224948,1.0770570461734275,1.0988576354107054,0.018611112535965636,0.02302262086843103,-0.00989939085864436,0.04780784929514511,0.007498718931058307,0.029319720369733477,0.01661150096228801,0.01962468285986971,0.009937953624074469,0.03527132974032103,0.01476424557672968,0.02584304608831722,0.03689458252775857,0.04604655380294811,-0.031998942294381647,0.10098344361869421,0.02378966671493979,0.05813084890594371,0.1770707159293471,0.17953617862345977,0.13752407110494672,0.26683337696349546,0.16325411107361606,0.19004865605936005,1.1099484330860672,1.1110601829573998,1.1007965914533655,1.142278791294515,1.1082316108484065,1.1181896080107412,0.07042354391301,0.07445075695969897,0.04432448500904846,0.10851680373308593,0.06482796147447024,0.07896656990513169,0.02390285409089,0.029616798996622447,-0.016850365599431146,0.06744112301806979,0.012977260760612107,0.03772383124982366
171,102042917_NEG540132584291926297,0.5261163840539795,0.5256318318831461,0.525236679292009,0.5258313215850393,0.5230134737177836,0.5351935555995948,-0.09986521640934497,-0.09884539257376246,-0.10073480013041224,-0.07069634277291334,-0.09937976733967054,-0.09814297074743542,-0.03462952282309311,-0.033333700381357065,-0.034800877522102015,-0.024820638105105056,-0.03351695903484309,-0.03287425135609991,0.017702181508264275,0.004273440558425244,-0.035043992507965284,0.020631920717398396,0.0017295466453496277,0.0068581983114920355,-0.06092798001691482,-0.06343763320486921,-0.11985610071005526,0.02668559415151986,-0.06649116832594032,-0.060789718576188194,0.525702659070275,0.5251086879565429,0.5215864002820775,0.5417733541635817,0.5246932815468316,0.5255078066714147,0.01484244013919,0.014774890577912472,-0.025185477643787774,0.05515414591190436,0.013995585249183134,0.016531428755551907,0.05224026754807,0.04674675727347883,0.009900916658544435,0.054426770050161215,0.04502022391808282,0.04797912587685144
172,102042917_NEG540926519290733004,0.7494239116952913,0.7499319612529354,0.7475387511932049,0.7539616729820997,0.745823606110616,0.7593788331451736,0.0861417441094437,0.08887198765068512,0.07162355182112899,0.11395381638220883,0.08499802083653767,0.09260090647863775,0.04379757130780584,0.04585197023558111,0.015547831594360097,0.06957495052528809,0.040415969903692374,0.05111797889511124,0.23301647934610945,0.2307634849343178,0.20042984306366957,0.25517551492149854,0.2200913499719401,0.2396858488043828,0.40660940067961193,0.4087660435585323,0.38612936513898866,0.44044998234973254,0.40435035513824574,0.4164011171411014,0.8800413944908224,0.8813272215238486,0.8603007952797317,0.9012471615404516,0.87737173101859,0.8867561526711517,0.23832940653721,0.24196744756612237,0.22103787615186055,0.26747107732637543,0.2361086261107286,0.251231134608131,0.03021889431167,0.028296581193449043,-0.014030559319818012,0.04127641348810907,0.020547022429436484,0.03430140607492498
173,102042918_NEG544805259289548872,1.2744804211557483,1.2571768763891549,1.2341328264437934,1.2727217136682134,1.2179234367128273,1.289461434453586,-0.12324828309180012,-0.1168797140900822,-0.1847113427087218,-0.07999770268285264,-0.14414539575632548,-0.10108654849874776,-0.08010229150783452,-0.07575087430017156,-0.157307436787899,-0.018925084624537368,-0.09379458684727053,-0.05984081191783358,0.03438100902285149,0.011140634651781459,-0.0908103113038775,0.09864764765889147,-0.04033238191710699,0.05026961725335576,-0.002355736501426939,-0.0022950578906900847,-0.046740350508790586,0.06208418229065911,-0.016196292361221287,0.010862191613580107,1.2682495748153755,1.2541359720143048,1.2119594366932793,1.2873538040285997,1.234998868387156,1.2715082884542905,-0.03538189713056,-0.03578603611724425,-0.07380145102120758,0.019261878076565504,-0.048911647773045394,-0.023945836328251122,0.07288280805727,0.05082422103316203,-0.017331926159241035,0.1030786468785651,0.016231663108146444,0.07843938807447191
174,102042919_NEG549525883291619345,0.9900387243684023,0.9952664453460223,0.9888243478612865,0.9979095633957883,0.976541368501054,1.0012545634171548,0.19060809385667482,0.18830546063228204,0.10964613767119454,0.2260618774516527,0.1734691608428438,0.19755654622438587,-0.014889282938074976,-0.017169734740707664,-0.05535681104099796,0.023874313865463338,-0.029470937251940277,-0.007576087303261288,0.043952670056690804,0.03970722825879232,-0.04314026795147046,0.12508981840124997,0.01832104910371878,0.061754301566714354,-0.19728023283119023,-0.18503832952348037,-0.23066922251936742,-0.00588549658863854,-0.20622603885296806,-0.13504695664788705,1.0181390788784608,1.018840442552542,0.9782104998557796,1.032580516824283,1.005524975270155,1.025182071194516,-0.05678420973579,-0.045212391322270506,-0.067437922273543,0.04429158317370227,-0.056047443840789975,-0.016677055788844364,-0.00657888128446,-0.0115022267138436,-0.057821319092648614,0.0686798969549583,-0.025654308093234577,0.005114192604205339
175,102042919_NEG550105155291238806,0.8945441376629997,0.8944839969387259,0.8912418421768341,0.8958419833144857,0.8857959251858991,0.8988106103318679,0.007939684812888342,0.006723123480044126,-0.009867308326110517,0.09171626114987656,0.003047225612480369,0.01136213461665295,0.09370651951109729,0.09683119857791965,0.07247520214862564,0.1080116898217506,0.0935687077784779,0.0995391654386954,-0.14839369075969427,-0.14855389748724587,-0.1640124783140653,-0.033001857964909606,-0.15349490186618794,-0.14295443418294987,-0.15945134972350536,-0.15720739648163803,-0.18197636940604414,-0.05882306114365889,-0.16326276776912055,-0.1515049295400935,0.9251303179398491,0.924479664302451,0.8882935339679641,0.9304167105194333,0.9205587561780508,0.9264893649188385,-0.05114416823874,-0.05080556191235725,-0.0660603663404217,-0.004328109569734099,-0.054260349893294264,-0.04843459737359851,-0.07741674326716,-0.07607481867671657,-0.08666727381463188,0.00013595090428521314,-0.08012498254636306,-0.0721154446787993
176,102042919_NEG550683279289700727,0.877725411196825,0.8771874969078874,0.8764815892504066,0.877767009605968,0.8760371012335549,0.8824355085554999,0.030921968040592572,0.03221792688487695,0.02754306837457405,0.03686350190692427,0.031201740890831362,0.03350382837928273,0.05740592000655767,0.056228549772330896,0.04627637205509251,0.05927055853282959,0.05410523364390612,0.057580271873605565,0.0706267545637417,0.07275734272753868,0.05571226449924799,0.10558663557822386,0.06281178700957017,0.07898970317881084,0.05676684174137206,0.05072369653248834,0.03986053034573772,0.10502916228382846,0.046441370172288776,0.055342061616582026,0.8783743555161745,0.8773832774007607,0.8750444244742331,0.8900792342716672,0.876216885830438,0.8785774498770544,0.08777974667488,0.08577902693959882,0.08070583928148417,0.1151054288623294,0.08361613314917878,0.08771787277293441,0.03331477466091,0.033818508472494895,0.022034745756862404,0.05499508372947598,0.0271322723094651,0.037661852914467844
177,102043549_NEG530257443283430270,0.4694546124980813,0.46718602170124834,0.463538057803608,0.46972571108222816,0.45950358275014264,0.47367573589111883,0.0045459088583149135,-0.00681506236346383,-0.03801220902869567,0.012023028359555122,-0.027055973845648562,0.003415408750024529,0.037961366471892535,0.03668572959018179,0.005965407614938265,0.05105586211467206,0.028585988823170514,0.04106285320802242,-0.013655771815686564,0.020228636299371664,-0.15791556445444718,0.12636029250992936,-0.010800424650665288,0.07383200349658611,-0.07857031830097494,-0.08087738809448522,-0.12369290335830464,0.13031686005990234,-0.09470242524620584,-0.019259217420748688,0.4719322154429753,0.47076306892948017,0.4616527370384468,0.5030076171631856,0.4670830331958615,0.4733477178667351,-0.04653995734839,-0.04937126764500084,-0.07487263619258723,0.05720271716001072,-0.06006081900547312,-0.020838260247182366,0.00704783105924,0.022978767335310228,-0.04392552071049329,0.07580228470711692,0.007424943459157236,0.0493306132650887
178,102043551_NEG542774461286906112,1.2141389457980098,1.2413032245897981,1.2249812723616689,1.254543538710015,1.1583243571105117,1.2918001323043167,-0.0019256375738597106,-0.009049602810346849,-0.08722852638539669,0.07901065301824915,-0.031043253749455782,0.011965217391153093,-0.065153523206428,-0.07327209492936866,-0.16952616095885123,0.030198356123971426,-0.0981570059970534,-0.059589214574675295,-0.05458751850649198,-0.03415913735245408,-0.1961100558716807,0.03783920034114029,-0.058023585473627466,-0.011287260995351302,0.05994836973228939,0.19484752658257223,-0.07052069155098784,0.2694627747564841,0.08126310946181435,0.20658788185942747,1.2197007129367616,1.273232222151939,1.1426401138552902,1.352198260525552,1.2235378122350917,1.2834669874059423,0.03420676702974,0.1299994524267175,-0.05634685544507977,0.15990748672137367,0.04274090507294864,0.13726257786556592,-0.01307810017543,-0.01341121050190387,-0.11337598911931521,0.03161026472094019,-0.022463387691882726,0.0007066453865954336
179,102043551_NEG544735665285502399,0.7121944199773264,0.7101865014747204,0.6978633554536346,0.7225111797741985,0.6869225471060819,0.7280630695167112,-0.24202587666343184,-0.2392225161326844,-0.2621706878888459,-0.21379801505922494,-0.24772156847725063,-0.23034740770990775,0.10083868443429181,0.10122862766462189,0.06086341241690856,0.1332550249026837,0.09045678698992766,0.11321415836955177,0.5157991676447597,0.4876193507437975,0.3487515051894716,0.5817908122589692,0.43445031288824043,0.5233146303607216,0.3051018931693279,0.3022837439548241,0.12753754347094404,0.3796007458763996,0.2600846732291593,0.33136964059505486,0.9037774810013487,0.8693131169338486,0.7330189794997611,1.0025532991133383,0.8105876181714984,0.9249186050821169,-0.06984212289107,-0.07429168184454754,-0.16187819376750365,-0.034797530909307685,-0.09153005658380502,-0.06169020431371083,0.11013614310823,0.09154533691196143,0.02876727679836784,0.14444199413620967,0.06981387721438816,0.10928977882875208
180,102043551_NEG546245791286829440,0.9525338628087956,0.9310733775517726,0.9081578390783349,0.9553014677126631,0.8914560722626187,0.9810039499473268,-0.05023189407638569,-0.009017092407689775,-0.1131875533340796,0.10030499802498079,-0.04328033434370975,0.025281346565573418,-0.018345479081748342,-0.003543755075597948,-0.07659255030019567,0.07106889628159162,-0.025386741576872457,0.021679177821734136,-0.19232806873992014,-0.22141868029821157,-0.37057345045474177,0.10506444834180143,-0.2800670598368817,-0.15816250608382382,-0.16141496712665665,-0.14848957286031525,-0.31102389179468776,0.008127315424269636,-0.1989001895912919,-0.09588921943343526,0.9731140353359958,0.9699170299075281,0.8610236803569863,1.042361527122841,0.9380898155189951,0.996414682058592,0.07380410160839,0.05101487984316965,-0.052234103788149355,0.14053382854017443,0.022492531641150018,0.08924682342566899,-0.06545682637885,-0.06982412166168843,-0.16765849410106728,0.07464379116746762,-0.1067615062397972,-0.029270049203091387
181,102043552_NEG548209510282510524,0.611905853520229,0.6121206092628848,0.6108317147773719,0.6141629433535131,0.6040010816797516,0.6162199468883389,0.002416834392647088,0.007855177382103336,-0.017667652881337124,0.028258346966403346,0.00380904664499226,0.012393600383640208,-0.15056331177964677,-0.15178040121987266,-0.20165601755352397,-0.1381292845961785,-0.15500033496593685,-0.14921960965725273,-0.04870102316216113,-0.04716415226716062,-0.147213056099892,-0.014697166284285388,-0.055183914791616724,-0.036603301462844226,-0.11814828661857973,-0.10804255761189799,-0.13469703329464391,0.08150944357348469,-0.11704064323848498,-0.09892772635529616,0.6133913464395504,0.6128464503134091,0.5878534694553175,0.6213403948726288,0.6110935908244475,0.6145809135823167,-0.13489823611552,-0.13146705598624658,-0.14698051790367023,-0.016393153142388317,-0.13591834278372736,-0.1263942420943365,-0.01647034265757,-0.01690882491587854,-0.0774027959476522,0.0009418713148457848,-0.023173064300158596,-0.010345011266583723
182,102044182_NEG512061540278527911,0.7798904315154078,0.7910521299097724,0.7858064560835395,0.794244764963693,0.7818165691401154,0.8163402679614895,0.05726199278706434,0.09471054606761284,0.04302209988254616,0.18397594586823554,0.07920141222912865,0.11339084166282436,-0.0025874554196823607,-0.005536649639662249,-0.017163680353233218,0.004208586857185764,-0.009533370934275368,-0.0006036396498321033,-0.05090418016079963,-0.047796536252104505,-0.13728644867562617,-0.03099593426207865,-0.0586346048663566,-0.041405875481482945,-0.4474207281526554,-0.45213290776892934,-0.4922942142230057,-0.3870003709867513,-0.46613801865795346,-0.43920002474187947,0.9128840680029234,0.9269561042083919,0.8897105141737021,0.9574059694257604,0.9181090040239713,0.9387029080547368,-0.18048204594076,-0.17446432699288264,-0.20227603993051455,-0.14279211993136667,-0.18395846206223665,-0.1683768888523717,-0.02013256037221,-0.029559298436099262,-0.08772973181377705,-0.013751769777856143,-0.03721453099461695,-0.022324546991995143
183,102044182_NEG514435270280350833,0.5444245934684384,0.5474855752053458,0.5447737800752398,0.5506142919734739,0.5309124218473663,0.5552906734685374,0.022357413323420006,0.020809617598014276,0.006617323972324155,0.04562230772202473,0.013737787355644782,0.02373557062110251,-0.36707518850154425,-0.36999596439134874,-0.40736526608514356,-0.3587908095550792,-0.3740272938304919,-0.36640519487134166,-0.28807682444566357,-0.2887067086970803,-0.3329171349213028,-0.27308792065542614,-0.2947199365957821,-0.28430204144114635,0.3786038316283023,0.35889668416996817,0.3155374225585742,0.4114262927860963,0.3468607095008203,0.37340164937491205,0.646774336759804,0.6441976381654937,0.6362551799005717,0.6657491846976078,0.6416232106205112,0.6467289102884345,0.19292498486067,0.17809740747878988,0.14533077177061934,0.21535876527249437,0.16811790039315924,0.1897932314795247,-0.18314355034895,-0.1781101193052688,-0.218895309467894,-0.14530738515258673,-0.18526419822051673,-0.16474926927401065
184,102044183_NEG515787441281897369,0.7718964865840948,0.768550730898337,0.7627121654393781,0.7783846109649417,0.7548797510082488,0.7955845105398968,-0.07548146297648103,-0.08100109628513484,-0.11066004321707214,-0.05771007450402624,-0.09305832605294621,-0.07182037985733092,0.006841692164246737,0.005759790487086128,-0.02533529569112677,0.046556107639691265,-0.0030477427063267575,0.01850630108354103,-0.13141326750609125,-0.1582444710134355,-0.22963973933400283,-0.09933775854363093,-0.19372441171258095,-0.13315646381711846,-0.012534215107182889,-0.0132229090933773,-0.09135641164198656,0.059854532756548166,-0.03763217050825627,0.015916180194949385,0.7659154913852406,0.7671203398864981,0.7429635184307126,0.7979914739039233,0.757125299644127,0.7759321681411775,-0.06774144956258,-0.06936734633030482,-0.11350989416329776,-0.035962042306026294,-0.0840146709755657,-0.06052107410048,0.05908389442284,0.05019494612393493,0.0049323140039708195,0.08770606515426259,0.034452692859838825,0.06291985789822638
185,102044185_NEG529514172281460834,0.5758994767667187,0.5962989663898971,0.5848471946132916,0.6057224950399949,0.5748951190682585,0.6206275094377642,0.11566108208373416,0.127411117542663,0.06857848289396318,0.1761480544032002,0.11208355771914094,0.14138059253427207,0.14470634016899536,0.16485857443276475,0.124614743914316,0.21635172519513096,0.14799706972764895,0.18069325077084572,0.19392762500686703,0.20245198573803333,0.12238993596965902,0.33123138242032324,0.1788252892756538,0.23447332074929006,-0.3116097681863227,-0.3046101587407691,-0.35001861225277753,-0.19669069989536553,-0.3191729210218867,-0.2808100765616611,0.5968737285714661,0.6250347950465086,0.588885116561892,0.6702722217434164,0.6073637408006222,0.6380934224692266,-0.29451506841743,-0.29173268098403543,-0.2999492268055719,-0.23694622748046562,-0.297404463054844,-0.2817601878204213,-0.06947194310048,-0.04613873220040292,-0.09333922377941808,0.024435781695867517,-0.061931664661404595,-0.02632868191431273
186,102044186_NEG535621262280129063,0.8904826247970989,0.8903213855441334,0.8890117242331163,0.8919646147575496,0.8861193767281931,0.894349563401545,-0.0020754072789774267,-0.006057122401465439,-0.03136229805617232,0.012609964544884632,-0.013527416645751068,-0.0014875928848469386,-0.044198376316410624,-0.04108923974439686,-0.06134526118617428,-0.019795279001604178,-0.047152216971069784,-0.032264297290241,-0.07856424939227101,-0.0741024282264487,-0.11849812982922787,-0.04984849396884719,-0.08173871461456765,-0.06761084828340017,-0.025557250786462867,-0.02381164983936708,-0.05711068447420222,0.0006791160135914445,-0.033335057208381834,-0.015947901931077937,0.8949886612910636,0.8941062642613276,0.8878294000405516,0.9021441405286627,0.8919666393447261,0.8964900140024609,-0.00374213389209,-0.0024117773563995712,-0.024267309707094283,0.013681839825402328,-0.008877290063529292,0.0027100593119382035,-0.0330300384744,-0.030205137791137142,-0.056514534586965336,-0.017126985452791763,-0.034497020401872414,-0.02649334429144473
187,102044187_NEG538533000282255459,0.590998826735389,0.5928878696663245,0.5909424617264577,0.5948411696218197,0.5878488741556397,0.5975771259616717,-0.018248616426707633,-0.019682587941177325,-0.024975733337491472,-0.006569258896352882,-0.02189701931161539,-0.01759776318921838,0.15198494476919394,0.15010816382729342,0.13221329192901168,0.19427135213714014,0.14374708428432173,0.1572134774395248,-0.0874923509957043,-0.08777601134213804,-0.09746679090248361,-0.06064175738416475,-0.09077529943463893,-0.08465452128798927,0.311505467763015,0.3045785832684116,0.2626018169470421,0.35247010627457004,0.29367344095589243,0.314342794823153,0.6267477642945384,0.6260529471023166,0.6157785829265187,0.6524841548230529,0.6223117650930073,0.6301852104853819,0.04285699228113,0.04045509461663708,0.025528394253907623,0.06486268337977692,0.03565460080177135,0.04622131185841049,-0.12475495479975,-0.12795589283303221,-0.14062839452650167,-0.09779405312618658,-0.13283789038900048,-0.1235932425280929
188,102044187_NEG538575988280255664,1.023016468924773,1.0100886841395957,0.992733563138777,1.0254709243414468,0.9720463680283488,1.0475949917158291,-0.10066872606865523,-0.048600402040596714,-0.1501418253156767,0.04118408627641515,-0.08340486984688425,-0.011852513033807122,-0.031961326974596124,-0.05106400241126851,-0.11295258862663186,0.033008926793607646,-0.07357865877758646,-0.02676737239930619,-0.29589244237760237,-0.2686832597853201,-0.4079637693038204,-0.03823463100624373,-0.3199670125871685,-0.21010972387944415,-0.028035498082455132,0.04933064912105797,-0.10306673783368234,0.30749725419499513,-0.018574456299478688,0.1316647256009806,1.0885739678174318,1.0674520708588275,0.9811310807687121,1.1821581936726056,1.0379284440939813,1.097455364174092,-0.04255115313628,-0.015168169064821154,-0.10605448299710983,0.11195695910953614,-0.05363569741406569,0.03168913411935485,-0.15410542214785,-0.15043248027465833,-0.2266115881489904,-0.035613403684136305,-0.17987006273321543,-0.11825000952844911
189,102044188_NEG544517310278613198,1.9928718003315329,1.9916446407973796,1.9907089264123974,1.9948232451537842,1.984886040081346,1.9974320966205663,0.05625488496891007,0.05543678928773724,0.03006865006169958,0.06509231653811168,0.04376619706708281,0.057662369093518406,-0.02252592145401012,-0.027316017739824013,-0.041167547681878684,0.023516180387919288,-0.031690481139407325,-0.007936143328782157,-0.12654762049658158,-0.1303035061352627,-0.15484627797900366,-0.10267473020238356,-0.13649386804210817,-0.1237350957451454,-0.03903636152453084,-0.03381343336889141,-0.0701359299816196,-0.005750166080121696,-0.04883392115761353,-0.024872946688523648,1.9390354702903345,1.9380130929271258,1.921189139419591,1.9599493780663062,1.9318752062249716,1.9457706649809068,0.11150071043939,0.11462480550989448,0.09647093310275781,0.1300324426718084,0.10739470531942297,0.1173551159131908,-0.17312503966561,-0.1747885124970278,-0.18701542722364217,-0.1621938682170604,-0.1777452947000134,-0.173110884208366
190,102044188_NEG548070624278595332,0.8661800562237825,0.8602806047140752,0.8351062265028764,0.869031227047078,0.8233570277550898,0.8759731421547982,-0.033246752214360326,-0.02879479482382833,-0.06644206204305554,0.020906551007773836,-0.03736667547948698,-0.018611053617113436,-0.005980045769542626,0.0016317164322816433,-0.05632966955503818,0.06388979032158312,-0.017873413159833308,0.021474805630049516,0.206747284853324,0.20118871584542072,0.10895543238723611,0.2828005181786145,0.15857878500342584,0.22295748080701394,0.27512708981149664,0.26865765763167787,0.059321050672058145,0.3555714052869771,0.20389449379965208,0.3110623657708045,0.9305701186214369,0.922111793314081,0.8396900331615174,0.9880329478111226,0.8743512299215567,0.9517164797126823,0.00507574273214,0.005494626067901893,-0.10945225597867614,0.06573839172992092,-0.01675481663825702,0.03204001137722389,0.04786883579413,0.04527436307309364,-0.0027659133629611044,0.09794838831700432,0.025105828698984416,0.057660946013968685
191,102044821_NEG509449559274572380,1.0464620918531955,1.046535626720388,1.0436911832966573,1.0498247227086477,1.0428867564094,1.055232370240366,-0.018094996410675343,-0.03087513194719784,-0.06592465384136963,0.002647607423901448,-0.04012293158877345,-0.01772155633313174,0.029698205099766756,0.022561405445260613,-0.011181330518788201,0.053025927180103356,0.011272679563708143,0.03273312709309771,0.12452834119597202,0.12193993912459207,0.07709280987338031,0.17820645423789985,0.10867126529339009,0.1338820361120664,-0.026293927208164126,-0.019215906543285376,-0.0630976585807141,0.02300742454147945,-0.030328632365714564,-0.005227946929624989,1.0573483769146492,1.0566647521984622,1.0442483648374226,1.072450473145007,1.0524442329413697,1.0605706800073549,0.00151009663884,0.0038882696996255244,-0.02170895077140055,0.026418385367147034,-0.003078782938570588,0.010773943765491591,0.07987997777217,0.07903076758554026,0.05442510188819375,0.11620204246689166,0.07122823655712437,0.08597722981438274
192,102044823_NEG519310575275844311,1.0863055958807768,1.0434655274797398,1.012653656573379,1.0825865303464655,0.9764229230390914,1.1001996996005095,0.02279429231110465,-0.05241338309877479,-0.1663434161044125,0.0633086342376325,-0.088198948258672,-0.016143256836211015,0.02033143763280619,0.053822028286197345,-0.03360828804593198,0.16303878396756802,0.021549611944838565,0.08740323609464526,-0.0003102515406396694,-0.01754742996737804,-0.23572843930226506,0.20404871885604955,-0.10924570621816311,0.057847565652426616,0.12372509067204587,0.09035517932364635,-0.139811847730708,0.2641676495349001,0.00918433729097138,0.15662218009672169,1.091162227497036,1.0605647023858757,0.9689479743863845,1.1753541127561031,1.030929681823099,1.0925666999252395,0.11745789892603,0.08567108893809239,-0.050539190297151475,0.19463564056269833,0.02550156564350397,0.12509832702292015,0.02382969680671,-0.001967470192316119,-0.14609398107082178,0.12192201755344277,-0.0569942526366528,0.04670201254130732
193,102044823_NEG519633334274259646,0.8180577392229083,0.8182582411611077,0.8179238730922295,0.8191165134305252,0.8081075167633439,0.8206022846980344,0.05320666200893866,0.053062011578273255,0.02151520838076309,0.10056874429869453,0.05138581124852441,0.05425273930188437,0.015056514404610661,0.01417911487777111,-0.001891467114910966,0.04082583031910969,0.011814711791329492,0.015519367993333371,-0.008232923270542827,-0.012932127522136764,-0.06687729747709378,0.0572296169046973,-0.017742286950249493,-0.009639436004864867,0.010022143888236357,0.01379052985684983,-0.15430497519143135,0.09346914492697407,0.008699319146829637,0.021768358214005815,0.8087835409002317,0.8094427610778638,0.797358394546066,0.8247161615172387,0.8089072331022399,0.811795210426717,0.0643937118507,0.06625169314421708,-0.04436687273211426,0.07608185151432097,0.06367410689211478,0.06937507716422482,0.07308444562727,0.07003926506167475,0.03504050869468339,0.12689330193121065,0.0660777461426094,0.07201241729134827
194,102044824_NEG525230483273308137,0.8350787902993878,0.8239647584393777,0.8139586121860235,0.8368533930018488,0.7959750451459662,0.8658843902634394,-0.15485900826886398,-0.15501002958905735,-0.25215025450302614,-0.04933299551594139,-0.1904588815846439,-0.12264634787726192,0.08562325434930684,0.09081568180643011,0.04684003020336952,0.13860394358628603,0.07453766014373306,0.10790758665834585,-0.025094538641929544,-0.023611766882184363,-0.15302928747449007,0.13853937697844643,-0.06162105658443937,0.046669407710547964,-0.3871717091734008,-0.3703574881495097,-0.5064956191988472,-0.18404546426366056,-0.4190481524020706,-0.3112534492499143,0.9314954317311959,0.9183598892946228,0.8363358779126667,1.0048512572427089,0.8920727233465376,0.9455354775498016,-0.10427544245694,-0.0934218053414049,-0.19071443465172414,0.013921184315513004,-0.12604937624026483,-0.054681881917683924,-0.02749240169532,-0.014255375162541375,-0.09196956001929937,0.08932101066690437,-0.043278441733949444,0.02568541309525453
195,102044824_NEG528789191276364582,0.8463669591283648,0.8495522021194655,0.8416523655368392,0.855437480272795,0.8210623983298253,0.8607062186060547,0.0880960236052369,0.10274837971517796,0.028167517277723868,0.16802618747745288,0.08046333917846883,0.12214300601367864,-0.05030470403579804,-0.03530720611422508,-0.09851744799132392,0.030362273558678005,-0.0526584653164922,-0.01699940605771521,0.15905160965249632,0.1926644048379306,0.002630977931979247,0.27943055677319545,0.16375358060892659,0.2177474789659202,-0.0888830923200565,-0.0988194029212428,-0.23480071867074442,0.09001169544160166,-0.14263881517130717,-0.06860324042308202,0.8644283744142289,0.873699949300966,0.8329332638696875,0.910915239814515,0.8624393513307935,0.8838245349134236,-0.00279396620448,0.004687728081218206,-0.083636930868021,0.11680967723351016,-0.016309686561264893,0.023191908881490565,0.09817591357807,0.11303519648897979,-0.013654049058378115,0.17705851044873333,0.09606471747434014,0.13013843077485998
196,102044825_NEG534081174272937149,1.07791022032894,1.0824771982790922,1.0768624836821947,1.0878326785056545,1.0616625344605317,1.091489306647963,-0.042784671233595334,-0.04728976526586335,-0.06348319216614279,-0.024023041998240686,-0.05461817719928264,-0.041719031239058596,0.004730667861569643,0.004296156280404227,-0.027798101593549056,0.041891826310729775,-0.007783135160611459,0.013104683317741823,0.14142498768681092,0.1382947712895529,0.07860277716034791,0.18612248002881543,0.11178948557011699,0.15666337652721005,0.09006341251825262,0.08552068434838651,0.02508000921987536,0.14619582232224945,0.06361047691897548,0.11035586038698673,1.0901897636686513,1.0903146608578027,1.0584264591000316,1.1111311279505618,1.0821342829402647,1.0999764686450342,-0.02027943689887,-0.024409171491581914,-0.06412622363479059,0.004081116105373657,-0.03582331313911534,-0.012926179618012117,-0.00534225125081,-0.01190874679299617,-0.03886143576150432,0.015208552351103983,-0.022651825941460067,-0.0008558238077162792
197,102044826_NEG537879168275630474,0.8884375207803539,0.8864596451435671,0.8812523765550834,0.8909894700616211,0.8702992211186735,0.8946604194174796,-0.07760270988937325,-0.07255641177500763,-0.10050286655714173,-0.03119040066265641,-0.08458558246527274,-0.06324210792109379,-0.08548212502246547,-0.06767993897777003,-0.09748609395683934,-0.022996857452837784,-0.07855526729653611,-0.05699914778925408,0.14584818501595104,0.1244163988410434,0.04553045728213636,0.1944849136259891,0.10128751269837337,0.14567181215728758,-0.08539038885398882,-0.10909201999191144,-0.14346045548644962,-0.008235131650348513,-0.12117419453007824,-0.08755617434523179,0.9006408048685021,0.8978064946018632,0.8602965002922012,0.9098002577414014,0.8892379826093795,0.9025196873156168,-0.08531416788655,-0.09624936156142917,-0.11928780683357919,-0.05405068652114198,-0.10382750611210181,-0.08665272587076456,0.00443449216432,-0.012562305719421376,-0.049422594032023544,0.032930624880278335,-0.02352697746547873,0.0006792638015877217
198,102044826_NEG537893681272621987,1.5923397245700737,1.5886849673117212,1.5664355251971291,1.608540968236357,1.5280057537720693,1.6203971561547803,-0.10633662390442032,-0.09776827064440005,-0.18366652731233973,-0.03436404384587573,-0.12707288396255315,-0.0695067013983975,-0.2480984136319064,-0.22344016221481947,-0.28406412707788337,-0.14296981839604558,-0.24329353590193448,-0.19423485953742242,-0.14192117217219183,-0.12665618809765292,-0.25345434660823,-0.01778582609310728,-0.15262719826938584,-0.09257890551831997,0.20414258694337667,0.14143829063565316,-0.03512516828133218,0.22451845327203487,0.06459619652103228,0.1894037234613082,1.6365733560126268,1.6019264350633413,1.5130993175807066,1.6676100331268002,1.5650261041576063,1.6272379108364232,0.02018679590693,-0.010963253500115571,-0.11478811953972315,0.026864011243808123,-0.05155145822286692,0.010078466888888924,-0.15624815037338,-0.14583842273460534,-0.2256784958036872,-0.08156362609891236,-0.16565774939054545,-0.11998643968792305
199,102045463_NEG510363299272415391,0.7565458015504037,0.7557717055857093,0.7507603405800393,0.75958671535877,0.7474575991121569,0.768041424159296,0.12195841184113874,0.13511334646696702,0.10195008496512145,0.17643211471442238,0.12481758856601134,0.14587956816958508,0.01051621798491928,0.01744068390130623,-0.013636620979112552,0.05347337358204003,0.007200522717134338,0.02696732265369725,0.05138346412945483,0.06983609699982338,-0.027161637369466436,0.22976838310517356,0.039125277898462235,0.10113774587272116,-0.03874916463667635,-0.08099625445444099,-0.23970060535842808,-0.00998326607585818,-0.12916142820883214,-0.041370840073442106,0.7506342966124205,0.7532118539904354,0.7424902661074994,0.8120698792784319,0.7491263426501259,0.7602917970413448,0.07389509550202,0.06073817720224501,-0.01097598114199747,0.09328268548402976,0.03530091933651423,0.07745483238303226,0.05093703741158,0.06703896903050696,0.008107212520240466,0.1711593357084452,0.047344947415423985,0.08830889761864116
200,102045464_NEG514418387268262939,0.6688459199777703,0.8181576809409917,0.8157082848416127,0.8181576809409917,0.6962541142679355,0.8346953194535021,0.044638987536012364,0.02081285561605085,-0.000880453711842496,0.10485015517069773,-0.0007724569066445532,0.02082295823950443,-0.052700648501138946,-0.06182925229697828,-0.10533903690559404,-0.030549627141940042,-0.09737931902586078,-0.061823519035307056,0.06879537201600314,0.055487407538016495,-0.16488684974845041,0.2671224127242584,-0.11398082280221247,0.05551007395805557,0.09366547201294234,0.008888550527309023,-0.12657648173279948,0.15208014607430695,-0.10161616953367576,0.00890379673868178,0.6683874267301664,0.7727119048849065,0.6514505596503745,0.8140343979205917,0.7722899979463776,0.7913738323885265,0.1260008792545,0.18664370398032848,0.06693833210835334,0.20756345718993582,0.13248824195226414,0.18746167613427492,0.05343715218219,0.13955250409408568,-0.03602103581842537,0.14668258974460957,0.04408649189833163,0.1401773615201101
201,102045464_NEG515803462270682480,0.4407762605145447,0.43720538543560783,0.4328713356618119,0.4436198273545571,0.4280648158694609,0.44652936439892876,0.09278938733465901,0.10157555112491781,0.07551880570070307,0.11175850359684396,0.08475085375960446,0.10602024045257151,-0.11040696155705483,-0.1112095300392108,-0.13051171724927044,-0.08792677275661381,-0.12160252319906292,-0.10170429189191586,-0.3314479963477467,-0.3494671190987461,-0.36746044649137266,-0.2785129329279032,-0.35714885262142376,-0.32129984188957766,0.11719482710958143,0.11062464601658376,0.06884356744010521,0.13219013749592592,0.08528753101361318,0.11972082506017756,0.47957230207510926,0.4780492493971125,0.4588641078535484,0.49445762125353004,0.46639637468594547,0.4890042181315586,0.11666887232962,0.10763318629892975,0.08387297580614551,0.12175964961069242,0.10038733555739933,0.11581288572681904,-0.09075510500814,-0.09087399932849842,-0.10937336039572677,-0.054334889616957385,-0.09762326515922833,-0.0774217609184148
202,102045467_NEG529760884271850076,0.9206944029437397,0.9262983520093149,0.9193815153840003,0.9333332175257294,0.9167896511370454,0.9449236574002025,0.007913787625600573,0.012407672240344687,-0.0073699369181952695,0.033996903088309376,0.006237275631854016,0.019780542040938032,-0.07669675837505299,-0.06455438104153421,-0.1021299562026391,-0.03230262675127847,-0.0809400525211218,-0.04946079709229185,0.020934392914187156,0.009767001883207085,-0.04236780029574808,0.07757525694862467,-0.007708380391410055,0.03229386131592313,0.1045379295495576,0.10330738238737723,0.019364890206965135,0.16704821335119863,0.08657843292231622,0.12661095133370093,0.9012253921193497,0.908894609234145,0.8907599806851273,0.9415072189245492,0.8997814395231432,0.9204115997061841,-0.00187964575532,0.0017103055880335458,-0.040748530354684384,0.0390997303288717,-0.0077799651698811905,0.01463909546583343,0.15540189041925,0.14643747222001988,0.11427097001523431,0.18012603094096172,0.1346067970685698,0.1600394084243065
203,102045468_NEG534525411271636586,0.7352530366829239,0.7373751896141684,0.7310885427466234,0.7458782780988348,0.717811996401119,0.7527949431862914,-0.22615046445734954,-0.2223002708774108,-0.2577956074468297,-0.1763549450683343,-0.23321672570140986,-0.20811705101540415,0.03270684185874003,0.039532431241258645,-0.01647430129695346,0.1231430945757497,0.019781544429670315,0.0648666089355452,-0.2478415409733505,-0.260044956042677,-0.39302142153928976,-0.13600054878224338,-0.29398895202775993,-0.23354836958441466,0.2012041204558488,0.20922710609736678,0.05247063139005331,0.32686423914618795,0.1627389377657157,0.24365390042924356,0.7860379400500686,0.7954078815667688,0.7383300853972834,0.889902884089475,0.7744654693991633,0.8155829645428737,0.03627188416692,0.03455183806323887,-0.06355361731797914,0.09992301780590841,0.00961440336321939,0.05360347981890691,-0.03312774643454,-0.04616179556333829,-0.15083932799933597,0.010320937921845743,-0.07442092154265141,-0.023592693391605638
204,102045468_NEG535850797268396974,,,,,,,,,,,,,,,,,,,,,,,,,,,,,,,,,,,,,,,,,,,,,,,,
205,102045468_NEG537581789271144818,1.167088258723461,1.1692248491540194,1.1656549233601807,1.1746486435043044,1.1613869230222247,1.1788563559651983,0.09411670629873058,0.10086711165108678,0.0675149145967292,0.17950249695233508,0.09036287636468109,0.11469887947957483,0.06351072048209806,0.06338824135594781,0.010781912095343531,0.08918078137290586,0.04757992700348556,0.07199034676132507,-0.07926563331569099,-0.07701131705474308,-0.10757305235013837,-0.05410548321000972,-0.08512833285745612,-0.07015707757246298,-0.11947239992107776,-0.1194488773185038,-0.15638691227531762,-0.07547887963621555,-0.12854833300507848,-0.1094297839956356,1.182338207232632,1.1842768702697206,1.1721377615525412,1.2054742638773368,1.1806512687505848,1.1892146260100716,-0.06342848187192,-0.0622623318831122,-0.08875243371726863,-0.02729846397002915,-0.06838165397707383,-0.055333236374783074,-0.06565182307617,-0.06364244294208111,-0.0831054772017472,-0.04571862051896209,-0.06820196294368558,-0.059261704189192896
206,102045470_NEG546481364271947360,0.7806861070469564,0.783521589670088,0.7726093356436441,0.7927021579188128,0.7495128712364646,0.8290743346637948,0.020881931670333247,0.0052870960873458795,-0.07293870323415061,0.04365537270563423,-0.03161517662669941,0.020637457206882478,0.01650763262260225,0.027176768832963286,-0.012554774092124812,0.07741313290897922,0.012629322357700678,0.04239833302951761,0.13218139826117797,0.11568188702888005,-0.05816191603251646,0.19437797764001585,0.06712535280154851,0.13513912585148768,0.41292351927679755,0.4158515616688935,0.1171897600152115,0.4823391325710885,0.39868316163680273,0.4332103923818456,0.8974999693377641,0.9015647497706971,0.8218227138150391,0.9324725325077597,0.8872054275236934,0.9146821668624472,0.15601195780972,0.15743094424197543,-0.04013912344302929,0.20038529689337892,0.14792852191100384,0.16731030724813997,0.11891848141406,0.09693995395624508,-0.013686998278322775,0.14894137701659313,0.05155193463547319,0.11647369235478433
207,102046111_NEG522631915266742195,0.6687876110305786,0.6691374330267461,0.6506021883587916,0.6799321419770067,0.6193667538148366,0.689943798945316,0.06973611453836484,0.08805541246917521,0.03328033727491203,0.15359245268276076,0.06425652828358824,0.10855413907371689,0.05106923343613903,0.060415416963837114,-0.032336753752391756,0.1315744837110374,0.04486263208784736,0.08382012288232855,0.07323491284868391,0.04555386916103259,-0.18378138000895103,0.13733040519652162,-0.026543678083889823,0.07889146286363641,-0.15289079681449316,-0.15649144716701424,-0.21805232001635613,0.07060727916579326,-0.1786338663934261,-0.09822366478460273,0.6804999763571878,0.6836857718154253,0.614649743945296,0.7203662372385511,0.6606401670011821,0.6927654298723266,-0.11224347933425,-0.11132516569900493,-0.16011833910452003,0.023116179878120743,-0.12708220343579085,-0.08730637621457431,0.01257038483682,-0.003910775829872058,-0.136820108528415,0.06580074806501439,-0.04246522969794522,0.015561796534437526
208,102046111_NEG524535231263409554,0.8774310897251111,0.8530150638233893,0.8318006905614024,0.8758259672367924,0.8154730351241231,0.9089613337333028,0.1131139715806067,0.09012032603801705,-0.02518122078885313,0.1930548951887514,0.05766406355883387,0.12123991433253493,-0.013569372850481157,-0.003167555263299736,-0.07216948568146239,0.05569551302180889,-0.025016397934058125,0.017905999422393615,-0.18895622092022918,-0.17095867247744875,-0.40435344446426535,0.02560325974621573,-0.2443283029430318,-0.09532086772667689,-0.021647049054712188,0.00039391622865471757,-0.16831055711131476,0.27195499793155165,-0.056924469169325725,0.05606058446901714,0.8482493322906202,0.8419645875499309,0.7774891724491738,0.9364490665976294,0.8171225920413651,0.8704704509140903,0.03411026978357,0.04193034762342886,-0.023673303853694407,0.13207699204948087,0.017855106239075862,0.06494884108540545,0.14001323687557,0.1209426056651622,-0.0039963703944651315,0.1908403800444913,0.07788884267937726,0.15026192510328365
209,102046111_NEG525674252262710433,1.139732325405583,1.1365424145287593,1.1304375863765506,1.1411266101664372,1.1227185488726357,1.1501377579204741,0.17004223686056386,0.1655669065724446,0.1320206058994645,0.18260418249919458,0.1558390309001764,0.17133191726096855,-0.11555469360190573,-0.11964345021022033,-0.16032980217016168,-0.10824789038103963,-0.1284362676748024,-0.11465440311146644,0.056528742440023795,0.05471072196166671,-0.0011972408400606157,0.08689711372620644,0.039935602315301175,0.0675099531365879,0.14239006731541673,0.1430537659577454,0.1043652002499422,0.21906848064964576,0.1327845039479866,0.16228859198277587,1.1427902019018523,1.1405442596067918,1.1154940802751503,1.171417926335813,1.1359597828334382,1.146577250917658,0.08833308769715,0.08692698119932855,0.05278676848176883,0.11663638474150935,0.0810658067949682,0.09462414674597226,-0.07872418702228,-0.07815945029701801,-0.11005394393853825,-0.05625670176608051,-0.08501698217542741,-0.06882184840056683
210,102046114_NEG537352034266671160,1.2426986437748013,1.2423074132145524,1.2396313583327803,1.245406621962049,1.235011775911712,1.2487014193240662,0.2041712443297999,0.1933396247604864,0.15925686347273976,0.2269545901723043,0.18147917617855094,0.20309720447890406,0.29887716855751756,0.29561796003499596,0.26080007325264587,0.3190814031493745,0.28876095370153254,0.3017016073665094,-0.03247103999187839,-0.035643578785449034,-0.06278928112368064,-0.0005522760896247479,-0.043451941478219916,-0.026756195153511676,-0.004202770586239978,0.010505537925254197,-0.03163110040019869,0.05187009550656041,-0.001552438342934269,0.022212546398494053,1.23876973823025,1.2398302652903286,1.2231879512444441,1.25101155841037,1.2353291485038986,1.2432279318507864,0.05382691710421,0.05937624669706167,0.03281370494123867,0.07961966351076578,0.0540656448645987,0.06484162197518582,-0.02615717743272,-0.027597301116058782,-0.04525900431805062,-0.0023275066155513005,-0.03304755203701073,-0.021664893500382136
211,102046759_NEG522096295262136465,1.279141200133183,1.2739017395369752,1.2662901887804783,1.2836240176296922,1.1484598311799001,1.2914157164707794,-0.04072134219584833,-0.03227690887371332,-0.12146845622637488,0.009426520318513897,-0.04465584178276694,-0.022012221223870792,0.015146153380502167,-0.0033139475494836676,-0.09524467564660206,0.03609227736125129,-0.019930848768511297,0.011994273282657932,0.10701057401826305,0.10352079779827801,-0.10652439439087484,0.13007045866218067,0.0905794700415792,0.11362721678505548,0.020590604159819347,0.07491806168991445,-0.045668319430181056,0.2501592112152659,0.041733841279605915,0.10270152023323427,1.2746393450245235,1.2742660515523627,1.2185086473356002,1.3059643830140053,1.2679937153503833,1.283279382417748,-0.08969168639819,-0.0609844134563505,-0.13379229894736705,0.07119342253536823,-0.0787003990796505,-0.04428540142883049,0.03960629694509,0.03889429821314258,-0.058256572208081996,0.05813758736886328,0.029402038257557637,0.04700552899972689
212,102157629_2659727733636823810,1.0488468453451667,1.0483821851749682,1.045109956702656,1.0517925339151897,1.0416627247381591,1.054379539183976,0.07571087509678837,0.07924642728576517,0.06637558121951594,0.09390321398250522,0.07485874559187755,0.08369997143742476,-0.02593258449339239,-0.022229640749337698,-0.03342157712832455,-0.010278985232714784,-0.02594266979882152,-0.01799684378462395,-0.03645738997265633,-0.027663100021262613,-0.04669522786363602,0.016237674890902033,-0.0361528502702501,-0.017026180283624855,-0.1847792595941236,-0.1852768442220373,-0.21040763453228695,-0.1396291090032871,-0.19509374562262302,-0.17553238684586184,1.0539171447008373,1.0546011026463638,1.047034870321121,1.0616779843901925,1.052381270165126,1.0568456669696307,-0.18465111015553,-0.1849314700172389,-0.19863504638184984,-0.16052179272703931,-0.19087760038910823,-0.1799711218249739,-0.07689878262847,-0.07016772148163065,-0.08231199983778152,-0.04399323505787726,-0.07553747651943993,-0.06444335632887187
213,102157630_2665772836637102014,1.9324749331180342,1.932046526295427,1.9311684704902545,1.9330570150241329,1.9262688965428674,1.9343774897847315,0.03529105176095029,0.035476607689763816,0.022671561797170184,0.04442630699486793,0.0331708901934519,0.03859085292743185,-0.1042048107987659,-0.10588965223940758,-0.1360346576874649,-0.07702214778187506,-0.1202628367331798,-0.10128342076260616,0.0756611470337866,0.077601000949087,0.037754878236465804,0.11139137764360191,0.06985217732777593,0.09409656045617189,-0.06942547087170148,-0.0702739334021191,-0.09133073584716636,-0.023534738661265903,-0.07410165078030215,-0.06381888292133558,1.902389057181874,1.9029630044019947,1.8818524910271324,1.9172247281571289,1.8995912767908476,1.9055465834228411,0.09604758575027,0.09673146406334861,0.08922869527976665,0.11733234850390833,0.09407764372516449,0.1014797522616111,-0.02671346905849,-0.02567891647163522,-0.04712495531665321,-0.010163537599673148,-0.02909712131765878,-0.01906437668440196
214,102157952_2658211530641487553,1.118150066532199,1.114313759242517,1.1045705590067934,1.1369168636932805,1.0975697812646739,1.1479148474286496,0.020480376713267412,0.02059745642665383,-0.03141435543743724,0.08066599085474215,0.003646095805197027,0.03868802483867423,0.22602543448451465,0.22842619030720904,0.08562753244616805,0.27594856738171014,0.15505876915478883,0.24255189965220994,-0.08552334386682703,-0.09307258404658811,-0.20273909342405477,0.020097718745245793,-0.11568732987041773,-0.05408089576066372,-0.05023991783264715,-0.036078594028467734,-0.12304189347137467,0.03716143962968523,-0.05905394491698171,-0.01064214866730471,1.1242966471060534,1.1218677319584018,1.09830849241644,1.1529345184086386,1.1145176447655074,1.1325097892399398,-0.05317157244588,-0.0492197820875893,-0.09032189835888509,-0.00972669046498351,-0.061724894466341315,-0.03605940103906257,-0.02006759451227,-0.0269632345947096,-0.08403688782605512,0.03275886995228873,-0.04097766887205409,-0.007760871846528849
215,102157952_2658616879639330994,0.7935854203727848,0.7956599574721779,0.7930010706869115,0.8027814762097103,0.7876372111882332,0.8352294629974711,0.025528138881022414,0.02717076357792792,0.0026675820035339964,0.06213882668432394,0.021299065402230713,0.03752359919204407,0.03871368406892406,0.04125842432777082,0.015580976295146,0.07847970634168501,0.03470784751880354,0.052501345411876864,-0.15414972352787765,-0.16291799882599048,-0.2232102962233529,-0.08681757076365004,-0.18915761196831143,-0.14502930365945058,0.06937985544542574,0.07664287969828473,-0.0003080346015270116,0.18096021926816266,0.06158383607148565,0.11030876309707807,0.8065825095932658,0.8148079654388524,0.7977912069800379,0.8663073635874615,0.8077494772342249,0.8407869161295779,-0.00798029886505,-0.006177486557513165,-0.05705593803394695,0.047581995476030654,-0.013918625536834008,0.012613476545254935,-0.10875322041455,-0.11938709850712312,-0.16361920952078501,-0.09275472190750322,-0.13245719242459691,-0.1093970180430398
216,102157953_2668203348640973901,1.097364164441953,1.0953220169734712,1.0858936199843672,1.0999303860135385,1.0584219004347266,1.1162805074272122,-0.017338962843591425,-0.01709819087670713,-0.04456694997775027,0.010645889085545018,-0.028795198515786182,-0.007674175159320527,-0.10703315300275823,-0.1024207685157507,-0.13099745241098343,-0.05960336315292984,-0.11011637205000019,-0.08320200158435109,-0.07918200972535036,-0.07569031287024303,-0.17984446262176648,-0.004558414416219248,-0.09686777347951256,-0.05279422266171469,0.11987707742678247,0.10575098397774348,0.027680129477375387,0.15249366046779902,0.07758957588341865,0.1254751034894785,1.1122035413409777,1.106300288736768,1.078890428778818,1.144475423429971,1.0972094619733188,1.1140217157578869,0.02272847613005,0.01517956275987503,-0.03141458954912755,0.05288884192561281,0.003756562406029897,0.026383705549190423,-0.05275085114881,-0.05351630659821303,-0.10848792778909933,-0.01272144567847393,-0.0652384523379781,-0.041664274983933984
217,102157953_2668288172639391107,0.7339349389940975,0.7256415547281357,0.7147966125432501,0.7331935320096563,0.693658641099833,0.7458977121906973,0.02888620141090516,0.024910087979652093,-0.023565941076067447,0.06868077321524316,0.011589614624922277,0.03613548749303703,-0.01825790284752822,-0.013809500540139087,-0.0829855723224704,0.04134054443114659,-0.04397020686970579,0.0032175599643879875,-0.05414935816548616,-0.0031115977926226466,-0.16310580040311606,0.23647197641581388,-0.09326706509335118,0.1188629473530406,0.29710118494152865,0.27498874884787317,0.1446574929534143,0.3839086452729355,0.22782004377285475,0.3083950129155296,0.7815112236791794,0.7651428531616026,0.7141509603068079,0.8621848588467604,0.7421037788704351,0.792289581353637,0.17451956144124,0.15328922489847654,0.06969163956938162,0.22211581123241095,0.13436099867792461,0.17235821019268613,-0.04677099706163,-0.0215746920225483,-0.11525724087175533,0.12282250562885699,-0.07601929770667745,0.036650925584140626
218,102157953_2669397021640472384,2.0896409022944007,2.107754040913955,2.1003709419362258,2.1242023288693272,2.0879414104706986,2.135794334307259,-0.013629665352447518,-0.013159812173876115,-0.09426788139367467,0.051146510802817666,-0.033625197142564095,0.0035205870044403217,-0.02942879989557977,0.027816345200877,-0.03571724917903754,0.0861070513004696,0.002351904085472228,0.04996177657649181,0.0048639536220347265,0.023962636324157398,-0.02595773065902043,0.1046361166594457,0.006699349749170412,0.045096967116761984,0.03663701091285411,-0.020542945320495824,-0.10298452055368978,0.07564867955427926,-0.07060835791041534,0.022176809152562614,2.0820890113299773,2.1056408283769237,2.07857116311887,2.1444728284881545,2.0916627944265436,2.1300387597363883,0.05391184130928,0.02622093235259639,-0.020972195342154023,0.07477673427933923,-0.0038032627820019514,0.048921048060421746,-0.04451478516437,-0.03561088695630685,-0.06000756679433766,0.002857135217974411,-0.04342005278481096,-0.025031626636456302
219,102157953_2670994480641865653,1.5762374193565554,1.5762374193565554,1.546580457194817,1.5773608155624546,1.5101578354808434,1.5998912161103955,-0.23032368249074955,-0.2356955602145236,-0.34294796677871653,-0.1866963914250314,-0.2958283234675104,-0.2303189666680731,0.02725910512740609,0.027259175013831915,-0.07913336628924245,0.06105703113881979,-0.00036492160908936346,0.047744982464012854,0.24148449783337672,0.24148610435627615,0.16750550832691258,0.3650734131220701,0.22953259173140186,0.26493352112253127,0.1455231097928642,0.13465933024235086,-0.08329619116463262,0.17305020694436052,0.014914608886374456,0.14557018101863564,1.669095944341734,1.6660828398647782,1.6207856243512924,1.6788805205586244,1.6472318783866864,1.6690964296852384,0.07721787646656,0.06477215600892762,-0.10310833047406393,0.08391743332262809,-0.019542833596605382,0.07722388214441635,0.08395736701786,0.08853972833898491,0.04884159054914728,0.1879403207981156,0.08395738885426415,0.12134506189275561
220,102157954_2677725526640039676,1.188854562171055,1.1837483014308887,1.1688295003446094,1.197950352369996,1.1514695559326096,1.2265392110586626,0.016031756804636435,0.021334380719768887,-0.07433111623878694,0.12715226917659597,-0.011269617231258154,0.06255079313805084,0.15972875025579542,0.14552466220749927,0.044564781827036486,0.24160234513403106,0.11506764316466458,0.16808110114158398,-0.06864876180353141,-0.09720782480839632,-0.4220728520421157,0.06356418806882985,-0.1713128303101068,-0.03909220921688148,-0.2161767729726188,-0.18930401346110617,-0.35738430576027125,-0.021217695427590517,-0.2578577498214973,-0.13602895351069672,1.2177353929857029,1.2181998990873746,1.1554526655394863,1.3505026082212976,1.192795532244917,1.2507698665197842,-0.16803098533085,-0.15039089662260574,-0.23530399753540396,-0.06633007228357188,-0.1832522616813246,-0.12286287467446105,0.03342146322448,0.018246531735577425,-0.15519135777486817,0.08404503054790669,-0.02489041332639222,0.04604908662837989
221,102157955_2685490710638126805,0.9011884693641586,0.8913317966635581,0.8666351703464549,0.9066708631347741,0.8396095407904376,1.1482982246074298,0.04454086623231112,0.08406605575388107,0.037756363628276376,0.1560033969112787,0.0666463462445786,0.10829387334303187,-0.025186599348120075,-0.03648385034087557,-0.1280682119089051,0.04364974607237208,-0.06659813078177675,-0.008134823564569458,-0.5416944380342845,-0.46252809395959615,-0.5525748767993487,-0.14972249129664983,-0.5137046708971255,-0.37536534661225357,-0.05019484538966157,-0.043954178137483646,-0.1727860323822848,0.15347516454580046,-0.07583320827252364,0.01396031565666645,1.1401887413981224,1.053134559725593,0.8692845664521572,1.1620496820851969,0.9726928516641612,1.1084113963288527,-0.00899341071852,0.0007091842372705018,-0.2070729375848961,0.12096706955901308,-0.017803621503684655,0.02906543970006233,-0.15973514897007,-0.144931014023066,-0.20127788706595515,0.022053290446226437,-0.17164997395641576,-0.10504697420636509
222,102157955_2689800257639551890,0.5176113069886839,0.5190905047155495,0.5167240611064586,0.5199043723829583,0.5123743399142349,0.5241031385777858,-0.11239023064718132,-0.10787409263306227,-0.11532532372576759,-0.10045357353139871,-0.11114939996426806,-0.10524672146184574,0.1765627755277241,0.173264652785043,0.15388808935610343,0.21176686479747292,0.1707195994830405,0.17629030826355999,-0.08208435757038492,-0.07244095886529618,-0.13015703507482207,0.046216226165262636,-0.08063768009670187,-0.06367963268197832,0.31295400582198696,0.30056542580091966,0.2806167585885238,0.4143144600937852,0.2917886044633215,0.31170377548938866,0.5587189326636853,0.5562210837072528,0.5492388244769165,0.5815526834097328,0.5538780887363225,0.5590490559366434,0.10521724392561,0.10036827756431377,0.08920009059683197,0.16266940110703745,0.0957105423521972,0.10569068950701467,-0.05739294669715,-0.050275119445278904,-0.07779377103442017,0.018528585876963457,-0.05597672439049576,-0.043097249326870035
223,102157956_2695046853638479184,1.5409951812257308,1.4993882620909844,1.4628834696823427,1.5414846112191096,1.4019005473676927,1.6021405410837757,-0.04081578717252138,-0.0896660511187164,-0.20583412293766334,-0.023594952493030792,-0.12500319880710778,-0.06772662248546465,0.009109948907864266,-0.03671163854443809,-0.1173719889323085,0.03784051802667413,-0.06541264756457027,-0.007569113021979389,0.13491492085846954,0.05004231450133482,-0.1735506451000624,0.24641318956678834,-0.04060905269708453,0.13595855976838447,-0.09294231866732922,-0.04905342518944463,-0.22625837872132618,0.1767807996872041,-0.12102504466860302,0.04406255445886007,1.5643209070450483,1.5042806748061712,1.37936348575106,1.6253410430285116,1.4494082984652903,1.5561970675540207,0.01042079560336,0.062163643837606315,-0.04114739475361551,0.22152025567391653,0.005903233284483859,0.1223918072709999,0.02280278414728,-0.013291658088125758,-0.14504717705400072,0.12729070298471953,-0.06452474016481705,0.03346773293975191
224,102157956_2700546205640397835,0.6893717627714109,0.6299266856776762,0.5406928817793487,0.7059904487187565,0.44396710358030045,0.90556003386509,-0.030271299035894997,-0.02330095207541971,-0.13870576983956,0.10371823947863913,-0.06511325463585595,0.01953477972515383,0.012479545154321972,0.016657330453417832,-0.1261817437607467,0.15860981813036623,-0.030587563880372134,0.06551274616587173,-0.2858151104547004,-0.05712259022230598,-0.41196128114438485,0.4154953010682291,-0.20424612730560304,0.10181967649988151,0.14693654480969037,0.04768520159356134,-0.3640717591941089,0.3908933894578456,-0.10110518086822413,0.18697159892250959,0.7306577248919426,0.6347849720197478,0.36354319034532695,0.8773000409964263,0.5293056036758281,0.7266087041505215,-0.04269928095717,0.036026856902219954,-0.2976785976215524,0.29974386831058103,-0.11906722042168376,0.17067535797778474,-0.17938510718542,-0.15233333387600936,-0.29987802226959576,0.2169687521242449,-0.24961655060634633,-0.020804084196019288
225,102157957_2711813162637737494,4.299369149582717,4.3089358741417065,4.183598250272827,4.426237132083896,4.042890520655997,4.530408542605878,-0.04142439974658878,-0.03738301813794212,-0.05827395163714534,-0.013946528091293337,-0.04364836935580692,-0.032294870939714476,0.11086658971493762,0.1137185346291949,0.09696254044302156,0.1379186401675504,0.10918923988574238,0.11875338878648534,0.0011752246556056556,-0.0016982188952601317,-0.015522972447522801,0.008760853087494563,-0.00608874907930704,0.002071744397283031,-0.032763085176453544,-0.030228097124295195,-0.04101369220218083,-0.019771817340925032,-0.032769068898973165,-0.02652269845206704,3.4986812932313516,3.4987220002598822,3.4873096078683368,3.5114195884602886,3.4939467711499472,3.503627925306137,-0.29999217376789,-0.2974663924900816,-0.2999907761534568,-0.291534830125133,-0.29933745718075055,-0.2947082753957217,-0.29123243872063,-0.29443715480518945,-0.299974108986964,-0.2870678773807374,-0.29760909145424763,-0.2910398009788779
226,102157958_2719195933641972975,0.8529690739523998,0.8533062956824582,0.8457111102024948,0.8547324160842478,0.8412777207138175,0.8579693672119425,0.05520281333636414,0.053936127746394336,0.027852505356980525,0.06506256744946069,0.04227179071750008,0.05619035872860714,-0.011090529314937293,-0.018805567274424433,-0.03842271361061866,0.008350579583113825,-0.024558628646100977,-0.013472768227158052,-0.24883287020642064,-0.27184190594083346,-0.4196486152571343,-0.24188657374722225,-0.2880610900011652,-0.25810679716304136,-0.1299735491113205,-0.1386856653263275,-0.1760767556878179,-0.0730793119783151,-0.1473664426775312,-0.12990477820028928,0.9023018351634835,0.910978214326513,0.8922651416638172,1.0089911387671753,0.9036370106986031,0.9175227449144824,-0.0300012640513,-0.031749047812916376,-0.04759749155654993,0.013659495223963366,-0.037345250521040374,-0.02432838087558969,-0.07802074075136,-0.08662894868798088,-0.16121092653253563,-0.07301395762877644,-0.0987850452471406,-0.0811108897914442
227,102157958_2727137773639721420,0.7828058442293642,0.7818656571106084,0.7802107713399486,0.7833998034774642,0.7776664508969311,0.8111778480292698,0.011304234890585307,0.015249817857361533,-0.01459837598656893,0.03653279825095346,0.006228970994095166,0.02091720754280684,-0.017322622369323616,-0.012061876568258162,-0.04071868312797173,0.01251861985549414,-0.015273737870192644,-0.005957750476003786,0.07397369482553837,0.08938328996139917,0.0495260985455659,0.14520997490088158,0.07967809094085056,0.11254169772803577,0.014499393512020661,0.014743323454605101,-0.002127825215388359,0.09953166915737083,0.006756243854295344,0.03384586563581655,0.7828918361249839,0.7834875679025121,0.7782947992683281,0.8212143102636825,0.7819898489100414,0.7855457793722742,-0.0330564144725,-0.03247870730971829,-0.041361924812245494,0.03008449239832976,-0.03638918781684273,-0.026323069845862756,0.07326216820579,0.08056674359129301,0.05407972473899306,0.12062881469072112,0.07550631107183561,0.09194528542872789
228,102158270_2654337786643538414,0.8379375916457436,0.8336520049046667,0.818696994346888,0.8465388371673882,0.7985495183561416,0.8533431477522723,-0.366192427790089,-0.3606817393753802,-0.39594146565601773,-0.3183054653055597,-0.37185072632225075,-0.3519363345705639,0.00869931921909034,-0.0038280465459879995,-0.052502339534754305,0.02910908924780653,-0.01984950214145809,0.0098059660954791,-0.06627945756939478,-0.04534305634343394,-0.12251709484203764,0.09010655968800849,-0.07346209352886937,-0.006779677452703269,0.1707622070034191,0.1578312156694646,-0.012171781472251238,0.28692539698265057,0.10380489678399399,0.21188202810796997,0.7662956893445718,0.7576856240757867,0.6985476270456035,0.8209355184304087,0.7299969777555294,0.784666692043601,-0.23315206455692,-0.23844202180627458,-0.29974324172411704,-0.16947875708520665,-0.27262244638466143,-0.20512895795235692,-0.0069852156185,0.013992177692725158,-0.034343262558117184,0.13165328647323885,-0.006349302056911523,0.04544023322434089
229,102158270_2656382386643695481,0.49420131319390503,0.5048007577556093,0.4948184880957545,0.5127576827044833,0.4924425133504417,0.5210648608382838,0.03436883236641642,0.0393762873320381,-0.001570223430860304,0.08035094638346403,0.029019053459596097,0.053126995711886914,-0.042984072480840935,-0.011304604824035468,-0.10021868159087242,0.04751902732726015,-0.03287368400598933,0.005348502312068528,-0.0008560197585338117,-0.05807598328196178,-0.21136342541715442,0.1685380461365082,-0.14848838949213103,-0.00807873006339594,0.18033729772418183,0.19878888963801633,0.01846541832735198,0.34268386574338067,0.15579826440377184,0.27009651555777026,0.5057359622042823,0.5267784170456188,0.49970878860153206,0.549056483635752,0.509414830130969,0.535312494565897,0.05255827328309,0.06343540157872309,0.014422694702042112,0.1625368953497341,0.0411483689549576,0.10271777646251362,-0.0182170944425,-0.07509973467182171,-0.1501147013522064,0.06669920971132551,-0.11959513535264724,-0.0317092021865317
230,102158270_2656815066646473630,0.7696258390849946,0.7728001920981845,0.7662153634687486,0.7846734977257811,0.7621812465596612,0.7885344384539292,0.0900794785101283,0.08829312504886522,0.07125713912697125,0.10250168992287359,0.08309532917535925,0.09340399526392476,0.028712007806882673,0.02256741443633129,-0.0038770785509109618,0.058187136612558144,0.011988100969389575,0.03453680479804523,-0.04130938437633505,-0.027373364057504852,-0.08122078337509953,0.07436297970264209,-0.048270724875915064,0.011930336271695045,0.3831542860472815,0.37242778135892013,0.291879787780103,0.4084945041231872,0.35995723034306204,0.38071292395705036,0.8278519838071294,0.8271695490879015,0.7965562985544773,0.855687538384888,0.8154783967584224,0.8398551729597029,0.08980531747603,0.08864121600914386,0.05845362576846689,0.10621143718481858,0.0799223321361696,0.09840852902435165,0.14600892752363,0.15295151772700563,0.11962337407282499,0.19151172493015073,0.14391504092525662,0.16893706395872377
231,102158270_2662527621645054682,1.3615541197951624,1.373098326478818,1.3571815036540797,1.3933550057000417,1.3330234749399459,1.4049355308668863,0.056465012702800334,0.0813116564722131,-0.008040778648302436,0.1456098015526435,0.048055990508997,0.102232509222437,0.32567774505842007,0.32003416743371543,0.2516982273196069,0.3801741659952978,0.2946446584640176,0.3401971553436191,0.2386532765204454,0.22022711691277386,0.06676477327812816,0.3045385739462509,0.10455478925319689,0.25711121566762807,0.159779306386269,0.131803895757086,0.06094656064082972,0.20820624143424055,0.08503553231078274,0.1760445767140082,1.4272424119179838,1.4212965897259093,1.3572767422208298,1.4702745479450372,1.3868826204337656,1.438646643580078,0.13979431736651,0.12160104410586471,0.06654871359788651,0.17932225821338957,0.09075989594261606,0.15181570017723492,0.16404097501095,0.16020757577970188,0.053988736140540644,0.21745647931619536,0.07900063077705521,0.18164203343328586
232,102158271_2672343829643151429,0.6138376862325776,0.6089187902327199,0.5993669492270753,0.6194858791051177,0.5772465536359329,0.6441379604956372,-0.10726474431022065,-0.11820459690788426,-0.203574803056411,-0.07015187934370405,-0.13842041899573884,-0.10252930600446215,0.08980043182029399,0.08790835805174384,0.01867613686972273,0.15240560515712934,0.07081373779378461,0.10430951760798991,0.027534800527628314,0.07819334508629458,-0.14396586004398434,0.35224070020518494,0.003790209190489817,0.16338604345136615,0.301135839420558,0.26219943970202914,0.05326024785656444,0.45962272656393216,0.17473499433082898,0.32846933683428453,0.6524722202777347,0.6421226553717131,0.5710783247827655,0.7797302071334836,0.6149963238120053,0.6731199257006709,0.0861614977829,0.07873350081564627,-0.029185041411719473,0.20200215436831412,0.03604847063187516,0.1099600542264266,-0.04940130236526,-0.03372945810950233,-0.16155245836985202,0.10445906040687514,-0.06810363241578833,0.005406588394439971
233,102158272_2678087036644598709,0.5018177749959396,0.49988013767870965,0.4976718754695217,0.5015211994179823,0.4843074534793901,0.5053249720965128,-0.02782332100646001,-0.02329646883565026,-0.04198996762995019,0.0038206222817403464,-0.026513259165353194,-0.016903079216134292,0.09842555466960294,0.09732837094528116,0.07684256547508478,0.13252017751793085,0.0928382584411501,0.10873660357714897,0.09655732199340702,0.09130536357469238,-0.01125320875191723,0.2285378699720738,0.07504947684940658,0.10299076312104742,-0.03419405765693253,-0.034907101896655794,-0.11578701059169623,0.16224465428018267,-0.06231907943955593,-0.017626736104751174,0.4998491111891524,0.4982146349342065,0.47573420560012963,0.5075786028879735,0.4952077819480329,0.5003971958576494,-0.09537971616118,-0.09069784162759818,-0.1311676444963618,0.024312802356815946,-0.10329802821896479,-0.07729287402872294,0.09478033828353,0.09375363865561308,0.05171807096413038,0.11556671710308598,0.08754242248424664,0.09864718011814957
234,102158272_2683555203642954376,1.8071278915884021,1.8052911831945253,1.800880101509156,1.8090217857254305,1.7954123753479168,1.8118782892636964,-0.18167026944385437,-0.18706371127486082,-0.2123623520189579,-0.14700230530056507,-0.1961847130888559,-0.17518469107217163,0.05363215448107216,0.03511881205837049,-0.02753473074714512,0.0843991994140786,0.01934405945523248,0.057018156664592,-0.23406385135637808,-0.22292105642008045,-0.2542100234785603,-0.1532330592956973,-0.2329447660782694,-0.20959882576186273,-0.14827028174456097,-0.15183260377348082,-0.18582046564036436,-0.015400364022510472,-0.16288942367201403,-0.14302358267299667,1.8939998297191656,1.8863845317176735,1.8133167191715693,1.917556268517693,1.8763786745805058,1.8950067621583475,-0.14166612704777,-0.14562976394619437,-0.16387155087033506,-0.09601554981764117,-0.15136599562116515,-0.14052717542042006,-0.07557581018827,-0.06877270731126489,-0.08813727759632797,-0.03993285195670242,-0.07428786255424179,-0.06229789883922449
235,102158272_2685730342643470690,0.7728681892162972,0.7628440082526002,0.7512186170609063,0.770699439133953,0.7136780416336272,0.7820846956757492,0.09779557598555219,0.06141746382991684,-0.005263415298635753,0.1669571116216353,0.034093441574035134,0.09241537393188337,0.006039972677817111,-0.00782130951935792,-0.0765672614175703,0.03557316642385978,-0.02771107342846231,0.007614160347958378,-0.11564204350372835,-0.09225739078539845,-0.22610753273277318,0.0727732399901796,-0.13241341040240892,-0.05668954041040273,-0.08815496631183772,-0.054404396398723846,-0.24956437097427203,0.06772958765255054,-0.11360316121532492,-0.0072084783834467595,0.7811463156681291,0.7646441669499567,0.7083939422227695,0.8268571454235961,0.7528762211527985,0.7773003541010824,0.01118927815419,0.024991919791540484,-0.09913766824929354,0.10196710608399474,-0.011296291727078784,0.05069495939438295,-0.00735452236401,-0.004771004166911427,-0.09828554128100213,0.07585670348615596,-0.036944866130442,0.016075732197509317
236,102158273_2697192667642722765,0.5809173265769566,0.580816387865531,0.5802121302343055,0.5819295183922584,0.5795719922578354,0.5960905086455467,-0.011178167870498506,-0.008919185823301392,-0.018866328978541777,0.010030748404434566,-0.010352227167392132,-0.007501061285026556,0.04053628431504231,0.04215959516072279,-0.014314022225346763,0.04608548338468819,0.03989570071996098,0.04391304542703034,0.19872021165845202,0.18319626578232695,-0.037333030475179683,0.2054515693577682,0.17528641902655598,0.19085108364414313,0.08219520990952672,0.07225829981426177,0.043523046429910464,0.1745382824378428,0.06649707009118955,0.07919737146600482,0.581731135068022,0.5787783498284781,0.5658402143964922,0.598793716308852,0.5773827554923059,0.5802319830462932,0.1815646514261,0.17716910863794658,0.14001920601242984,0.20549667230707422,0.1736929107575715,0.18017574279985524,0.02023711022004,0.012596489456034652,-0.09132044509965302,0.03892120684296231,0.009398869205338308,0.01602723431725608
237,102158274_2704723597642696271,0.8204926383937582,0.8492870732010682,0.8248921965419367,0.8603761637455812,0.79056624354871,0.8827889934259144,0.0009033474918403832,0.0012708791591361079,-0.062139939491646284,0.08211080245045885,-0.019440188394643978,0.022504138185551914,-0.03062720501387985,0.04361270404598357,-0.059675746805570175,0.14654087950009567,0.007674315565982384,0.07146251091593904,0.06036730204321756,-0.032390569907507445,-0.2702562546610391,0.17912927481448798,-0.1258756739408836,0.060898559884296155,-0.011247545995160096,0.050457127914777855,-0.11339109536486104,0.24077225113221756,-0.014409155482474612,0.11418716849641614,0.8156162940858769,0.8448831095120758,0.7825465470062813,0.9298529477893616,0.8196513753962985,0.8697677303627392,-0.07930035272234,-0.04970340121755433,-0.15757302448794266,0.0625426505513543,-0.08338707870452206,-0.013297118456741525,0.06314136663452,-0.0014573667879559783,-0.14355844401000312,0.13659153947813227,-0.06589226972140756,0.05999683665970813
238,102158274_2706060111645234144,0.4852538720351918,0.4834124859051223,0.48021047199277833,0.488924995809751,0.47542027980804125,0.49339136660817495,0.04103350317473249,0.04575435171176465,0.018849266325721103,0.07224175010309805,0.03765022741461623,0.053685878259458295,0.0682024596093023,0.06878013435177456,0.045911532174000486,0.09640399494869968,0.06037500293041963,0.07785545302203369,-0.0907024681846118,-0.07329220638174738,-0.2090599529852486,0.07212928034289613,-0.11952586439424454,-0.022464328536832827,-0.23795289278925721,-0.23130367197873536,-0.3139708079081489,-0.14263598667189578,-0.25668217789501757,-0.2026702168340211,0.508757721821028,0.5062335076769109,0.48317335881270473,0.5288660704235048,0.49904654086617506,0.5132275794527488,-0.08424581595113,-0.07435895082381659,-0.12099782738016471,-0.01371269774583076,-0.0860887439959583,-0.05945779416049201,-0.02390635039821,-0.011040366834875841,-0.07463721646924003,0.0702125057446149,-0.036715632610073747,0.01638798262204549
239,102158275_2709777393645726835,1.0700375687113695,1.0653077894524678,1.0577567521376923,1.0725069667290599,1.0510908462227648,1.0746996383765919,0.02543443031554253,0.022163884110316216,-0.006248074495274808,0.04371053535021432,0.013068702406646425,0.027966696435891513,-0.009960120557861215,-0.006961620372922306,-0.02075452710560795,0.022960338306737955,-0.010785091138382222,-0.0024093816957472206,-0.02965903326820503,-0.0326907653489861,-0.07611286739090266,-0.005792139696535962,-0.04250433706044693,-0.02848567024938875,-0.056829422296455476,-0.0570950179881363,-0.0908320523799258,5.0663771985741336e-05,-0.06676204932137422,-0.048414187258170975,1.0609213161264572,1.0583107640203446,1.0377585437684915,1.0685719284235604,1.0496463295187224,1.0621066989042305,-0.11429188755634,-0.11542804755989015,-0.1349143187492661,-0.0791191733022566,-0.12033584464246153,-0.11085075273567153,0.01785513977353,0.015417411165887778,-0.005961958259131113,0.03424382593357773,0.009320696572267155,0.019010204088295575
240,102158275_2713231622643632503,0.6119757036486531,0.6067716157842971,0.5933320522277666,0.6186991422569571,0.554010429295792,0.6658729484309222,-0.07903020033656559,-0.08024096053147803,-0.1658887616571041,-0.0021432885424310724,-0.09805416175206787,-0.062395546305055255,-0.034842744678575156,-0.045962163549750884,-0.09882292764013395,-0.00696185104263269,-0.06382086071570905,-0.033130981833681475,-0.12203184402942445,-0.10678415257960029,-0.3595084912789425,0.09257371709737519,-0.1809322214696505,-0.056327975369755486,-0.033065436664942716,0.02650891969615034,-0.0921279509724853,0.3750561601765747,-0.02552445617812581,0.11744678728482195,0.6150436781608323,0.6121205950841512,0.5164573629585576,0.7323383006970993,0.5969186937810856,0.6327858626911174,-0.0658147264424,-0.048322516701369875,-0.1672497335224579,0.11138462581331844,-0.0740756598716253,-0.004841339047028755,0.00403997500896,0.011506004388690138,-0.1644294715180388,0.11547089921199552,-0.03234632766240453,0.03753729556020398
241,102158276_2727435595645547639,0.8378226888105397,0.8304612391306534,0.8206862641659819,0.8445256791669318,0.8115529811898409,0.8690945646836038,-0.09065510228449446,-0.08661050270985828,-0.1182059883157674,-0.06444515496417985,-0.09600983950231919,-0.07730358296612463,-0.042759753989840804,-0.02332090821747038,-0.10523000028362736,0.050032337318961576,-0.04993921183955416,0.003681937732499325,0.09669556388330043,0.09597332017917128,-0.11619938884104845,0.18138530803968936,0.06958869679661268,0.12029006493351017,0.3453128953593292,0.3284439818741696,0.0344193257940977,0.4021937060759348,0.28672039872208394,0.35412911452559404,0.9038317996782053,0.8931680727161277,0.802103361420122,0.9285331311230891,0.8765606832153627,0.9071895388236619,0.03004677722608,0.03007618426058755,-0.09639391379982563,0.08715797388593835,0.012527653169242384,0.0453685680324715,-0.01997907095806,-0.014448105858121322,-0.0872636591928892,0.04953898461623873,-0.02610922358752965,-0.0021847859391225044
242,102158276_2727570223645896962,0.9878482701863326,0.9990490765534339,0.9876528801064235,1.0040314622643611,0.9813301462982993,1.029825719407198,-0.10634060426252939,-0.12272998976270269,-0.1688076912877168,-0.09748986287001177,-0.1373663158029174,-0.10925801598773581,-0.05706011690338522,-0.04995230768384379,-0.08631193361606966,-0.011832490204670228,-0.0576763700159759,-0.035878955800026105,0.17801429936747076,0.186437150192883,0.061236680342374374,0.27595953017087993,0.13576016340893904,0.22183605333039155,-0.10781957517231243,-0.0946206228159871,-0.20511315955030196,-0.038632348567261415,-0.12557368099766447,-0.07158688024030653,1.019062088231863,1.028041954657367,1.0025186141507714,1.0663602946552488,1.0164423306962576,1.044810104079718,-0.03935560951502,-0.02530828707150463,-0.09860338613369604,0.007963595384375053,-0.04513088072829019,-0.01120165989638433,0.06359966580293,0.06260684338650707,-0.01314046564070501,0.11763324974688193,0.032800816499020065,0.08326797213903736
243,102158277_2733524648645511387,0.5374602583637108,0.5383563701249666,0.534984997215158,0.5407108101013826,0.5304028663753667,0.5472271183470208,-0.07602233290767393,-0.07420992122311894,-0.0918836193974103,-0.03157596987116469,-0.07939190728784588,-0.06602072873296308,0.12136708252900982,0.10838189651879825,0.04510558690821147,0.15078726153217803,0.09307293678062345,0.11915650979822447,0.007898883972822152,-0.004571798859870942,-0.07601623688432844,0.033102697203426616,-0.02447867948770382,0.009304668790954334,0.2698057819362036,0.2616282307085912,0.17463959479128618,0.30355269508549493,0.2417444508695492,0.2786322695621008,0.5640746329605232,0.5637676221774905,0.5440092191511732,0.5817458039206279,0.5600881881483213,0.5683418801243748,0.16935465943506,0.1641666313594656,0.10270537326379421,0.18765778589153434,0.14982034310218942,0.17500606419742867,-0.02058521149057,-0.023410623334104604,-0.06466010892046438,0.008540680606447427,-0.034253898667230935,-0.013274914382091465
244,102158277_2738945549646397299,1.1760366098672577,1.172912655037761,1.1665436266552256,1.1774316555688524,1.1497022122484415,1.1890632215844128,-0.0904364644146259,-0.09332460477770654,-0.13014314293732104,-0.06628564726750547,-0.09942225510785574,-0.086043224506678,0.0290097720260218,0.027727826403457483,-0.006646015651697152,0.0749321013013417,0.019765606475769366,0.03815503658620351,0.09047986721415047,0.08458895418555135,0.0370911308741953,0.17576899465243004,0.06932143315357239,0.09814089767563287,0.2984508298148032,0.3008581215088223,0.23750344723432074,0.36926100892990255,0.2797872240364152,0.3218400852070126,1.2595474265485194,1.255099717131728,1.2015540682844033,1.3279468581070035,1.2380942826622718,1.2729228960205967,0.08727465070911,0.08449153364872214,0.04705343379102142,0.12747708579004088,0.072414744321278,0.09673772694298298,0.06982691030772,0.06472613647674828,0.03543081020733196,0.11549490837502886,0.056164480807898515,0.07267975315018535
245,102158582_2655753387652324244,0.7118613123130692,0.710610296989981,0.7036439353536795,0.7159135942605471,0.6983171099078291,0.7188422839351306,0.06663143165631995,0.07098191630679451,0.04263633675102286,0.09974095644553219,0.06247405366490405,0.08055891591748127,0.11253541048806548,0.11289326133150765,0.08360610513885662,0.1409924114300148,0.10436251789955035,0.1220583819288616,-0.1051102731578159,-0.11629164520581586,-0.20407756966881965,0.020949243629229904,-0.14994655815060026,-0.0907776642159113,-0.19533996074988402,-0.20269331118711856,-0.24634272906342078,-0.13730165969227107,-0.21929069279080432,-0.18504012978136797,0.6949157382712418,0.697603541846307,0.6681751537846227,0.7265609182920229,0.6900989831218574,0.7042213687984892,-0.28907011418893,-0.291201164303968,-0.29998353629808444,-0.2581615647230949,-0.2975379770839767,-0.28403628405256287,-0.01229266033172,-0.02003265056186567,-0.06964672534150379,0.05269923882577317,-0.035027259179458675,-0.010447726539349854
246,102158584_2687900321650859511,0.799831390947362,0.7961203396493749,0.7954306233001156,0.8001463297222304,0.7947700557942454,0.8009534381996278,0.0550143137237368,0.05546237694806754,0.051113373696762374,0.06076622541497604,0.05413726055307341,0.05625018122583712,0.041671633965899804,0.04193700170763848,0.039354252333429915,0.04847497920641793,0.04099688947580877,0.04412990841532732,-0.09925026978567165,-0.07834070789577097,-0.11238370846561137,-0.04394387149441174,-0.10269296440891901,-0.07145294618188695,-0.09495529595355674,-0.09218221457537552,-0.10392103002217133,-0.06291175553668066,-0.09882699392994486,-0.08305417844668234,0.8099781626725803,0.8034750748083702,0.7992297309312372,0.8126107271578956,0.8018314809491304,0.8110784324320898,-0.00980581423557,-0.008928616070951977,-0.013585398920192348,0.004373782872702745,-0.011155635673685783,-0.005424247991687072,-0.02957843345701,-0.0179548641376995,-0.03746964251930474,-0.000621500708032828,-0.030708951510667975,-0.014328460186801539
247,102158584_2688054361648826754,0.5760980928408198,0.5764039688649296,0.5757349525469737,0.5776413724725964,0.5750572534834861,0.5787817945409047,0.0795345618409283,0.08227550304642041,0.07724147762785435,0.08709435627835176,0.07921660920283363,0.08396580947104221,0.015129734693872552,0.010973802651858149,0.00230376788578747,0.01816174505993572,0.007638685146128444,0.014603965772797127,-0.04224054694975813,-0.05656106230249189,-0.06944214164884947,-0.039625769271113054,-0.06169355170455155,-0.04591688503206842,0.26863081293144475,0.3005534173111351,0.26245405294066615,0.33398365899523236,0.27336775387589446,0.3141788220265168,0.5949546669956421,0.6044270542692824,0.5926770373036114,0.6168855945410041,0.5961566817894847,0.6092540969993995,-0.01170456102863,0.0019114485011392582,-0.013908800534216259,0.015274029986880275,-0.008829979348638224,0.007264644541625587,0.03719152420237,0.029885910861365963,0.02399832720728292,0.03888731564984281,0.026966399336767415,0.03589338279151922
248,102158584_2688149271647967093,0.8283705088307272,0.8269667808022546,0.8231178494320356,0.8298291458781317,0.8118630153629538,0.8375468665944229,-0.07566559173799284,-0.0775148448056691,-0.13425058614479543,-0.054310107894159146,-0.08961513174053823,-0.06945801493785657,-0.025404761227427124,-0.020323710357463984,-0.08259916510415462,0.03261486948134526,-0.03755267349099515,0.017123499167919397,0.22429728327827408,0.19806737550508136,0.03262565656096518,0.24100820115938562,0.08507071802476328,0.22820751019747387,0.07774339639141746,0.08864027715877844,0.03979487891008486,0.14547506409893393,0.0740299278374269,0.10447572749572452,0.8524335889941077,0.8446537539896799,0.8128431369051351,0.8584574153155905,0.8259056701941212,0.8539465234027194,0.05635750692581,0.059638339548854336,0.03161223203517089,0.10474140574864808,0.053964045906093584,0.07168275752843954,-0.00490322371189,-0.011732894987410083,-0.10441281811005211,0.02870655103885997,-0.06988196643490438,-0.0016745412218697883
249,102158585_2690666515648268601,0.8236611388131547,0.8238807674887423,0.8119900659494497,0.8311753451502619,0.7912421105354561,0.8493601212551659,0.004142779790425141,0.0033241144723748324,-0.03614693949520329,0.03883698113402018,-0.006863744573781224,0.013753639807456428,0.11839745748534974,0.10879643309206906,0.020434756136299668,0.1835877841629406,0.0873198381299014,0.13052918484197132,0.40467599476820193,0.3854410706621417,0.305618802897919,0.4316620811322584,0.3580532789190992,0.40264332703974864,0.48066629100046887,0.4305170041152384,0.28748278633328034,0.5077592434619149,0.3865159800908476,0.4662320645868036,1.160193675420508,1.0864847425481725,0.940371828067704,1.1950372755962029,1.0232702117763859,1.1308493616443156,0.20894113802201,0.17258378279595948,0.07626742822112367,0.2329091667091845,0.14462353913636294,0.1970065333410421,0.22841711384459,0.20992344809307303,0.13731872310147397,0.24804316144093885,0.18958332970406366,0.22588594442975024
250,102158586_2707908112649845702,,,,,,,,,,,,,,,,,,,,,,,,,,,,,,,,,,,,,,,,,,,,,,,,
251,102158586_2710834800648486342,0.5850585969005982,0.58747517510114,0.5777065855190779,0.5930202154710431,0.5721830441859558,0.5979713133723189,-0.04804724484151421,-0.05836570967632589,-0.10268645079893246,-0.02859938407539922,-0.07498869159261669,-0.046791411131221025,0.011661284214110241,0.007273087009281208,-0.023165827335499718,0.027032919051699036,0.0004721163083770495,0.015748968799588075,0.13355004073481122,0.14199878886940007,0.06894065386010283,0.19654161361856437,0.11906628795489926,0.1618756324403132,-0.10370388871852913,-0.11723481282900045,-0.22605492378853168,-0.041177543885959435,-0.1567068678720449,-0.08341154341892087,0.5965863732878154,0.6004437570084743,0.5721657635033249,0.6229420849495435,0.5899210525877704,0.6114845762131379,-0.00787561539287,-0.01178476797136605,-0.06709679225261936,0.0357839098844938,-0.03161947326496594,0.004542339513040153,0.05313010046702,0.06345847301466112,0.011645656654326375,0.11010843482707926,0.04055065137818915,0.0848586057672343
252,102158589_2738592709648339236,1.0929229333859085,1.0924971725698605,1.0853417468498177,1.1014886646466888,1.0769907335031008,1.1113586936541062,0.08095748433867232,0.08774186764216148,0.04365910921006229,0.13230785844034615,0.07079905327626863,0.10107556967775022,0.1221402048608813,0.07826427717640448,0.03655025254785433,0.14488533743354057,0.06255347146963161,0.10186993346087589,-0.046914188990902876,-0.05187824436871104,-0.17763904109139522,0.07663098624257461,-0.08573009366609156,-0.018860625836345558,0.1422580512360364,0.061741096033795,-0.09173677698715611,0.16752216111520776,0.01564777454874665,0.10277312585798198,1.0977303167552257,1.09033122810723,1.0642244103188447,1.1215883934977302,1.0808320922518384,1.09893644925407,0.15298593315511,0.11792153711737306,0.05514925655125268,0.16309863271710476,0.09741567193432724,0.13721319016797118,-0.02001541238905,-0.017327013888075157,-0.0977903057285093,0.05804091462449039,-0.03767485680954466,0.0030002843642957114
253,102158589_2744607815651760624,,,,,,,,,,,,,,,,,,,,,,,,,,,,,,,,,,,,,,,,,,,,,,,,
254,102158590_2749972211650622428,0.6530451878948914,0.6517840688731587,0.6397340309688906,0.6599555014859253,0.6258818687952533,0.6668008678380328,-0.0014201645845801896,-0.0012244147391796644,-0.0559382933940926,0.045619235128475294,-0.013298766695384722,0.017542950256530333,-0.17973914980460168,-0.17844074065025464,-0.21477982064799872,-0.12407962325144647,-0.1870465142141373,-0.16397561064946875,-0.13950175418640745,-0.1924984897511553,-0.4262545032852721,-0.0726818566316854,-0.24587291828539157,-0.14300794270580536,-0.10807695721881924,-0.0338198973661206,-0.20773436837974718,0.11791818543454083,-0.0900823116794411,0.02221766078266647,0.6661265336604323,0.6667913182338479,0.6369076593057548,0.7212511856951401,0.6570277060764919,0.6889554578885401,-0.09058831941811,-0.05173278627555534,-0.12218591688347649,0.03574855864252726,-0.08306261084266969,-0.022491929760698394,-0.04917824497985,-0.06914665499379412,-0.20076703930723067,-0.015544883814850512,-0.10694516431973958,-0.046393268756807333
255,102158886_2639435536653600933,0.49175820299641887,0.49333931651770196,0.48870385428760843,0.4975554339990129,0.4831754669289139,0.5107238406966986,0.03903200458069681,0.04417219498189122,0.026455750003389174,0.07761803773298073,0.03816736264318696,0.0539053324263061,0.03888236030956568,0.036820695480841055,0.01703613480893716,0.052145559003624234,0.027363955133498364,0.04281040921508759,-0.09155274898706932,-0.10790510483821573,-0.1572528236912066,-0.06662023654885484,-0.12518050523378035,-0.09017825617529567,0.003287488315228959,-0.007759230437898898,-0.07266401876031021,0.035956926106990174,-0.027858300130146636,0.004187682977858602,0.4833590296038673,0.48434191362934553,0.4699186301879675,0.5061868887803666,0.48046413281709793,0.4894963172292496,0.05613022117861,0.05115170921643848,0.016947298905585412,0.07317630938468558,0.040065127357011385,0.056737075366743585,0.09145374439508,0.09007092395147419,0.06649157367353864,0.12184790426171199,0.0799078453569627,0.10384153609876663
256,102158886_2641867744653343162,1.0746623370581085,1.0896152459484443,1.0791042630148004,1.0984887430728807,1.0718800253465852,1.1239055699371647,-0.3057457454333383,-0.29087339551678654,-0.34698836764656893,-0.1908981083527302,-0.3091578066895872,-0.2630858915252373,-0.06357199005281836,-0.05601535986109781,-0.07815218341816416,-0.004831817045782923,-0.06597584635027529,-0.04205841172534183,0.12306378289241401,0.1338552814250208,0.07873579798897845,0.29298357014746446,0.10902603561211019,0.17485991567581743,-0.139915983125049,-0.13003903696323207,-0.1967931740068399,0.010579634209777663,-0.15219676590485226,-0.10589549854656455,1.091338414382457,1.105935961351973,1.081963737970503,1.1759115179367534,1.0961873595449874,1.1219598025996875,0.03003076434735,0.04353552910743122,0.0032599356977960907,0.13332301739277058,0.029911891950941585,0.06121921026737213,0.03751913515967,0.04482692162085179,0.0073242731163531095,0.12411624406448406,0.034537733240592595,0.0609066993285976
257,102158887_2646461630654930628,1.4518853476786449,1.4482346160975474,1.434046203450227,1.4564327585315722,1.4225446871344913,1.4651748939469589,0.030852504534043413,0.03293819663837858,-0.02477224475841522,0.10418517592447395,0.014424191198908356,0.05389314170199994,-0.03272251501746546,-0.02183633195327812,-0.07385130454427909,0.055251678577062265,-0.039300996867351494,-0.001851934583593176,-0.08434021733372331,-0.07962775264506579,-0.1505436004191654,-0.005451323963947115,-0.10023926778029502,-0.05721170582170274,-0.05028219023171591,-0.05636385895180676,-0.14217126428887428,0.007413702589974024,-0.08037469978660913,-0.03470993558328436,1.4611857944780438,1.457964326864742,1.4238947780482991,1.4907560546430474,1.4472931767816772,1.4660692249205942,-0.01117230477825,-0.01187343850410375,-0.05469674189901932,0.028295517512565958,-0.024838276286497218,8.608576130925687e-05,-0.05206120691165,-0.04913726696731338,-0.09535607041821967,0.008121024161432976,-0.06300230293581167,-0.03177674952656835
258,102158887_2654129070655512593,0.8941106353275975,0.8984476064951045,0.888398357897856,0.9073485328728503,0.8658909437964752,0.915095605163285,-0.2651571290695894,-0.27650968864032455,-0.3623969726822291,-0.22821553280985143,-0.29850890878088876,-0.26003279596695,0.05102221680446402,0.05431323552546342,0.014274583901425055,0.1032655222022226,0.04495174324603205,0.07287407773036815,0.293736584467431,0.31618843820797965,0.17305751108627712,0.4176589355881592,0.26839416140079625,0.3503201816785465,-0.1147731264086505,-0.09256754453670973,-0.207640589418775,0.06367695814365225,-0.12825325326186154,-0.04914499724372777,0.9560782240318202,0.9697187820762841,0.8838039895704392,1.0318174622325966,0.9373720114551003,0.9934854780099796,-0.10399957976378,-0.09402268319433812,-0.16204341592573232,-0.027254363449903316,-0.1135720929433188,-0.07438432209934852,0.07823307789363,0.08404627639730457,-0.0008249785423090226,0.12850528143867218,0.04330781923344221,0.10387727578090476
259,102158887_2655306065654633189,0.6068575598432309,0.6068315083567049,0.6066352315448905,0.6071778063949461,0.6063458687581936,0.6076159307579737,-0.22302958723505925,-0.22179169844319535,-0.2251417822079092,-0.21466853121302895,-0.22314074416561597,-0.21933762011343214,0.06301084633780366,0.06512132752545767,0.06169452500692905,0.0731082976612554,0.06348254700900273,0.06797987417259717,-0.21319998477483068,-0.21092289685214766,-0.22006765548810042,-0.18287751264093816,-0.21426295153844904,-0.20012626022645205,-0.14676580686086807,-0.1373887686140723,-0.14930513208418675,-0.10554098034872755,-0.14458979685456172,-0.12763187903847917,0.6352086030328767,0.6334650524457082,0.6256248389121275,0.6362987071257218,0.630136399035307,0.6349769304485676,-0.05348481938054,-0.04857146818445688,-0.05542157573015611,-0.03258659717353787,-0.05248216115800806,-0.043196870236271494,-0.03523195694101,-0.035133521486982934,-0.0414270265221218,-0.02736250109013335,-0.036245971547120746,-0.03251141830897206
260,102158887_2655528906655835262,0.9963496113938725,0.9971536312343106,0.9968409850994473,0.9978159219773833,0.9965106550147917,0.9980917324748018,0.009050149207684469,0.009702561423820973,0.0025463301092962343,0.016499509243421414,0.00906575002799457,0.010500513083168959,-0.12760078668136976,-0.12854033899895648,-0.13367297543881665,-0.12342532568757736,-0.13028187642479672,-0.1267369662696002,-0.0703454511815854,-0.07116346113640942,-0.08105955964395077,-0.05279229615270965,-0.07418014305346958,-0.06887854418010363,0.05880332849440759,0.059882173984337116,0.04965572781237852,0.09484780094189925,0.05676856626006836,0.06292964618239232,0.9978573076196994,0.998862671235064,0.9960099129436101,1.0024005229084267,0.998280939244448,0.9996034767856351,-0.01005311421214,-0.00944841782878557,-0.014821982949287911,0.003907694514120307,-0.011444090123840787,-0.007589623417606016,0.02272150164274,0.022088565148836857,0.017441653689545387,0.03560114396627458,0.020535426670267504,0.023138349879324647
261,102158888_2657819747657129186,1.3670910500765494,1.345353877571503,1.3150945466206732,1.3736713021553133,1.2575511069859588,1.4016529960019548,0.09527984792612866,0.028619462105920795,-0.06703475211541388,0.1375129623679878,-0.005814762450759365,0.06699559345320458,0.05715979215469448,0.07978260755890418,-0.01766713174043067,0.1511337997530923,0.05336055358400752,0.10439343849289881,0.007738436251563924,-0.01407407238857564,-0.17037933296517385,0.11329647901045393,-0.05252891215496217,0.023638207627945967,-0.3316069202565686,-0.356758187116217,-0.4687173874769135,-0.20181342882551975,-0.39965138738569067,-0.3092080047818863,1.473255912386248,1.4697775926096137,1.315119837830867,1.5999901007321258,1.4187801948594592,1.5193052648544525,-0.18863540025783,-0.21136647857662152,-0.28320331651766767,-0.1027358117442161,-0.24330030443047587,-0.18247979908077078,0.05181726156186,0.036071619614694864,-0.07410059537828248,0.10347845998849112,0.008377375153092982,0.05866753770191481
262,102158888_2659467460657407372,1.0225656257779328,1.01222091820613,1.0015934982493522,1.018263701413339,0.9899443733810722,1.0303454497892768,0.022116425938477024,0.022550723588217567,-0.008612182557794935,0.04024369652362131,0.012324477409862243,0.03196780051521185,0.15407725655707563,0.151031066395849,0.08715306342028163,0.17615199589351443,0.13417129196846972,0.16344162247677868,0.06819165294101322,0.06695885795140201,-0.04328267473550529,0.16049645398997175,0.023851430352478192,0.11266601507604455,-0.10191979142158805,-0.0929089136631397,-0.13427202182209708,-0.0394674414927435,-0.10818521145018184,-0.07256886365812702,1.0065952815744468,0.9928330930703482,0.9617004100492621,1.019984128911653,0.9814741742995547,1.0034030484428647,-0.14304714360936,-0.13766191520467752,-0.16595473680699585,-0.10516379320162678,-0.14781551363723439,-0.12604957648691525,0.12867260369572,0.13969856103310907,0.09587911812375102,0.18989653692685787,0.12215815157832112,0.16106364927227237
263,102158888_2659753895653871052,0.9620396311215363,0.9360551098763515,0.919078046536358,0.9627062998984287,0.9094360927137809,0.9864871378373598,-0.007285398515353758,-0.028231704754577598,-0.08077385301812054,0.0692911459829355,-0.04136822650541341,0.04117779755614585,0.30994969568350844,0.3104404172805424,0.2629889390271071,0.3814267489819949,0.29389257532507507,0.33328109443727383,0.10413755431758236,0.12394228757045607,-0.09089109724092521,0.17844761840669834,-0.02428473813832534,0.15562508605533146,0.06361397040704936,0.11578607214706181,0.04667328756287498,0.35085080563349946,0.07519400472996482,0.2656560443227499,0.9363148948139719,0.9316966820161529,0.897221692523887,1.0078874314551893,0.9156579433590647,0.9495956635121806,-0.14571057128648,-0.10659780954104175,-0.15523858291498682,0.002247756921859144,-0.14201425985418623,-0.05807689036919298,0.01077071882301,0.026800817380250325,-0.0028751506947618925,0.0943251790424607,0.010770723929045049,0.0499362641935598
264,102158889_2677624236654538082,1.4047826179714153,1.409079104374662,1.4049537658290858,1.4127956029385444,1.4020960046533364,1.4166502526750968,-0.1295013700510909,-0.12992060491233945,-0.14694122359369932,-0.11528736930356467,-0.13453738262517487,-0.1259350181214346,0.052101967638530255,0.05705924104602826,0.039286696630455496,0.07394744059714652,0.048870009799408864,0.06347978930513064,-0.2832345491489389,-0.28171824500069687,-0.3029227184164957,-0.26225306232301904,-0.2869990516079628,-0.27515401989309357,-0.3731335282351286,-0.3621601412071953,-0.3776117340629262,-0.3415211310000379,-0.3717252473563292,-0.3542792867593164,1.6003926477485755,1.5943459614473723,1.5778377006004376,1.6117853119060812,1.5897244628602618,1.5984688592920508,-0.27144820460767,-0.2649886284772857,-0.27387338454571325,-0.24979943561110884,-0.2706556539522641,-0.26013125491186445,-0.24670327423685,-0.24521409143552916,-0.2578159260416069,-0.23591267216603004,-0.2476920908429194,-0.2426119124790329
265,102158890_2680242082656735280,0.882174284903084,0.892062404095753,0.8763146349419921,0.9151259485965717,0.8271709464181337,0.9445973237294413,-0.1056665073210357,-0.10711222856219331,-0.15511683213286234,-0.049272520402255264,-0.12722490664916308,-0.0852714004872216,-0.10182553207614899,-0.06011821732775427,-0.170970545596691,0.04803725491074693,-0.09752124988787376,-0.02723212480956466,0.18344811763949187,0.03389677892637096,-0.2160972274304245,0.2742344353773832,-0.05587124802900512,0.11227994093567749,0.4557163193402878,0.4074997203011515,0.11910590761926844,0.5486995703457579,0.34759828934310455,0.4614637739666038,1.0501775995978986,0.9945520371465494,0.8605086840152372,1.1446621302154911,0.9541907073773448,1.0459258309970305,0.08357329375296,0.05496732698886153,-0.09345101508385488,0.1251659111197377,0.0294549313626348,0.07916047671105393,0.11484533002847,0.0530999778869131,-0.0814382583994497,0.15438893701000359,0.009491990228968098,0.0882635761426454
266,102158890_2683357136652678772,0.6375924374019311,0.6421262052171239,0.6384779628131853,0.6500178851790521,0.6343638113603748,0.6700518887496905,0.0711924629367221,0.06756482844453758,0.0451114296476434,0.10315302186943892,0.06254106686404337,0.0735786576363034,-0.06538666567986227,-0.06609048574976577,-0.09685147619175345,-0.015714601624457026,-0.08323802158004723,-0.06151633125534245,0.594355308872512,0.6130047876568385,0.5827311158612697,0.6811643745942715,0.6027186576909602,0.6360417243452954,0.1284553007270727,0.09455553595682628,-0.026646456754706727,0.17872246861709862,0.07918544589105786,0.1339821257111313,0.6242594434544075,0.6393390538342811,0.5806588541950034,0.7376334748281673,0.6252559313227263,0.6675220939346592,-0.19679401553142,-0.20488871534292924,-0.23938495921526268,-0.17808128852322075,-0.21308340998356645,-0.19310427707507644,-0.22469728053189,-0.21943165844003176,-0.2685729138065737,-0.18646023305739004,-0.22675352825275255,-0.210060339597227
267,102158891_2699896914654311553,1.4138531561935748,1.407162647256535,1.397246559584278,1.4145939101467768,1.3864643249613873,1.4205941568603773,-0.056454985277278665,-0.07035919793525001,-0.10537782189525474,-0.020726986940002093,-0.08349877841872784,-0.05787477546658816,0.04715542088188454,0.03288165037316255,-0.005148086208546517,0.07490308958724234,0.020476702542472795,0.04699134795811317,-0.043703945163180186,-0.053273183314446845,-0.12699337271700756,-0.0022671704207216504,-0.07082385884213832,-0.037706410872694815,-0.1330451607230064,-0.11610600363714342,-0.22387819282346427,-0.05970482463769493,-0.14161429785561958,-0.09379925313938388,1.3808099603289143,1.3719565122405126,1.3517389410661198,1.422056343905527,1.3628809956116779,1.3822557326938998,0.08697916724581,0.09027830575922209,0.03826640321820583,0.12177278747373328,0.07882402301520897,0.10850556974907438,0.08530266657424,0.0776926431492428,0.03360053061149624,0.10501051878059188,0.0694471939665455,0.0864066539054516
268,102158891_2700857611652676803,1.3579778465075194,1.3562012221312119,1.3510114742219743,1.3617094875549987,1.3459090002083036,1.3661822322904462,-0.1033229402058389,-0.10295891893705304,-0.12153601495617375,-0.08129390667495177,-0.11088895906807482,-0.09468850820589926,0.12017722383863907,0.12155329959275774,0.09813584173477176,0.14851818160165015,0.11542859487643106,0.13013370371112726,0.04237816384433872,0.07215216631228019,0.022025129408599044,0.12019912147235795,0.054363010612496265,0.0848140632026247,-0.06968085196967469,-0.0643064361116541,-0.12245084763311904,0.02054999241495698,-0.0827491773117603,-0.03131890448718561,1.3334899617221174,1.3362526187720445,1.3197034695751355,1.3559610460847131,1.3280178637465665,1.3445045852923991,0.10016448844649,0.10031091379214059,0.07996281402052424,0.13742914998458425,0.09291100429820341,0.11506087255297935,-0.02820012769867,-0.0123320803044751,-0.0383282746920238,0.014591972577009574,-0.022043948592248102,-0.006091965354623151
269,102158892_2704470582654415692,2.4698970942625817,2.4683713158729694,2.4655119112578014,2.4720811891487333,2.4640505460893354,2.4758626701464603,0.01949568254224096,0.01857190737921109,-0.01581618293606197,0.04535407508938287,0.015149915329861263,0.02161620671459484,-0.03492508774914032,-0.03806822803390869,-0.05189076374417637,-0.020196151064762857,-0.04271211798910598,-0.032568638059096815,0.2070548785729922,0.21450256631202222,0.19176142645101085,0.23964137957624934,0.20619579574460067,0.22197324656675807,-0.11259212890700743,-0.10343916783766541,-0.12728501553466126,-0.07995827618873928,-0.11361529963720428,-0.09445186471348754,2.537311651171623,2.53707233716423,2.5095109229411454,2.566123776043387,2.5292987040424806,2.54482839117464,-0.04059969202623,-0.0360202511651577,-0.04765562922355202,-0.02322473135709982,-0.04147437621631337,-0.031357118815718704,0.18429385288847,0.18835426753108797,0.17600380371135477,0.20289040122362417,0.1839132049777639,0.19306104168586083
270,102158893_2720583810655664894,0.5549783467090569,0.5517219596759946,0.5443133515323851,0.5541669965643269,0.5407878519810014,0.557359170036911,0.08439372603541906,0.09115143196339622,0.05257141613552513,0.11570261049750656,0.08431992625530532,0.10335547301289229,-0.07737287969785,-0.07771291328571396,-0.11285818358800907,-0.05234607890692899,-0.07998268681075375,-0.07599058322889604,0.0006874312792305437,0.0047984820451062405,-0.09745404169845907,0.107233991135615,-0.0005469805544822991,0.014685966899388819,-0.34354440739840514,-0.33687759462135025,-0.4034290681330373,-0.29275610140686115,-0.34787355984950374,-0.32570145649524934,0.5964364156163227,0.5919775794287887,0.5694437862789206,0.6283025125500802,0.5812074160683808,0.6003484296470633,-0.0525031731624,-0.05020210289716504,-0.08934861829201872,-0.026825338446443792,-0.061877422773575476,-0.04268649070005025,0.0694171365442,0.0721686510557281,0.010291585444816686,0.13067883802620459,0.06916014479647886,0.07641719314206054
271,102158894_2730612507653143373,1.6443629815874594,1.6530854682959553,1.6299790195270514,1.6668071746090927,1.5951894669775821,1.689240182488777,-0.059921684153847854,-0.07058964218947357,-0.08977843447049508,-0.02343016888986832,-0.07851806028456688,-0.06123136165362204,-0.2719724901281889,-0.28932597936109644,-0.3752239228519712,-0.19527693273120003,-0.31697978029052754,-0.26923802541265246,0.05882378006222076,-0.004503623776967506,-0.10000071134325104,0.11808806134076563,-0.04085751787498465,0.03462977755491923,0.339565979927596,0.336613779737035,0.18135378040251052,0.400999396172211,0.30824094605794117,0.3567427311525183,1.7442787460004334,1.7399819769031326,1.5643288858939213,1.8421094429948475,1.7032729347851585,1.7727080393645875,-0.00861356345299,-0.01194455531220587,-0.06185341420689179,0.00985309008123508,-0.022286991062106343,-0.005288785421480194,0.06400118838718,0.049455415775607775,0.011412198142318739,0.11370160489082404,0.03673800552346677,0.05964473914635155
272,102158894_2733212462655784384,1.3703963541240896,1.3624364865125944,1.3449690490357353,1.3693469521477029,1.3391430039766925,1.374176645055665,-0.0010650066456087126,0.006789383815318656,-0.03924016552128378,0.07097476434324747,-0.007737687857098389,0.01815574557087907,-0.06244180913561294,-0.05496199855562616,-0.0955037931576136,-0.02046056410419333,-0.0624161058888191,-0.04197554555577259,-0.07074616771376781,-0.07223263721816968,-0.13416244868813235,0.0746559135032266,-0.09994444339413332,-0.05051986023862869,-0.10301720505219533,-0.09654546288876246,-0.14396633163608438,0.060339450485248046,-0.10945417973939806,-0.08262505949055446,1.3177410340911693,1.3115751509682898,1.285660895002967,1.3243863219586969,1.301891972303356,1.318125301862835,-0.1074966101559,-0.10166647285097505,-0.1440822841751064,0.0029925514838276225,-0.11197250008154605,-0.09109299801379558,-0.21406374045523,-0.21174642710052638,-0.2326445847483396,-0.15883239760441628,-0.22220710091745172,-0.19318275648287833
273,102158896_2752149841653729649,1.450884410238141,1.403590422211804,1.3790305720658984,1.4309048427674096,1.3307682317616971,1.454810576981574,-0.10350181836767033,-0.07271905211712502,-0.15948585457723458,0.013827133546380805,-0.10166946365099487,-0.0456888779752707,-0.18722612689394702,-0.15837855576020893,-0.23881665227991522,-0.06501297676891638,-0.1821831617189785,-0.13195506418793018,0.3730869160794059,0.3771130101808478,0.3301691743175075,0.5568803111057451,0.3579869707912842,0.3982183387026265,0.09034859539862125,0.09141462468546822,-0.0010581336060822492,0.2108457394026294,0.06384218353722555,0.11524309737494785,1.5377457218794968,1.48581215662292,1.3997369913129343,1.6481093697164895,1.455300191136996,1.5194582570900617,0.05889896480272,0.06636172981909387,0.023890130591392455,0.13792125846555287,0.05304825429211693,0.08075537577771709,-0.05237368610246,-0.06660167225402523,-0.11216166692252444,0.007165090465650527,-0.07771243222652985,-0.05170609320688618
274,102158896_2755778332656876880,0.7117787934252611,0.712163077294304,0.7108607256314603,0.7149778540361259,0.7098257525003621,0.7165976764728398,-0.01641747576130434,-0.01617210274708475,-0.021076885323377557,-0.009989730722451188,-0.018234566072255855,-0.013025897157393867,0.00973474946291876,0.00972386793723354,-0.0064935544926384235,0.01916537354330473,0.007560620304311658,0.012907947494025112,0.023526239498341317,0.02398035382274627,0.013832388548000231,0.05436099476576322,0.02088475840828096,0.028147178798938206,0.28099485482829145,0.282750849399477,0.26974303344887035,0.30888445216518023,0.27702262873259564,0.29079992142094174,0.7506505973808334,0.7522013732319776,0.7469266938360368,0.766122019177106,0.7508472907961976,0.7540816721856533,0.06919943815608,0.07040925933677107,0.06730541329565459,0.08393807138524326,0.06950648779556554,0.07268624564213831,-0.03405826511312,-0.03396071415639358,-0.04024557311310354,-0.01824823482713046,-0.03584813853284883,-0.03025957284223449
275,102158896_2759717332653541075,0.47466886966671384,0.47541073693236235,0.47404111561560097,0.4779922062807976,0.47304578820411197,0.48166078336899915,-0.0408820972080107,-0.04314818388301895,-0.057079576114779686,-0.036229492935005825,-0.04646857602791545,-0.040260452547843266,-0.012243249460831301,-0.010289013684433607,-0.017363524262625444,0.0018315607409551578,-0.013260401012978453,-0.006210574357538394,0.07523932853874962,0.07329354633478048,0.0448940082640559,0.09771812826785399,0.06593649831581148,0.0807049964819871,-0.4170434555538937,-0.42028888047788093,-0.4395459953059345,-0.39341781006834264,-0.4256596559716007,-0.41535179291183905,0.521249242575997,0.5237085939343323,0.5176927510032835,0.5342343221401983,0.5214318390940508,0.52651269680486,-0.27613263752446,-0.2776525073943379,-0.2949806574818899,-0.2519531279139919,-0.28158747171099047,-0.27358945341874186,-0.12144597500539,-0.1199966670950452,-0.12886962172019878,-0.10880139119647914,-0.12262866717712813,-0.11633064503463436
276,102158896_2760272555655712464,0.4229966407442777,0.42152082304777405,0.4204491990862601,0.42221995380004523,0.4197389399434322,0.4240128619195287,-0.04790098411381937,-0.05198529279217659,-0.056880701977313236,-0.038510464481525813,-0.054288170458898666,-0.04875427915914386,0.06917905752046716,0.0657231478953534,0.05641463122547524,0.07757873671976903,0.06325124307466848,0.0680110021756375,0.2101463958422624,0.18972269621003332,0.12788250645921975,0.2223157293690087,0.17880107424390415,0.20756239397973297,0.04097578842294414,0.04353559791029684,0.007146655969592611,0.15332916299027172,0.035284960118103344,0.05411758609965117,0.4319197234638828,0.42819902352574846,0.42382491735540156,0.4401670092603394,0.4266157958844589,0.42980182709848963,-0.07163534213999,-0.07259834073687187,-0.0867570944160949,-0.014080771705304407,-0.07536406377678376,-0.06867653193224543,0.13717612099036,0.12380907693019728,0.09242735784838156,0.14487836227415452,0.11707672142109586,0.1351951809140581
277,102159186_2631794504660304436,1.0825395217946463,1.0787140597794562,1.0712243323425654,1.0858853675706968,1.0685149455264322,1.0946296523148344,-0.07735785730249668,-0.07079610561787462,-0.10367255969121397,-0.04545831522317551,-0.07921644064143149,-0.06280666584476174,-0.03154130910766449,-0.027482375746641256,-0.057310799527334,-0.001212253358384557,-0.03231904723906015,-0.018211383685904876,-0.09855932572485587,-0.06674448950432785,-0.1785889470916027,0.006213484931364925,-0.09784769234472662,-0.03206794861741443,0.038780790670026474,0.010810299355641283,-0.07367644996761408,0.1065458840498374,-0.02387302328700743,0.04275223502821906,1.026241880728392,1.0168587694894362,1.0040247892640675,1.0551582340246002,1.0099072840245584,1.0268597415856422,-0.14138374482822,-0.1529809359233269,-0.1938048620088554,-0.11177913449316305,-0.16889750809537016,-0.14045908046311711,0.11735267577785,0.1338995150617115,0.09547125032833632,0.16299317670600774,0.1203549323120978,0.14704412527081093
278,102159186_2632387939662408264,0.7725178819444897,0.7719919362324934,0.7705671561945532,0.7740959141998738,0.7654350674658789,0.7756503211748244,0.024096946933981046,0.02297202223818511,0.012843041119722422,0.03679000589607403,0.018934252711377973,0.025617265025923076,0.0614196239880012,0.0599784945424001,0.051258485492133306,0.07834808210424125,0.05579334376196389,0.06267275878869123,0.2540045544506069,0.24978294117293443,0.22178043164776445,0.2735161344115473,0.24235949497843468,0.25419626839046106,-0.1488678006686741,-0.1412633195260592,-0.1890611958040871,-0.10906865536698207,-0.1517387935829839,-0.12535556096833264,0.8222756368837668,0.8189552680494052,0.8036316754030834,0.8318540660898651,0.8149340685589581,0.8219973356880956,-0.08412878255102,-0.08018206861096895,-0.10763324132177095,-0.06144677513304456,-0.08579561409721911,-0.07086684981230046,0.12479291330901,0.12193798436101075,0.10123395268955966,0.136249454785012,0.11722050938125583,0.12488745372076183
279,102159189_2663231466659368059,1.2333786809185703,1.2356422047661717,1.233507889527232,1.2392927707963268,1.2310923567252294,1.2416328834125832,0.02573537261839623,0.03034533647528386,0.015647471076450866,0.049756988667851484,0.024751690677886757,0.03836316664012733,-0.005066038564928925,-0.0047118675065527405,-0.01853725153216978,0.018466226481103597,-0.008820972490097435,-3.51398655570829e-05,0.21183418994041664,0.21309068449030197,0.17921346697042473,0.26710353297859235,0.20301349616924244,0.22666917937920125,-0.049772222151861466,-0.061166775954608156,-0.11331680629012583,-0.03139005793772148,-0.0780206581390953,-0.05110411514693179,1.2706980960009118,1.2747704558610544,1.2564293914731113,1.3124558555160748,1.2693705163276465,1.2844741682215761,0.03080249562861,0.02458611904568881,-0.0025923261839531603,0.0393979128106529,0.015778457904592758,0.029631706424901382,0.05742565869924,0.05838666721584903,0.04222045198679342,0.08379278544444405,0.05340570146852265,0.06476219012281183
280,102159189_2667596748662187959,0.8815291391337289,0.8870745187662662,0.8860333299160368,0.8872366675561901,0.8812535060607937,0.8887553952980229,0.09215876770895501,0.07081761986059673,0.06338200904812588,0.0940261348388182,0.07003827750982926,0.07189306916686858,-0.0012147098439678687,0.008010726685123298,-0.010703928646354617,0.019975567838242735,0.007643837566297286,0.009563285133840981,-0.03632606593901497,-0.05829269181853321,-0.1087708480872943,-0.020425834491342092,-0.06056339532293025,-0.05680065001674691,0.17794598371355405,0.23110366857707215,0.1718398982865569,0.243635921544537,0.23022248504084622,0.23286722065655827,0.8862431341762674,0.9068921215399989,0.8827657332961661,0.9116372619637969,0.905249244234739,0.9073603578045479,-0.00710246837861,0.009969090337748595,-0.01021192640239681,0.012048353285729606,0.007911262488311232,0.010212787475228882,0.0779016396525,0.06760393042165062,0.047870316646718696,0.0903759686437419,0.06706214845817185,0.06795321995874117
281,102159189_2669674055661286334,1.242540097447479,1.242540097447479,1.242540097447479,1.242540097447479,1.242540097447479,1.2505633514038188,-0.07186320772504412,-0.07186320772504412,-0.1304461249770077,-0.009411955279372566,-0.1304461249770077,-0.009411955279372566,-0.030083056068447547,-0.030083056068447547,-0.08446043976758766,-0.0030524891672537857,-0.08446043976758766,-0.0030524891672537857,0.10347595503176882,0.10347595503176882,-0.03341963195734282,0.3162685382575974,-0.03341963195734282,0.3162685382575974,0.0976764111931081,0.0976764111931081,-0.1593254700496963,0.11411026652092571,-0.1593254700496963,0.11411026652092571,1.116378162493055,1.116378162493055,1.0915728728826888,1.2474200451868769,1.0915728728826888,1.2474200451868769,0.28147472945032,0.28147472945032,0.19050653205568,0.28828511892707,0.19050653205568,0.28828511892707,-0.14459642932095,-0.14459642932095,-0.2201415977547,-0.09418330528658,-0.2201415977547,-0.09418330528658
282,102159192_2695197869661844158,1.0211970522635214,1.0208397231641246,1.0143066251326465,1.025321823614966,0.985260731959869,1.0261708792151938,-0.070255333003415,-0.07153392844664774,-0.08177662806537624,-0.05738304915011544,-0.07407705415548033,-0.06883526167889005,0.050941881329987476,0.0530973497233906,0.021700186037993126,0.0891359277689951,0.04383066892439515,0.06573072994244762,0.027249653891711703,0.037165894274975395,0.012544326699137591,0.07856058701985459,0.027991165491794846,0.047306294130486974,-0.059540922323305656,-0.056338784396511105,-0.09710341079163028,0.0649119981565712,-0.07346690508371721,-0.028997574110631055,1.023722472928891,1.0233791032525632,0.9840552349556659,1.0352918440194945,1.0148598957545714,1.0290516426929455,-5.191695174e-05,0.0009975699260782482,-0.018782583593097674,0.07676717004889404,-0.008123546398851336,0.016864916184975043,0.00461159761527,0.009004274018510713,-0.004452849930461885,0.03572396159413508,0.004309945326603608,0.014986958979439947
283,102159192_2699004780662092340,0.9317375874010057,0.9266942033242846,0.9146637511972231,0.9327337296055976,0.9008893566578459,0.9594473572055848,-0.043343855142405845,-0.03799928261884526,-0.10793025294135537,0.01938070823814335,-0.05284538525223229,-0.023125172042253304,-0.121469785466494,-0.14540518436504818,-0.21513988052416597,-0.07856317763964862,-0.16746231217409285,-0.12350731850683054,0.17073567965582692,0.1592954541122086,-0.0027033021165711038,0.2841677590562615,0.11156219663181448,0.19382585749278766,0.042691542216431386,0.05348512097650083,-0.07792207281569227,0.13424698112734668,0.022294274770906234,0.08592745472729618,0.9475262872442656,0.9399417851105398,0.8979023628516846,1.0024215946900086,0.9226997157934999,0.9569252181258098,0.01284531606753,0.021240913240351662,-0.06736687159441591,0.07294604053980752,0.0011082036382027512,0.03942256839096621,0.13446796657714,0.12656533153714858,0.03723515546877903,0.1969875383652722,0.09896197596467791,0.14603087013000055
284,102159194_2723464956661228420,0.6426144627978098,0.6412905116254541,0.6380406621807322,0.6433790605266864,0.6263569316069538,0.6456626475988831,0.045984095622764454,0.04452522476661908,0.029288903415336714,0.07592397056448132,0.037629109201508845,0.05425867487686368,0.10415531239627739,0.10669072012995952,0.08462511983273631,0.12922923852532195,0.09944045881799259,0.11535603546352532,-0.18736866130533383,-0.21166619615526497,-0.3072231758877008,-0.12818983331697792,-0.24136669103543965,-0.17850485489967532,-0.3402228323066337,-0.32536403984732687,-0.38326493088065383,-0.20679171048804892,-0.3434477777700956,-0.29713176244201767,0.7176609620193701,0.7146047686785573,0.673320395747047,0.7462923663004802,0.7027873709661403,0.7243137812216653,-0.09051813862335,-0.07484658244430224,-0.10413603861150561,-0.01698451772085905,-0.08745576754569659,-0.0601818714829061,-0.09635787472277,-0.10414652256190622,-0.14802060999110378,-0.07215975172010841,-0.12088908834215913,-0.09244167429836328
285,102159195_2734094103661424333,1.0209584541806138,1.0157291656143221,1.0115022561169509,1.0202430178275261,1.0071005146011707,1.0267560433378058,-0.0054461869035315955,-0.009590200591020328,-0.033148049675097525,0.003637617284573989,-0.016518481065814796,-0.004585995772919141,-0.04442781211517939,-0.05858544137885009,-0.07454578880333466,-0.03993645568092709,-0.06373407489825067,-0.053048601212771176,0.10093538517158007,0.10397260928338506,0.05830848575844567,0.12872374398505515,0.09317605888632882,0.1122368943812001,0.23885861273523795,0.23474677926688672,0.21104440485160914,0.2768747049788952,0.22603397722338314,0.24358389398755353,1.0661663337233191,1.0593625400461555,1.0500466741789698,1.0738226416619945,1.0555103426197934,1.0641358456156165,0.14041679363231,0.1358732915621239,0.11980858230510313,0.16867045779688014,0.1307686461178587,0.14240528912084896,0.09020538227335,0.09427167573994477,0.05776500345201586,0.10694848955474971,0.08839180259810772,0.09918489732901532
286,102159196_2750719383660442039,1.0848258462022629,1.0846682453579852,1.084438671581219,1.08491298048383,1.0833028670920999,1.08792216228736,-0.1517688154511331,-0.15181194304532056,-0.15978543320357896,-0.13716866053606813,-0.15257899045647083,-0.1508182809240353,0.12325200087330797,0.12295268426269457,0.09032646479385376,0.1278595546123789,0.12196847249832544,0.12358111308208651,0.1998989406980344,0.19980036787274966,0.18462637745338192,0.2606391870340401,0.19707454842596858,0.20276144262835386,-0.1351203351503651,-0.13529865305750072,-0.14467055174217122,-0.09174328583266775,-0.13666604499632626,-0.13297705144608268,1.1024980638732171,1.1023522708157532,1.088279263553502,1.1317055656357962,1.1014189070629359,1.103247483495599,-0.18148484999524,-0.1816442370146976,-0.18548932730343043,-0.16668226818043852,-0.1822175764491198,-0.18075253398895968,0.01497904655811,0.014809511915478066,-0.0035571883951838823,0.03998441418933319,0.01372275226525954,0.015913177422802717
287,102159481_2634849207665073829,0.763088094605541,0.7709152357374205,0.7667901818274235,0.7725150343771141,0.7598946795058286,0.7781540045054999,0.013872842915075425,0.01148945765485629,-0.00046303540441480187,0.03916949272136627,0.003838220047905525,0.021772095226414614,-0.019642258807849106,-0.017055422199380024,-0.026171280253863553,0.011277855071976556,-0.01920628516043644,-0.008068528683218947,-0.06324693250450307,-0.07395427054104418,-0.10868968077104528,-0.0236460815317768,-0.08003993945685504,-0.05447269219650236,0.017260472306839608,0.02374333703954448,-0.04816521836389907,0.10811516574806178,-0.000962622092753223,0.034755276245993026,0.7638233704826639,0.772736183802304,0.7599530455442178,0.782868841158847,0.7675867578135627,0.7732286818680792,0.01384072867717,0.015710612915782234,-0.02993947233036532,0.06357440957496666,0.0019716717350082265,0.02170198537992269,-0.06938154028446,-0.07290661851109191,-0.09274640039119289,-0.04128523643818216,-0.07422962526789856,-0.06001931085554011
288,102159481_2635212626663669301,,,,,,,,,,,,,,,,,,,,,,,,,,,,,,,,,,,,,,,,,,,,,,,,
289,102159482_2642474434666614156,0.3968723300367352,0.39838810025648635,0.39441023978181816,0.40858234472372335,0.35237254481072605,0.41543639341525274,-0.02258864475945532,-0.009035446218220743,-0.09317303171073235,0.00010133476244573395,-0.02261452616498913,-0.0059305198021066,-0.16898842524496932,-0.17389717288510007,-0.21322886889648676,-0.14224774609450475,-0.19035211748259953,-0.16450635013692294,-0.0035768673334834146,-0.06117084367005053,-0.08965080943583455,0.05819429949457604,-0.07325803696285532,-0.0012699102819174672,0.5621006609209209,0.579427608994617,0.5317452118308487,0.6677672087547794,0.5633101804811551,0.6000534754869005,0.5125490511414398,0.5260622894106702,0.46056465445626726,0.5805434456858104,0.5121744540175525,0.5478552668865202,0.18015460252458,0.19073281825675267,0.08345584587029863,0.23034227296390067,0.1801557221863401,0.20714473688044036,0.00681585074501,-0.025860036447299277,-0.0426395269840288,0.06753496124689191,-0.033278762792591676,0.009891305051947975
290,102159483_2659872799666371332,,,,,,,,,,,,,,,,,,,,,,,,,,,,,,,,,,,,,,,,,,,,,,,,
291,102159485_2681289316665353959,1.28128117311871,1.2532323916638897,1.2410427045224224,1.2724889197341482,1.2232472644870072,1.3189061833564675,0.010657631883773725,0.005566188678283583,-0.09459125467010844,0.0770966361696651,-0.023486468460793084,0.033288718197781154,0.08447383641954193,0.06899247066636846,-0.013910085326939483,0.1825889344375736,0.039883437239353815,0.10308857958865311,-0.06682611309668392,-0.1075039737868277,-0.37367562285578465,0.10536193286253712,-0.18175946327667133,-0.035480027756948876,0.12138057353323986,0.11030102767399985,-0.08821473452933018,0.27589052246151996,0.039219956112522304,0.16038887968526952,1.228981791675782,1.2134567463661678,1.128553776331109,1.379049553360662,1.185835505835443,1.2410430740619318,0.06379943533633,0.06696636143728898,-0.017794287083340188,0.1415147599659401,0.03808910129035918,0.09320705911123446,0.18247596746919,0.1685262001463961,0.036535636421107756,0.2883425566011604,0.12476310128809642,0.20851684499760112
292,102159486_2691200739666476860,0.9585765168735514,0.9507724973560113,0.9303899782626565,0.9639861891249452,0.8935029985158446,0.9957761458532594,0.20322832193827872,0.20994250718437735,0.1341754713511245,0.2662438937401313,0.1924207989993535,0.2290988392734285,0.10790548321370969,0.0890905200786992,-0.043316746617890506,0.19083714981538544,0.049460546517528424,0.12430960947465153,-0.00870414497346117,0.033468053830877725,-0.09177448648914519,0.09971781501706017,-0.0021764518146452916,0.06213945679096094,0.5979756970728312,0.6092621902546788,0.42105275277234294,0.6621855468026299,0.563983680943061,0.632610529555945,1.2812113735893658,1.2733666228236937,1.0003686510411953,1.408060747460203,1.192952779641699,1.3363112129546415,0.15881630490597,0.15272868114484334,-0.014235859658184934,0.2217463950741563,0.11097740103689209,0.19807592082201075,-0.01585988347363,-0.01183588407251855,-0.08673824514498485,0.024443552206943494,-0.02771713144701012,0.0024873597133950303
293,102159486_2695397736666928563,1.9171061132100182,1.9102732401237592,1.9049655591810488,1.9202032594582654,1.894146098767082,1.9399462371633516,-0.007775857145140546,-0.000856005433449775,-0.04036020076016204,0.040792072683250184,-0.015562192049386012,0.018568130470427203,-0.018590851175672368,-0.010151233283468696,-0.13127470467034036,0.05047510804914539,-0.03127653109582926,0.007870164310139415,0.0702239959621122,0.07602502012407844,0.0004995420800208789,0.1522378220520026,0.059330995357105856,0.09304476004585223,-0.07109267065824298,-0.10020619666349245,-0.166503903978784,-0.03323462944992168,-0.11568044295581326,-0.07957260426483288,1.9106741517194046,1.9139030051484136,1.8724453993702266,1.9529017303754108,1.903509473328702,1.9231216270542375,-0.02873086627556,-0.0440598995855349,-0.08109342705990229,0.0020647060767261783,-0.05187582217285681,-0.032577530777150226,-0.06335740800288,-0.06154317854408428,-0.09784549806208004,-0.024440806711752753,-0.06920543816817035,-0.052854380469719596
294,102159487_2702648437664620342,1.725577804302711,1.7311862792076032,1.727166904355799,1.736164277768365,1.7247084383729003,1.7440907331308122,0.12511186285170223,0.11677793630484226,0.08168644003767436,0.1327513544793792,0.10498590848001346,0.12499854520362011,0.028371386869094427,0.020962764280633237,-0.017030867995574316,0.05945637657637819,0.014090107524052925,0.027086164109213128,-0.047882833053082,-0.045420990153028036,-0.08631331223577586,0.00025673459013736573,-0.05514665096407652,-0.03213490451684854,-0.12627202395699216,-0.12528708466159275,-0.15086361233810872,-0.10616878659531111,-0.1341405344983868,-0.11837105558392105,1.619999671971672,1.6283129926510704,1.6130378433013643,1.6556456986045782,1.622487652872185,1.6352210018784636,-0.11780671706136,-0.11651965621346402,-0.1298114671609137,-0.0963866748431872,-0.12123447514522943,-0.11276584307108889,-0.25127182743485,-0.24794649044434494,-0.2556252184565763,-0.23068524623472564,-0.25104858977576755,-0.24343154379305207
295,102159488_2715904729665064695,1.3875203631345512,1.394802857014919,1.3892594752419412,1.399551601895837,1.3871792577264797,1.4070866773718675,0.009203609181784242,0.014809609430646617,0.0012422748004940892,0.06223355899625458,0.009510536771133988,0.031210082728990396,0.0038299471468643265,0.014127980602191618,-0.022245146716170845,0.08019605497138327,0.0047260643584798815,0.03091448462761015,-0.02245500095335233,-0.027160079793715625,-0.09303348845624781,0.041362912496737195,-0.04427238280929529,-0.013724975644262638,0.14842153075617806,0.12322728610832479,-0.021418201171394403,0.18358455047768044,0.09195477334908911,0.14306870585798273,1.3086140621856996,1.3055052513553167,1.2924658486817542,1.3437056928480127,1.3005668638808177,1.3118249567549534,0.29657266689246,0.29015664159206533,0.24504526559334716,0.29996833511878374,0.2799699929276071,0.29618003538527776,0.00174627513357,0.00011105006724837929,-0.036878154979955266,0.040620620165089716,-0.01050523922759924,0.00963989315277045
296,102159488_2717571775663564534,0.5358105298999438,0.5293888809449397,0.5130189080012992,0.5350663123591558,0.5028545177258307,0.5582752511786206,-0.0423039165017718,-0.040296741527426794,-0.07694701542768301,0.013467462932267539,-0.04918800199973638,-0.015694107750701604,0.0923273897559046,0.08787458143307794,-0.004317821886773116,0.14742764119801027,0.03973552120512136,0.11788188966069539,0.08422605916431183,0.029049930171022902,-0.29544275759116195,0.22155559278736855,-0.10828763603197154,0.08680845839794218,-0.10356937523708191,-0.10410121319049546,-0.26875322787420036,0.07236084359584806,-0.1717455431735677,-0.06283647266653085,0.5340708297050311,0.5275820117263166,0.4903421587906242,0.5714780357858887,0.5109195283451955,0.5444347990239161,-0.13949367237581,-0.13643512433127508,-0.21058683841986944,-0.052248345113099115,-0.160731699289085,-0.12299808548895444,0.09286631793932,0.07324409885074266,-0.05895886993229964,0.17146017471362032,0.009639510055939313,0.11143452012928948
297,102159489_2725731664662876609,0.5570601131797764,0.5404045279328646,0.5313602314881388,0.550349746801813,0.5191849222090453,0.5607468741254142,-0.058596862286235785,-0.07399726927637729,-0.12498531252591591,-0.04581571174581035,-0.09011747798734766,-0.06106624959199128,0.004003551056873298,-0.010366109979602375,-0.05832470623811453,0.02472155171911118,-0.020030934297163315,0.003910165126208252,0.284703255804435,0.2333417700970388,0.12547579533788417,0.42498789544750415,0.16420641369265032,0.29236576006072235,-0.07135197826273976,-0.07831670882198599,-0.21198491665769187,0.06369770586328323,-0.11233913642328623,-0.04170050237014381,0.5914277655910691,0.5592211655817664,0.5296337171024076,0.6348032782055152,0.546953422615987,0.5894860073316028,-0.08287331313156,-0.09235100907730115,-0.20714497231306284,-0.009033551700814614,-0.12623673812031458,-0.07340451050680719,0.11078349039907,0.06811102038212337,0.014483244777491584,0.16915658029837555,0.03928616727441958,0.1090713776994063
298,102159489_2728201578663264671,0.643705911519966,0.6450595457295346,0.6376294470774105,0.6533302477450031,0.6084335461012569,0.6657418264234153,-0.14536882210490198,-0.13799423401804947,-0.19399410491617916,-0.09099931904510988,-0.15649266110353624,-0.12477078555055256,-0.25244636283918387,-0.25682796285282306,-0.3501201727538336,-0.22059688454600235,-0.28253364337652226,-0.24640346042581035,-0.3396161071172963,-0.33464572749763155,-0.4208610779165612,-0.16556916142109912,-0.35534645101063417,-0.30734085341692585,-0.29468543381654655,-0.28767576020381347,-0.35099739666885194,-0.1692201911742264,-0.30667110405249925,-0.2586069092171385,0.7270441742306838,0.7268004556891128,0.6515747724401333,0.763117381544507,0.7085907037628987,0.7356612584900654,-0.25851103141306,-0.25512456864316435,-0.29848410085892507,-0.1777951835571012,-0.26953652725279675,-0.23317761893049277,-0.22757981115699,-0.22095420593143733,-0.28856761973329653,-0.11762287196234629,-0.2361312908696664,-0.2010819535226996
299,102159489_2730705167663624037,1.0500407037380313,1.0673671961533224,1.0424643478602813,1.1030171657872996,1.0230336802509066,1.1639816040444544,0.03699112984908831,0.030847048195402064,-0.057803303808615675,0.12045221122493371,-0.0028080164255959734,0.05972277221598035,-0.06295225361619361,-0.03406086502169147,-0.1310350595970762,0.06777867729260864,-0.06893921479610146,0.004847654789779003,-0.023465217024582263,-0.04889653698684785,-0.31873270610193255,0.16948769858926124,-0.14056745986848046,0.02265699110042819,0.21504457068445187,0.20371905948214686,0.02199460204454828,0.36664391617539593,0.1279943440161332,0.2606857436217839,1.0244048852800995,1.052103550841661,0.9756633948316341,1.204400308718399,1.0267221572455194,1.0845250205131618,0.14153520653474,0.14568665031306652,0.06040537192824967,0.21544594349216506,0.1291925143318716,0.16974560294406632,0.19675889153027,0.1772919416816066,0.09544738180257845,0.2368402092614207,0.1473856730404073,0.19838745975291436
300,102159771_2645005552671976577,0.5449601916566362,0.5373863855535177,0.534134137326526,0.5461025349424988,0.5259787155340511,0.5547016440071085,0.10827753388560551,0.10449810943823572,0.04706323669408069,0.11872969191813275,0.09857167850163918,0.10933646602794134,-0.2999997176850161,-0.29400415048076695,-0.3070749905736826,-0.24252898024345568,-0.30015167962043837,-0.2866372038898325,-0.31861092977232747,-0.31204344471954915,-0.36444837061789015,-0.23296469964696662,-0.32270894843730435,-0.29949899707267336,0.08495493748122025,0.08175655321528971,0.04232624534200851,0.1432986184504985,0.07380396367278098,0.09158457143502065,0.5873584065005574,0.5815362945784005,0.562674657141313,0.6177847459310356,0.5728127351842964,0.5876919922669825,0.09830246799619,0.09544290617675485,0.02287755160155675,0.1125737134480136,0.0858016793982122,0.099753563902457,-0.10346340918095,-0.09472240576635216,-0.11631222478852106,-0.025716334733855782,-0.1021148235858437,-0.0830054035955181
301,102159772_2657244795670716163,1.5802634265748827,1.5863300287539595,1.5733083763779867,1.605993219988979,1.5563873663403684,1.6316256059248513,0.008901741053787951,0.026038169814616235,-0.06610277507198582,0.11546082600400677,-0.0004265364363188904,0.05228076749271261,0.07025400869719753,0.08782736539483324,0.01739176020094151,0.14295676258476045,0.06773591958410412,0.10424707325283808,-0.0912761234575246,-0.02732015185487764,-0.14520625232595388,0.08366062542095543,-0.07007851451360311,0.010772928920482809,-0.014413045237997663,-0.006825520051980204,-0.14279546390394124,0.06543691936818234,-0.030246421240689485,0.01545220861042271,1.5567584636732577,1.5623033983313315,1.529509683330883,1.618977972017821,1.5490496933113411,1.574483508014325,0.01311630110957,0.01007803477030396,-0.050355667532137764,0.05828144006384702,-0.006457639445291716,0.02488822203435105,-0.1639091188326,-0.1315747288099647,-0.19674587431914467,-0.06969016309806553,-0.15843582809440054,-0.10927330312361361
302,102159772_2662654897671699728,0.45119614752593246,0.4476197956832026,0.44518432038987005,0.4501385901232083,0.4429958041693829,0.45385200418700555,0.027972722135817477,0.02521476864610078,0.009270898181485363,0.03297823798615746,0.015789743097216265,0.029409566884251795,-0.007027566389187579,-0.009368543576473811,-0.04064352938373158,0.004349236784834772,-0.01831313241251443,-0.005510121193023691,0.15181520958665268,0.14491505024042098,0.08272308138889194,0.1960184990571131,0.10292596613638363,0.16123948379200748,0.2826073448632912,0.26991561342068293,0.195558248950952,0.33630425154930405,0.23077870171374468,0.2833254481144204,0.4865259282332151,0.4828686455045614,0.4575681413454299,0.4960024434208227,0.46523179892185806,0.4864247978269295,0.15050451662975,0.14799111574836604,0.1252695797207585,0.19650940011052198,0.14330218376954956,0.15396257901191127,0.06188947480179,0.06719594236334177,0.05235465402543975,0.10082928178710428,0.06093249613450756,0.07523266140571264
303,102159773_2671366170672094055,0.4903524932913946,0.4901930122832837,0.4895175868182851,0.490730424686796,0.48302343517590746,0.4917889557771495,0.04332218428098812,0.04004091364742662,0.018938278994614997,0.05830230223416814,0.034762650562106166,0.043035985927951936,-0.023687019747293585,-0.026483515859866663,-0.048359329822891206,-0.009063471842868083,-0.03085222353213799,-0.02336211037762144,0.20289175810402105,0.2100431038581525,0.06568843675542971,0.25464846496287363,0.19855846218142245,0.22296032788335562,0.15151073332962686,0.15971101599963355,0.05747922690157292,0.2156900746603133,0.14851424245541683,0.1780389479182785,0.5112018661325571,0.5129468930612716,0.4857124887428877,0.5210702269154242,0.5109235090805018,0.5158661230001867,0.04139785800219,0.044767914432014944,-0.020568526106476543,0.06023082664460986,0.04042950928971416,0.05171664277599938,0.14595883595587,0.15211161737372234,0.06893675210598285,0.1779811546442457,0.14462581690511675,0.1613885379363653
304,102159773_2677079122669151496,1.3890761334855155,1.3890222807909225,1.3852946377112547,1.3891205506129125,1.385102671416848,1.3894130917980032,0.01687184116439497,0.01652152268662274,0.012677691369403745,0.022368377394511304,0.014293668884903233,0.016871845048376202,0.027137207795570994,0.027137210722857057,0.02368711192844223,0.034551487416839805,0.026728356164734696,0.03325824827298222,-0.0640150945123707,-0.06401507704022895,-0.06713622890356108,-0.0519365974940067,-0.06428482143617562,-0.06153580772293673,0.21287884733507312,0.2116824038512217,0.17508123253658356,0.2144579176736411,0.1801667145610067,0.21287889235316695,1.437243251136955,1.4366714348948413,1.4175250270274364,1.4383506854856964,1.4194751215825838,1.4372432570699174,0.0624856050953,0.06202011308528948,0.045192180654125426,0.06336349877488952,0.047196490714621626,0.062485622776363374,-0.00177356451274,-0.001773563530597584,-0.0037804877540376044,0.005549296014132806,-0.002009111549198212,-0.0006983526859898747
305,102159776_2707047371671953097,0.7223623944644797,0.7120747078450875,0.7082142529399575,0.7220298128524445,0.6993610126229851,0.7255394894921388,-0.08505492125802687,-0.08858627994996539,-0.10886718801326357,-0.06989695765378,-0.09450493839208964,-0.08182194188663003,-0.12738069949084624,-0.12470964931025764,-0.1579112845995788,-0.09789203557139839,-0.13493431393525396,-0.11331936990526438,0.1146541028668031,0.1320940286167789,0.0845497462022711,0.1891561174105879,0.11269335630668144,0.14946489983980882,0.03366522260035221,0.03934009239674209,-0.024844374652634484,0.16509075274154103,0.00915408022407523,0.06666284932019338,0.7238470419066955,0.7173508189363766,0.7013441244821486,0.736383767333648,0.7112514509144836,0.7260459175286894,-0.06693855995126,-0.07034249054455277,-0.10816707214910921,0.0006373671055422488,-0.08641263762456951,-0.057907351305295306,0.0277375151232,0.03762043346313249,0.004422133541635603,0.06976996523514173,0.026336836841787076,0.047306924249765375
306,102159777_2716319161668542331,0.4644366246677853,0.464269824643748,0.46403637711103424,0.4644742823397461,0.4636541164139836,0.4654685349561901,0.0003997948208173405,0.00017590984944525402,-0.0012456794026879923,0.003050265326356745,-0.00031874179979681096,0.0006283197148365255,-0.08945739108878442,-0.08926210649370248,-0.09272744813112371,-0.08806454920308726,-0.08969919957283663,-0.0889863212611698,-0.2702724452906975,-0.27043757681051794,-0.294707842233106,-0.2646585293595565,-0.2723843298976832,-0.2681365566669493,-0.24514158731754968,-0.2441609179900341,-0.25206111993632413,-0.2010489590408423,-0.24556012600970148,-0.24255911554907303,0.5100532698807612,0.5097102432880335,0.5044655814676225,0.5168558078287117,0.5088090743125727,0.5105262830454652,-0.1431210260637,-0.14271144847152956,-0.14605763540789807,-0.12024975268249663,-0.1436237979126541,-0.14168052888658175,-0.05199750112514,-0.05188359754617967,-0.0604447404244205,-0.04876408100827984,-0.052892150999131124,-0.05072943777075546
307,102159778_2733418388668044661,1.3817748294951684,1.3823319803028515,1.3800937051782236,1.3832513988360366,1.375361027798242,1.3850247578558876,-0.06128119187397029,-0.06276774760331262,-0.07244649589730627,-0.0557164507430723,-0.06502155986939132,-0.06046564719202531,-0.28626975044714864,-0.28627127620678594,-0.3024747661756232,-0.2598092394572263,-0.29217747423796847,-0.2793757335560691,0.09260705893708958,0.09006731864410196,0.08282011933375484,0.11515698626274151,0.08686966391644987,0.09377513017083294,0.1320777866585356,0.12817451284318604,0.11168499316430137,0.14539087215403323,0.12242286485451133,0.1342958780545411,1.3789469622449464,1.377555342859639,1.3705980127004846,1.3878367881984284,1.3754914815955783,1.379612412115575,-0.06530512538396,-0.06717956445819268,-0.07427235807173058,-0.052240490879210434,-0.06945884606555407,-0.06437376395122188,0.08695734200588,0.08639429829549279,0.0813156406541788,0.10775398014030103,0.08425189268813006,0.08914184720370463
308,102159778_2735946368671378903,0.6337451696372686,0.6319515029511361,0.6276644367964598,0.6364340765044592,0.6223446176242008,0.6403956157128647,-0.009848103339720568,-0.005610880476675301,-0.01947166477689669,0.040086283792431614,-0.011542262701588568,-0.0002595447496739926,0.024556272718788998,0.022347399842149566,-0.01566272526506942,0.043219843566902116,0.012548006955894354,0.028170305037868364,-0.02008759941592942,0.0015974351657493469,-0.11458548158153631,0.0633435442375953,-0.024928800223937453,0.019299774440319276,-0.0409815967714494,-0.05265952699458393,-0.19910058542043557,0.058103382115406374,-0.08912657764012806,-0.02621382299194413,0.6244176831125902,0.6240755288003362,0.6011168491914725,0.6517025387125667,0.6179619675845666,0.6281694109636882,0.09574302150332,0.08842756941714314,0.04061227448650005,0.15178530125627795,0.07451226544108074,0.10103417177195996,0.02325261832671,0.04143763544629182,-0.00405888853746666,0.07889073493311749,0.02327636277679456,0.05219902843210324
309,102160055_2646891602674889078,0.8181560205570747,0.8304492202829514,0.8212950031913855,0.8392517243479222,0.8031386010721113,0.8466180517743983,-0.06414154559194854,-0.06489723779101798,-0.08118350110209778,-0.03768480638660065,-0.06972860630701573,-0.059790612335533955,-0.05667862883764174,-0.05769586637234171,-0.2139580226338461,-0.014739490542107138,-0.07451169777699468,-0.04457671460124105,0.13230512448429316,0.2047954445577843,0.13231089272867885,0.3284802661228018,0.1778308381022146,0.23574361308822617,0.3784495056795675,0.38830438822092683,0.1804821740621607,0.487910339149204,0.3595387371628061,0.4169734576146391,0.8863965186324257,0.9249928539811999,0.8055695959575643,1.0195427918640214,0.8966233803327832,0.9536100122986618,-0.0246363911356,-0.018562852751340075,-0.12256436592328113,0.03590004090793623,-0.036259482172225785,-0.0030691917652966886,0.02470406448007,0.06436517483706491,0.021734927224442046,0.14787080039736591,0.040350780995037666,0.08629121187161724
310,102160056_2663488981675470136,,,,,,,,,,,,,,,,,,,,,,,,,,,,,,,,,,,,,,,,,,,,,,,,
311,102160057_2669613885677463506,0.4700468476909928,0.4745016446204564,0.4701478276090596,0.47704067806208317,0.4601730425320234,0.48617810890705065,0.03599915000794945,0.05288429432023764,0.015762804185981426,0.1061844026081713,0.03297540650174641,0.06845172865874047,-0.052477631832187926,-0.017021250600527667,-0.05928001229053157,0.053975642449846005,-0.038798283186765765,0.00250353405909567,-0.08037295672727726,0.014743442912847486,-0.09876351890374262,0.1930423418636368,-0.06839701618222362,0.06830321899488744,0.03522669470269825,0.1010619601718195,0.004487889644542898,0.2893369324318604,0.0578114264761536,0.17746180761345642,0.47055986683088946,0.47632744683438394,0.4520456974527055,0.49926443255191005,0.47111349315744144,0.48160395321975996,-0.03752056798253,-0.014180712281478873,-0.0802784269740895,0.08642187720551106,-0.03539592832756403,0.022612914664816502,-0.07188285027596,-0.03604216076161025,-0.10141561688055224,0.059891154395285,-0.07668217857140922,-0.006470768156267521
312,102160058_2684023754674529862,1.2959036434148254,1.2885994401067085,1.2742665793371106,1.2998181843582592,1.2603950670855577,1.3128714971313817,-0.004285140908765131,-0.0034923971763877147,-0.03544602466596579,0.03201070218296655,-0.01202747135019365,0.007304038240106474,0.014775953089076076,0.0034434331381628246,-0.07322816201662145,0.10448618705363961,-0.0239858319111017,0.02895970514641035,-0.0609429783917432,-0.05024963803818753,-0.11193278486305341,0.04041593061612173,-0.07411966174940231,-0.02235968737807418,0.3308491007889089,0.27960058496165224,0.11403583269607002,0.37256948973683923,0.2364136378479154,0.31467611607635554,1.2111326238949764,1.1756788635414623,1.1028454107827392,1.2632438737800606,1.146880999532078,1.2082031084121583,-0.18030002903544,-0.20391748355347755,-0.25778556909988654,-0.16385701930377475,-0.2191678032522422,-0.18671639811714336,0.1354824147195,0.13053453394229578,0.0812280520068559,0.1641501683058455,0.11989855730224278,0.14197765636559784
313,102160058_2689874038672725438,0.6877308165460542,0.6999467685731506,0.6864664460666198,0.7151766109089804,0.6675014527364216,0.719640147680675,0.002373549159338073,-0.04372959025865049,-0.08251313587732377,0.022423363131246172,-0.06673365333720957,0.002444263858462996,0.017338584650739706,-0.012907861765442038,-0.05955131501278413,0.025913659217129546,-0.03601874970302126,0.014354136026067473,0.2575337204907664,0.2882431101934956,0.107647863403561,0.3665678580491083,0.25461757044321437,0.32622790153268644,0.09196860541387947,0.06061985842580394,-0.14751643376847387,0.18666666898108855,0.0190652086340073,0.09485135840212315,0.7257386440115058,0.7462853960159253,0.6672335864552527,0.7831784318813436,0.7282891086711456,0.7695656967861592,0.05472234076796,0.02306620320893034,-0.04214738112398586,0.11708673823016216,-0.008786453053397179,0.05704065374500247,0.08354581093838,0.0857173534700455,0.0033729271218258016,0.15606173719566163,0.06346081454147777,0.09759709370386027
314,102160058_2690177088672937227,0.27312124016974076,0.27163828927959943,0.26834830630179296,0.2752545002688091,0.26431699031359923,0.2791267304101043,0.0054373057524407,0.003772729008761789,-0.02243618574774933,0.028352411523746516,-0.0024060405750836616,0.011854930486960224,-0.061703037432591167,-0.06123307406625329,-0.07973193325690009,-0.04541890815703398,-0.06509913258654418,-0.05844029336478582,-0.06736279617211839,-0.03447331781092627,-0.12917629669262165,0.11274122853756491,-0.06636913035602762,0.009809350449774025,0.003281361306021524,-0.007314186601877076,-0.20991770769747448,0.14094581173500584,-0.07664622863133642,0.04349698147130255,0.26534010681644815,0.2627312454916594,0.24763672895232616,0.2794421533985035,0.2592949461519025,0.2670046035098398,0.16625211731246,0.16406043163081924,0.07357373589156378,0.2273057177779703,0.14507696866535455,0.18898458914467767,-0.04879964505385,-0.046739828448437826,-0.08266049391141932,0.01321752204715699,-0.05742378240104693,-0.033183346222772046
315,102160059_2697821071675011270,0.540400524459799,0.5420582291757468,0.5409297731318935,0.5460147763729056,0.5400894853936905,0.5490222763958025,-0.10785126328089625,-0.10781135432165326,-0.12189457868601086,-0.09953484822772267,-0.11044510005924006,-0.1055015584464749,-0.048534282264227624,-0.04851121827211719,-0.05954986012556102,-0.0240797919674695,-0.051612303873531364,-0.039626141971341594,-0.3691995790929128,-0.3758256733600269,-0.44110595211999654,-0.3157802188635163,-0.39339229086875377,-0.3663092771294448,0.11654596238377923,0.1466973860988995,0.10189620679861888,0.22500357167081805,0.12205959491660674,0.1669413564105404,0.5981227633682593,0.6085707032940277,0.5927211716139508,0.6489993815825321,0.6003804544144733,0.6184258528918887,-0.04225382056131,-0.026001595333037603,-0.04784548982227269,0.015567236634659285,-0.03992876285473618,-0.010744980226665299,-0.19058013509529,-0.19485320277027235,-0.22995701703210236,-0.1660356085596117,-0.20407683494293816,-0.19003009884817587
316,102160060_2714236250676150798,0.6281117666392054,0.6282497561210674,0.6282497561210674,0.6282497561210674,0.5977478679195943,0.6348143148945987,0.017447600995833236,0.01745822582935667,0.01489814844879902,0.09186158978491064,0.017450095401766355,0.017466356256946983,0.06365876660064898,0.06366064140986245,0.012265873251034816,0.09876112765032974,0.06365914781688387,0.06366213500284104,0.001381295888670378,0.0014281228715059338,-0.23257659881713724,0.0014834097331172368,0.0013902769357222206,0.001465968807289647,0.33364513633844284,0.3336556841593539,0.19935032768895397,0.36931084628716143,0.3336481729013023,0.3336631954174056,0.6702219574541896,0.6702220097876765,0.6426025394542202,0.6883792725482725,0.670221972867437,0.670222046707916,0.21806469973727,0.21810842833969787,0.04652767873793765,0.21980950546575248,0.21807702055615266,0.21813983612324309,-0.08516438074605,-0.08516347861560286,-0.15148353175058776,-0.05166874212021398,-0.08516419954946867,-0.08516275768173703
317,102160334_2661812445678287733,0.6886135123934443,0.6839727146807678,0.6779526851376253,0.6909205059252324,0.6704889375288462,0.7260751166071479,0.015093661293266511,0.003514476326308365,-0.01570606987020311,0.04393804942883522,-0.0046223459039625,0.01392325606680778,-0.01219261153511146,0.016602974125674876,-0.06364702454273503,0.061172415201378776,-0.0065968324405291864,0.03476511773381786,-0.1588344543983055,-0.2524240743305033,-0.4353284388542316,-0.08255371854865137,-0.2991782799000531,-0.18318843757518255,-0.06629475201425697,-0.052411984857829386,-0.3105711752452163,0.06928171458548704,-0.09950225691876499,-0.017595412493223432,0.7007331188121646,0.7128698627472161,0.6771524144470475,0.8708377761715146,0.700758099869898,0.7289317265792638,-0.07622295561494,-0.09783306515300155,-0.1736898285441914,-0.009359957255279593,-0.11445197913362821,-0.07517790518707368,-0.09164982795115,-0.09434837026078716,-0.27090044580166683,-0.03615212054484628,-0.10902718214572077,-0.08144441612612933
318,102160334_2665945112680410578,0.6054218759886625,0.5959634337649615,0.5669132515313505,0.6182708553607986,0.5360736029423435,0.6536074597279977,0.06570923016163688,0.050940210757501575,-0.04647519668296648,0.12672449142050565,0.020119039344211765,0.07866883620773749,-0.04598730951469544,-0.023698414904622964,-0.07792584536321999,0.039781337851509856,-0.04542558389249168,-0.0010899420479307084,0.14507902929913613,0.14904947402234953,-0.17041664865295944,0.5120660958115838,0.044084236086645495,0.26759585806397257,0.02923524378324066,-0.0037545300260092554,-0.2805546381572211,0.2611823893922206,-0.0804274884489931,0.07921299909338436,0.6101528796101979,0.6053474417477924,0.5163181175137648,0.73197768798569,0.5762000623753689,0.6306991698113431,0.08975429013783,0.08053274551376492,-0.06104080216258058,0.20651387668286603,0.03741308860154372,0.12143290826091559,0.03311876818521,0.031212568312132385,-0.14407139219177412,0.1877434568040538,-0.022012804862562924,0.08071643067104707
319,102160335_2680788986678866937,0.43998798771904307,0.44579910235124465,0.44159561596547287,0.45213362268552515,0.43991817142308987,0.4527163145010376,0.025095589691348105,0.025095828313014254,0.011854349797797403,0.04189248694987548,0.022151694701704923,0.03075805471951194,0.0630719065932076,0.07544199897048862,0.048190534531770156,0.0882077126519567,0.06307191777049653,0.07832859013632577,0.26450582145086937,0.30655820068086015,0.2549213054520854,0.353425821012265,0.27623241907905655,0.320913402843703,-0.055792246209205795,-0.04370727609796967,-0.08843224794227181,0.01172903033542049,-0.06342356211535917,-0.01603333836393067,0.4621223849063443,0.4779642191761135,0.46016880247709757,0.4957415848809858,0.4661052207205368,0.4849147424859063,-0.08562920503742,-0.07892361905800775,-0.10503993091325534,-0.03961427799803142,-0.08810000703054531,-0.05514057907817003,0.11011041537722,0.1329642701434467,0.10418086778693848,0.15631605363830292,0.11641214154192482,0.13925215094928237
320,102160335_2682061397679348286,0.6570667503818471,0.6587185146055853,0.6431790062238028,0.6656608884357336,0.6078497062055612,0.6724066529836878,-0.07927953097419943,-0.07917570063524651,-0.12850596628937333,-0.008261539954748877,-0.08984716850008054,-0.06238106725566223,-0.08811069359626615,-0.09239418227522603,-0.13213203069860946,-0.038946564290148526,-0.10609652819262812,-0.07948816293482576,-0.14575829465287496,-0.14553798208533786,-0.24127937844021485,0.020419859821516347,-0.18157460099696127,-0.10832507774423085,0.04727255171473372,0.03178684787316921,-0.1409539566645682,0.2044429304542545,-0.027190732114503204,0.08641623695968963,0.6550633444456329,0.6585158874388524,0.6106523096921824,0.6856112569371964,0.6409782725799466,0.667674177802396,-0.0012113428363,-0.00978089790818834,-0.1055735629685787,0.08964891307691562,-0.041416430707104115,0.025498038756156815,-0.18261101771987,-0.1787897014811797,-0.2209501840113882,-0.1062048180792593,-0.19563203086233721,-0.16050662902907994
321,102160336_2694549514678142483,1.497930461144435,1.4970014704779762,1.4934376578527233,1.5023515529849156,1.4867778528335747,1.512642637135148,-0.04414633760780587,-0.035063916414130966,-0.07279915638811896,0.03627774511510139,-0.04967351138774256,-0.021295722373224395,-0.09609059391018313,-0.08957596831405126,-0.12447603402417008,-0.05762365101516211,-0.09890618041365572,-0.07994316429719489,-0.13056979558125384,-0.1189911528530026,-0.17593033731706442,0.02139830885926948,-0.1374533310777815,-0.10156572098480592,-0.11151237195033144,-0.119514030123783,-0.197167975138241,-0.06301354077324847,-0.14232856033268282,-0.09825254082962757,1.519839542108032,1.5183848912801217,1.4674522143532158,1.5618256581311785,1.5092944644129527,1.5303462629240192,-0.07598821336222,-0.07926499307320961,-0.12073632763815553,-0.04913825549310402,-0.09089411033103781,-0.06889597665222844,0.01252938727453,0.0164864711002721,-0.008689945520214614,0.08830510557983724,0.009126529360172489,0.023290798095876
322,102160336_2695945753681853613,0.9070653504836292,0.8989843475359247,0.8923045024548288,0.9042368665262728,0.8780740980076237,0.9085880813957172,0.004248911883092543,0.013516591595199193,-0.011616533850021302,0.04608920533231353,0.004255341314391276,0.021136814473706543,0.023478773609161625,0.03781164975945718,0.004290719345724011,0.04778037126601872,0.025020410067707076,0.04382737067530667,0.013063075317520323,0.04204319097060331,-0.04671323350737156,0.10532297365092207,0.019005765381638125,0.06557247176891909,-0.12358530648314256,-0.10499244846359695,-0.2940232126861985,-0.06958831251345349,-0.12385030317529427,-0.09679151767875631,0.9151104756436087,0.9068131342617718,0.8896252721575384,0.9415006493750921,0.9012128295254315,0.9132396389948724,-0.00816762092801,-0.005149003429886312,-0.11129030699670324,0.017922581533608786,-0.010626400312583833,0.0027563033718305346,0.01840267508418,0.02979400166556664,-0.019966166104484345,0.06058195292007992,0.013223774792132619,0.04092282965180074
323,102160337_2700171490680496942,0.6082924228387249,0.6066624883255148,0.6020835536588831,0.610962581978649,0.597418220054071,0.6302898343190808,-0.26003544958834546,-0.25508180531507346,-0.2641927540766647,-0.2165008555467023,-0.25918113091589473,-0.2451308383060118,-0.10877670460581366,-0.10408385218162174,-0.11653557729132547,-0.05060307391359783,-0.10925054683425359,-0.09079521870084782,-0.14307066906603907,-0.13036960487771296,-0.19203074864477823,0.054632231324890444,-0.15656947643925437,-0.06866268673384274,0.42735188955746906,0.39207936724513853,0.2766740093658804,0.43166079447328454,0.3622506788204383,0.41237345443741846,0.6991636551453446,0.6792611645449649,0.6171717739904081,0.7155910217746487,0.6644266344787363,0.6917647262434465,0.08910796648642,0.07505165748808819,0.02470246546254181,0.12692209015719727,0.06281228229996834,0.08453815366158984,0.02004414104899,0.023386855842261352,-0.022287216995794733,0.06782068124336173,0.011446067729433409,0.044849591687095965
324,102160337_2701254133678933511,0.6466164856104735,0.7115502129458251,0.6576502089022818,0.7150462838863618,0.6368622120505302,0.7275670526062588,-0.003979558236185482,-0.06755794244732076,-0.08295144336913352,0.011648410884029745,-0.07746634054147764,-0.007918354000015103,-0.060982813213499756,-0.052445358434854095,-0.07876169639224863,-0.03728051558166553,-0.06242939858956502,-0.048419503499219065,-0.2662900146144913,-0.1568061642556043,-0.30968918954210817,-0.10110900943510687,-0.25037462878852573,-0.12064374640468908,-0.04892955627345519,-0.35919040090098564,-0.42458098769178815,0.004111771141681869,-0.40229434862079005,-0.07217970558044128,0.6718799247224985,0.7644101515210304,0.6452451316059307,0.8067957053888399,0.6706972320783773,0.7926320040871381,-0.09355320878907,-0.22543507167996193,-0.2621642336387169,-0.06464206112690864,-0.24530931354801083,-0.09979689036617638,-0.02532127414883,0.08062470635830166,-0.03662868989465123,0.11286429128596437,-0.016229518042330894,0.10506355531631044
325,102160337_2702871940682411776,1.1249120133972592,1.1442293587107244,1.1106230375590505,1.164464272619776,1.0725275994247119,1.1954884071882326,0.04717353373795942,0.04930036538807453,-0.09660956008846215,0.12523559585850752,-0.00036183757635654306,0.0789803169745663,-0.07433415296760361,-0.041359933230405654,-0.13583148202016776,0.10001169828516959,-0.07875093017924786,0.011482454821500685,0.275093142340258,0.2614275624043285,-0.020786826089068445,0.38152883525090253,0.20649679877070637,0.29562747414673424,0.2657272550860152,0.2539301288843557,-0.08742446100558258,0.38693283304772663,0.20235499666365742,0.3112966825849506,1.2284313008475072,1.2325698887518453,1.098229845644489,1.3509711839500533,1.1850589937023055,1.2612984127783344,0.19423998971225,0.190842554918564,-0.03654727906727327,0.29324802690653434,0.15223418963472574,0.23678958340877304,0.21048156186926,0.20201868711748974,-0.0034643618489153157,0.2914377166963415,0.15158730548267754,0.2272016061669558
326,102160337_2703837081680486960,1.0006554480851948,0.9867796038863283,0.96948107215316,1.0017826222896846,0.9547803496781216,1.0335878640153078,-0.0393444269335948,-0.0743901556311994,-0.1784162066681318,0.0026669972008451573,-0.1020487792265867,-0.04946280681913612,0.04967307020877153,0.04460111486373499,-0.036705580826975094,0.13209200474019428,0.02165786041541926,0.07255133525320706,0.31781809523450105,0.3072347275240319,0.07297488054272201,0.41133901836626363,0.2581850053325019,0.34024051578967535,0.06674561495521573,0.035181300735525334,-0.17894838954019068,0.13086339152071863,-0.008068582880666449,0.07627197850000923,1.0813801215751466,1.0611125709461215,0.9858883409271384,1.1097269056053614,1.0390772769511412,1.0777217501731573,0.02738322707437,0.0032729734393213703,-0.13378465989767135,0.06899376131791399,-0.025591483917582543,0.03131328568400721,0.14727675714513,0.14321992643102568,-0.03251963140523211,0.19842482619274487,0.11350369121388151,0.16504596919564327
327,102160338_2720592793680584236,1.1324869946194651,1.1192904112835989,1.1097209758934221,1.1330101177414391,1.095928925093904,1.150268109522056,-0.02499270561380005,-0.03599036504501222,-0.09678471980421552,0.032242647121517504,-0.056732949320357,-0.01765783635908209,0.05964394242865268,0.07695115507431143,0.01804040602455878,0.1478211396703656,0.060189012410787925,0.09745319891616348,-0.6078350542642391,-0.5348896931752508,-0.670630317593965,-0.3563666402199856,-0.5810461556805185,-0.49436671014989886,0.09949881579399239,0.09886482770018885,0.0006345274557373825,0.17531122474803404,0.06651691619327495,0.12701382621028617,1.536508147580528,1.402164502846397,1.184912886750439,1.7383908789167908,1.3312188787511494,1.4854526143606592,-0.01540265367434,-0.0024831109576160114,-0.07098643973900919,0.05796481809986194,-0.02607081684010338,0.021634121630125507,-0.14986064327619,-0.10334978362004503,-0.17775953503223213,-0.024176032894702063,-0.13117200440851082,-0.0751535552644752
328,102160340_2740784519677600444,0.7949483712780293,0.7982620109656684,0.7924730504556422,0.8031319898162776,0.7844753285150456,0.810555268336213,-0.012615363055073454,-0.01685242241456428,-0.04799395704097631,0.004658151289472372,-0.023447013403502054,-0.011563100245857078,0.09330654155383937,0.08656791253885204,0.033109198637560906,0.10767527011582431,0.07734734009502699,0.09327023355286408,0.17202960648402724,0.1555395121552957,0.09516313134765428,0.22711364070307866,0.13428781866862924,0.17632984572959184,-0.08511083894149502,-0.11675592612721937,-0.20170197152817876,0.04967507847456644,-0.14516587307333545,-0.08899882209823579,0.8128829989137789,0.8172869071497454,0.7814050506792289,0.8478414097034614,0.8093951456529002,0.8261518873048188,0.01882215589382,0.00345529800489193,-0.04398720209954468,0.12218628451627263,-0.011017465269260847,0.019311846814168913,0.0442863295772,0.03595017893122032,0.005858557089605404,0.08586065376271552,0.024232747948491232,0.04845792695522482
329,102160607_2684058176685650370,0.6579633753394509,0.6582124327470473,0.6580567756646252,0.6587451576561604,0.6533303339100401,0.6602887083398302,-0.1007960004716713,-0.10078099163045456,-0.10188280541003583,-0.09541334126696212,-0.10100477126711754,-0.10040010902936783,-0.06815636155038111,-0.06833082743500286,-0.08804440457157033,-0.06687458301082154,-0.0685651009570199,-0.06807648014949957,0.26804735309298666,0.26767820633374173,0.26582272650324973,0.2875526901649733,0.26682668781401214,0.2685360203326953,-0.37592215097175957,-0.375809209864248,-0.37784008822404913,-0.36414621562189076,-0.3765385287987978,-0.37265014641910865,0.7705491202189394,0.7706326162265493,0.7629161169797122,0.7751601762654499,0.7701788109159508,0.7710833734293748,-0.20030603822808,-0.2000769440054822,-0.2014000983722182,-0.19388624995729165,-0.20055026956156974,-0.19800608245877016,0.1835520424331,0.1833093401574779,0.18024720678405626,0.20238818993274366,0.18288230896407878,0.1837053915816258
330,102160607_2685509147685729039,0.5238306399090388,0.5208778212308303,0.5174388018336638,0.5262900182765611,0.5099092031299026,0.5292799533264454,-0.004570832115596318,-0.004594696867388405,-0.040740731293371156,0.022696640649004007,-0.014464651986499004,0.005560721729559806,-0.0380557178727879,-0.03534726389549946,-0.05184114524415042,-0.006369443828577278,-0.04128004730155807,-0.02981191812577159,-0.1935946026649915,-0.16908343469200793,-0.29591351459558213,-0.08536488045442833,-0.18930867245625152,-0.14860884017407325,0.003146014964966054,0.008915422414866207,-0.23531828085212067,0.1316054791024091,-0.02219670331406827,0.03997520960702867,0.5103854757879633,0.508512942156876,0.4835192774801159,0.5264654188665153,0.5010125210351031,0.5135999858947455,0.19907265732894,0.1935928357188998,0.1217117283094848,0.2802115713866907,0.1817240944194273,0.2052509690513455,-0.02094137340612,-0.020707524446594162,-0.09657957146704167,0.024041917319451888,-0.02879862217479513,-0.011992478832357809
331,102160610_2725640304686403990,1.358556529717229,1.357808684923841,1.3495904649262997,1.3650840843164938,1.3406815594503256,1.369155824074758,0.01245982978458339,0.015362540742381532,-0.034110615724329864,0.07437344689744804,0.006434238790196254,0.028342547484742457,0.06606608094299557,0.05906164276978065,-0.009964367309837794,0.0879195694435232,0.04080870985607728,0.07033978092011048,0.05545149207346162,0.050477156785060574,-0.04896004355596313,0.1092368127958708,0.027585203681668655,0.06773908574595817,-0.01018192469585653,-0.01102709163330147,-0.10071533655722326,0.039696474794129445,-0.01797959046788655,-0.004527568565568911,1.3568154342227892,1.3550168562821143,1.3239623109977596,1.3848414255386494,1.3483153409438946,1.3617724477779054,0.00972023497416,0.009661637679631498,-0.044422092493236524,0.0505291078475421,0.005165536346706949,0.017402653611068467,-0.03012042955629,-0.030824205949955302,-0.0775264546367379,0.01074486352737257,-0.04461332521410894,-0.01835341572863099
332,102160610_2729256016684457774,0.4876049794463728,0.4942063802905113,0.48298675390308893,0.5016588484464213,0.4440487114701713,0.5079546116378959,-0.12482294880088127,-0.1141892044206082,-0.15339964698232847,-0.037345361385100286,-0.1275706918422329,-0.090106811037015,-0.05088651683478739,-0.06519296868652946,-0.14350032286663664,-0.025530347618667713,-0.08857867107137281,-0.047440973614863935,0.14348809641488192,0.08985331976000667,-0.023378436025385103,0.317973814761594,0.05275703332809027,0.13199228509882888,-0.14677210510314084,-0.12898233423186242,-0.2839586881538661,0.14040893730098833,-0.17782374247889793,-0.0702367145735855,0.4850092028220025,0.48437616398160954,0.43086873217160987,0.5159040544368685,0.47267234448343604,0.49383041176486125,-0.17208751378398,-0.15774747808633913,-0.21736143057289242,-0.0441690790570744,-0.1811687115515946,-0.123882302307652,-0.068458924861,-0.0959410358190688,-0.14365783618585734,0.036451357313199186,-0.11220452281977884,-0.07472137844940441
333,102160611_2740328687682808789,2.5252830526785304,2.5248412406959195,2.5239785212814616,2.5255045842346755,2.522361236989264,2.526774226070956,0.17580492973273024,0.17523781868631166,0.17035717324190316,0.1800111484342671,0.17273139087223924,0.17645715579840532,0.00699268757465854,0.007951253441461388,0.0008506731889827699,0.017365628411513647,0.006152197735845897,0.013190065016807806,-0.05779265098574381,-0.056384992114695054,-0.06379475671823652,-0.04536508723552329,-0.05836568339810285,-0.05045263671773535,0.04414391109391115,0.044810881335750966,0.03469833151259824,0.053893880355095666,0.04257267698491824,0.049184866514259185,2.455535054012257,2.4550662550044104,2.4523224395629293,2.457310026274022,2.453776771384171,2.4557573555543413,0.11751571301207,0.11769619349895526,0.11285707803891809,0.12121320022893284,0.11675148638577354,0.11926236965054177,0.10042180411885,0.10094421335027154,0.09842217684648681,0.10429583822207675,0.10027067729635167,0.10275245607602708
334,102160612_2743600657683668805,0.5674347997383034,0.5686365447419071,0.5655350245381138,0.5754817389213659,0.5529999078982945,0.5921991935671926,0.04542112212065291,0.05940168107361453,0.01785479595644448,0.09856909647423683,0.04681675839078097,0.07943415299196377,0.0008310408861781863,-0.003997567396583692,-0.06194654539191345,0.05787723252074558,-0.03741045175953267,0.009682327362431959,-0.2544288707578313,-0.22577672780430938,-0.35889034151102317,-0.0194090395418295,-0.2612221544813618,-0.171188982625524,0.11000031808191897,0.09685072195447883,-0.13454770168088992,0.3058903970686402,0.03872036455731693,0.16135208178446497,0.5936091707259444,0.5916152503364295,0.5514096371407277,0.6520571801215008,0.5779909320247413,0.6035828155000647,0.12996912056952,0.12442342930916911,0.00419317073346833,0.2610662951483853,0.08596315365977998,0.14507369277197238,-0.14337007910777,-0.11803512153375842,-0.19126954004384494,-0.0020256305139339723,-0.13915148232408528,-0.09326791948960798
